Date,Store_ID,SKU_ID,Beginning_Inventory,Units_Received,Units_Sold,Units_Transferred_In,Units_Transferred_Out,Damaged_Units,Ending_Inventory,Inventory_Value
2026-08-12,S001,DEC0001,1,0,0,0,1,0,1,45.39
2026-08-12,S002,DEC0001,2,6,5,2,2,1,3,136.17
2026-08-12,S003,DEC0001,0,2,1,3,1,0,1,45.39
2026-08-12,S004,DEC0001,0,3,2,2,0,0,1,45.39
2026-08-12,S005,DEC0001,1,0,0,3,3,0,1,45.39
2026-08-12,S006,DEC0001,1,0,0,3,3,0,1,45.39
2026-08-12,S007,DEC0001,1,4,3,0,1,0,2,90.78
2026-08-12,S008,DEC0001,0,1,1,1,3,0,0,0.0
2026-08-12,S009,DEC0001,1,7,5,2,2,0,3,136.17
2026-08-12,S010,DEC0001,0,1,1,1,1,0,0,0.0
2026-08-12,S001,DEC0002,1,0,0,0,2,0,1,9.05
2026-08-12,S002,DEC0002,1,2,1,2,3,1,2,18.1
2026-08-12,S003,DEC0002,0,0,0,0,0,0,0,0.0
2026-08-12,S004,DEC0002,1,0,0,1,3,0,1,9.05
2026-08-12,S005,DEC0002,0,0,0,0,1,0,0,0.0
2026-08-12,S006,DEC0002,0,2,1,1,3,0,1,9.05
2026-08-12,S007,DEC0002,0,1,0,3,3,0,1,9.05
2026-08-12,S008,DEC0002,0,0,0,2,0,0,0,0.0
2026-08-12,S009,DEC0002,0,0,0,2,3,0,0,0.0
2026-08-12,S010,DEC0002,0,0,0,3,1,0,0,0.0
2026-08-12,S001,DEC0003,0,0,0,0,2,0,0,0.0
2026-08-12,S002,DEC0003,1,0,0,3,2,0,1,12.3
2026-08-12,S003,DEC0003,0,0,0,0,0,0,0,0.0
2026-08-12,S004,DEC0003,0,1,1,0,0,0,0,0.0
2026-08-12,S005,DEC0003,0,1,1,0,2,0,0,0.0
2026-08-12,S006,DEC0003,0,9,6,2,3,0,3,36.9
2026-08-12,S007,DEC0003,0,5,2,3,1,1,3,36.9
2026-08-12,S008,DEC0003,1,0,0,3,1,0,1,12.3
2026-08-12,S009,DEC0003,1,5,4,2,2,0,2,24.6
2026-08-12,S010,DEC0003,0,0,0,0,2,0,0,0.0
2026-08-12,S001,DEC0004,1,0,0,2,3,0,1,16.71
2026-08-12,S002,DEC0004,1,4,3,3,1,0,2,33.42
2026-08-12,S003,DEC0004,0,0,0,2,0,0,0,0.0
2026-08-12,S004,DEC0004,1,2,2,2,3,0,1,16.71
2026-08-12,S005,DEC0004,0,0,0,0,0,0,0,0.0
2026-08-12,S006,DEC0004,1,1,2,0,3,0,0,0.0
2026-08-12,S007,DEC0004,1,7,5,2,0,0,3,50.13
2026-08-12,S008,DEC0004,1,5,4,2,2,0,2,33.42
2026-08-12,S009,DEC0004,1,2,1,0,0,0,2,33.42
2026-08-12,S010,DEC0004,0,1,1,3,0,0,0,0.0
2026-08-12,S001,DEC0005,1,2,2,3,2,0,1,47.06
2026-08-12,S002,DEC0005,1,6,5,3,2,0,2,94.12
2026-08-12,S003,DEC0005,0,1,0,0,0,0,1,47.06
2026-08-12,S004,DEC0005,0,0,0,2,0,0,0,0.0
2026-08-12,S005,DEC0005,1,0,1,0,3,0,0,0.0
2026-08-12,S006,DEC0005,0,2,1,1,0,0,1,47.06
2026-08-12,S007,DEC0005,1,0,0,1,1,0,1,47.06
2026-08-12,S008,DEC0005,0,0,0,1,3,0,0,0.0
2026-08-12,S009,DEC0005,1,0,0,1,3,0,1,47.06
2026-08-12,S010,DEC0005,0,0,0,3,2,0,0,0.0
2026-08-12,S001,DEC0006,1,0,0,2,1,0,1,11.24
2026-08-12,S002,DEC0006,0,7,5,0,1,0,2,22.48
2026-08-12,S003,DEC0006,1,0,1,0,2,0,0,0.0
2026-08-12,S004,DEC0006,0,4,3,3,1,0,1,11.24
2026-08-12,S005,DEC0006,0,0,0,2,0,0,0,0.0
2026-08-12,S006,DEC0006,0,0,0,2,0,0,0,0.0
2026-08-12,S007,DEC0006,0,0,0,0,1,0,0,0.0
2026-08-12,S008,DEC0006,0,0,0,1,2,0,0,0.0
2026-08-12,S009,DEC0006,1,3,3,1,0,0,1,11.24
2026-08-12,S010,DEC0006,1,1,1,1,0,0,1,11.24
2026-08-12,S001,DEC0007,0,3,2,1,2,0,1,52.39
2026-08-12,S002,DEC0007,1,0,1,1,0,0,0,0.0
2026-08-12,S003,DEC0007,1,0,0,0,1,0,1,52.39
2026-08-12,S004,DEC0007,0,2,2,0,3,0,0,0.0
2026-08-12,S005,DEC0007,0,1,0,2,0,0,1,52.39
2026-08-12,S006,DEC0007,0,0,0,1,2,0,0,0.0
2026-08-12,S007,DEC0007,0,7,4,1,2,0,3,157.17
2026-08-12,S008,DEC0007,0,1,1,2,3,0,0,0.0
2026-08-12,S009,DEC0007,2,4,4,0,2,0,2,104.78
2026-08-12,S010,DEC0007,0,7,4,0,1,0,3,157.17
2026-08-12,S001,DEC0008,1,3,4,1,2,0,0,0.0
2026-08-12,S002,DEC0008,0,1,0,1,0,0,1,37.92
2026-08-12,S003,DEC0008,0,2,0,0,1,0,2,75.84
2026-08-12,S004,DEC0008,0,0,0,0,1,0,0,0.0
2026-08-12,S005,DEC0008,0,5,4,3,0,0,1,37.92
2026-08-12,S006,DEC0008,0,0,0,1,3,0,0,0.0
2026-08-12,S007,DEC0008,0,0,0,3,2,0,0,0.0
2026-08-12,S008,DEC0008,1,0,1,1,3,0,0,0.0
2026-08-12,S009,DEC0008,0,3,2,3,1,0,1,37.92
2026-08-12,S010,DEC0008,0,0,0,3,1,0,0,0.0
2026-08-12,S001,DEC0009,0,4,3,0,1,0,1,11.4
2026-08-12,S002,DEC0009,1,1,0,1,0,0,2,22.8
2026-08-12,S003,DEC0009,1,0,1,1,3,0,0,0.0
2026-08-12,S004,DEC0009,2,4,3,1,1,0,3,34.2
2026-08-12,S005,DEC0009,1,3,2,3,1,0,2,22.8
2026-08-12,S006,DEC0009,1,2,2,3,1,0,1,11.4
2026-08-12,S007,DEC0009,0,3,2,1,0,0,1,11.4
2026-08-12,S008,DEC0009,1,1,1,3,2,0,1,11.4
2026-08-12,S009,DEC0009,1,1,0,0,2,0,2,22.8
2026-08-12,S010,DEC0009,0,0,0,1,3,0,0,0.0
2026-08-12,S001,DEC0010,0,1,1,3,2,0,0,0.0
2026-08-12,S002,DEC0010,0,2,2,2,1,0,0,0.0
2026-08-12,S003,DEC0010,0,1,0,1,3,0,1,29.91
2026-08-12,S004,DEC0010,0,1,1,1,1,0,0,0.0
2026-08-12,S005,DEC0010,0,1,0,2,1,0,1,29.91
2026-08-12,S006,DEC0010,1,2,2,2,2,0,1,29.91
2026-08-12,S007,DEC0010,0,5,3,3,3,0,2,59.82
2026-08-12,S008,DEC0010,0,1,1,3,1,0,0,0.0
2026-08-12,S009,DEC0010,0,0,0,0,1,0,0,0.0
2026-08-12,S010,DEC0010,0,0,0,1,0,0,0,0.0
2026-08-12,S001,DEC0011,0,5,4,1,1,0,1,12.41
2026-08-12,S002,DEC0011,0,0,0,2,1,0,0,0.0
2026-08-12,S003,DEC0011,2,1,1,1,2,0,2,24.82
2026-08-12,S004,DEC0011,0,0,0,1,2,0,0,0.0
2026-08-12,S005,DEC0011,1,7,5,2,1,0,3,37.23
2026-08-12,S006,DEC0011,3,9,8,2,1,0,4,49.64
2026-08-12,S007,DEC0011,0,3,2,1,0,0,1,12.41
2026-08-12,S008,DEC0011,0,3,2,3,2,0,1,12.41
2026-08-12,S009,DEC0011,0,3,3,0,3,0,0,0.0
2026-08-12,S010,DEC0011,0,1,0,2,2,0,1,12.41
2026-08-12,S001,DEC0012,0,2,2,3,0,0,0,0.0
2026-08-12,S002,DEC0012,0,3,2,0,3,0,1,11.67
2026-08-12,S003,DEC0012,0,1,0,1,3,0,1,11.67
2026-08-12,S004,DEC0012,0,0,0,0,1,0,0,0.0
2026-08-12,S005,DEC0012,1,5,4,1,0,0,2,23.34
2026-08-12,S006,DEC0012,0,3,2,3,1,0,1,11.67
2026-08-12,S007,DEC0012,0,0,0,3,2,0,0,0.0
2026-08-12,S008,DEC0012,1,1,1,0,2,0,1,11.67
2026-08-12,S009,DEC0012,1,5,4,3,2,0,2,23.34
2026-08-12,S010,DEC0012,0,2,1,2,1,1,1,11.67
2026-08-12,S001,DEC0013,1,3,3,2,1,0,1,24.19
2026-08-12,S002,DEC0013,0,0,0,2,2,0,0,0.0
2026-08-12,S003,DEC0013,0,1,0,3,2,0,1,24.19
2026-08-12,S004,DEC0013,0,0,0,2,0,0,0,0.0
2026-08-12,S005,DEC0013,1,0,1,1,3,0,0,0.0
2026-08-12,S006,DEC0013,1,2,2,2,3,0,1,24.19
2026-08-12,S007,DEC0013,1,0,1,3,1,0,0,0.0
2026-08-12,S008,DEC0013,2,3,3,3,3,0,2,48.38
2026-08-12,S009,DEC0013,0,1,1,3,0,0,0,0.0
2026-08-12,S010,DEC0013,0,2,2,1,0,0,0,0.0
2026-08-12,S001,DEC0014,0,0,0,0,2,0,0,0.0
2026-08-12,S002,DEC0014,0,7,5,3,3,0,2,39.76
2026-08-12,S003,DEC0014,0,1,0,2,3,0,1,19.88
2026-08-12,S004,DEC0014,0,1,0,2,0,0,1,19.88
2026-08-12,S005,DEC0014,0,9,5,3,3,0,4,79.52
2026-08-12,S006,DEC0014,1,3,3,1,1,0,1,19.88
2026-08-12,S007,DEC0014,1,0,0,2,1,0,1,19.88
2026-08-12,S008,DEC0014,0,7,5,2,0,0,2,39.76
2026-08-12,S009,DEC0014,1,2,2,1,3,0,1,19.88
2026-08-12,S010,DEC0014,1,1,0,0,0,0,2,39.76
2026-08-12,S001,DEC0015,0,1,0,0,0,0,1,12.15
2026-08-12,S002,DEC0015,0,2,1,3,1,0,1,12.15
2026-08-12,S003,DEC0015,1,0,1,1,1,0,0,0.0
2026-08-12,S004,DEC0015,0,0,0,2,0,0,0,0.0
2026-08-12,S005,DEC0015,0,0,0,1,2,0,0,0.0
2026-08-12,S006,DEC0015,0,3,1,2,1,0,2,24.3
2026-08-12,S007,DEC0015,0,2,2,2,2,0,0,0.0
2026-08-12,S008,DEC0015,2,0,0,3,1,0,2,24.3
2026-08-12,S009,DEC0015,0,1,0,1,0,0,1,12.15
2026-08-12,S010,DEC0015,0,1,0,2,3,0,1,12.15
2026-08-12,S001,DEC0016,1,0,0,0,2,0,1,32.23
2026-08-12,S002,DEC0016,0,0,0,0,2,0,0,0.0
2026-08-12,S003,DEC0016,1,0,1,0,2,0,0,0.0
2026-08-12,S004,DEC0016,0,0,0,0,3,0,0,0.0
2026-08-12,S005,DEC0016,0,3,1,0,1,0,2,64.46
2026-08-12,S006,DEC0016,0,0,0,0,1,0,0,0.0
2026-08-12,S007,DEC0016,1,0,1,1,2,0,0,0.0
2026-08-12,S008,DEC0016,0,0,0,2,1,0,0,0.0
2026-08-12,S009,DEC0016,0,0,0,2,1,0,0,0.0
2026-08-12,S010,DEC0016,0,0,0,3,0,0,0,0.0
2026-08-12,S001,DEC0017,1,0,1,1,1,0,0,0.0
2026-08-12,S002,DEC0017,0,0,0,0,1,0,0,0.0
2026-08-12,S003,DEC0017,0,0,0,2,2,0,0,0.0
2026-08-12,S004,DEC0017,1,1,0,2,2,0,2,37.46
2026-08-12,S005,DEC0017,1,0,0,3,0,0,1,18.73
2026-08-12,S006,DEC0017,0,0,0,1,3,0,0,0.0
2026-08-12,S007,DEC0017,1,0,0,2,3,0,1,18.73
2026-08-12,S008,DEC0017,0,0,0,1,0,0,0,0.0
2026-08-12,S009,DEC0017,0,0,0,0,0,0,0,0.0
2026-08-12,S010,DEC0017,0,0,0,1,0,0,0,0.0
2026-08-12,S001,DEC0018,0,0,0,0,0,0,0,0.0
2026-08-12,S002,DEC0018,1,1,1,1,3,0,1,37.73
2026-08-12,S003,DEC0018,0,0,0,3,0,0,0,0.0
2026-08-12,S004,DEC0018,1,0,0,2,0,0,1,37.73
2026-08-12,S005,DEC0018,0,0,0,3,0,0,0,0.0
2026-08-12,S006,DEC0018,0,0,0,3,2,0,0,0.0
2026-08-12,S007,DEC0018,0,3,1,0,1,0,2,75.46
2026-08-12,S008,DEC0018,2,4,4,1,2,0,2,75.46
2026-08-12,S009,DEC0018,0,2,1,0,0,0,1,37.73
2026-08-12,S010,DEC0018,0,0,0,3,0,0,0,0.0
2026-08-12,S001,DEC0019,0,1,0,0,1,0,1,30.39
2026-08-12,S002,DEC0019,0,5,3,1,1,0,2,60.78
2026-08-12,S003,DEC0019,1,0,0,0,2,0,1,30.39
2026-08-12,S004,DEC0019,0,0,0,1,3,0,0,0.0
2026-08-12,S005,DEC0019,1,0,1,3,3,0,0,0.0
2026-08-12,S006,DEC0019,0,1,0,1,2,0,1,30.39
2026-08-12,S007,DEC0019,0,1,1,3,1,0,0,0.0
2026-08-12,S008,DEC0019,0,1,0,2,3,0,1,30.39
2026-08-12,S009,DEC0019,0,0,0,3,2,0,0,0.0
2026-08-12,S010,DEC0019,0,0,0,1,3,0,0,0.0
2026-08-12,S001,DEC0020,1,0,1,3,3,0,0,0.0
2026-08-12,S002,DEC0020,0,1,1,1,3,0,0,0.0
2026-08-12,S003,DEC0020,0,3,2,3,3,0,1,49.6
2026-08-12,S004,DEC0020,0,0,0,0,2,0,0,0.0
2026-08-12,S005,DEC0020,0,0,0,2,3,0,0,0.0
2026-08-12,S006,DEC0020,1,0,0,0,1,0,1,49.6
2026-08-12,S007,DEC0020,1,0,1,1,2,0,0,0.0
2026-08-12,S008,DEC0020,1,4,4,2,1,0,1,49.6
2026-08-12,S009,DEC0020,0,3,2,3,2,0,1,49.6
2026-08-12,S010,DEC0020,0,0,0,1,3,0,0,0.0
2026-08-12,S001,DEC0021,0,0,0,1,2,0,0,0.0
2026-08-12,S002,DEC0021,0,0,0,2,3,0,0,0.0
2026-08-12,S003,DEC0021,0,0,0,0,3,0,0,0.0
2026-08-12,S004,DEC0021,1,1,1,0,3,0,1,21.38
2026-08-12,S005,DEC0021,0,0,0,1,0,0,0,0.0
2026-08-12,S006,DEC0021,0,0,0,3,3,0,0,0.0
2026-08-12,S007,DEC0021,0,0,0,3,2,0,0,0.0
2026-08-12,S008,DEC0021,0,0,0,2,1,0,0,0.0
2026-08-12,S009,DEC0021,1,5,4,1,0,0,2,42.76
2026-08-12,S010,DEC0021,0,0,0,0,0,0,0,0.0
2026-08-12,S001,DEC0022,1,3,2,0,1,1,2,58.08
2026-08-12,S002,DEC0022,0,0,0,3,3,0,0,0.0
2026-08-12,S003,DEC0022,0,3,2,1,1,0,1,29.04
2026-08-12,S004,DEC0022,1,2,2,1,3,0,1,29.04
2026-08-12,S005,DEC0022,1,0,0,3,0,0,1,29.04
2026-08-12,S006,DEC0022,0,1,1,0,2,0,0,0.0
2026-08-12,S007,DEC0022,1,0,0,1,0,0,1,29.04
2026-08-12,S008,DEC0022,0,0,0,2,3,0,0,0.0
2026-08-12,S009,DEC0022,0,1,1,1,3,0,0,0.0
2026-08-12,S010,DEC0022,0,0,0,1,1,0,0,0.0
2026-08-12,S001,DEC0023,1,0,0,0,1,0,1,55.59
2026-08-12,S002,DEC0023,0,3,2,0,1,1,1,55.59
2026-08-12,S003,DEC0023,0,2,1,2,3,0,1,55.59
2026-08-12,S004,DEC0023,1,0,0,3,2,0,1,55.59
2026-08-12,S005,DEC0023,0,3,1,0,0,0,2,111.18
2026-08-12,S006,DEC0023,0,4,3,3,3,0,1,55.59
2026-08-12,S007,DEC0023,1,0,1,0,3,0,0,0.0
2026-08-12,S008,DEC0023,0,0,0,1,0,0,0,0.0
2026-08-12,S009,DEC0023,0,0,0,1,2,0,0,0.0
2026-08-12,S010,DEC0023,0,0,0,2,1,0,0,0.0
2026-08-12,S001,DEC0024,0,0,0,2,3,0,0,0.0
2026-08-12,S002,DEC0024,1,0,0,3,0,0,1,49.01
2026-08-12,S003,DEC0024,0,0,0,0,0,0,0,0.0
2026-08-12,S004,DEC0024,0,5,4,1,2,0,1,49.01
2026-08-12,S005,DEC0024,0,0,0,0,3,1,0,0.0
2026-08-12,S006,DEC0024,0,0,0,1,3,0,0,0.0
2026-08-12,S007,DEC0024,0,1,0,3,0,0,1,49.01
2026-08-12,S008,DEC0024,0,4,3,3,1,0,1,49.01
2026-08-12,S009,DEC0024,1,0,1,3,2,0,0,0.0
2026-08-12,S010,DEC0024,0,0,0,1,3,0,0,0.0
2026-08-12,S001,DEC0025,0,0,0,0,0,0,0,0.0
2026-08-12,S002,DEC0025,2,4,4,2,1,0,2,86.14
2026-08-12,S003,DEC0025,0,2,1,3,0,0,1,43.07
2026-08-12,S004,DEC0025,0,0,0,1,0,0,0,0.0
2026-08-12,S005,DEC0025,1,1,1,2,1,0,1,43.07
2026-08-12,S006,DEC0025,0,1,0,2,1,0,1,43.07
2026-08-12,S007,DEC0025,0,8,6,3,2,0,2,86.14
2026-08-12,S008,DEC0025,0,2,1,2,2,0,1,43.07
2026-08-12,S009,DEC0025,0,0,0,1,0,0,0,0.0
2026-08-12,S010,DEC0025,0,2,2,1,3,0,0,0.0
2026-08-12,S001,DEC0026,0,3,3,2,2,0,0,0.0
2026-08-12,S002,DEC0026,1,0,1,0,3,0,0,0.0
2026-08-12,S003,DEC0026,1,1,0,3,3,0,2,30.02
2026-08-12,S004,DEC0026,1,0,0,3,3,0,1,15.01
2026-08-12,S005,DEC0026,0,0,0,1,1,0,0,0.0
2026-08-12,S006,DEC0026,0,1,1,1,1,0,0,0.0
2026-08-12,S007,DEC0026,0,5,3,2,0,0,2,30.02
2026-08-12,S008,DEC0026,0,1,1,0,2,0,0,0.0
2026-08-12,S009,DEC0026,0,0,0,3,0,0,0,0.0
2026-08-12,S010,DEC0026,0,2,1,3,1,0,1,15.01
2026-08-12,S001,DEC0027,1,3,3,2,1,0,1,31.33
2026-08-12,S002,DEC0027,0,0,0,3,1,0,0,0.0
2026-08-12,S003,DEC0027,0,3,2,0,2,0,1,31.33
2026-08-12,S004,DEC0027,0,2,1,0,1,0,1,31.33
2026-08-12,S005,DEC0027,2,5,4,3,2,0,3,93.99
2026-08-12,S006,DEC0027,0,6,3,2,2,0,3,93.99
2026-08-12,S007,DEC0027,0,1,0,1,1,0,1,31.33
2026-08-12,S008,DEC0027,0,7,5,2,2,0,2,62.66
2026-08-12,S009,DEC0027,0,5,3,1,1,0,2,62.66
2026-08-12,S010,DEC0027,0,0,0,1,2,0,0,0.0
2026-08-12,S001,DEC0028,0,2,1,3,3,0,1,21.01
2026-08-12,S002,DEC0028,2,4,3,3,2,0,3,63.03
2026-08-12,S003,DEC0028,0,0,0,1,2,0,0,0.0
2026-08-12,S004,DEC0028,0,1,0,2,2,0,1,21.01
2026-08-12,S005,DEC0028,1,1,0,1,2,0,2,42.02
2026-08-12,S006,DEC0028,2,6,5,2,1,0,3,63.03
2026-08-12,S007,DEC0028,0,0,0,2,3,0,0,0.0
2026-08-12,S008,DEC0028,0,4,3,3,1,0,1,21.01
2026-08-12,S009,DEC0028,1,0,0,1,0,0,1,21.01
2026-08-12,S010,DEC0028,0,2,1,2,3,0,1,21.01
2026-08-12,S001,DEC0029,1,0,0,3,3,0,1,54.42
2026-08-12,S002,DEC0029,0,4,2,2,0,0,2,108.84
2026-08-12,S003,DEC0029,0,2,1,3,1,0,1,54.42
2026-08-12,S004,DEC0029,0,0,0,1,1,0,0,0.0
2026-08-12,S005,DEC0029,0,4,3,2,1,0,1,54.42
2026-08-12,S006,DEC0029,0,4,3,1,0,0,1,54.42
2026-08-12,S007,DEC0029,1,2,1,0,2,0,2,108.84
2026-08-12,S008,DEC0029,0,4,3,0,2,0,1,54.42
2026-08-12,S009,DEC0029,1,1,0,2,2,0,2,108.84
2026-08-12,S010,DEC0029,1,2,2,2,0,0,1,54.42
2026-08-12,S001,DEC0030,2,4,4,1,1,0,2,95.64
2026-08-12,S002,DEC0030,1,5,3,3,1,0,3,143.46
2026-08-12,S003,DEC0030,1,1,1,0,0,0,1,47.82
2026-08-12,S004,DEC0030,1,1,1,2,1,0,1,47.82
2026-08-12,S005,DEC0030,1,6,5,3,0,0,2,95.64
2026-08-12,S006,DEC0030,0,2,1,0,1,0,1,47.82
2026-08-12,S007,DEC0030,0,4,3,2,0,0,1,47.82
2026-08-12,S008,DEC0030,1,5,3,3,1,0,3,143.46
2026-08-12,S009,DEC0030,1,0,0,2,3,0,1,47.82
2026-08-12,S010,DEC0030,1,2,1,1,0,0,2,95.64
2026-08-12,S001,DEC0031,2,4,4,3,0,0,2,99.54
2026-08-12,S002,DEC0031,0,0,0,2,2,0,0,0.0
2026-08-12,S003,DEC0031,1,0,1,0,1,0,0,0.0
2026-08-12,S004,DEC0031,0,0,0,3,1,0,0,0.0
2026-08-12,S005,DEC0031,0,0,0,1,2,0,0,0.0
2026-08-12,S006,DEC0031,0,1,0,0,1,0,1,49.77
2026-08-12,S007,DEC0031,0,1,1,1,2,0,0,0.0
2026-08-12,S008,DEC0031,1,2,2,0,0,0,1,49.77
2026-08-12,S009,DEC0031,0,11,7,1,0,0,4,199.08
2026-08-12,S010,DEC0031,0,1,1,1,0,0,0,0.0
2026-08-12,S001,DEC0032,0,3,2,2,2,0,1,10.58
2026-08-12,S002,DEC0032,2,0,0,0,1,0,2,21.16
2026-08-12,S003,DEC0032,0,0,0,1,2,0,0,0.0
2026-08-12,S004,DEC0032,0,5,3,2,2,0,2,21.16
2026-08-12,S005,DEC0032,0,1,0,3,2,0,1,10.58
2026-08-12,S006,DEC0032,1,4,4,0,3,0,1,10.58
2026-08-12,S007,DEC0032,0,0,0,1,1,0,0,0.0
2026-08-12,S008,DEC0032,1,1,1,0,3,0,1,10.58
2026-08-12,S009,DEC0032,0,1,0,2,3,0,1,10.58
2026-08-12,S010,DEC0032,0,0,0,2,3,0,0,0.0
2026-08-12,S001,DEC0033,0,1,0,2,0,0,1,20.12
2026-08-12,S002,DEC0033,1,0,1,1,1,0,0,0.0
2026-08-12,S003,DEC0033,0,0,0,0,0,0,0,0.0
2026-08-12,S004,DEC0033,0,2,1,0,0,0,1,20.12
2026-08-12,S005,DEC0033,0,3,2,2,1,0,1,20.12
2026-08-12,S006,DEC0033,0,2,1,2,1,0,1,20.12
2026-08-12,S007,DEC0033,0,3,2,0,1,0,1,20.12
2026-08-12,S008,DEC0033,0,0,0,0,3,0,0,0.0
2026-08-12,S009,DEC0033,2,4,4,2,1,0,2,40.24
2026-08-12,S010,DEC0033,0,1,0,1,2,1,1,20.12
2026-08-12,S001,DEC0034,0,0,0,0,1,0,0,0.0
2026-08-12,S002,DEC0034,2,3,3,1,2,0,2,79.32
2026-08-12,S003,DEC0034,1,0,0,2,3,0,1,39.66
2026-08-12,S004,DEC0034,1,3,3,1,2,0,1,39.66
2026-08-12,S005,DEC0034,2,4,4,0,1,0,2,79.32
2026-08-12,S006,DEC0034,0,0,0,0,1,0,0,0.0
2026-08-12,S007,DEC0034,2,0,0,0,1,1,2,79.32
2026-08-12,S008,DEC0034,0,0,0,0,0,0,0,0.0
2026-08-12,S009,DEC0034,1,0,1,3,1,0,0,0.0
2026-08-12,S010,DEC0034,1,1,2,1,2,0,0,0.0
2026-08-12,S001,DEC0035,0,2,0,3,3,0,2,125.28
2026-08-12,S002,DEC0035,0,0,0,1,1,0,0,0.0
2026-08-12,S003,DEC0035,1,1,1,2,3,0,1,62.64
2026-08-12,S004,DEC0035,0,0,0,2,3,0,0,0.0
2026-08-12,S005,DEC0035,0,4,2,2,1,0,2,125.28
2026-08-12,S006,DEC0035,1,2,2,2,2,0,1,62.64
2026-08-12,S007,DEC0035,1,0,0,1,2,0,1,62.64
2026-08-12,S008,DEC0035,1,0,0,1,2,0,1,62.64
2026-08-12,S009,DEC0035,0,0,0,1,0,0,0,0.0
2026-08-12,S010,DEC0035,0,0,0,3,3,0,0,0.0
2026-08-12,S001,DEC0036,0,1,0,1,1,0,1,52.03
2026-08-12,S002,DEC0036,2,5,5,1,1,0,2,104.06
2026-08-12,S003,DEC0036,0,1,0,3,1,0,1,52.03
2026-08-12,S004,DEC0036,0,0,0,1,0,0,0,0.0
2026-08-12,S005,DEC0036,0,2,2,2,3,0,0,0.0
2026-08-12,S006,DEC0036,1,1,0,0,2,0,2,104.06
2026-08-12,S007,DEC0036,0,2,2,3,2,0,0,0.0
2026-08-12,S008,DEC0036,0,1,0,1,3,0,1,52.03
2026-08-12,S009,DEC0036,0,1,0,1,2,0,1,52.03
2026-08-12,S010,DEC0036,0,1,0,1,0,0,1,52.03
2026-08-12,S001,DEC0037,0,1,1,3,0,0,0,0.0
2026-08-12,S002,DEC0037,1,1,1,0,0,0,1,36.83
2026-08-12,S003,DEC0037,0,3,2,3,3,0,1,36.83
2026-08-12,S004,DEC0037,0,0,0,3,0,0,0,0.0
2026-08-12,S005,DEC0037,0,1,0,0,0,0,1,36.83
2026-08-12,S006,DEC0037,1,0,1,3,0,0,0,0.0
2026-08-12,S007,DEC0037,1,2,2,2,2,0,1,36.83
2026-08-12,S008,DEC0037,1,0,0,2,2,0,1,36.83
2026-08-12,S009,DEC0037,0,1,1,2,2,0,0,0.0
2026-08-12,S010,DEC0037,1,1,1,0,2,0,1,36.83
2026-08-12,S001,DEC0038,0,3,2,2,2,0,1,12.03
2026-08-12,S002,DEC0038,1,0,0,3,1,0,1,12.03
2026-08-12,S003,DEC0038,0,3,1,2,2,0,2,24.06
2026-08-12,S004,DEC0038,0,0,0,0,2,0,0,0.0
2026-08-12,S005,DEC0038,1,0,0,3,1,0,1,12.03
2026-08-12,S006,DEC0038,0,4,2,1,3,0,2,24.06
2026-08-12,S007,DEC0038,1,0,1,3,2,0,0,0.0
2026-08-12,S008,DEC0038,0,1,1,0,1,0,0,0.0
2026-08-12,S009,DEC0038,0,0,0,0,3,0,0,0.0
2026-08-12,S010,DEC0038,1,1,1,2,1,0,1,12.03
2026-08-12,S001,DEC0039,0,0,0,3,3,0,0,0.0
2026-08-12,S002,DEC0039,0,7,4,1,3,0,3,169.14
2026-08-12,S003,DEC0039,0,4,3,3,2,0,1,56.38
2026-08-12,S004,DEC0039,1,0,1,3,2,0,0,0.0
2026-08-12,S005,DEC0039,0,2,0,3,0,0,2,112.76
2026-08-12,S006,DEC0039,1,3,2,2,1,0,2,112.76
2026-08-12,S007,DEC0039,0,0,0,1,1,0,0,0.0
2026-08-12,S008,DEC0039,1,2,2,1,2,1,1,56.38
2026-08-12,S009,DEC0039,0,1,0,3,3,0,1,56.38
2026-08-12,S010,DEC0039,1,0,1,2,1,0,0,0.0
2026-08-12,S001,DEC0040,0,8,5,3,3,0,3,151.14
2026-08-12,S002,DEC0040,0,1,0,0,3,0,1,50.38
2026-08-12,S003,DEC0040,1,0,1,0,1,0,0,0.0
2026-08-12,S004,DEC0040,0,0,0,1,2,0,0,0.0
2026-08-12,S005,DEC0040,1,2,2,2,2,0,1,50.38
2026-08-12,S006,DEC0040,3,13,10,3,1,0,6,302.28
2026-08-12,S007,DEC0040,0,1,0,1,1,0,1,50.38
2026-08-12,S008,DEC0040,0,5,4,2,0,0,1,50.38
2026-08-12,S009,DEC0040,0,1,0,2,1,0,1,50.38
2026-08-12,S010,DEC0040,0,0,0,3,2,0,0,0.0
2026-08-12,S001,DEC0041,0,0,0,2,0,0,0,0.0
2026-08-12,S002,DEC0041,1,0,0,0,2,0,1,38.56
2026-08-12,S003,DEC0041,2,1,1,1,2,0,2,77.12
2026-08-12,S004,DEC0041,1,0,1,1,0,0,0,0.0
2026-08-12,S005,DEC0041,0,0,0,2,3,0,0,0.0
2026-08-12,S006,DEC0041,1,0,1,0,2,0,0,0.0
2026-08-12,S007,DEC0041,0,0,0,1,0,0,0,0.0
2026-08-12,S008,DEC0041,0,1,1,0,1,0,0,0.0
2026-08-12,S009,DEC0041,0,1,0,2,3,0,1,38.56
2026-08-12,S010,DEC0041,0,0,0,3,0,0,0,0.0
2026-08-12,S001,DEC0042,0,0,0,2,3,0,0,0.0
2026-08-12,S002,DEC0042,1,1,1,3,3,0,1,31.91
2026-08-12,S003,DEC0042,0,0,0,2,0,0,0,0.0
2026-08-12,S004,DEC0042,0,0,0,2,3,0,0,0.0
2026-08-12,S005,DEC0042,0,0,0,0,0,0,0,0.0
2026-08-12,S006,DEC0042,1,0,0,1,0,0,1,31.91
2026-08-12,S007,DEC0042,0,0,0,0,0,0,0,0.0
2026-08-12,S008,DEC0042,1,8,6,2,3,0,3,95.73
2026-08-12,S009,DEC0042,0,1,1,3,1,0,0,0.0
2026-08-12,S010,DEC0042,0,0,0,2,1,1,0,0.0
2026-08-12,S001,DEC0043,0,3,2,1,0,0,1,15.13
2026-08-12,S002,DEC0043,2,5,4,2,3,0,3,45.39
2026-08-12,S003,DEC0043,1,2,2,0,2,0,1,15.13
2026-08-12,S004,DEC0043,0,1,1,2,0,0,0,0.0
2026-08-12,S005,DEC0043,0,4,2,3,2,0,2,30.26
2026-08-12,S006,DEC0043,1,0,1,0,2,0,0,0.0
2026-08-12,S007,DEC0043,0,5,3,3,0,1,2,30.26
2026-08-12,S008,DEC0043,0,7,5,0,0,0,2,30.26
2026-08-12,S009,DEC0043,0,0,0,0,3,0,0,0.0
2026-08-12,S010,DEC0043,0,2,1,2,3,0,1,15.13
2026-08-12,S001,DEC0044,0,3,2,1,1,0,1,38.21
2026-08-12,S002,DEC0044,1,0,1,1,3,0,0,0.0
2026-08-12,S003,DEC0044,0,0,0,3,0,0,0,0.0
2026-08-12,S004,DEC0044,0,3,2,0,2,0,1,38.21
2026-08-12,S005,DEC0044,0,1,1,2,0,0,0,0.0
2026-08-12,S006,DEC0044,2,0,0,3,0,0,2,76.42
2026-08-12,S007,DEC0044,1,12,8,0,0,0,5,191.05
2026-08-12,S008,DEC0044,3,12,10,2,1,0,5,191.05
2026-08-12,S009,DEC0044,2,2,2,2,3,0,2,76.42
2026-08-12,S010,DEC0044,0,1,0,2,1,0,1,38.21
2026-08-12,S001,DEC0045,0,1,0,0,3,0,1,32.57
2026-08-12,S002,DEC0045,0,3,1,0,1,0,2,65.14
2026-08-12,S003,DEC0045,1,0,0,2,1,0,1,32.57
2026-08-12,S004,DEC0045,2,4,3,0,0,0,3,97.71
2026-08-12,S005,DEC0045,1,1,1,3,0,0,1,32.57
2026-08-12,S006,DEC0045,2,4,3,2,3,0,3,97.71
2026-08-12,S007,DEC0045,1,2,2,3,0,0,1,32.57
2026-08-12,S008,DEC0045,0,0,0,0,0,0,0,0.0
2026-08-12,S009,DEC0045,1,3,2,0,1,1,2,65.14
2026-08-12,S010,DEC0045,0,1,0,1,2,0,1,32.57
2026-08-12,S001,DEC0046,0,0,0,3,3,0,0,0.0
2026-08-12,S002,DEC0046,2,6,5,0,2,0,3,36.33
2026-08-12,S003,DEC0046,0,1,0,0,0,0,1,12.11
2026-08-12,S004,DEC0046,0,0,0,3,2,0,0,0.0
2026-08-12,S005,DEC0046,1,5,4,3,1,0,2,24.22
2026-08-12,S006,DEC0046,2,9,7,3,3,0,4,48.44
2026-08-12,S007,DEC0046,2,4,4,1,0,0,2,24.22
2026-08-12,S008,DEC0046,2,0,0,1,3,0,2,24.22
2026-08-12,S009,DEC0046,0,8,6,2,0,0,2,24.22
2026-08-12,S010,DEC0046,1,2,1,3,3,1,2,24.22
2026-08-12,S001,DEC0047,0,0,0,1,2,0,0,0.0
2026-08-12,S002,DEC0047,2,3,3,0,2,0,2,102.1
2026-08-12,S003,DEC0047,0,0,0,2,2,0,0,0.0
2026-08-12,S004,DEC0047,2,0,0,0,0,0,2,102.1
2026-08-12,S005,DEC0047,2,6,4,1,1,0,4,204.2
2026-08-12,S006,DEC0047,1,1,1,2,0,0,1,51.05
2026-08-12,S007,DEC0047,0,6,4,3,2,0,2,102.1
2026-08-12,S008,DEC0047,1,1,0,1,2,0,2,102.1
2026-08-12,S009,DEC0047,1,7,4,0,2,0,4,204.2
2026-08-12,S010,DEC0047,1,1,1,1,3,0,1,51.05
2026-08-12,S001,DEC0048,0,1,0,2,1,0,1,29.85
2026-08-12,S002,DEC0048,0,7,5,3,0,1,2,59.7
2026-08-12,S003,DEC0048,1,2,2,0,0,0,1,29.85
2026-08-12,S004,DEC0048,0,1,0,3,2,1,1,29.85
2026-08-12,S005,DEC0048,0,0,0,0,0,1,0,0.0
2026-08-12,S006,DEC0048,1,0,0,1,3,0,1,29.85
2026-08-12,S007,DEC0048,1,0,0,1,3,0,1,29.85
2026-08-12,S008,DEC0048,0,1,0,1,0,0,1,29.85
2026-08-12,S009,DEC0048,1,0,1,2,1,0,0,0.0
2026-08-12,S010,DEC0048,0,1,0,3,1,0,1,29.85
2026-08-12,S001,DEC0049,0,0,0,0,2,0,0,0.0
2026-08-12,S002,DEC0049,1,1,1,3,1,0,1,13.34
2026-08-12,S003,DEC0049,0,0,0,0,1,0,0,0.0
2026-08-12,S004,DEC0049,0,0,0,2,2,0,0,0.0
2026-08-12,S005,DEC0049,0,1,0,3,0,0,1,13.34
2026-08-12,S006,DEC0049,1,0,1,1,3,0,0,0.0
2026-08-12,S007,DEC0049,0,2,1,3,3,0,1,13.34
2026-08-12,S008,DEC0049,0,1,1,1,0,0,0,0.0
2026-08-12,S009,DEC0049,0,1,0,0,1,0,1,13.34
2026-08-12,S010,DEC0049,0,0,0,3,0,0,0,0.0
2026-08-12,S001,DEC0050,0,4,3,1,1,0,1,38.31
2026-08-12,S002,DEC0050,3,10,9,1,2,0,4,153.24
2026-08-12,S003,DEC0050,1,2,2,1,2,0,1,38.31
2026-08-12,S004,DEC0050,1,3,3,1,1,0,1,38.31
2026-08-12,S005,DEC0050,0,1,1,2,2,0,0,0.0
2026-08-12,S006,DEC0050,1,21,14,0,3,0,8,306.48
2026-08-12,S007,DEC0050,1,0,1,1,0,0,0,0.0
2026-08-12,S008,DEC0050,0,32,19,1,1,0,13,498.03
2026-08-12,S009,DEC0050,0,2,0,2,2,0,2,76.62
2026-08-12,S010,DEC0050,0,7,6,2,2,0,1,38.31
2026-08-12,S001,DEC0051,0,0,0,1,3,0,0,0.0
2026-08-12,S002,DEC0051,0,2,0,2,0,0,2,51.4
2026-08-12,S003,DEC0051,0,0,0,0,2,0,0,0.0
2026-08-12,S004,DEC0051,1,0,0,2,1,0,1,25.7
2026-08-12,S005,DEC0051,0,0,0,0,1,0,0,0.0
2026-08-12,S006,DEC0051,0,0,0,3,2,0,0,0.0
2026-08-12,S007,DEC0051,0,0,0,1,0,0,0,0.0
2026-08-12,S008,DEC0051,0,0,0,3,1,0,0,0.0
2026-08-12,S009,DEC0051,0,0,0,1,2,0,0,0.0
2026-08-12,S010,DEC0051,0,0,0,0,2,0,0,0.0
2026-08-12,S001,DEC0052,0,0,0,3,2,0,0,0.0
2026-08-12,S002,DEC0052,1,4,3,0,3,0,2,71.62
2026-08-12,S003,DEC0052,0,0,0,2,0,0,0,0.0
2026-08-12,S004,DEC0052,0,1,0,0,2,0,1,35.81
2026-08-12,S005,DEC0052,0,3,2,0,0,0,1,35.81
2026-08-12,S006,DEC0052,1,0,0,2,3,0,1,35.81
2026-08-12,S007,DEC0052,0,0,0,2,1,0,0,0.0
2026-08-12,S008,DEC0052,0,1,0,0,1,0,1,35.81
2026-08-12,S009,DEC0052,0,0,0,3,0,0,0,0.0
2026-08-12,S010,DEC0052,1,4,3,1,2,0,2,71.62
2026-08-12,S001,DEC0053,0,0,0,1,0,0,0,0.0
2026-08-12,S002,DEC0053,1,0,1,3,3,0,0,0.0
2026-08-12,S003,DEC0053,0,0,0,0,3,0,0,0.0
2026-08-12,S004,DEC0053,0,1,0,2,2,0,1,8.46
2026-08-12,S005,DEC0053,0,2,2,1,0,0,0,0.0
2026-08-12,S006,DEC0053,0,3,2,3,1,0,1,8.46
2026-08-12,S007,DEC0053,0,1,0,1,3,0,1,8.46
2026-08-12,S008,DEC0053,1,3,3,1,0,0,1,8.46
2026-08-12,S009,DEC0053,0,0,0,0,1,0,0,0.0
2026-08-12,S010,DEC0053,0,0,0,1,0,0,0,0.0
2026-08-12,S001,DEC0054,1,1,1,1,2,0,1,35.94
2026-08-12,S002,DEC0054,0,3,2,3,0,0,1,35.94
2026-08-12,S003,DEC0054,1,1,0,3,1,0,2,71.88
2026-08-12,S004,DEC0054,1,0,0,0,1,0,1,35.94
2026-08-12,S005,DEC0054,0,2,0,1,2,0,2,71.88
2026-08-12,S006,DEC0054,2,2,2,0,0,0,2,71.88
2026-08-12,S007,DEC0054,1,1,0,0,2,0,2,71.88
2026-08-12,S008,DEC0054,0,2,1,0,1,0,1,35.94
2026-08-12,S009,DEC0054,0,3,2,3,2,0,1,35.94
2026-08-12,S010,DEC0054,0,5,4,1,1,0,1,35.94
2026-08-12,S001,DEC0055,0,1,1,3,0,0,0,0.0
2026-08-12,S002,DEC0055,0,0,0,3,1,0,0,0.0
2026-08-12,S003,DEC0055,0,0,0,2,1,0,0,0.0
2026-08-12,S004,DEC0055,1,0,0,3,3,0,1,18.74
2026-08-12,S005,DEC0055,1,0,0,0,1,0,1,18.74
2026-08-12,S006,DEC0055,2,4,4,0,3,0,2,37.48
2026-08-12,S007,DEC0055,2,4,4,3,1,0,2,37.48
2026-08-12,S008,DEC0055,0,5,3,3,0,0,2,37.48
2026-08-12,S009,DEC0055,0,6,4,3,3,0,2,37.48
2026-08-12,S010,DEC0055,0,0,0,1,2,0,0,0.0
2026-08-12,S001,DEC0056,0,6,4,3,3,0,2,77.4
2026-08-12,S002,DEC0056,0,0,0,2,1,0,0,0.0
2026-08-12,S003,DEC0056,1,0,0,1,3,0,1,38.7
2026-08-12,S004,DEC0056,0,2,1,0,1,0,1,38.7
2026-08-12,S005,DEC0056,2,0,0,2,3,0,2,77.4
2026-08-12,S006,DEC0056,0,2,1,3,0,0,1,38.7
2026-08-12,S007,DEC0056,0,0,0,1,3,0,0,0.0
2026-08-12,S008,DEC0056,1,1,2,2,0,0,0,0.0
2026-08-12,S009,DEC0056,0,0,0,0,3,0,0,0.0
2026-08-12,S010,DEC0056,0,0,0,3,0,0,0,0.0
2026-08-12,S001,DEC0057,0,1,1,1,0,0,0,0.0
2026-08-12,S002,DEC0057,1,0,1,2,1,0,0,0.0
2026-08-12,S003,DEC0057,0,1,1,1,0,0,0,0.0
2026-08-12,S004,DEC0057,0,1,0,1,2,0,1,47.76
2026-08-12,S005,DEC0057,1,1,1,2,0,0,1,47.76
2026-08-12,S006,DEC0057,1,6,4,2,3,0,3,143.28
2026-08-12,S007,DEC0057,1,6,5,2,2,0,2,95.52
2026-08-12,S008,DEC0057,1,4,4,3,0,0,1,47.76
2026-08-12,S009,DEC0057,0,0,0,0,2,0,0,0.0
2026-08-12,S010,DEC0057,0,0,0,1,2,0,0,0.0
2026-08-12,S001,DEC0058,0,1,1,0,3,0,0,0.0
2026-08-12,S002,DEC0058,1,2,0,3,2,0,3,86.58
2026-08-12,S003,DEC0058,0,1,0,2,2,0,1,28.86
2026-08-12,S004,DEC0058,1,1,1,2,0,0,1,28.86
2026-08-12,S005,DEC0058,0,1,0,1,1,0,1,28.86
2026-08-12,S006,DEC0058,0,11,6,0,3,0,5,144.3
2026-08-12,S007,DEC0058,1,8,6,2,3,0,3,86.58
2026-08-12,S008,DEC0058,1,1,0,1,1,0,2,57.72
2026-08-12,S009,DEC0058,0,18,11,1,2,0,7,202.02
2026-08-12,S010,DEC0058,0,0,0,2,2,0,0,0.0
2026-08-12,S001,DEC0059,1,3,2,0,3,0,2,59.84
2026-08-12,S002,DEC0059,2,5,4,2,3,0,3,89.76
2026-08-12,S003,DEC0059,0,8,6,3,3,0,2,59.84
2026-08-12,S004,DEC0059,0,0,0,0,2,0,0,0.0
2026-08-12,S005,DEC0059,0,4,3,2,2,0,1,29.92
2026-08-12,S006,DEC0059,0,1,1,2,2,0,0,0.0
2026-08-12,S007,DEC0059,1,2,2,2,2,0,1,29.92
2026-08-12,S008,DEC0059,1,12,10,3,2,0,3,89.76
2026-08-12,S009,DEC0059,2,4,4,0,2,0,2,59.84
2026-08-12,S010,DEC0059,0,5,3,1,2,0,2,59.84
2026-08-12,S001,DEC0060,0,0,0,1,0,0,0,0.0
2026-08-12,S002,DEC0060,2,6,6,1,0,0,2,109.4
2026-08-12,S003,DEC0060,1,3,3,3,3,0,1,54.7
2026-08-12,S004,DEC0060,1,6,4,0,3,0,3,164.1
2026-08-12,S005,DEC0060,0,0,0,2,2,0,0,0.0
2026-08-12,S006,DEC0060,1,2,1,3,0,0,2,109.4
2026-08-12,S007,DEC0060,2,4,4,2,3,0,2,109.4
2026-08-12,S008,DEC0060,1,0,1,1,1,0,0,0.0
2026-08-12,S009,DEC0060,0,0,0,1,0,0,0,0.0
2026-08-12,S010,DEC0060,3,14,11,3,2,0,6,328.2
2026-08-12,S001,DEC0061,0,0,0,2,3,1,0,0.0
2026-08-12,S002,DEC0061,1,0,0,0,3,0,1,44.11
2026-08-12,S003,DEC0061,0,2,2,2,1,0,0,0.0
2026-08-12,S004,DEC0061,1,0,0,0,3,0,1,44.11
2026-08-12,S005,DEC0061,1,4,4,1,2,0,1,44.11
2026-08-12,S006,DEC0061,1,1,1,3,2,0,1,44.11
2026-08-12,S007,DEC0061,0,2,1,3,0,0,1,44.11
2026-08-12,S008,DEC0061,1,1,0,1,0,0,2,88.22
2026-08-12,S009,DEC0061,0,0,0,0,0,0,0,0.0
2026-08-12,S010,DEC0061,0,0,0,3,2,0,0,0.0
2026-08-12,S001,DEC0062,0,1,0,3,0,0,1,55.96
2026-08-12,S002,DEC0062,1,4,3,3,1,0,2,111.92
2026-08-12,S003,DEC0062,0,2,2,2,0,0,0,0.0
2026-08-12,S004,DEC0062,1,0,0,0,0,0,1,55.96
2026-08-12,S005,DEC0062,0,0,0,1,3,0,0,0.0
2026-08-12,S006,DEC0062,4,13,10,0,1,0,7,391.72
2026-08-12,S007,DEC0062,1,7,5,3,2,0,3,167.88
2026-08-12,S008,DEC0062,1,5,4,0,0,0,2,111.92
2026-08-12,S009,DEC0062,2,5,4,1,3,0,3,167.88
2026-08-12,S010,DEC0062,1,1,1,2,2,0,1,55.96
2026-08-12,S001,DEC0063,0,2,0,0,2,0,2,93.5
2026-08-12,S002,DEC0063,0,0,0,2,3,0,0,0.0
2026-08-12,S003,DEC0063,0,0,0,1,3,0,0,0.0
2026-08-12,S004,DEC0063,2,3,3,3,3,0,2,93.5
2026-08-12,S005,DEC0063,1,4,3,1,2,0,2,93.5
2026-08-12,S006,DEC0063,0,0,0,3,0,0,0,0.0
2026-08-12,S007,DEC0063,1,0,0,3,0,0,1,46.75
2026-08-12,S008,DEC0063,0,13,8,2,2,0,5,233.75
2026-08-12,S009,DEC0063,0,0,0,0,2,0,0,0.0
2026-08-12,S010,DEC0063,1,0,0,2,1,0,1,46.75
2026-08-12,S001,DEC0064,0,0,0,2,2,0,0,0.0
2026-08-12,S002,DEC0064,0,2,1,2,2,0,1,47.08
2026-08-12,S003,DEC0064,0,0,0,1,1,0,0,0.0
2026-08-12,S004,DEC0064,0,6,4,3,3,0,2,94.16
2026-08-12,S005,DEC0064,1,0,0,0,3,0,1,47.08
2026-08-12,S006,DEC0064,0,1,1,3,1,0,0,0.0
2026-08-12,S007,DEC0064,1,7,5,1,1,0,3,141.24
2026-08-12,S008,DEC0064,0,0,0,0,3,0,0,0.0
2026-08-12,S009,DEC0064,0,0,0,1,0,0,0,0.0
2026-08-12,S010,DEC0064,0,1,1,3,0,0,0,0.0
2026-08-12,S001,DEC0065,0,4,3,0,1,0,1,30.03
2026-08-12,S002,DEC0065,0,1,0,1,2,0,1,30.03
2026-08-12,S003,DEC0065,1,1,0,1,3,0,2,60.06
2026-08-12,S004,DEC0065,1,0,0,0,1,0,1,30.03
2026-08-12,S005,DEC0065,1,4,3,2,3,0,2,60.06
2026-08-12,S006,DEC0065,1,3,2,0,0,0,2,60.06
2026-08-12,S007,DEC0065,0,3,1,2,0,0,2,60.06
2026-08-12,S008,DEC0065,0,0,0,2,0,0,0,0.0
2026-08-12,S009,DEC0065,0,0,0,3,0,0,0,0.0
2026-08-12,S010,DEC0065,0,0,0,2,2,0,0,0.0
2026-08-12,S001,DEC0066,1,1,1,0,0,0,1,25.34
2026-08-12,S002,DEC0066,0,3,2,3,0,0,1,25.34
2026-08-12,S003,DEC0066,2,6,5,1,0,0,3,76.02
2026-08-12,S004,DEC0066,0,1,0,1,3,0,1,25.34
2026-08-12,S005,DEC0066,2,3,3,2,3,0,2,50.68
2026-08-12,S006,DEC0066,1,2,2,0,0,0,1,25.34
2026-08-12,S007,DEC0066,2,6,5,3,3,0,3,76.02
2026-08-12,S008,DEC0066,0,0,0,0,2,0,0,0.0
2026-08-12,S009,DEC0066,0,0,0,3,0,0,0,0.0
2026-08-12,S010,DEC0066,1,0,1,2,3,0,0,0.0
2026-08-12,S001,DEC0067,0,1,1,3,2,0,0,0.0
2026-08-12,S002,DEC0067,0,0,0,2,0,0,0,0.0
2026-08-12,S003,DEC0067,1,1,2,2,1,0,0,0.0
2026-08-12,S004,DEC0067,0,1,1,2,3,0,0,0.0
2026-08-12,S005,DEC0067,1,2,2,0,0,1,1,12.65
2026-08-12,S006,DEC0067,1,9,7,0,2,0,3,37.95
2026-08-12,S007,DEC0067,0,2,1,3,1,0,1,12.65
2026-08-12,S008,DEC0067,0,2,2,3,2,0,0,0.0
2026-08-12,S009,DEC0067,1,0,0,0,1,0,1,12.65
2026-08-12,S010,DEC0067,1,2,2,3,3,0,1,12.65
2026-08-12,S001,DEC0068,0,0,0,1,3,0,0,0.0
2026-08-12,S002,DEC0068,0,2,2,0,0,0,0,0.0
2026-08-12,S003,DEC0068,1,0,1,1,1,0,0,0.0
2026-08-12,S004,DEC0068,0,0,0,0,0,0,0,0.0
2026-08-12,S005,DEC0068,1,6,4,3,3,0,3,99.78
2026-08-12,S006,DEC0068,0,2,2,0,1,0,0,0.0
2026-08-12,S007,DEC0068,1,2,2,2,1,0,1,33.26
2026-08-12,S008,DEC0068,2,3,3,3,1,0,2,66.52
2026-08-12,S009,DEC0068,0,1,0,2,1,0,1,33.26
2026-08-12,S010,DEC0068,0,2,1,1,0,0,1,33.26
2026-08-12,S001,DEC0069,1,1,0,0,0,0,2,116.74
2026-08-12,S002,DEC0069,1,5,3,2,2,0,3,175.11
2026-08-12,S003,DEC0069,0,6,4,3,3,0,2,116.74
2026-08-12,S004,DEC0069,1,1,1,1,0,0,1,58.37
2026-08-12,S005,DEC0069,0,5,3,1,1,0,2,116.74
2026-08-12,S006,DEC0069,0,1,0,2,2,0,1,58.37
2026-08-12,S007,DEC0069,1,3,3,3,0,0,1,58.37
2026-08-12,S008,DEC0069,0,0,0,2,1,0,0,0.0
2026-08-12,S009,DEC0069,1,0,0,0,3,0,1,58.37
2026-08-12,S010,DEC0069,2,5,5,0,1,0,2,116.74
2026-08-12,S001,DEC0070,0,4,3,3,3,0,1,43.3
2026-08-12,S002,DEC0070,1,5,4,3,1,0,2,86.6
2026-08-12,S003,DEC0070,0,0,0,2,0,0,0,0.0
2026-08-12,S004,DEC0070,0,1,1,0,2,0,0,0.0
2026-08-12,S005,DEC0070,0,3,2,0,3,0,1,43.3
2026-08-12,S006,DEC0070,0,0,0,2,0,0,0,0.0
2026-08-12,S007,DEC0070,0,1,0,1,2,0,1,43.3
2026-08-12,S008,DEC0070,0,5,3,0,1,0,2,86.6
2026-08-12,S009,DEC0070,0,0,0,2,2,0,0,0.0
2026-08-12,S010,DEC0070,0,0,0,3,2,0,0,0.0
2026-08-12,S001,DEC0071,0,1,0,1,0,0,1,29.86
2026-08-12,S002,DEC0071,3,6,5,3,1,0,4,119.44
2026-08-12,S003,DEC0071,0,0,0,1,3,0,0,0.0
2026-08-12,S004,DEC0071,0,0,0,3,3,0,0,0.0
2026-08-12,S005,DEC0071,0,5,4,1,1,0,1,29.86
2026-08-12,S006,DEC0071,0,7,4,0,1,0,3,89.58
2026-08-12,S007,DEC0071,1,9,6,3,3,0,4,119.44
2026-08-12,S008,DEC0071,1,2,2,2,2,0,1,29.86
2026-08-12,S009,DEC0071,1,1,1,0,2,0,1,29.86
2026-08-12,S010,DEC0071,1,0,0,2,1,0,1,29.86
2026-08-12,S001,DEC0072,0,0,0,0,1,0,0,0.0
2026-08-12,S002,DEC0072,0,4,2,2,0,0,2,29.66
2026-08-12,S003,DEC0072,0,0,0,3,2,0,0,0.0
2026-08-12,S004,DEC0072,0,0,0,2,0,0,0,0.0
2026-08-12,S005,DEC0072,0,1,0,1,3,0,1,14.83
2026-08-12,S006,DEC0072,0,6,4,2,1,0,2,29.66
2026-08-12,S007,DEC0072,1,1,1,1,2,0,1,14.83
2026-08-12,S008,DEC0072,0,1,1,0,3,0,0,0.0
2026-08-12,S009,DEC0072,0,1,1,0,0,0,0,0.0
2026-08-12,S010,DEC0072,1,4,4,0,1,0,1,14.83
2026-08-12,S001,DEC0073,0,5,4,1,2,0,1,36.01
2026-08-12,S002,DEC0073,0,4,3,1,0,0,1,36.01
2026-08-12,S003,DEC0073,1,6,4,3,0,0,3,108.03
2026-08-12,S004,DEC0073,2,3,3,0,0,0,2,72.02
2026-08-12,S005,DEC0073,0,1,0,3,0,0,1,36.01
2026-08-12,S006,DEC0073,0,3,2,0,1,0,1,36.01
2026-08-12,S007,DEC0073,0,2,1,0,1,0,1,36.01
2026-08-12,S008,DEC0073,0,2,2,2,3,0,0,0.0
2026-08-12,S009,DEC0073,0,1,1,2,1,0,0,0.0
2026-08-12,S010,DEC0073,0,2,1,3,1,0,1,36.01
2026-08-12,S001,DEC0074,0,1,0,2,1,0,1,13.95
2026-08-12,S002,DEC0074,1,2,2,3,1,0,1,13.95
2026-08-12,S003,DEC0074,0,0,0,2,2,0,0,0.0
2026-08-12,S004,DEC0074,1,0,0,3,3,0,1,13.95
2026-08-12,S005,DEC0074,0,1,1,0,0,0,0,0.0
2026-08-12,S006,DEC0074,0,0,0,0,2,0,0,0.0
2026-08-12,S007,DEC0074,0,0,0,1,1,0,0,0.0
2026-08-12,S008,DEC0074,0,0,0,0,0,0,0,0.0
2026-08-12,S009,DEC0074,0,2,1,1,1,0,1,13.95
2026-08-12,S010,DEC0074,1,7,6,3,1,0,2,27.9
2026-08-12,S001,DEC0075,0,1,0,2,3,0,1,27.32
2026-08-12,S002,DEC0075,0,0,0,3,2,0,0,0.0
2026-08-12,S003,DEC0075,1,5,5,2,1,0,1,27.32
2026-08-12,S004,DEC0075,2,2,2,3,1,0,2,54.64
2026-08-12,S005,DEC0075,2,2,2,3,1,0,2,54.64
2026-08-12,S006,DEC0075,0,1,1,2,0,0,0,0.0
2026-08-12,S007,DEC0075,2,2,2,0,2,0,2,54.64
2026-08-12,S008,DEC0075,0,3,2,3,3,0,1,27.32
2026-08-12,S009,DEC0075,0,2,1,0,2,0,1,27.32
2026-08-12,S010,DEC0075,1,0,0,0,1,0,1,27.32
2026-08-12,S001,DEC0076,2,0,0,3,3,0,2,95.62
2026-08-12,S002,DEC0076,1,0,0,0,1,0,1,47.81
2026-08-12,S003,DEC0076,1,0,0,0,3,0,1,47.81
2026-08-12,S004,DEC0076,2,2,2,1,2,0,2,95.62
2026-08-12,S005,DEC0076,1,9,6,3,2,0,4,191.24
2026-08-12,S006,DEC0076,0,1,0,2,3,0,1,47.81
2026-08-12,S007,DEC0076,2,0,0,2,0,0,2,95.62
2026-08-12,S008,DEC0076,1,2,2,0,1,0,1,47.81
2026-08-12,S009,DEC0076,1,3,3,3,2,0,1,47.81
2026-08-12,S010,DEC0076,1,0,1,1,2,0,0,0.0
2026-08-12,S001,DEC0077,1,3,2,1,1,0,2,74.26
2026-08-12,S002,DEC0077,0,1,0,1,2,0,1,37.13
2026-08-12,S003,DEC0077,0,1,0,2,2,0,1,37.13
2026-08-12,S004,DEC0077,0,0,0,1,3,0,0,0.0
2026-08-12,S005,DEC0077,0,0,0,0,0,0,0,0.0
2026-08-12,S006,DEC0077,0,2,1,3,1,0,1,37.13
2026-08-12,S007,DEC0077,0,1,0,2,2,0,1,37.13
2026-08-12,S008,DEC0077,1,1,1,2,3,0,1,37.13
2026-08-12,S009,DEC0077,0,0,0,2,1,0,0,0.0
2026-08-12,S010,DEC0077,0,0,0,0,1,0,0,0.0
2026-08-12,S001,DEC0078,0,0,0,0,2,0,0,0.0
2026-08-12,S002,DEC0078,0,3,2,1,2,0,1,28.49
2026-08-12,S003,DEC0078,0,4,2,0,0,0,2,56.98
2026-08-12,S004,DEC0078,1,4,3,0,3,0,2,56.98
2026-08-12,S005,DEC0078,0,2,2,3,2,0,0,0.0
2026-08-12,S006,DEC0078,0,1,0,2,0,0,1,28.49
2026-08-12,S007,DEC0078,1,0,0,1,2,0,1,28.49
2026-08-12,S008,DEC0078,1,5,4,0,2,0,2,56.98
2026-08-12,S009,DEC0078,0,3,2,1,1,0,1,28.49
2026-08-12,S010,DEC0078,1,1,2,2,3,0,0,0.0
2026-08-12,S001,DEC0079,0,0,0,3,2,0,0,0.0
2026-08-12,S002,DEC0079,0,1,1,3,1,0,0,0.0
2026-08-12,S003,DEC0079,1,0,1,1,2,0,0,0.0
2026-08-12,S004,DEC0079,1,0,0,1,1,0,1,23.27
2026-08-12,S005,DEC0079,0,0,0,0,0,0,0,0.0
2026-08-12,S006,DEC0079,1,1,0,2,1,0,2,46.54
2026-08-12,S007,DEC0079,0,0,0,1,0,0,0,0.0
2026-08-12,S008,DEC0079,0,0,0,0,2,0,0,0.0
2026-08-12,S009,DEC0079,1,0,0,2,1,0,1,23.27
2026-08-12,S010,DEC0079,0,0,0,0,1,0,0,0.0
2026-08-12,S001,DEC0080,1,1,1,0,3,0,1,35.02
2026-08-12,S002,DEC0080,0,3,2,2,2,0,1,35.02
2026-08-12,S003,DEC0080,1,5,4,1,0,0,2,70.04
2026-08-12,S004,DEC0080,1,4,4,3,0,0,1,35.02
2026-08-12,S005,DEC0080,1,1,1,2,0,0,1,35.02
2026-08-12,S006,DEC0080,1,5,4,1,1,0,2,70.04
2026-08-12,S007,DEC0080,1,0,1,1,2,0,0,0.0
2026-08-12,S008,DEC0080,1,3,3,0,1,0,1,35.02
2026-08-12,S009,DEC0080,0,5,3,2,0,0,2,70.04
2026-08-12,S010,DEC0080,0,0,0,1,1,0,0,0.0
2026-08-12,S001,DEC0081,0,0,0,3,2,0,0,0.0
2026-08-12,S002,DEC0081,1,0,0,0,2,0,1,18.47
2026-08-12,S003,DEC0081,2,4,3,1,3,0,3,55.41
2026-08-12,S004,DEC0081,3,7,6,1,1,0,4,73.88
2026-08-12,S005,DEC0081,0,8,6,2,3,0,2,36.94
2026-08-12,S006,DEC0081,0,1,0,1,3,0,1,18.47
2026-08-12,S007,DEC0081,0,2,1,1,1,0,1,18.47
2026-08-12,S008,DEC0081,1,6,4,1,1,0,3,55.41
2026-08-12,S009,DEC0081,2,4,4,3,0,0,2,36.94
2026-08-12,S010,DEC0081,2,0,0,3,3,0,2,36.94
2026-08-12,S001,DEC0082,1,0,0,0,3,0,1,51.79
2026-08-12,S002,DEC0082,1,3,3,1,3,0,1,51.79
2026-08-12,S003,DEC0082,1,0,0,0,0,0,1,51.79
2026-08-12,S004,DEC0082,0,0,0,2,3,0,0,0.0
2026-08-12,S005,DEC0082,1,0,1,1,1,0,0,0.0
2026-08-12,S006,DEC0082,1,2,2,2,1,0,1,51.79
2026-08-12,S007,DEC0082,0,1,0,2,0,0,1,51.79
2026-08-12,S008,DEC0082,0,0,0,3,0,0,0,0.0
2026-08-12,S009,DEC0082,0,4,2,1,3,0,2,103.58
2026-08-12,S010,DEC0082,1,1,1,0,0,0,1,51.79
2026-08-12,S001,DEC0083,2,8,6,1,2,0,4,106.56
2026-08-12,S002,DEC0083,1,0,1,0,2,0,0,0.0
2026-08-12,S003,DEC0083,1,0,1,1,2,0,0,0.0
2026-08-12,S004,DEC0083,1,0,0,0,0,0,1,26.64
2026-08-12,S005,DEC0083,1,5,4,0,0,0,2,53.28
2026-08-12,S006,DEC0083,1,1,1,0,0,0,1,26.64
2026-08-12,S007,DEC0083,0,0,0,0,1,0,0,0.0
2026-08-12,S008,DEC0083,0,0,0,2,2,0,0,0.0
2026-08-12,S009,DEC0083,1,2,2,2,2,0,1,26.64
2026-08-12,S010,DEC0083,1,1,0,3,3,0,2,53.28
2026-08-12,S001,DEC0084,0,5,4,2,0,0,1,49.81
2026-08-12,S002,DEC0084,0,1,0,3,0,0,1,49.81
2026-08-12,S003,DEC0084,1,0,1,2,3,0,0,0.0
2026-08-12,S004,DEC0084,0,0,0,3,3,0,0,0.0
2026-08-12,S005,DEC0084,0,2,1,1,3,0,1,49.81
2026-08-12,S006,DEC0084,0,0,0,3,2,0,0,0.0
2026-08-12,S007,DEC0084,0,0,0,3,0,0,0,0.0
2026-08-12,S008,DEC0084,0,0,0,3,1,0,0,0.0
2026-08-12,S009,DEC0084,0,0,0,1,2,0,0,0.0
2026-08-12,S010,DEC0084,0,0,0,0,1,0,0,0.0
2026-08-12,S001,DEC0085,1,0,0,3,0,0,1,27.79
2026-08-12,S002,DEC0085,0,0,0,2,0,1,0,0.0
2026-08-12,S003,DEC0085,1,0,0,3,3,0,1,27.79
2026-08-12,S004,DEC0085,1,4,4,1,2,0,1,27.79
2026-08-12,S005,DEC0085,0,0,0,3,1,0,0,0.0
2026-08-12,S006,DEC0085,1,0,0,2,0,0,1,27.79
2026-08-12,S007,DEC0085,1,10,8,2,0,0,3,83.37
2026-08-12,S008,DEC0085,1,0,0,1,2,0,1,27.79
2026-08-12,S009,DEC0085,1,1,2,1,2,0,0,0.0
2026-08-12,S010,DEC0085,0,1,0,1,1,0,1,27.79
2026-08-12,S001,DEC0086,1,0,1,2,1,0,0,0.0
2026-08-12,S002,DEC0086,0,2,1,3,2,0,1,50.99
2026-08-12,S003,DEC0086,0,3,1,1,3,0,2,101.98
2026-08-12,S004,DEC0086,0,1,0,3,3,0,1,50.99
2026-08-12,S005,DEC0086,0,0,0,0,1,0,0,0.0
2026-08-12,S006,DEC0086,1,1,1,2,0,0,1,50.99
2026-08-12,S007,DEC0086,0,2,1,2,2,0,1,50.99
2026-08-12,S008,DEC0086,0,1,1,2,1,0,0,0.0
2026-08-12,S009,DEC0086,0,1,0,0,0,0,1,50.99
2026-08-12,S010,DEC0086,1,0,0,0,0,0,1,50.99
2026-08-12,S001,DEC0087,0,0,0,1,3,0,0,0.0
2026-08-12,S002,DEC0087,0,2,1,1,3,0,1,56.59
2026-08-12,S003,DEC0087,1,4,3,2,0,0,2,113.18
2026-08-12,S004,DEC0087,0,1,0,0,3,0,1,56.59
2026-08-12,S005,DEC0087,0,0,0,0,1,0,0,0.0
2026-08-12,S006,DEC0087,1,3,2,3,3,0,2,113.18
2026-08-12,S007,DEC0087,0,1,0,2,2,0,1,56.59
2026-08-12,S008,DEC0087,1,0,0,3,3,0,1,56.59
2026-08-12,S009,DEC0087,0,1,0,0,3,0,1,56.59
2026-08-12,S010,DEC0087,0,3,2,3,1,0,1,56.59
2026-08-12,S001,DEC0088,0,4,2,1,3,0,2,56.6
2026-08-12,S002,DEC0088,0,4,2,1,3,0,2,56.6
2026-08-12,S003,DEC0088,0,1,1,1,3,1,0,0.0
2026-08-12,S004,DEC0088,0,5,3,1,3,0,2,56.6
2026-08-12,S005,DEC0088,0,2,1,2,2,0,1,28.3
2026-08-12,S006,DEC0088,1,3,3,3,3,0,1,28.3
2026-08-12,S007,DEC0088,0,2,2,0,1,0,0,0.0
2026-08-12,S008,DEC0088,0,5,3,0,0,0,2,56.6
2026-08-12,S009,DEC0088,1,2,2,3,0,0,1,28.3
2026-08-12,S010,DEC0088,0,5,3,1,3,0,2,56.6
2026-08-12,S001,DEC0089,0,4,3,2,1,0,1,24.05
2026-08-12,S002,DEC0089,1,5,4,2,2,0,2,48.1
2026-08-12,S003,DEC0089,0,2,1,0,0,0,1,24.05
2026-08-12,S004,DEC0089,0,2,1,2,1,0,1,24.05
2026-08-12,S005,DEC0089,1,3,3,0,3,0,1,24.05
2026-08-12,S006,DEC0089,0,0,0,1,3,0,0,0.0
2026-08-12,S007,DEC0089,0,0,0,1,0,0,0,0.0
2026-08-12,S008,DEC0089,0,6,3,0,1,0,3,72.15
2026-08-12,S009,DEC0089,1,0,1,2,2,0,0,0.0
2026-08-12,S010,DEC0089,0,0,0,1,0,0,0,0.0
2026-08-12,S001,DEC0090,0,3,2,3,1,0,1,54.69
2026-08-12,S002,DEC0090,3,7,6,0,3,0,4,218.76
2026-08-12,S003,DEC0090,1,3,3,2,1,0,1,54.69
2026-08-12,S004,DEC0090,0,0,0,3,0,0,0,0.0
2026-08-12,S005,DEC0090,0,7,4,1,2,0,3,164.07
2026-08-12,S006,DEC0090,0,8,5,2,0,0,3,164.07
2026-08-12,S007,DEC0090,0,8,6,1,1,0,2,109.38
2026-08-12,S008,DEC0090,1,3,3,3,2,0,1,54.69
2026-08-12,S009,DEC0090,0,0,0,2,2,0,0,0.0
2026-08-12,S010,DEC0090,0,0,0,2,0,0,0,0.0
2026-08-12,S001,DEC0091,0,0,0,0,0,0,0,0.0
2026-08-12,S002,DEC0091,0,0,0,0,2,0,0,0.0
2026-08-12,S003,DEC0091,0,0,0,0,3,0,0,0.0
2026-08-12,S004,DEC0091,1,1,1,3,1,0,1,44.72
2026-08-12,S005,DEC0091,1,1,1,0,3,0,1,44.72
2026-08-12,S006,DEC0091,0,3,3,1,1,0,0,0.0
2026-08-12,S007,DEC0091,1,0,1,2,3,0,0,0.0
2026-08-12,S008,DEC0091,0,0,0,1,1,0,0,0.0
2026-08-12,S009,DEC0091,1,2,2,2,2,0,1,44.72
2026-08-12,S010,DEC0091,0,4,3,0,3,0,1,44.72
2026-08-12,S001,DEC0092,1,0,0,0,3,0,1,52.78
2026-08-12,S002,DEC0092,1,5,4,0,0,0,2,105.56
2026-08-12,S003,DEC0092,0,0,0,2,1,0,0,0.0
2026-08-12,S004,DEC0092,0,0,0,3,1,0,0,0.0
2026-08-12,S005,DEC0092,0,1,1,3,2,0,0,0.0
2026-08-12,S006,DEC0092,1,0,0,1,1,0,1,52.78
2026-08-12,S007,DEC0092,0,14,8,2,1,0,6,316.68
2026-08-12,S008,DEC0092,0,0,0,2,2,0,0,0.0
2026-08-12,S009,DEC0092,0,7,4,0,1,0,3,158.34
2026-08-12,S010,DEC0092,0,0,0,0,2,0,0,0.0
2026-08-12,S001,DEC0093,0,4,3,0,3,0,1,22.3
2026-08-12,S002,DEC0093,0,0,0,1,2,0,0,0.0
2026-08-12,S003,DEC0093,1,0,0,3,2,0,1,22.3
2026-08-12,S004,DEC0093,1,1,1,2,2,0,1,22.3
2026-08-12,S005,DEC0093,0,0,0,0,3,0,0,0.0
2026-08-12,S006,DEC0093,0,3,2,3,2,0,1,22.3
2026-08-12,S007,DEC0093,1,3,2,3,0,0,2,44.6
2026-08-12,S008,DEC0093,0,0,0,1,1,0,0,0.0
2026-08-12,S009,DEC0093,1,2,3,2,3,0,0,0.0
2026-08-12,S010,DEC0093,0,0,0,1,2,0,0,0.0
2026-08-12,S001,DEC0094,1,0,1,2,3,0,0,0.0
2026-08-12,S002,DEC0094,1,4,3,3,2,0,2,83.18
2026-08-12,S003,DEC0094,1,0,0,0,3,0,1,41.59
2026-08-12,S004,DEC0094,1,2,2,0,3,0,1,41.59
2026-08-12,S005,DEC0094,1,6,5,1,0,0,2,83.18
2026-08-12,S006,DEC0094,1,0,0,2,2,0,1,41.59
2026-08-12,S007,DEC0094,0,1,0,3,0,0,1,41.59
2026-08-12,S008,DEC0094,2,5,4,3,1,0,3,124.77
2026-08-12,S009,DEC0094,1,0,1,0,2,0,0,0.0
2026-08-12,S010,DEC0094,0,0,0,3,1,0,0,0.0
2026-08-12,S001,DEC0095,1,3,2,3,2,0,2,30.14
2026-08-12,S002,DEC0095,1,1,1,2,3,0,1,15.07
2026-08-12,S003,DEC0095,1,0,0,0,1,0,1,15.07
2026-08-12,S004,DEC0095,0,2,0,0,1,0,2,30.14
2026-08-12,S005,DEC0095,0,0,0,3,3,0,0,0.0
2026-08-12,S006,DEC0095,0,1,0,1,3,0,1,15.07
2026-08-12,S007,DEC0095,1,0,0,0,0,0,1,15.07
2026-08-12,S008,DEC0095,0,0,0,1,1,0,0,0.0
2026-08-12,S009,DEC0095,0,0,0,2,3,0,0,0.0
2026-08-12,S010,DEC0095,0,0,0,1,2,0,0,0.0
2026-08-12,S001,DEC0096,1,0,1,0,3,0,0,0.0
2026-08-12,S002,DEC0096,0,0,0,0,0,0,0,0.0
2026-08-12,S003,DEC0096,0,0,0,1,2,0,0,0.0
2026-08-12,S004,DEC0096,2,9,7,3,3,0,4,69.28
2026-08-12,S005,DEC0096,0,2,0,0,2,0,2,34.64
2026-08-12,S006,DEC0096,0,1,1,1,2,0,0,0.0
2026-08-12,S007,DEC0096,0,0,0,0,3,0,0,0.0
2026-08-12,S008,DEC0096,0,6,5,0,1,0,1,17.32
2026-08-12,S009,DEC0096,3,8,7,1,0,0,4,69.28
2026-08-12,S010,DEC0096,0,1,0,2,2,0,1,17.32
2026-08-12,S001,DEC0097,0,4,2,1,2,0,2,103.88
2026-08-12,S002,DEC0097,0,0,0,3,1,0,0,0.0
2026-08-12,S003,DEC0097,1,0,1,2,2,0,0,0.0
2026-08-12,S004,DEC0097,1,0,0,0,0,0,1,51.94
2026-08-12,S005,DEC0097,0,2,1,3,1,0,1,51.94
2026-08-12,S006,DEC0097,0,2,0,0,1,0,2,103.88
2026-08-12,S007,DEC0097,0,2,2,3,2,0,0,0.0
2026-08-12,S008,DEC0097,0,1,0,2,3,0,1,51.94
2026-08-12,S009,DEC0097,0,4,2,2,1,0,2,103.88
2026-08-12,S010,DEC0097,1,4,3,0,3,0,2,103.88
2026-08-12,S001,DEC0098,1,1,1,2,1,0,1,13.17
2026-08-12,S002,DEC0098,0,0,0,0,1,0,0,0.0
2026-08-12,S003,DEC0098,0,1,1,1,2,0,0,0.0
2026-08-12,S004,DEC0098,0,0,0,2,2,0,0,0.0
2026-08-12,S005,DEC0098,0,0,0,1,3,0,0,0.0
2026-08-12,S006,DEC0098,0,2,1,0,0,0,1,13.17
2026-08-12,S007,DEC0098,0,1,1,1,3,0,0,0.0
2026-08-12,S008,DEC0098,0,0,0,1,0,0,0,0.0
2026-08-12,S009,DEC0098,0,1,0,1,3,0,1,13.17
2026-08-12,S010,DEC0098,0,0,0,1,3,0,0,0.0
2026-08-12,S001,DEC0099,1,0,0,3,0,0,1,54.36
2026-08-12,S002,DEC0099,0,9,6,2,0,0,3,163.08
2026-08-12,S003,DEC0099,0,0,0,3,1,0,0,0.0
2026-08-12,S004,DEC0099,0,1,0,0,0,0,1,54.36
2026-08-12,S005,DEC0099,0,0,0,3,0,0,0,0.0
2026-08-12,S006,DEC0099,1,0,0,3,3,0,1,54.36
2026-08-12,S007,DEC0099,2,2,2,2,0,0,2,108.72
2026-08-12,S008,DEC0099,1,0,0,0,1,0,1,54.36
2026-08-12,S009,DEC0099,0,9,5,0,2,0,4,217.44
2026-08-12,S010,DEC0099,0,1,0,0,1,0,1,54.36
2026-08-12,S001,DEC0100,0,0,0,1,1,0,0,0.0
2026-08-12,S002,DEC0100,0,2,1,2,1,0,1,54.53
2026-08-12,S003,DEC0100,0,5,2,3,0,0,3,163.59
2026-08-12,S004,DEC0100,0,3,3,1,3,0,0,0.0
2026-08-12,S005,DEC0100,0,4,3,3,1,0,1,54.53
2026-08-12,S006,DEC0100,2,3,3,2,0,0,2,109.06
2026-08-12,S007,DEC0100,0,10,6,3,1,0,4,218.12
2026-08-12,S008,DEC0100,0,0,0,2,0,0,0,0.0
2026-08-12,S009,DEC0100,0,2,0,2,1,0,2,109.06
2026-08-12,S010,DEC0100,0,2,1,3,0,0,1,54.53
2026-08-12,S001,DEC0101,0,0,0,2,3,0,0,0.0
2026-08-12,S002,DEC0101,1,2,2,3,3,0,1,33.05
2026-08-12,S003,DEC0101,0,0,0,0,0,0,0,0.0
2026-08-12,S004,DEC0101,0,1,0,2,1,0,1,33.05
2026-08-12,S005,DEC0101,0,0,0,2,0,1,0,0.0
2026-08-12,S006,DEC0101,0,0,0,2,3,0,0,0.0
2026-08-12,S007,DEC0101,0,0,0,3,2,0,0,0.0
2026-08-12,S008,DEC0101,0,0,0,1,3,0,0,0.0
2026-08-12,S009,DEC0101,0,0,0,3,1,0,0,0.0
2026-08-12,S010,DEC0101,0,0,0,3,2,0,0,0.0
2026-08-12,S001,DEC0102,0,0,0,3,1,0,0,0.0
2026-08-12,S002,DEC0102,0,1,1,0,3,0,0,0.0
2026-08-12,S003,DEC0102,1,2,2,2,1,0,1,44.75
2026-08-12,S004,DEC0102,1,2,1,0,3,1,2,89.5
2026-08-12,S005,DEC0102,0,2,1,0,0,0,1,44.75
2026-08-12,S006,DEC0102,1,13,9,1,1,0,5,223.75
2026-08-12,S007,DEC0102,0,4,3,1,0,0,1,44.75
2026-08-12,S008,DEC0102,2,7,5,1,2,0,4,179.0
2026-08-12,S009,DEC0102,1,9,6,1,0,0,4,179.0
2026-08-12,S010,DEC0102,2,11,9,2,1,0,4,179.0
2026-08-12,S001,DEC0103,0,4,2,2,1,0,2,41.28
2026-08-12,S002,DEC0103,1,7,5,2,1,0,3,61.92
2026-08-12,S003,DEC0103,1,0,0,2,1,0,1,20.64
2026-08-12,S004,DEC0103,1,5,4,3,1,0,2,41.28
2026-08-12,S005,DEC0103,0,6,4,1,2,0,2,41.28
2026-08-12,S006,DEC0103,1,4,2,1,3,0,3,61.92
2026-08-12,S007,DEC0103,0,1,0,1,3,0,1,20.64
2026-08-12,S008,DEC0103,0,0,0,2,0,0,0,0.0
2026-08-12,S009,DEC0103,0,0,0,1,3,0,0,0.0
2026-08-12,S010,DEC0103,0,2,2,0,2,0,0,0.0
2026-08-12,S001,DEC0104,0,1,0,2,2,0,1,30.61
2026-08-12,S002,DEC0104,0,3,2,1,2,0,1,30.61
2026-08-12,S003,DEC0104,2,5,4,2,3,0,3,91.83
2026-08-12,S004,DEC0104,1,4,3,2,3,0,2,61.22
2026-08-12,S005,DEC0104,1,7,5,1,1,0,3,91.83
2026-08-12,S006,DEC0104,0,3,2,1,0,0,1,30.61
2026-08-12,S007,DEC0104,3,10,8,0,3,0,5,153.05
2026-08-12,S008,DEC0104,0,2,0,3,1,0,2,61.22
2026-08-12,S009,DEC0104,0,4,3,2,3,0,1,30.61
2026-08-12,S010,DEC0104,0,4,2,2,2,0,2,61.22
2026-08-12,S001,DEC0105,2,6,5,3,0,0,3,112.44
2026-08-12,S002,DEC0105,1,1,2,2,1,0,0,0.0
2026-08-12,S003,DEC0105,0,4,2,2,1,0,2,74.96
2026-08-12,S004,DEC0105,1,5,3,3,2,0,3,112.44
2026-08-12,S005,DEC0105,0,0,0,2,1,0,0,0.0
2026-08-12,S006,DEC0105,1,0,0,1,3,0,1,37.48
2026-08-12,S007,DEC0105,1,10,7,0,3,0,4,149.92
2026-08-12,S008,DEC0105,1,2,2,0,2,0,1,37.48
2026-08-12,S009,DEC0105,0,4,3,1,3,0,1,37.48
2026-08-12,S010,DEC0105,0,0,0,1,3,0,0,0.0
2026-08-12,S001,DEC0106,0,0,0,1,1,0,0,0.0
2026-08-12,S002,DEC0106,4,14,12,0,3,0,6,105.06
2026-08-12,S003,DEC0106,1,8,5,3,1,0,4,70.04
2026-08-12,S004,DEC0106,0,3,2,1,0,0,1,17.51
2026-08-12,S005,DEC0106,1,3,3,1,1,0,1,17.51
2026-08-12,S006,DEC0106,2,4,4,1,3,0,2,35.02
2026-08-12,S007,DEC0106,0,3,2,3,2,0,1,17.51
2026-08-12,S008,DEC0106,0,18,13,1,3,0,5,87.55
2026-08-12,S009,DEC0106,1,6,4,2,0,0,3,52.53
2026-08-12,S010,DEC0106,0,3,2,1,3,0,1,17.51
2026-08-12,S001,DEC0107,0,0,0,1,3,0,0,0.0
2026-08-12,S002,DEC0107,1,1,1,1,1,0,1,14.12
2026-08-12,S003,DEC0107,1,0,0,0,0,0,1,14.12
2026-08-12,S004,DEC0107,0,0,0,2,2,0,0,0.0
2026-08-12,S005,DEC0107,0,2,1,0,3,0,1,14.12
2026-08-12,S006,DEC0107,1,0,0,0,0,0,1,14.12
2026-08-12,S007,DEC0107,1,0,1,2,3,0,0,0.0
2026-08-12,S008,DEC0107,1,0,0,0,0,0,1,14.12
2026-08-12,S009,DEC0107,0,0,0,2,2,0,0,0.0
2026-08-12,S010,DEC0107,0,0,0,1,2,0,0,0.0
2026-08-12,S001,DEC0108,0,0,0,2,1,0,0,0.0
2026-08-12,S002,DEC0108,2,2,2,2,1,0,2,29.86
2026-08-12,S003,DEC0108,0,1,0,0,1,0,1,14.93
2026-08-12,S004,DEC0108,0,1,0,3,3,0,1,14.93
2026-08-12,S005,DEC0108,0,0,0,3,3,0,0,0.0
2026-08-12,S006,DEC0108,1,0,1,1,2,0,0,0.0
2026-08-12,S007,DEC0108,0,0,0,2,0,0,0,0.0
2026-08-12,S008,DEC0108,0,1,0,1,1,0,1,14.93
2026-08-12,S009,DEC0108,2,4,3,2,3,0,3,44.79
2026-08-12,S010,DEC0108,0,0,0,3,1,0,0,0.0
2026-08-12,S001,DEC0109,0,0,0,2,1,1,0,0.0
2026-08-12,S002,DEC0109,0,4,2,3,1,0,2,81.68
2026-08-12,S003,DEC0109,1,5,5,2,0,0,1,40.84
2026-08-12,S004,DEC0109,0,8,5,3,2,0,3,122.52
2026-08-12,S005,DEC0109,0,1,0,3,2,0,1,40.84
2026-08-12,S006,DEC0109,0,7,5,0,0,0,2,81.68
2026-08-12,S007,DEC0109,1,2,2,1,3,0,1,40.84
2026-08-12,S008,DEC0109,2,3,3,3,0,0,2,81.68
2026-08-12,S009,DEC0109,1,4,3,3,2,0,2,81.68
2026-08-12,S010,DEC0109,1,3,2,2,2,0,2,81.68
2026-08-12,S001,DEC0110,1,1,1,1,0,0,1,31.15
2026-08-12,S002,DEC0110,0,2,1,1,0,0,1,31.15
2026-08-12,S003,DEC0110,0,4,3,0,2,0,1,31.15
2026-08-12,S004,DEC0110,1,1,1,3,1,0,1,31.15
2026-08-12,S005,DEC0110,1,1,1,2,3,0,1,31.15
2026-08-12,S006,DEC0110,1,1,1,1,0,0,1,31.15
2026-08-12,S007,DEC0110,1,7,6,2,2,0,2,62.3
2026-08-12,S008,DEC0110,0,1,1,2,3,0,0,0.0
2026-08-12,S009,DEC0110,1,0,0,1,2,0,1,31.15
2026-08-12,S010,DEC0110,0,0,0,1,1,0,0,0.0
2026-08-12,S001,DEC0111,0,0,0,1,0,0,0,0.0
2026-08-12,S002,DEC0111,2,7,6,2,3,0,3,126.18
2026-08-12,S003,DEC0111,1,3,3,0,1,0,1,42.06
2026-08-12,S004,DEC0111,0,0,0,1,2,0,0,0.0
2026-08-12,S005,DEC0111,1,2,1,3,2,0,2,84.12
2026-08-12,S006,DEC0111,0,4,2,1,3,0,2,84.12
2026-08-12,S007,DEC0111,0,0,0,3,0,0,0,0.0
2026-08-12,S008,DEC0111,0,2,0,3,2,0,2,84.12
2026-08-12,S009,DEC0111,0,5,3,1,0,0,2,84.12
2026-08-12,S010,DEC0111,0,0,0,0,3,0,0,0.0
2026-08-12,S001,DEC0112,1,5,5,1,3,0,1,13.34
2026-08-12,S002,DEC0112,1,4,3,0,0,0,2,26.68
2026-08-12,S003,DEC0112,2,9,7,1,0,0,4,53.36
2026-08-12,S004,DEC0112,1,1,2,3,2,0,0,0.0
2026-08-12,S005,DEC0112,1,6,4,3,0,0,3,40.02
2026-08-12,S006,DEC0112,4,10,8,2,0,0,6,80.04
2026-08-12,S007,DEC0112,1,6,4,0,3,0,3,40.02
2026-08-12,S008,DEC0112,1,1,1,2,3,0,1,13.34
2026-08-12,S009,DEC0112,1,0,0,3,2,0,1,13.34
2026-08-12,S010,DEC0112,0,0,0,1,3,0,0,0.0
2026-08-12,S001,DEC0113,0,1,0,1,0,0,1,25.73
2026-08-12,S002,DEC0113,0,2,1,1,3,0,1,25.73
2026-08-12,S003,DEC0113,0,1,0,1,2,0,1,25.73
2026-08-12,S004,DEC0113,0,1,0,0,1,0,1,25.73
2026-08-12,S005,DEC0113,0,6,4,0,1,0,2,51.46
2026-08-12,S006,DEC0113,2,4,4,0,0,0,2,51.46
2026-08-12,S007,DEC0113,1,2,2,2,3,0,1,25.73
2026-08-12,S008,DEC0113,1,1,2,1,2,0,0,0.0
2026-08-12,S009,DEC0113,1,5,3,2,2,0,3,77.19
2026-08-12,S010,DEC0113,2,4,4,1,2,0,2,51.46
2026-08-12,S001,DEC0114,1,4,3,2,3,0,2,31.06
2026-08-12,S002,DEC0114,0,1,0,0,1,0,1,15.53
2026-08-12,S003,DEC0114,1,0,0,0,1,0,1,15.53
2026-08-12,S004,DEC0114,0,3,2,0,2,0,1,15.53
2026-08-12,S005,DEC0114,0,5,3,2,2,0,2,31.06
2026-08-12,S006,DEC0114,1,1,1,1,3,0,1,15.53
2026-08-12,S007,DEC0114,1,0,1,1,0,0,0,0.0
2026-08-12,S008,DEC0114,1,2,2,1,0,0,1,15.53
2026-08-12,S009,DEC0114,1,0,1,0,3,0,0,0.0
2026-08-12,S010,DEC0114,0,2,2,2,2,0,0,0.0
2026-08-12,S001,DEC0115,0,0,0,2,3,0,0,0.0
2026-08-12,S002,DEC0115,0,1,1,2,2,0,0,0.0
2026-08-12,S003,DEC0115,1,1,1,3,3,0,1,26.45
2026-08-12,S004,DEC0115,0,1,0,0,3,0,1,26.45
2026-08-12,S005,DEC0115,1,0,0,1,2,0,1,26.45
2026-08-12,S006,DEC0115,0,6,4,3,1,0,2,52.9
2026-08-12,S007,DEC0115,0,0,0,0,3,0,0,0.0
2026-08-12,S008,DEC0115,1,6,4,2,1,0,3,79.35
2026-08-12,S009,DEC0115,1,0,1,2,1,0,0,0.0
2026-08-12,S010,DEC0115,0,0,0,0,0,0,0,0.0
2026-08-12,S001,DEC0116,0,0,0,1,0,0,0,0.0
2026-08-12,S002,DEC0116,1,5,4,1,1,0,2,36.94
2026-08-12,S003,DEC0116,0,1,0,3,3,0,1,18.47
2026-08-12,S004,DEC0116,1,1,1,1,1,0,1,18.47
2026-08-12,S005,DEC0116,0,1,0,1,0,0,1,18.47
2026-08-12,S006,DEC0116,1,0,0,0,3,0,1,18.47
2026-08-12,S007,DEC0116,1,0,0,2,0,0,1,18.47
2026-08-12,S008,DEC0116,1,4,3,0,2,0,2,36.94
2026-08-12,S009,DEC0116,0,0,0,3,3,0,0,0.0
2026-08-12,S010,DEC0116,1,0,0,0,1,0,1,18.47
2026-08-12,S001,DEC0117,0,0,0,3,2,0,0,0.0
2026-08-12,S002,DEC0117,2,4,4,0,0,0,2,23.56
2026-08-12,S003,DEC0117,0,0,0,2,2,0,0,0.0
2026-08-12,S004,DEC0117,0,3,2,1,1,0,1,11.78
2026-08-12,S005,DEC0117,0,2,1,0,1,0,1,11.78
2026-08-12,S006,DEC0117,2,4,4,2,0,0,2,23.56
2026-08-12,S007,DEC0117,0,2,0,1,0,0,2,23.56
2026-08-12,S008,DEC0117,1,3,3,3,1,0,1,11.78
2026-08-12,S009,DEC0117,0,0,0,1,3,0,0,0.0
2026-08-12,S010,DEC0117,0,0,0,0,2,0,0,0.0
2026-08-12,S001,DEC0118,0,0,0,2,2,1,0,0.0
2026-08-12,S002,DEC0118,0,1,0,1,0,0,1,45.55
2026-08-12,S003,DEC0118,0,0,0,0,0,0,0,0.0
2026-08-12,S004,DEC0118,0,0,0,3,3,0,0,0.0
2026-08-12,S005,DEC0118,0,2,0,2,3,0,2,91.1
2026-08-12,S006,DEC0118,0,0,0,1,1,0,0,0.0
2026-08-12,S007,DEC0118,0,3,2,0,0,0,1,45.55
2026-08-12,S008,DEC0118,1,1,0,0,2,0,2,91.1
2026-08-12,S009,DEC0118,0,0,0,1,1,0,0,0.0
2026-08-12,S010,DEC0118,1,0,0,2,1,0,1,45.55
2026-08-12,S001,DEC0119,0,4,3,0,2,0,1,27.04
2026-08-12,S002,DEC0119,0,0,0,1,2,0,0,0.0
2026-08-12,S003,DEC0119,0,0,0,2,3,0,0,0.0
2026-08-12,S004,DEC0119,0,1,1,2,1,0,0,0.0
2026-08-12,S005,DEC0119,0,3,2,2,1,0,1,27.04
2026-08-12,S006,DEC0119,0,1,1,1,2,0,0,0.0
2026-08-12,S007,DEC0119,0,2,0,2,0,0,2,54.08
2026-08-12,S008,DEC0119,0,6,5,3,1,0,1,27.04
2026-08-12,S009,DEC0119,2,3,2,3,3,0,3,81.12
2026-08-12,S010,DEC0119,0,0,0,0,3,0,0,0.0
2026-08-12,S001,DEC0120,0,0,0,2,3,0,0,0.0
2026-08-12,S002,DEC0120,0,0,0,3,2,0,0,0.0
2026-08-12,S003,DEC0120,1,0,0,2,2,0,1,27.52
2026-08-12,S004,DEC0120,1,0,0,0,1,0,1,27.52
2026-08-12,S005,DEC0120,0,4,2,1,1,0,2,55.04
2026-08-12,S006,DEC0120,0,4,3,3,0,0,1,27.52
2026-08-12,S007,DEC0120,1,3,2,2,2,0,2,55.04
2026-08-12,S008,DEC0120,0,0,0,1,2,0,0,0.0
2026-08-12,S009,DEC0120,1,0,1,3,1,0,0,0.0
2026-08-12,S010,DEC0120,1,2,2,1,0,0,1,27.52
2026-08-12,S001,DEC0121,1,0,0,3,3,0,1,11.17
2026-08-12,S002,DEC0121,1,6,6,2,3,0,1,11.17
2026-08-12,S003,DEC0121,0,0,0,0,0,0,0,0.0
2026-08-12,S004,DEC0121,0,0,0,2,3,0,0,0.0
2026-08-12,S005,DEC0121,1,0,0,2,1,0,1,11.17
2026-08-12,S006,DEC0121,0,1,0,1,1,0,1,11.17
2026-08-12,S007,DEC0121,0,1,0,1,3,0,1,11.17
2026-08-12,S008,DEC0121,2,4,4,2,1,0,2,22.34
2026-08-12,S009,DEC0121,1,11,9,2,2,0,3,33.51
2026-08-12,S010,DEC0121,0,0,0,1,0,0,0,0.0
2026-08-12,S001,DEC0122,0,0,0,3,0,0,0,0.0
2026-08-12,S002,DEC0122,0,0,0,0,0,0,0,0.0
2026-08-12,S003,DEC0122,0,2,1,3,3,0,1,61.18
2026-08-12,S004,DEC0122,0,0,0,2,0,0,0,0.0
2026-08-12,S005,DEC0122,2,3,3,1,0,0,2,122.36
2026-08-12,S006,DEC0122,0,1,0,0,0,0,1,61.18
2026-08-12,S007,DEC0122,1,11,7,1,3,0,5,305.9
2026-08-12,S008,DEC0122,0,0,0,3,1,0,0,0.0
2026-08-12,S009,DEC0122,0,1,1,1,0,0,0,0.0
2026-08-12,S010,DEC0122,0,0,0,1,2,0,0,0.0
2026-08-12,S001,DEC0123,1,4,3,1,3,0,2,89.98
2026-08-12,S002,DEC0123,0,0,0,0,1,1,0,0.0
2026-08-12,S003,DEC0123,0,2,1,0,0,0,1,44.99
2026-08-12,S004,DEC0123,1,2,2,2,3,0,1,44.99
2026-08-12,S005,DEC0123,0,0,0,2,3,0,0,0.0
2026-08-12,S006,DEC0123,0,6,3,0,3,0,3,134.97
2026-08-12,S007,DEC0123,1,1,2,0,3,0,0,0.0
2026-08-12,S008,DEC0123,1,5,3,0,0,0,3,134.97
2026-08-12,S009,DEC0123,0,1,1,1,2,0,0,0.0
2026-08-12,S010,DEC0123,0,0,0,1,2,0,0,0.0
2026-08-12,S001,DEC0124,1,0,1,3,2,0,0,0.0
2026-08-12,S002,DEC0124,1,1,0,2,0,0,2,61.9
2026-08-12,S003,DEC0124,1,3,3,3,1,0,1,30.95
2026-08-12,S004,DEC0124,1,5,5,0,1,0,1,30.95
2026-08-12,S005,DEC0124,2,9,8,3,2,0,3,92.85
2026-08-12,S006,DEC0124,0,4,3,3,1,0,1,30.95
2026-08-12,S007,DEC0124,2,9,7,0,0,0,4,123.8
2026-08-12,S008,DEC0124,1,8,6,1,1,0,3,92.85
2026-08-12,S009,DEC0124,0,1,1,0,0,0,0,0.0
2026-08-12,S010,DEC0124,0,1,0,3,2,0,1,30.95
2026-08-12,S001,DEC0125,2,5,4,0,3,0,3,174.3
2026-08-12,S002,DEC0125,0,11,8,0,3,0,3,174.3
2026-08-12,S003,DEC0125,2,6,5,3,0,0,3,174.3
2026-08-12,S004,DEC0125,0,1,0,2,1,0,1,58.1
2026-08-12,S005,DEC0125,0,1,1,0,2,0,0,0.0
2026-08-12,S006,DEC0125,0,1,0,0,1,0,1,58.1
2026-08-12,S007,DEC0125,1,0,0,0,1,0,1,58.1
2026-08-12,S008,DEC0125,1,2,1,3,3,0,2,116.2
2026-08-12,S009,DEC0125,0,5,3,2,1,0,2,116.2
2026-08-12,S010,DEC0125,1,0,0,3,1,0,1,58.1
2026-08-12,S001,DEC0126,1,0,1,1,1,0,0,0.0
2026-08-12,S002,DEC0126,0,1,0,0,2,0,1,30.01
2026-08-12,S003,DEC0126,0,0,0,1,2,0,0,0.0
2026-08-12,S004,DEC0126,0,0,0,0,2,0,0,0.0
2026-08-12,S005,DEC0126,0,1,0,2,1,0,1,30.01
2026-08-12,S006,DEC0126,0,0,0,2,2,0,0,0.0
2026-08-12,S007,DEC0126,1,0,0,2,1,0,1,30.01
2026-08-12,S008,DEC0126,0,1,0,0,0,0,1,30.01
2026-08-12,S009,DEC0126,1,13,9,2,0,0,5,150.05
2026-08-12,S010,DEC0126,1,0,0,2,2,0,1,30.01
2026-08-12,S001,DEC0127,1,0,1,2,3,0,0,0.0
2026-08-12,S002,DEC0127,0,0,0,0,2,0,0,0.0
2026-08-12,S003,DEC0127,0,1,0,2,2,0,1,23.59
2026-08-12,S004,DEC0127,0,0,0,2,1,0,0,0.0
2026-08-12,S005,DEC0127,0,0,0,2,1,0,0,0.0
2026-08-12,S006,DEC0127,1,0,1,0,1,0,0,0.0
2026-08-12,S007,DEC0127,0,0,0,0,1,0,0,0.0
2026-08-12,S008,DEC0127,0,0,0,1,0,0,0,0.0
2026-08-12,S009,DEC0127,0,0,0,3,0,0,0,0.0
2026-08-12,S010,DEC0127,0,0,0,2,1,0,0,0.0
2026-08-12,S001,DEC0128,0,0,0,0,1,0,0,0.0
2026-08-12,S002,DEC0128,0,2,1,3,0,0,1,40.1
2026-08-12,S003,DEC0128,2,7,5,1,2,0,4,160.4
2026-08-12,S004,DEC0128,1,2,1,0,0,0,2,80.2
2026-08-12,S005,DEC0128,0,1,0,1,3,0,1,40.1
2026-08-12,S006,DEC0128,1,6,4,3,3,0,3,120.3
2026-08-12,S007,DEC0128,0,5,3,0,3,0,2,80.2
2026-08-12,S008,DEC0128,1,7,5,0,2,0,3,120.3
2026-08-12,S009,DEC0128,2,1,1,0,2,0,2,80.2
2026-08-12,S010,DEC0128,0,0,0,3,1,0,0,0.0
2026-08-12,S001,DEC0129,2,4,4,0,2,0,2,51.06
2026-08-12,S002,DEC0129,1,0,0,2,3,0,1,25.53
2026-08-12,S003,DEC0129,1,0,0,3,3,0,1,25.53
2026-08-12,S004,DEC0129,0,1,0,0,1,0,1,25.53
2026-08-12,S005,DEC0129,0,2,1,2,0,0,1,25.53
2026-08-12,S006,DEC0129,1,1,1,0,0,0,1,25.53
2026-08-12,S007,DEC0129,1,4,3,0,1,0,2,51.06
2026-08-12,S008,DEC0129,2,0,0,2,3,0,2,51.06
2026-08-12,S009,DEC0129,1,1,2,1,2,0,0,0.0
2026-08-12,S010,DEC0129,0,0,0,0,3,0,0,0.0
2026-08-12,S001,DEC0130,1,0,0,1,3,0,1,34.78
2026-08-12,S002,DEC0130,0,2,1,2,0,0,1,34.78
2026-08-12,S003,DEC0130,1,3,3,1,2,0,1,34.78
2026-08-12,S004,DEC0130,0,0,0,0,3,0,0,0.0
2026-08-12,S005,DEC0130,0,2,1,0,2,0,1,34.78
2026-08-12,S006,DEC0130,0,0,0,3,2,0,0,0.0
2026-08-12,S007,DEC0130,0,0,0,0,0,0,0,0.0
2026-08-12,S008,DEC0130,0,2,1,1,2,0,1,34.78
2026-08-12,S009,DEC0130,0,2,0,3,0,0,2,69.56
2026-08-12,S010,DEC0130,2,0,0,2,1,1,2,69.56
2026-08-12,S001,DEC0131,0,2,1,2,2,0,1,37.83
2026-08-12,S002,DEC0131,2,7,6,2,1,0,3,113.49
2026-08-12,S003,DEC0131,1,6,4,0,0,0,3,113.49
2026-08-12,S004,DEC0131,1,2,2,1,3,0,1,37.83
2026-08-12,S005,DEC0131,1,4,4,1,3,0,1,37.83
2026-08-12,S006,DEC0131,1,1,1,1,0,0,1,37.83
2026-08-12,S007,DEC0131,0,3,2,1,1,0,1,37.83
2026-08-12,S008,DEC0131,1,5,4,0,1,0,2,75.66
2026-08-12,S009,DEC0131,0,0,0,1,3,0,0,0.0
2026-08-12,S010,DEC0131,1,5,4,1,3,0,2,75.66
2026-08-12,S001,DEC0132,0,1,1,1,3,0,0,0.0
2026-08-12,S002,DEC0132,3,5,4,3,0,0,4,183.32
2026-08-12,S003,DEC0132,0,0,0,3,1,0,0,0.0
2026-08-12,S004,DEC0132,1,0,0,0,3,0,1,45.83
2026-08-12,S005,DEC0132,1,0,0,0,0,0,1,45.83
2026-08-12,S006,DEC0132,0,0,0,1,0,0,0,0.0
2026-08-12,S007,DEC0132,0,1,0,0,1,0,1,45.83
2026-08-12,S008,DEC0132,0,1,0,1,1,0,1,45.83
2026-08-12,S009,DEC0132,2,7,6,2,0,0,3,137.49
2026-08-12,S010,DEC0132,1,3,2,0,0,0,2,91.66
2026-08-12,S001,DEC0133,1,3,3,1,1,0,1,12.99
2026-08-12,S002,DEC0133,1,0,0,1,1,0,1,12.99
2026-08-12,S003,DEC0133,1,0,0,3,1,0,1,12.99
2026-08-12,S004,DEC0133,0,0,0,1,0,0,0,0.0
2026-08-12,S005,DEC0133,0,1,1,0,1,0,0,0.0
2026-08-12,S006,DEC0133,0,1,0,0,2,0,1,12.99
2026-08-12,S007,DEC0133,0,5,3,2,0,0,2,25.98
2026-08-12,S008,DEC0133,2,8,7,1,1,0,3,38.97
2026-08-12,S009,DEC0133,0,3,2,1,3,0,1,12.99
2026-08-12,S010,DEC0133,0,0,0,1,3,0,0,0.0
2026-08-12,S001,DEC0134,1,2,2,0,1,0,1,41.61
2026-08-12,S002,DEC0134,0,8,5,0,2,0,3,124.83
2026-08-12,S003,DEC0134,0,0,0,3,1,0,0,0.0
2026-08-12,S004,DEC0134,1,2,1,1,0,0,2,83.22
2026-08-12,S005,DEC0134,0,1,0,3,3,0,1,41.61
2026-08-12,S006,DEC0134,2,4,4,3,1,0,2,83.22
2026-08-12,S007,DEC0134,0,4,2,3,2,0,2,83.22
2026-08-12,S008,DEC0134,0,2,1,0,0,0,1,41.61
2026-08-12,S009,DEC0134,0,2,1,0,0,0,1,41.61
2026-08-12,S010,DEC0134,0,0,0,1,3,1,0,0.0
2026-08-12,S001,DEC0135,1,0,1,2,2,0,0,0.0
2026-08-12,S002,DEC0135,1,7,5,0,2,0,3,99.75
2026-08-12,S003,DEC0135,0,0,0,3,1,0,0,0.0
2026-08-12,S004,DEC0135,0,0,0,0,2,0,0,0.0
2026-08-12,S005,DEC0135,0,0,0,3,2,0,0,0.0
2026-08-12,S006,DEC0135,0,1,1,0,2,0,0,0.0
2026-08-12,S007,DEC0135,1,1,1,2,2,0,1,33.25
2026-08-12,S008,DEC0135,0,0,0,1,1,0,0,0.0
2026-08-12,S009,DEC0135,0,0,0,0,2,0,0,0.0
2026-08-12,S010,DEC0135,0,0,0,3,2,0,0,0.0
2026-08-12,S001,DEC0136,0,1,0,3,0,0,1,20.59
2026-08-12,S002,DEC0136,0,0,0,3,1,0,0,0.0
2026-08-12,S003,DEC0136,0,6,3,1,0,0,3,61.77
2026-08-12,S004,DEC0136,0,0,0,0,3,0,0,0.0
2026-08-12,S005,DEC0136,0,0,0,1,3,0,0,0.0
2026-08-12,S006,DEC0136,0,1,0,0,1,0,1,20.59
2026-08-12,S007,DEC0136,0,0,0,3,1,0,0,0.0
2026-08-12,S008,DEC0136,2,10,7,0,1,0,5,102.95
2026-08-12,S009,DEC0136,0,0,0,2,1,0,0,0.0
2026-08-12,S010,DEC0136,1,3,2,3,0,0,2,41.18
2026-08-12,S001,DEC0137,0,1,1,0,1,0,0,0.0
2026-08-12,S002,DEC0137,0,0,0,3,3,0,0,0.0
2026-08-12,S003,DEC0137,0,0,0,2,3,0,0,0.0
2026-08-12,S004,DEC0137,0,2,2,2,1,0,0,0.0
2026-08-12,S005,DEC0137,0,6,4,1,3,0,2,32.3
2026-08-12,S006,DEC0137,1,2,2,3,3,0,1,16.15
2026-08-12,S007,DEC0137,0,4,3,2,1,0,1,16.15
2026-08-12,S008,DEC0137,1,2,2,3,3,0,1,16.15
2026-08-12,S009,DEC0137,0,1,0,3,0,0,1,16.15
2026-08-12,S010,DEC0137,1,1,1,2,0,0,1,16.15
2026-08-12,S001,DEC0138,1,0,0,0,3,0,1,22.26
2026-08-12,S002,DEC0138,0,1,1,1,1,0,0,0.0
2026-08-12,S003,DEC0138,1,0,0,1,1,0,1,22.26
2026-08-12,S004,DEC0138,0,0,0,2,0,0,0,0.0
2026-08-12,S005,DEC0138,0,6,4,1,3,0,2,44.52
2026-08-12,S006,DEC0138,2,0,0,3,2,0,2,44.52
2026-08-12,S007,DEC0138,0,4,3,2,2,0,1,22.26
2026-08-12,S008,DEC0138,0,4,3,1,3,0,1,22.26
2026-08-12,S009,DEC0138,0,0,0,2,1,0,0,0.0
2026-08-12,S010,DEC0138,0,2,2,2,0,0,0,0.0
2026-08-12,S001,DEC0139,0,1,0,2,3,0,1,43.27
2026-08-12,S002,DEC0139,1,0,0,1,0,0,1,43.27
2026-08-12,S003,DEC0139,0,0,0,2,2,0,0,0.0
2026-08-12,S004,DEC0139,1,2,2,2,2,0,1,43.27
2026-08-12,S005,DEC0139,1,3,2,1,1,0,2,86.54
2026-08-12,S006,DEC0139,0,1,0,2,3,0,1,43.27
2026-08-12,S007,DEC0139,0,4,3,0,2,0,1,43.27
2026-08-12,S008,DEC0139,0,1,1,0,2,0,0,0.0
2026-08-12,S009,DEC0139,0,0,0,1,3,0,0,0.0
2026-08-12,S010,DEC0139,1,0,1,0,2,0,0,0.0
2026-08-12,S001,DEC0140,2,4,4,2,3,0,2,41.3
2026-08-12,S002,DEC0140,1,3,3,2,0,0,1,20.65
2026-08-12,S003,DEC0140,0,1,0,3,0,0,1,20.65
2026-08-12,S004,DEC0140,0,6,4,1,2,0,2,41.3
2026-08-12,S005,DEC0140,1,1,1,0,1,0,1,20.65
2026-08-12,S006,DEC0140,0,4,3,3,2,0,1,20.65
2026-08-12,S007,DEC0140,1,0,1,2,2,0,0,0.0
2026-08-12,S008,DEC0140,0,9,5,1,2,0,4,82.6
2026-08-12,S009,DEC0140,0,0,0,2,3,0,0,0.0
2026-08-12,S010,DEC0140,2,6,5,0,3,0,3,61.95
2026-08-12,S001,DEC0141,1,3,2,1,3,0,2,45.54
2026-08-12,S002,DEC0141,1,0,0,0,3,0,1,22.77
2026-08-12,S003,DEC0141,0,0,0,2,0,0,0,0.0
2026-08-12,S004,DEC0141,0,0,0,0,0,0,0,0.0
2026-08-12,S005,DEC0141,1,0,0,2,3,0,1,22.77
2026-08-12,S006,DEC0141,0,3,2,1,3,0,1,22.77
2026-08-12,S007,DEC0141,0,4,3,1,3,0,1,22.77
2026-08-12,S008,DEC0141,0,1,1,2,2,0,0,0.0
2026-08-12,S009,DEC0141,0,1,1,2,2,0,0,0.0
2026-08-12,S010,DEC0141,1,1,0,1,2,0,2,45.54
2026-08-12,S001,DEC0142,0,5,3,2,0,0,2,76.78
2026-08-12,S002,DEC0142,1,3,3,2,0,0,1,38.39
2026-08-12,S003,DEC0142,0,5,3,0,1,0,2,76.78
2026-08-12,S004,DEC0142,0,1,1,0,2,0,0,0.0
2026-08-12,S005,DEC0142,1,8,5,1,1,0,4,153.56
2026-08-12,S006,DEC0142,3,13,9,2,2,0,7,268.73
2026-08-12,S007,DEC0142,0,0,0,0,2,0,0,0.0
2026-08-12,S008,DEC0142,1,3,3,3,0,0,1,38.39
2026-08-12,S009,DEC0142,0,0,0,2,0,0,0,0.0
2026-08-12,S010,DEC0142,0,0,0,3,0,0,0,0.0
2026-08-12,S001,DEC0143,0,0,0,2,3,0,0,0.0
2026-08-12,S002,DEC0143,0,6,3,0,1,0,3,116.01
2026-08-12,S003,DEC0143,0,0,0,3,1,0,0,0.0
2026-08-12,S004,DEC0143,1,0,0,3,1,1,1,38.67
2026-08-12,S005,DEC0143,0,0,0,3,1,0,0,0.0
2026-08-12,S006,DEC0143,1,2,3,2,3,0,0,0.0
2026-08-12,S007,DEC0143,1,1,1,1,1,0,1,38.67
2026-08-12,S008,DEC0143,0,0,0,2,1,0,0,0.0
2026-08-12,S009,DEC0143,1,0,1,1,1,0,0,0.0
2026-08-12,S010,DEC0143,0,0,0,1,0,0,0,0.0
2026-08-12,S001,DEC0144,2,0,0,0,0,0,2,30.58
2026-08-12,S002,DEC0144,0,1,1,0,1,0,0,0.0
2026-08-12,S003,DEC0144,1,0,1,3,2,0,0,0.0
2026-08-12,S004,DEC0144,0,0,0,2,1,0,0,0.0
2026-08-12,S005,DEC0144,1,0,0,3,0,0,1,15.29
2026-08-12,S006,DEC0144,0,2,2,2,2,0,0,0.0
2026-08-12,S007,DEC0144,0,0,0,0,0,0,0,0.0
2026-08-12,S008,DEC0144,1,2,2,3,2,0,1,15.29
2026-08-12,S009,DEC0144,0,3,2,1,0,0,1,15.29
2026-08-12,S010,DEC0144,1,2,0,0,3,0,3,45.87
2026-08-12,S001,DEC0145,0,0,0,0,1,0,0,0.0
2026-08-12,S002,DEC0145,1,0,0,2,1,0,1,35.42
2026-08-12,S003,DEC0145,1,1,1,3,0,0,1,35.42
2026-08-12,S004,DEC0145,0,0,0,3,3,0,0,0.0
2026-08-12,S005,DEC0145,0,1,1,3,2,0,0,0.0
2026-08-12,S006,DEC0145,0,2,1,0,2,0,1,35.42
2026-08-12,S007,DEC0145,1,3,2,1,1,0,2,70.84
2026-08-12,S008,DEC0145,1,0,0,0,0,0,1,35.42
2026-08-12,S009,DEC0145,0,0,0,3,0,0,0,0.0
2026-08-12,S010,DEC0145,2,4,4,0,3,0,2,70.84
2026-08-12,S001,DEC0146,0,0,0,2,0,0,0,0.0
2026-08-12,S002,DEC0146,1,4,3,2,3,0,2,15.88
2026-08-12,S003,DEC0146,0,0,0,2,0,0,0,0.0
2026-08-12,S004,DEC0146,0,1,0,3,1,0,1,7.94
2026-08-12,S005,DEC0146,0,0,0,3,3,0,0,0.0
2026-08-12,S006,DEC0146,1,10,6,2,3,0,5,39.7
2026-08-12,S007,DEC0146,1,0,0,2,0,0,1,7.94
2026-08-12,S008,DEC0146,1,9,7,3,2,0,3,23.82
2026-08-12,S009,DEC0146,1,0,1,2,1,0,0,0.0
2026-08-12,S010,DEC0146,0,3,2,1,1,0,1,7.94
2026-08-12,S001,DEC0147,0,2,2,0,1,0,0,0.0
2026-08-12,S002,DEC0147,0,0,0,1,0,0,0,0.0
2026-08-12,S003,DEC0147,1,1,1,2,1,0,1,37.77
2026-08-12,S004,DEC0147,1,1,0,1,3,0,2,75.54
2026-08-12,S005,DEC0147,1,0,1,0,1,0,0,0.0
2026-08-12,S006,DEC0147,1,0,1,3,0,0,0,0.0
2026-08-12,S007,DEC0147,0,9,5,0,2,0,4,151.08
2026-08-12,S008,DEC0147,0,0,0,1,3,0,0,0.0
2026-08-12,S009,DEC0147,1,2,2,2,1,0,1,37.77
2026-08-12,S010,DEC0147,0,0,0,3,2,0,0,0.0
2026-08-12,S001,DEC0148,0,1,0,1,3,0,1,27.21
2026-08-12,S002,DEC0148,2,9,6,3,1,0,5,136.05
2026-08-12,S003,DEC0148,0,2,1,2,1,0,1,27.21
2026-08-12,S004,DEC0148,1,2,1,3,3,0,2,54.42
2026-08-12,S005,DEC0148,1,4,3,2,3,0,2,54.42
2026-08-12,S006,DEC0148,1,2,2,1,0,0,1,27.21
2026-08-12,S007,DEC0148,2,9,6,1,3,0,5,136.05
2026-08-12,S008,DEC0148,1,4,4,3,3,0,1,27.21
2026-08-12,S009,DEC0148,2,6,5,1,3,0,3,81.63
2026-08-12,S010,DEC0148,0,0,0,1,1,0,0,0.0
2026-08-12,S001,DEC0149,0,0,0,0,3,0,0,0.0
2026-08-12,S002,DEC0149,0,0,0,0,3,0,0,0.0
2026-08-12,S003,DEC0149,0,3,1,0,2,0,2,70.34
2026-08-12,S004,DEC0149,0,7,4,0,0,0,3,105.51
2026-08-12,S005,DEC0149,1,3,2,0,0,0,2,70.34
2026-08-12,S006,DEC0149,0,5,3,0,1,0,2,70.34
2026-08-12,S007,DEC0149,0,4,3,3,1,0,1,35.17
2026-08-12,S008,DEC0149,0,0,0,3,0,0,0,0.0
2026-08-12,S009,DEC0149,2,1,1,3,2,0,2,70.34
2026-08-12,S010,DEC0149,0,6,3,0,1,0,3,105.51
2026-08-12,S001,DEC0150,0,0,0,3,3,0,0,0.0
2026-08-12,S002,DEC0150,0,2,2,0,0,0,0,0.0
2026-08-12,S003,DEC0150,0,0,0,1,3,0,0,0.0
2026-08-12,S004,DEC0150,1,1,1,0,0,1,1,50.59
2026-08-12,S005,DEC0150,0,6,4,2,1,0,2,101.18
2026-08-12,S006,DEC0150,1,4,3,2,0,0,2,101.18
2026-08-12,S007,DEC0150,0,3,2,2,1,0,1,50.59
2026-08-12,S008,DEC0150,0,0,0,1,2,0,0,0.0
2026-08-12,S009,DEC0150,0,4,3,1,3,0,1,50.59
2026-08-12,S010,DEC0150,1,4,3,0,1,0,2,101.18
2026-08-12,S001,DEC0151,1,5,5,3,3,0,1,14.18
2026-08-12,S002,DEC0151,0,0,0,3,0,1,0,0.0
2026-08-12,S003,DEC0151,0,2,1,2,3,0,1,14.18
2026-08-12,S004,DEC0151,0,2,1,1,2,0,1,14.18
2026-08-12,S005,DEC0151,0,3,1,2,0,0,2,28.36
2026-08-12,S006,DEC0151,0,5,3,1,1,0,2,28.36
2026-08-12,S007,DEC0151,0,1,0,2,0,0,1,14.18
2026-08-12,S008,DEC0151,1,0,1,2,3,0,0,0.0
2026-08-12,S009,DEC0151,0,0,0,3,3,0,0,0.0
2026-08-12,S010,DEC0151,0,0,0,0,1,0,0,0.0
2026-08-12,S001,DEC0152,1,3,3,0,3,0,1,32.47
2026-08-12,S002,DEC0152,0,0,0,1,2,0,0,0.0
2026-08-12,S003,DEC0152,0,4,2,2,1,0,2,64.94
2026-08-12,S004,DEC0152,0,0,0,1,1,0,0,0.0
2026-08-12,S005,DEC0152,0,6,4,0,3,0,2,64.94
2026-08-12,S006,DEC0152,3,6,5,2,3,0,4,129.88
2026-08-12,S007,DEC0152,1,0,0,3,0,0,1,32.47
2026-08-12,S008,DEC0152,0,3,2,0,2,0,1,32.47
2026-08-12,S009,DEC0152,1,0,0,3,2,0,1,32.47
2026-08-12,S010,DEC0152,1,1,1,3,2,0,1,32.47
2026-08-12,S001,DEC0153,0,0,0,3,1,0,0,0.0
2026-08-12,S002,DEC0153,0,2,0,3,2,0,2,68.32
2026-08-12,S003,DEC0153,0,0,0,2,0,0,0,0.0
2026-08-12,S004,DEC0153,1,0,1,1,1,0,0,0.0
2026-08-12,S005,DEC0153,1,1,0,0,1,0,2,68.32
2026-08-12,S006,DEC0153,0,0,0,2,1,0,0,0.0
2026-08-12,S007,DEC0153,2,4,4,1,0,0,2,68.32
2026-08-12,S008,DEC0153,1,3,4,0,1,0,0,0.0
2026-08-12,S009,DEC0153,0,4,3,1,2,0,1,34.16
2026-08-12,S010,DEC0153,1,2,2,2,0,0,1,34.16
2026-08-12,S001,DEC0154,0,1,0,0,0,0,1,10.09
2026-08-12,S002,DEC0154,0,5,4,1,1,0,1,10.09
2026-08-12,S003,DEC0154,0,0,0,3,1,0,0,0.0
2026-08-12,S004,DEC0154,0,1,0,1,0,0,1,10.09
2026-08-12,S005,DEC0154,1,5,4,3,3,0,2,20.18
2026-08-12,S006,DEC0154,1,0,0,0,0,0,1,10.09
2026-08-12,S007,DEC0154,1,1,2,2,1,0,0,0.0
2026-08-12,S008,DEC0154,1,3,3,1,0,0,1,10.09
2026-08-12,S009,DEC0154,1,2,2,2,3,0,1,10.09
2026-08-12,S010,DEC0154,0,6,4,2,0,0,2,20.18
2026-08-12,S001,DEC0155,0,2,0,1,2,0,2,18.98
2026-08-12,S002,DEC0155,1,4,3,1,1,0,2,18.98
2026-08-12,S003,DEC0155,1,1,1,2,0,0,1,9.49
2026-08-12,S004,DEC0155,0,0,0,3,3,0,0,0.0
2026-08-12,S005,DEC0155,1,0,0,3,3,0,1,9.49
2026-08-12,S006,DEC0155,1,0,0,1,0,0,1,9.49
2026-08-12,S007,DEC0155,0,0,0,1,2,0,0,0.0
2026-08-12,S008,DEC0155,0,0,0,1,2,0,0,0.0
2026-08-12,S009,DEC0155,0,0,0,1,0,0,0,0.0
2026-08-12,S010,DEC0155,1,0,1,3,3,0,0,0.0
2026-08-12,S001,DEC0156,3,12,11,3,1,0,4,232.36
2026-08-12,S002,DEC0156,1,0,0,3,1,0,1,58.09
2026-08-12,S003,DEC0156,0,1,0,2,3,0,1,58.09
2026-08-12,S004,DEC0156,1,1,1,0,1,0,1,58.09
2026-08-12,S005,DEC0156,0,1,1,2,3,0,0,0.0
2026-08-12,S006,DEC0156,0,1,1,0,1,0,0,0.0
2026-08-12,S007,DEC0156,1,0,0,1,1,0,1,58.09
2026-08-12,S008,DEC0156,0,5,3,2,0,0,2,116.18
2026-08-12,S009,DEC0156,1,2,2,0,1,0,1,58.09
2026-08-12,S010,DEC0156,0,3,2,1,2,0,1,58.09
2026-08-12,S001,DEC0157,0,2,0,2,0,0,2,100.32
2026-08-12,S002,DEC0157,1,1,2,1,2,0,0,0.0
2026-08-12,S003,DEC0157,0,5,3,3,0,0,2,100.32
2026-08-12,S004,DEC0157,1,0,0,3,3,0,1,50.16
2026-08-12,S005,DEC0157,0,0,0,1,2,0,0,0.0
2026-08-12,S006,DEC0157,0,0,0,3,3,0,0,0.0
2026-08-12,S007,DEC0157,1,5,3,2,0,0,3,150.48
2026-08-12,S008,DEC0157,0,0,0,3,1,0,0,0.0
2026-08-12,S009,DEC0157,0,0,0,1,3,0,0,0.0
2026-08-12,S010,DEC0157,0,0,0,1,2,0,0,0.0
2026-08-12,S001,DEC0158,1,2,2,3,2,0,1,45.27
2026-08-12,S002,DEC0158,0,1,0,1,0,0,1,45.27
2026-08-12,S003,DEC0158,0,0,0,3,3,0,0,0.0
2026-08-12,S004,DEC0158,1,1,1,3,2,0,1,45.27
2026-08-12,S005,DEC0158,1,0,0,2,1,0,1,45.27
2026-08-12,S006,DEC0158,0,0,0,3,0,0,0,0.0
2026-08-12,S007,DEC0158,3,5,4,0,2,0,4,181.08
2026-08-12,S008,DEC0158,1,0,1,1,1,0,0,0.0
2026-08-12,S009,DEC0158,1,5,3,2,1,0,3,135.81
2026-08-12,S010,DEC0158,0,2,1,2,3,0,1,45.27
2026-08-12,S001,DEC0159,1,3,2,3,1,0,2,38.3
2026-08-12,S002,DEC0159,0,3,3,3,1,0,0,0.0
2026-08-12,S003,DEC0159,0,1,0,1,0,0,1,19.15
2026-08-12,S004,DEC0159,0,4,3,3,3,0,1,19.15
2026-08-12,S005,DEC0159,1,0,1,3,2,0,0,0.0
2026-08-12,S006,DEC0159,0,4,3,1,1,0,1,19.15
2026-08-12,S007,DEC0159,0,0,0,1,3,0,0,0.0
2026-08-12,S008,DEC0159,0,5,3,3,0,0,2,38.3
2026-08-12,S009,DEC0159,0,1,0,3,3,0,1,19.15
2026-08-12,S010,DEC0159,2,3,3,3,2,0,2,38.3
2026-08-12,S001,DEC0160,1,1,2,1,3,0,0,0.0
2026-08-12,S002,DEC0160,1,1,1,0,2,0,1,42.82
2026-08-12,S003,DEC0160,0,1,0,2,0,0,1,42.82
2026-08-12,S004,DEC0160,1,0,1,0,2,0,0,0.0
2026-08-12,S005,DEC0160,0,1,0,1,1,0,1,42.82
2026-08-12,S006,DEC0160,1,5,4,1,3,0,2,85.64
2026-08-12,S007,DEC0160,1,7,5,2,2,1,3,128.46
2026-08-12,S008,DEC0160,0,6,5,0,3,0,1,42.82
2026-08-12,S009,DEC0160,0,1,1,2,2,0,0,0.0
2026-08-12,S010,DEC0160,0,0,0,0,0,0,0,0.0
2026-08-12,S001,DEC0161,0,5,3,2,2,0,2,83.2
2026-08-12,S002,DEC0161,1,1,2,1,3,1,0,0.0
2026-08-12,S003,DEC0161,2,5,4,1,0,0,3,124.8
2026-08-12,S004,DEC0161,1,2,2,3,3,0,1,41.6
2026-08-12,S005,DEC0161,2,5,4,0,3,0,3,124.8
2026-08-12,S006,DEC0161,2,7,6,3,2,0,3,124.8
2026-08-12,S007,DEC0161,1,1,1,2,0,0,1,41.6
2026-08-12,S008,DEC0161,0,8,5,2,2,0,3,124.8
2026-08-12,S009,DEC0161,0,7,4,0,0,0,3,124.8
2026-08-12,S010,DEC0161,0,0,0,0,0,0,0,0.0
2026-08-12,S001,DEC0162,1,1,1,2,0,0,1,47.72
2026-08-12,S002,DEC0162,1,2,2,3,3,0,1,47.72
2026-08-12,S003,DEC0162,0,2,1,1,2,0,1,47.72
2026-08-12,S004,DEC0162,0,1,0,2,3,0,1,47.72
2026-08-12,S005,DEC0162,0,0,0,1,2,0,0,0.0
2026-08-12,S006,DEC0162,1,0,0,3,2,0,1,47.72
2026-08-12,S007,DEC0162,0,0,0,0,0,0,0,0.0
2026-08-12,S008,DEC0162,0,1,1,3,3,0,0,0.0
2026-08-12,S009,DEC0162,0,3,2,2,0,0,1,47.72
2026-08-12,S010,DEC0162,1,0,0,1,0,0,1,47.72
2026-08-12,S001,DEC0163,0,3,2,2,2,0,1,28.83
2026-08-12,S002,DEC0163,0,0,0,0,2,0,0,0.0
2026-08-12,S003,DEC0163,0,0,0,2,3,0,0,0.0
2026-08-12,S004,DEC0163,0,0,0,1,3,0,0,0.0
2026-08-12,S005,DEC0163,0,2,2,2,2,0,0,0.0
2026-08-12,S006,DEC0163,0,0,0,2,1,0,0,0.0
2026-08-12,S007,DEC0163,0,0,0,3,0,0,0,0.0
2026-08-12,S008,DEC0163,0,1,0,3,0,0,1,28.83
2026-08-12,S009,DEC0163,1,2,1,0,3,0,2,57.66
2026-08-12,S010,DEC0163,0,0,0,0,0,0,0,0.0
2026-08-12,S001,DEC0164,0,2,2,0,1,0,0,0.0
2026-08-12,S002,DEC0164,2,5,4,1,0,0,3,93.66
2026-08-12,S003,DEC0164,0,1,0,2,3,1,1,31.22
2026-08-12,S004,DEC0164,0,0,0,0,0,0,0,0.0
2026-08-12,S005,DEC0164,0,7,5,1,3,0,2,62.44
2026-08-12,S006,DEC0164,1,12,9,1,2,0,4,124.88
2026-08-12,S007,DEC0164,1,0,0,3,2,1,1,31.22
2026-08-12,S008,DEC0164,4,9,7,2,0,0,6,187.32
2026-08-12,S009,DEC0164,0,3,2,2,2,0,1,31.22
2026-08-12,S010,DEC0164,1,2,1,3,3,0,2,62.44
2026-08-12,S001,DEC0165,2,0,0,3,3,0,2,111.76
2026-08-12,S002,DEC0165,0,0,0,1,0,0,0,0.0
2026-08-12,S003,DEC0165,0,3,2,0,1,0,1,55.88
2026-08-12,S004,DEC0165,0,0,0,3,0,0,0,0.0
2026-08-12,S005,DEC0165,0,3,2,1,3,0,1,55.88
2026-08-12,S006,DEC0165,0,0,0,2,2,0,0,0.0
2026-08-12,S007,DEC0165,0,0,0,3,2,0,0,0.0
2026-08-12,S008,DEC0165,1,0,1,0,1,0,0,0.0
2026-08-12,S009,DEC0165,0,0,0,2,2,0,0,0.0
2026-08-12,S010,DEC0165,1,1,1,2,0,0,1,55.88
2026-08-12,S001,DEC0166,0,2,0,3,1,0,2,96.52
2026-08-12,S002,DEC0166,1,8,6,0,0,0,3,144.78
2026-08-12,S003,DEC0166,0,0,0,3,1,0,0,0.0
2026-08-12,S004,DEC0166,0,3,2,0,2,0,1,48.26
2026-08-12,S005,DEC0166,1,5,3,2,2,0,3,144.78
2026-08-12,S006,DEC0166,0,4,2,3,0,0,2,96.52
2026-08-12,S007,DEC0166,2,3,3,0,0,0,2,96.52
2026-08-12,S008,DEC0166,1,6,4,2,3,0,3,144.78
2026-08-12,S009,DEC0166,2,3,3,0,2,0,2,96.52
2026-08-12,S010,DEC0166,1,0,0,3,3,0,1,48.26
2026-08-12,S001,DEC0167,0,1,0,0,2,0,1,24.55
2026-08-12,S002,DEC0167,0,0,0,0,1,0,0,0.0
2026-08-12,S003,DEC0167,1,1,0,1,2,0,2,49.1
2026-08-12,S004,DEC0167,0,0,0,0,2,0,0,0.0
2026-08-12,S005,DEC0167,1,0,1,2,1,0,0,0.0
2026-08-12,S006,DEC0167,0,7,5,1,3,0,2,49.1
2026-08-12,S007,DEC0167,1,4,3,2,0,0,2,49.1
2026-08-12,S008,DEC0167,2,3,3,3,3,0,2,49.1
2026-08-12,S009,DEC0167,2,3,3,0,2,0,2,49.1
2026-08-12,S010,DEC0167,0,0,0,0,0,0,0,0.0
2026-08-12,S001,DEC0168,1,4,4,3,0,0,1,31.37
2026-08-12,S002,DEC0168,2,5,5,3,3,0,2,62.74
2026-08-12,S003,DEC0168,0,0,0,2,0,0,0,0.0
2026-08-12,S004,DEC0168,1,0,0,2,0,0,1,31.37
2026-08-12,S005,DEC0168,0,0,0,2,3,0,0,0.0
2026-08-12,S006,DEC0168,1,4,3,1,2,0,2,62.74
2026-08-12,S007,DEC0168,0,0,0,0,0,0,0,0.0
2026-08-12,S008,DEC0168,1,0,1,1,2,0,0,0.0
2026-08-12,S009,DEC0168,1,0,1,2,3,1,0,0.0
2026-08-12,S010,DEC0168,0,0,0,2,2,0,0,0.0
2026-08-12,S001,DEC0169,1,0,0,2,2,0,1,45.33
2026-08-12,S002,DEC0169,1,1,1,2,2,0,1,45.33
2026-08-12,S003,DEC0169,0,1,1,3,1,0,0,0.0
2026-08-12,S004,DEC0169,0,0,0,1,2,0,0,0.0
2026-08-12,S005,DEC0169,0,1,0,2,1,0,1,45.33
2026-08-12,S006,DEC0169,2,5,4,2,0,0,3,135.99
2026-08-12,S007,DEC0169,0,3,2,1,1,0,1,45.33
2026-08-12,S008,DEC0169,1,6,4,2,2,0,3,135.99
2026-08-12,S009,DEC0169,1,0,1,1,1,1,0,0.0
2026-08-12,S010,DEC0169,1,0,0,2,3,0,1,45.33
2026-08-12,S001,DEC0170,1,2,2,2,3,0,1,12.71
2026-08-12,S002,DEC0170,1,3,3,2,3,0,1,12.71
2026-08-12,S003,DEC0170,0,1,0,0,1,0,1,12.71
2026-08-12,S004,DEC0170,2,5,4,0,0,0,3,38.13
2026-08-12,S005,DEC0170,0,3,2,1,1,0,1,12.71
2026-08-12,S006,DEC0170,0,2,2,2,2,0,0,0.0
2026-08-12,S007,DEC0170,0,5,4,2,2,0,1,12.71
2026-08-12,S008,DEC0170,0,2,1,1,0,0,1,12.71
2026-08-12,S009,DEC0170,1,0,0,3,2,0,1,12.71
2026-08-12,S010,DEC0170,0,6,4,3,2,0,2,25.42
2026-08-12,S001,DEC0171,0,1,1,0,0,0,0,0.0
2026-08-12,S002,DEC0171,1,1,1,3,1,0,1,17.73
2026-08-12,S003,DEC0171,1,3,3,1,2,0,1,17.73
2026-08-12,S004,DEC0171,1,0,0,0,2,0,1,17.73
2026-08-12,S005,DEC0171,0,2,1,0,1,0,1,17.73
2026-08-12,S006,DEC0171,0,1,1,1,3,0,0,0.0
2026-08-12,S007,DEC0171,0,8,5,2,1,0,3,53.19
2026-08-12,S008,DEC0171,0,4,2,1,0,0,2,35.46
2026-08-12,S009,DEC0171,0,0,0,2,0,0,0,0.0
2026-08-12,S010,DEC0171,1,2,2,0,0,0,1,17.73
2026-08-12,S001,DEC0172,0,4,3,0,3,0,1,46.63
2026-08-12,S002,DEC0172,0,0,0,1,1,0,0,0.0
2026-08-12,S003,DEC0172,3,5,4,1,2,0,4,186.52
2026-08-12,S004,DEC0172,1,5,4,1,2,0,2,93.26
2026-08-12,S005,DEC0172,0,0,0,2,3,0,0,0.0
2026-08-12,S006,DEC0172,2,0,0,3,1,0,2,93.26
2026-08-12,S007,DEC0172,1,0,1,2,0,0,0,0.0
2026-08-12,S008,DEC0172,1,2,2,0,0,0,1,46.63
2026-08-12,S009,DEC0172,1,1,0,3,1,0,2,93.26
2026-08-12,S010,DEC0172,1,2,2,3,0,0,1,46.63
2026-08-12,S001,DEC0173,2,5,5,1,1,0,2,66.3
2026-08-12,S002,DEC0173,1,1,1,2,2,0,1,33.15
2026-08-12,S003,DEC0173,1,5,4,3,1,0,2,66.3
2026-08-12,S004,DEC0173,0,0,0,1,2,0,0,0.0
2026-08-12,S005,DEC0173,1,0,0,0,2,0,1,33.15
2026-08-12,S006,DEC0173,0,0,0,2,2,0,0,0.0
2026-08-12,S007,DEC0173,0,0,0,3,3,0,0,0.0
2026-08-12,S008,DEC0173,0,5,3,2,1,0,2,66.3
2026-08-12,S009,DEC0173,0,0,0,3,3,0,0,0.0
2026-08-12,S010,DEC0173,1,0,1,3,2,0,0,0.0
2026-08-12,S001,DEC0174,1,3,2,1,0,0,2,73.14
2026-08-12,S002,DEC0174,1,0,1,0,1,0,0,0.0
2026-08-12,S003,DEC0174,1,0,0,1,1,0,1,36.57
2026-08-12,S004,DEC0174,1,3,3,3,1,0,1,36.57
2026-08-12,S005,DEC0174,1,2,2,0,1,0,1,36.57
2026-08-12,S006,DEC0174,2,2,2,0,1,0,2,73.14
2026-08-12,S007,DEC0174,0,4,3,0,0,0,1,36.57
2026-08-12,S008,DEC0174,0,1,0,3,3,0,1,36.57
2026-08-12,S009,DEC0174,0,6,3,1,1,0,3,109.71
2026-08-12,S010,DEC0174,0,0,0,2,1,0,0,0.0
2026-08-12,S001,DEC0175,1,1,1,1,1,0,1,24.7
2026-08-12,S002,DEC0175,1,0,1,1,2,0,0,0.0
2026-08-12,S003,DEC0175,0,0,0,3,0,0,0,0.0
2026-08-12,S004,DEC0175,0,0,0,3,1,0,0,0.0
2026-08-12,S005,DEC0175,0,2,1,1,3,0,1,24.7
2026-08-12,S006,DEC0175,0,0,0,1,3,0,0,0.0
2026-08-12,S007,DEC0175,0,3,2,1,0,0,1,24.7
2026-08-12,S008,DEC0175,1,0,1,0,1,0,0,0.0
2026-08-12,S009,DEC0175,2,2,2,3,0,0,2,49.4
2026-08-12,S010,DEC0175,1,0,0,0,0,0,1,24.7
2026-08-12,S001,DEC0176,1,2,2,3,1,0,1,19.03
2026-08-12,S002,DEC0176,0,4,2,2,0,0,2,38.06
2026-08-12,S003,DEC0176,1,0,0,1,1,0,1,19.03
2026-08-12,S004,DEC0176,0,0,0,3,3,0,0,0.0
2026-08-12,S005,DEC0176,0,4,3,3,0,0,1,19.03
2026-08-12,S006,DEC0176,1,0,1,2,1,0,0,0.0
2026-08-12,S007,DEC0176,1,3,2,0,3,0,2,38.06
2026-08-12,S008,DEC0176,0,1,0,0,2,0,1,19.03
2026-08-12,S009,DEC0176,2,0,0,1,3,0,2,38.06
2026-08-12,S010,DEC0176,0,0,0,3,1,0,0,0.0
2026-08-12,S001,DEC0177,0,0,0,1,3,0,0,0.0
2026-08-12,S002,DEC0177,1,1,2,3,1,0,0,0.0
2026-08-12,S003,DEC0177,1,2,2,3,2,0,1,17.47
2026-08-12,S004,DEC0177,0,2,0,3,1,0,2,34.94
2026-08-12,S005,DEC0177,2,1,1,2,0,0,2,34.94
2026-08-12,S006,DEC0177,1,1,1,0,2,0,1,17.47
2026-08-12,S007,DEC0177,0,0,0,0,1,0,0,0.0
2026-08-12,S008,DEC0177,1,0,0,2,3,0,1,17.47
2026-08-12,S009,DEC0177,0,0,0,0,2,0,0,0.0
2026-08-12,S010,DEC0177,0,1,0,1,0,0,1,17.47
2026-08-12,S001,DEC0178,1,0,0,3,2,0,1,37.9
2026-08-12,S002,DEC0178,1,1,1,3,0,0,1,37.9
2026-08-12,S003,DEC0178,0,2,1,1,2,0,1,37.9
2026-08-12,S004,DEC0178,1,1,1,2,2,0,1,37.9
2026-08-12,S005,DEC0178,0,0,0,0,2,0,0,0.0
2026-08-12,S006,DEC0178,0,2,2,3,2,0,0,0.0
2026-08-12,S007,DEC0178,1,0,0,2,0,0,1,37.9
2026-08-12,S008,DEC0178,0,2,0,0,2,0,2,75.8
2026-08-12,S009,DEC0178,1,0,0,0,0,0,1,37.9
2026-08-12,S010,DEC0178,1,1,2,3,0,0,0,0.0
2026-08-12,S001,DEC0179,1,0,0,0,3,0,1,40.3
2026-08-12,S002,DEC0179,0,0,0,2,1,0,0,0.0
2026-08-12,S003,DEC0179,0,0,0,0,1,0,0,0.0
2026-08-12,S004,DEC0179,1,0,0,1,1,0,1,40.3
2026-08-12,S005,DEC0179,0,1,1,1,3,0,0,0.0
2026-08-12,S006,DEC0179,1,6,5,0,3,0,2,80.6
2026-08-12,S007,DEC0179,0,5,3,0,2,0,2,80.6
2026-08-12,S008,DEC0179,1,1,1,2,1,0,1,40.3
2026-08-12,S009,DEC0179,1,1,2,2,3,0,0,0.0
2026-08-12,S010,DEC0179,0,0,0,1,2,0,0,0.0
2026-08-12,S001,DEC0180,0,0,0,3,2,0,0,0.0
2026-08-12,S002,DEC0180,1,7,5,0,2,0,3,175.95
2026-08-12,S003,DEC0180,0,1,1,2,2,0,0,0.0
2026-08-12,S004,DEC0180,1,2,2,3,1,0,1,58.65
2026-08-12,S005,DEC0180,1,0,1,1,1,0,0,0.0
2026-08-12,S006,DEC0180,0,1,1,2,1,0,0,0.0
2026-08-12,S007,DEC0180,0,2,1,1,3,0,1,58.65
2026-08-12,S008,DEC0180,2,2,2,3,0,0,2,117.3
2026-08-12,S009,DEC0180,1,6,4,2,1,0,3,175.95
2026-08-12,S010,DEC0180,1,1,1,3,0,0,1,58.65
2026-08-12,S001,DEC0181,1,0,1,0,1,0,0,0.0
2026-08-12,S002,DEC0181,1,2,2,3,0,0,1,44.65
2026-08-12,S003,DEC0181,1,0,1,0,0,0,0,0.0
2026-08-12,S004,DEC0181,0,3,2,2,2,0,1,44.65
2026-08-12,S005,DEC0181,0,3,3,2,2,0,0,0.0
2026-08-12,S006,DEC0181,1,8,6,0,2,0,3,133.95
2026-08-12,S007,DEC0181,1,8,5,1,1,0,4,178.6
2026-08-12,S008,DEC0181,2,6,5,1,2,0,3,133.95
2026-08-12,S009,DEC0181,0,0,0,1,3,0,0,0.0
2026-08-12,S010,DEC0181,0,0,0,0,0,0,0,0.0
2026-08-12,S001,DEC0182,0,0,0,2,3,0,0,0.0
2026-08-12,S002,DEC0182,0,3,2,2,1,0,1,11.19
2026-08-12,S003,DEC0182,0,0,0,3,1,0,0,0.0
2026-08-12,S004,DEC0182,1,3,3,1,1,0,1,11.19
2026-08-12,S005,DEC0182,0,3,2,0,0,0,1,11.19
2026-08-12,S006,DEC0182,1,7,5,3,2,0,3,33.57
2026-08-12,S007,DEC0182,0,7,4,2,0,0,3,33.57
2026-08-12,S008,DEC0182,0,1,0,1,0,0,1,11.19
2026-08-12,S009,DEC0182,1,2,2,0,3,0,1,11.19
2026-08-12,S010,DEC0182,0,0,0,0,0,0,0,0.0
2026-08-12,S001,DEC0183,0,0,0,0,2,0,0,0.0
2026-08-12,S002,DEC0183,0,2,2,1,0,0,0,0.0
2026-08-12,S003,DEC0183,0,0,0,2,1,0,0,0.0
2026-08-12,S004,DEC0183,0,1,1,2,3,0,0,0.0
2026-08-12,S005,DEC0183,0,11,7,3,1,0,4,58.72
2026-08-12,S006,DEC0183,0,3,2,1,0,0,1,14.68
2026-08-12,S007,DEC0183,0,0,0,1,3,0,0,0.0
2026-08-12,S008,DEC0183,0,6,4,3,1,0,2,29.36
2026-08-12,S009,DEC0183,1,0,0,0,0,0,1,14.68
2026-08-12,S010,DEC0183,1,0,0,2,2,0,1,14.68
2026-08-12,S001,DEC0184,0,0,0,3,1,1,0,0.0
2026-08-12,S002,DEC0184,0,3,2,3,3,0,1,41.07
2026-08-12,S003,DEC0184,1,12,7,2,1,0,6,246.42
2026-08-12,S004,DEC0184,1,1,0,1,3,0,2,82.14
2026-08-12,S005,DEC0184,0,0,0,0,0,0,0,0.0
2026-08-12,S006,DEC0184,1,2,2,3,0,0,1,41.07
2026-08-12,S007,DEC0184,0,5,4,1,2,0,1,41.07
2026-08-12,S008,DEC0184,0,0,0,0,3,0,0,0.0
2026-08-12,S009,DEC0184,2,4,3,0,0,0,3,123.21
2026-08-12,S010,DEC0184,0,1,0,2,3,0,1,41.07
2026-08-12,S001,DEC0185,0,0,0,3,0,0,0,0.0
2026-08-12,S002,DEC0185,1,1,1,0,3,0,1,58.6
2026-08-12,S003,DEC0185,2,4,3,3,2,0,3,175.8
2026-08-12,S004,DEC0185,1,4,3,3,3,1,2,117.2
2026-08-12,S005,DEC0185,0,0,0,0,2,0,0,0.0
2026-08-12,S006,DEC0185,0,0,0,2,3,0,0,0.0
2026-08-12,S007,DEC0185,0,0,0,0,1,0,0,0.0
2026-08-12,S008,DEC0185,1,0,1,3,2,0,0,0.0
2026-08-12,S009,DEC0185,0,7,4,0,0,0,3,175.8
2026-08-12,S010,DEC0185,0,1,0,2,3,0,1,58.6
2026-08-12,S001,DEC0186,0,1,0,2,3,0,1,15.56
2026-08-12,S002,DEC0186,1,1,1,2,2,0,1,15.56
2026-08-12,S003,DEC0186,0,1,0,0,0,0,1,15.56
2026-08-12,S004,DEC0186,0,1,0,1,0,0,1,15.56
2026-08-12,S005,DEC0186,1,3,2,3,0,0,2,31.12
2026-08-12,S006,DEC0186,1,1,1,0,3,0,1,15.56
2026-08-12,S007,DEC0186,1,5,4,0,0,0,2,31.12
2026-08-12,S008,DEC0186,1,3,4,2,3,0,0,0.0
2026-08-12,S009,DEC0186,0,0,0,1,3,0,0,0.0
2026-08-12,S010,DEC0186,1,1,0,3,0,0,2,31.12
2026-08-12,S001,DEC0187,0,0,0,3,2,0,0,0.0
2026-08-12,S002,DEC0187,0,2,1,0,0,0,1,48.52
2026-08-12,S003,DEC0187,0,5,4,0,3,0,1,48.52
2026-08-12,S004,DEC0187,0,0,0,2,0,0,0,0.0
2026-08-12,S005,DEC0187,2,7,6,3,0,0,3,145.56
2026-08-12,S006,DEC0187,0,1,1,1,3,0,0,0.0
2026-08-12,S007,DEC0187,1,0,1,2,1,0,0,0.0
2026-08-12,S008,DEC0187,0,0,0,1,3,0,0,0.0
2026-08-12,S009,DEC0187,1,2,2,0,3,0,1,48.52
2026-08-12,S010,DEC0187,0,0,0,2,2,0,0,0.0
2026-08-12,S001,DEC0188,0,0,0,2,0,0,0,0.0
2026-08-12,S002,DEC0188,0,5,4,2,1,0,1,51.2
2026-08-12,S003,DEC0188,0,0,0,3,1,0,0,0.0
2026-08-12,S004,DEC0188,0,0,0,1,2,0,0,0.0
2026-08-12,S005,DEC0188,0,0,0,1,2,0,0,0.0
2026-08-12,S006,DEC0188,1,0,0,1,2,0,1,51.2
2026-08-12,S007,DEC0188,0,0,0,3,2,0,0,0.0
2026-08-12,S008,DEC0188,1,1,1,2,1,0,1,51.2
2026-08-12,S009,DEC0188,0,1,1,3,3,0,0,0.0
2026-08-12,S010,DEC0188,0,0,0,2,3,0,0,0.0
2026-08-12,S001,DEC0189,0,2,1,3,0,0,1,51.81
2026-08-12,S002,DEC0189,1,0,0,3,3,0,1,51.81
2026-08-12,S003,DEC0189,1,2,2,0,0,0,1,51.81
2026-08-12,S004,DEC0189,1,0,1,1,2,0,0,0.0
2026-08-12,S005,DEC0189,1,1,1,2,0,0,1,51.81
2026-08-12,S006,DEC0189,1,4,3,0,1,0,2,103.62
2026-08-12,S007,DEC0189,1,1,1,1,2,0,1,51.81
2026-08-12,S008,DEC0189,2,3,3,3,0,0,2,103.62
2026-08-12,S009,DEC0189,2,5,4,0,3,0,3,155.43
2026-08-12,S010,DEC0189,1,0,0,0,2,0,1,51.81
2026-08-12,S001,DEC0190,0,11,7,0,2,0,4,77.2
2026-08-12,S002,DEC0190,1,6,4,3,0,0,3,57.9
2026-08-12,S003,DEC0190,0,1,0,0,3,0,1,19.3
2026-08-12,S004,DEC0190,1,2,1,1,0,0,2,38.6
2026-08-12,S005,DEC0190,0,9,7,3,0,0,2,38.6
2026-08-12,S006,DEC0190,0,7,5,1,0,0,2,38.6
2026-08-12,S007,DEC0190,1,2,2,3,0,0,1,19.3
2026-08-12,S008,DEC0190,0,4,3,1,3,0,1,19.3
2026-08-12,S009,DEC0190,0,2,1,3,1,0,1,19.3
2026-08-12,S010,DEC0190,0,1,0,1,2,0,1,19.3
2026-08-12,S001,WAL0191,0,0,0,3,3,0,0,0.0
2026-08-12,S002,WAL0191,0,2,0,3,3,0,2,123.2
2026-08-12,S003,WAL0191,0,1,0,2,3,0,1,61.6
2026-08-12,S004,WAL0191,1,3,2,2,0,0,2,123.2
2026-08-12,S005,WAL0191,2,1,1,2,2,0,2,123.2
2026-08-12,S006,WAL0191,1,4,4,1,0,0,1,61.6
2026-08-12,S007,WAL0191,1,6,4,1,2,0,3,184.8
2026-08-12,S008,WAL0191,0,0,0,2,1,0,0,0.0
2026-08-12,S009,WAL0191,1,7,5,1,0,0,3,184.8
2026-08-12,S010,WAL0191,1,3,2,0,3,0,2,123.2
2026-08-12,S001,WAL0192,1,0,0,2,2,0,1,37.0
2026-08-12,S002,WAL0192,0,2,1,1,1,0,1,37.0
2026-08-12,S003,WAL0192,0,0,0,3,0,0,0,0.0
2026-08-12,S004,WAL0192,2,0,0,0,1,0,2,74.0
2026-08-12,S005,WAL0192,0,1,1,0,1,0,0,0.0
2026-08-12,S006,WAL0192,1,0,0,2,2,0,1,37.0
2026-08-12,S007,WAL0192,1,2,1,3,0,0,2,74.0
2026-08-12,S008,WAL0192,0,0,0,2,0,0,0,0.0
2026-08-12,S009,WAL0192,1,0,1,2,0,0,0,0.0
2026-08-12,S010,WAL0192,1,1,2,3,0,0,0,0.0
2026-08-12,S001,WAL0193,0,1,0,0,0,0,1,36.26
2026-08-12,S002,WAL0193,0,2,1,3,1,0,1,36.26
2026-08-12,S003,WAL0193,1,0,0,2,3,0,1,36.26
2026-08-12,S004,WAL0193,0,4,3,3,2,0,1,36.26
2026-08-12,S005,WAL0193,0,0,0,3,0,0,0,0.0
2026-08-12,S006,WAL0193,0,2,1,2,3,0,1,36.26
2026-08-12,S007,WAL0193,0,5,4,2,3,0,1,36.26
2026-08-12,S008,WAL0193,0,4,3,0,3,0,1,36.26
2026-08-12,S009,WAL0193,1,0,0,1,0,0,1,36.26
2026-08-12,S010,WAL0193,0,0,0,1,1,0,0,0.0
2026-08-12,S001,WAL0194,1,2,2,3,0,0,1,31.94
2026-08-12,S002,WAL0194,0,6,4,2,3,0,2,63.88
2026-08-12,S003,WAL0194,0,0,0,2,1,0,0,0.0
2026-08-12,S004,WAL0194,1,3,2,3,3,0,2,63.88
2026-08-12,S005,WAL0194,1,2,2,2,1,0,1,31.94
2026-08-12,S006,WAL0194,0,5,3,0,1,0,2,63.88
2026-08-12,S007,WAL0194,2,1,1,2,0,0,2,63.88
2026-08-12,S008,WAL0194,2,8,6,0,3,0,4,127.76
2026-08-12,S009,WAL0194,1,0,1,1,2,0,0,0.0
2026-08-12,S010,WAL0194,1,0,1,3,1,0,0,0.0
2026-08-12,S001,WAL0195,2,7,5,3,1,0,4,192.44
2026-08-12,S002,WAL0195,0,7,4,3,3,0,3,144.33
2026-08-12,S003,WAL0195,0,3,2,0,2,0,1,48.11
2026-08-12,S004,WAL0195,0,2,1,1,2,0,1,48.11
2026-08-12,S005,WAL0195,1,9,6,1,2,0,4,192.44
2026-08-12,S006,WAL0195,2,0,0,3,1,0,2,96.22
2026-08-12,S007,WAL0195,1,1,0,2,2,0,2,96.22
2026-08-12,S008,WAL0195,0,5,2,2,2,0,3,144.33
2026-08-12,S009,WAL0195,1,0,0,2,3,0,1,48.11
2026-08-12,S010,WAL0195,1,6,4,1,3,0,3,144.33
2026-08-12,S001,WAL0196,1,0,0,3,3,1,1,50.27
2026-08-12,S002,WAL0196,0,5,4,3,2,0,1,50.27
2026-08-12,S003,WAL0196,0,0,0,0,3,0,0,0.0
2026-08-12,S004,WAL0196,1,2,2,3,1,0,1,50.27
2026-08-12,S005,WAL0196,2,0,0,1,1,0,2,100.54
2026-08-12,S006,WAL0196,0,4,2,0,1,0,2,100.54
2026-08-12,S007,WAL0196,2,5,4,1,0,0,3,150.81
2026-08-12,S008,WAL0196,1,4,3,1,3,0,2,100.54
2026-08-12,S009,WAL0196,1,1,1,3,0,0,1,50.27
2026-08-12,S010,WAL0196,2,11,8,1,3,0,5,251.35
2026-08-12,S001,WAL0197,2,4,4,3,1,0,2,54.46
2026-08-12,S002,WAL0197,1,3,2,0,2,0,2,54.46
2026-08-12,S003,WAL0197,1,0,1,3,2,0,0,0.0
2026-08-12,S004,WAL0197,0,0,0,0,2,0,0,0.0
2026-08-12,S005,WAL0197,0,0,0,2,3,0,0,0.0
2026-08-12,S006,WAL0197,2,1,1,0,2,0,2,54.46
2026-08-12,S007,WAL0197,0,3,2,0,0,0,1,27.23
2026-08-12,S008,WAL0197,0,1,0,0,1,0,1,27.23
2026-08-12,S009,WAL0197,1,3,3,0,3,0,1,27.23
2026-08-12,S010,WAL0197,0,0,0,0,2,0,0,0.0
2026-08-12,S001,WAL0198,1,1,1,1,1,0,1,65.33
2026-08-12,S002,WAL0198,0,2,2,1,3,0,0,0.0
2026-08-12,S003,WAL0198,0,0,0,3,2,0,0,0.0
2026-08-12,S004,WAL0198,0,0,0,2,2,0,0,0.0
2026-08-12,S005,WAL0198,0,0,0,3,2,0,0,0.0
2026-08-12,S006,WAL0198,0,5,4,0,2,0,1,65.33
2026-08-12,S007,WAL0198,2,5,5,0,0,0,2,130.66
2026-08-12,S008,WAL0198,0,3,2,2,1,0,1,65.33
2026-08-12,S009,WAL0198,0,2,2,3,0,0,0,0.0
2026-08-12,S010,WAL0198,0,1,1,0,0,0,0,0.0
2026-08-12,S001,WAL0199,0,1,1,2,1,0,0,0.0
2026-08-12,S002,WAL0199,2,8,7,2,1,0,3,158.76
2026-08-12,S003,WAL0199,1,0,0,3,1,0,1,52.92
2026-08-12,S004,WAL0199,0,0,0,3,1,0,0,0.0
2026-08-12,S005,WAL0199,0,0,0,0,3,0,0,0.0
2026-08-12,S006,WAL0199,1,1,0,1,1,0,2,105.84
2026-08-12,S007,WAL0199,0,4,3,3,2,0,1,52.92
2026-08-12,S008,WAL0199,1,0,0,2,3,0,1,52.92
2026-08-12,S009,WAL0199,0,0,0,1,2,0,0,0.0
2026-08-12,S010,WAL0199,0,0,0,1,3,0,0,0.0
2026-08-12,S001,WAL0200,0,3,2,3,2,0,1,21.89
2026-08-12,S002,WAL0200,1,5,4,0,2,0,2,43.78
2026-08-12,S003,WAL0200,0,8,5,2,1,0,3,65.67
2026-08-12,S004,WAL0200,0,0,0,1,1,1,0,0.0
2026-08-12,S005,WAL0200,1,0,0,0,2,0,1,21.89
2026-08-12,S006,WAL0200,0,1,1,0,0,1,0,0.0
2026-08-12,S007,WAL0200,1,0,1,1,0,0,0,0.0
2026-08-12,S008,WAL0200,0,10,7,1,2,0,3,65.67
2026-08-12,S009,WAL0200,0,0,0,1,3,0,0,0.0
2026-08-12,S010,WAL0200,0,0,0,2,1,0,0,0.0
2026-08-12,S001,WAL0201,0,0,0,1,3,0,0,0.0
2026-08-12,S002,WAL0201,2,4,4,2,3,1,2,57.28
2026-08-12,S003,WAL0201,0,4,3,1,2,0,1,28.64
2026-08-12,S004,WAL0201,0,0,0,0,2,0,0,0.0
2026-08-12,S005,WAL0201,0,3,2,3,3,0,1,28.64
2026-08-12,S006,WAL0201,1,1,1,1,3,0,1,28.64
2026-08-12,S007,WAL0201,0,0,0,1,2,0,0,0.0
2026-08-12,S008,WAL0201,0,5,3,0,3,0,2,57.28
2026-08-12,S009,WAL0201,1,2,2,0,2,0,1,28.64
2026-08-12,S010,WAL0201,0,0,0,2,2,0,0,0.0
2026-08-12,S001,WAL0202,1,0,0,0,3,0,1,60.91
2026-08-12,S002,WAL0202,0,2,1,3,0,0,1,60.91
2026-08-12,S003,WAL0202,0,0,0,1,2,0,0,0.0
2026-08-12,S004,WAL0202,0,0,0,3,1,0,0,0.0
2026-08-12,S005,WAL0202,0,1,0,3,1,1,1,60.91
2026-08-12,S006,WAL0202,0,1,1,0,0,0,0,0.0
2026-08-12,S007,WAL0202,0,4,3,3,1,0,1,60.91
2026-08-12,S008,WAL0202,1,0,1,3,1,0,0,0.0
2026-08-12,S009,WAL0202,0,0,0,2,3,0,0,0.0
2026-08-12,S010,WAL0202,0,0,0,2,0,0,0,0.0
2026-08-12,S001,WAL0203,1,1,1,1,3,0,1,14.65
2026-08-12,S002,WAL0203,0,0,0,3,2,0,0,0.0
2026-08-12,S003,WAL0203,0,1,0,1,0,0,1,14.65
2026-08-12,S004,WAL0203,1,0,1,0,0,0,0,0.0
2026-08-12,S005,WAL0203,1,0,0,1,0,0,1,14.65
2026-08-12,S006,WAL0203,1,1,1,2,0,0,1,14.65
2026-08-12,S007,WAL0203,1,4,4,0,0,0,1,14.65
2026-08-12,S008,WAL0203,0,4,2,3,3,0,2,29.3
2026-08-12,S009,WAL0203,2,3,2,0,2,0,3,43.95
2026-08-12,S010,WAL0203,0,0,0,1,0,0,0,0.0
2026-08-12,S001,WAL0204,0,0,0,0,1,0,0,0.0
2026-08-12,S002,WAL0204,0,2,0,3,1,0,2,82.1
2026-08-12,S003,WAL0204,0,0,0,3,1,0,0,0.0
2026-08-12,S004,WAL0204,0,1,0,3,3,0,1,41.05
2026-08-12,S005,WAL0204,0,2,0,2,0,0,2,82.1
2026-08-12,S006,WAL0204,0,0,0,0,2,0,0,0.0
2026-08-12,S007,WAL0204,0,3,2,2,2,0,1,41.05
2026-08-12,S008,WAL0204,0,1,1,3,0,0,0,0.0
2026-08-12,S009,WAL0204,0,1,0,3,1,0,1,41.05
2026-08-12,S010,WAL0204,0,1,0,3,0,0,1,41.05
2026-08-12,S001,WAL0205,1,0,1,3,2,0,0,0.0
2026-08-12,S002,WAL0205,0,1,1,0,0,0,0,0.0
2026-08-12,S003,WAL0205,0,0,0,2,3,0,0,0.0
2026-08-12,S004,WAL0205,1,0,0,1,2,0,1,30.8
2026-08-12,S005,WAL0205,2,3,3,0,0,0,2,61.6
2026-08-12,S006,WAL0205,1,2,2,0,0,0,1,30.8
2026-08-12,S007,WAL0205,0,0,0,3,0,0,0,0.0
2026-08-12,S008,WAL0205,1,1,2,0,1,0,0,0.0
2026-08-12,S009,WAL0205,0,0,0,1,0,0,0,0.0
2026-08-12,S010,WAL0205,1,0,0,0,0,0,1,30.8
2026-08-12,S001,WAL0206,0,0,0,0,1,0,0,0.0
2026-08-12,S002,WAL0206,1,0,0,2,2,0,1,64.47
2026-08-12,S003,WAL0206,0,0,0,3,2,0,0,0.0
2026-08-12,S004,WAL0206,0,0,0,2,1,0,0,0.0
2026-08-12,S005,WAL0206,0,0,0,2,1,0,0,0.0
2026-08-12,S006,WAL0206,1,4,3,0,1,0,2,128.94
2026-08-12,S007,WAL0206,0,2,1,3,3,0,1,64.47
2026-08-12,S008,WAL0206,1,0,1,2,2,0,0,0.0
2026-08-12,S009,WAL0206,0,1,0,0,0,0,1,64.47
2026-08-12,S010,WAL0206,0,0,0,0,2,0,0,0.0
2026-08-12,S001,WAL0207,1,0,1,1,0,0,0,0.0
2026-08-12,S002,WAL0207,0,4,3,3,0,0,1,64.35
2026-08-12,S003,WAL0207,1,0,0,3,3,0,1,64.35
2026-08-12,S004,WAL0207,1,0,0,2,1,0,1,64.35
2026-08-12,S005,WAL0207,1,1,0,3,3,0,2,128.7
2026-08-12,S006,WAL0207,0,4,3,3,3,0,1,64.35
2026-08-12,S007,WAL0207,0,3,2,0,1,0,1,64.35
2026-08-12,S008,WAL0207,1,4,4,3,2,0,1,64.35
2026-08-12,S009,WAL0207,0,1,0,3,0,0,1,64.35
2026-08-12,S010,WAL0207,0,2,1,1,0,0,1,64.35
2026-08-12,S001,WAL0208,0,0,0,3,0,0,0,0.0
2026-08-12,S002,WAL0208,0,1,0,0,2,0,1,48.55
2026-08-12,S003,WAL0208,0,0,0,0,2,0,0,0.0
2026-08-12,S004,WAL0208,0,0,0,2,2,0,0,0.0
2026-08-12,S005,WAL0208,0,3,2,1,1,0,1,48.55
2026-08-12,S006,WAL0208,0,1,0,2,3,0,1,48.55
2026-08-12,S007,WAL0208,1,0,1,2,3,0,0,0.0
2026-08-12,S008,WAL0208,0,0,0,3,2,0,0,0.0
2026-08-12,S009,WAL0208,0,3,1,1,0,0,2,97.1
2026-08-12,S010,WAL0208,1,1,1,3,0,0,1,48.55
2026-08-12,S001,WAL0209,0,1,0,0,1,0,1,44.46
2026-08-12,S002,WAL0209,1,0,0,1,1,0,1,44.46
2026-08-12,S003,WAL0209,0,1,0,2,0,0,1,44.46
2026-08-12,S004,WAL0209,2,3,3,2,1,0,2,88.92
2026-08-12,S005,WAL0209,0,0,0,0,1,0,0,0.0
2026-08-12,S006,WAL0209,0,1,0,3,0,0,1,44.46
2026-08-12,S007,WAL0209,0,1,0,2,2,0,1,44.46
2026-08-12,S008,WAL0209,1,16,12,3,3,0,5,222.3
2026-08-12,S009,WAL0209,1,6,4,3,3,0,3,133.38
2026-08-12,S010,WAL0209,1,3,2,1,3,0,2,88.92
2026-08-12,S001,WAL0210,1,0,0,3,1,0,1,66.42
2026-08-12,S002,WAL0210,1,1,1,0,1,0,1,66.42
2026-08-12,S003,WAL0210,0,1,0,3,1,0,1,66.42
2026-08-12,S004,WAL0210,1,0,1,3,1,0,0,0.0
2026-08-12,S005,WAL0210,1,0,0,1,3,0,1,66.42
2026-08-12,S006,WAL0210,0,9,6,3,2,0,3,199.26
2026-08-12,S007,WAL0210,0,1,0,3,1,0,1,66.42
2026-08-12,S008,WAL0210,1,1,1,1,0,0,1,66.42
2026-08-12,S009,WAL0210,0,0,0,1,3,0,0,0.0
2026-08-12,S010,WAL0210,0,1,0,3,3,0,1,66.42
2026-08-12,S001,WAL0211,1,0,0,3,1,0,1,34.74
2026-08-12,S002,WAL0211,1,2,2,1,0,0,1,34.74
2026-08-12,S003,WAL0211,0,1,0,1,2,0,1,34.74
2026-08-12,S004,WAL0211,0,0,0,3,0,0,0,0.0
2026-08-12,S005,WAL0211,0,0,0,3,1,0,0,0.0
2026-08-12,S006,WAL0211,1,1,1,0,3,0,1,34.74
2026-08-12,S007,WAL0211,0,0,0,1,3,0,0,0.0
2026-08-12,S008,WAL0211,0,2,1,3,3,0,1,34.74
2026-08-12,S009,WAL0211,0,2,1,3,0,0,1,34.74
2026-08-12,S010,WAL0211,0,0,0,2,1,0,0,0.0
2026-08-12,S001,WAL0212,0,1,1,3,0,0,0,0.0
2026-08-12,S002,WAL0212,0,2,1,2,2,0,1,36.17
2026-08-12,S003,WAL0212,0,1,1,0,3,0,0,0.0
2026-08-12,S004,WAL0212,1,0,0,3,2,0,1,36.17
2026-08-12,S005,WAL0212,0,0,0,3,0,0,0,0.0
2026-08-12,S006,WAL0212,0,1,1,1,0,0,0,0.0
2026-08-12,S007,WAL0212,0,0,0,0,1,0,0,0.0
2026-08-12,S008,WAL0212,0,2,1,2,0,0,1,36.17
2026-08-12,S009,WAL0212,0,1,0,1,2,0,1,36.17
2026-08-12,S010,WAL0212,1,2,2,1,2,0,1,36.17
2026-08-12,S001,WAL0213,0,0,0,0,3,0,0,0.0
2026-08-12,S002,WAL0213,0,1,1,2,0,0,0,0.0
2026-08-12,S003,WAL0213,1,3,3,3,1,0,1,59.56
2026-08-12,S004,WAL0213,0,0,0,0,3,0,0,0.0
2026-08-12,S005,WAL0213,0,2,2,0,0,0,0,0.0
2026-08-12,S006,WAL0213,0,0,0,2,2,0,0,0.0
2026-08-12,S007,WAL0213,1,5,4,3,3,0,2,119.12
2026-08-12,S008,WAL0213,0,2,2,3,1,0,0,0.0
2026-08-12,S009,WAL0213,1,1,1,2,2,0,1,59.56
2026-08-12,S010,WAL0213,1,4,4,2,2,0,1,59.56
2026-08-12,S001,WAL0214,1,0,0,0,0,0,1,31.86
2026-08-12,S002,WAL0214,3,7,5,1,0,0,5,159.3
2026-08-12,S003,WAL0214,1,0,0,1,1,0,1,31.86
2026-08-12,S004,WAL0214,0,1,1,3,0,0,0,0.0
2026-08-12,S005,WAL0214,0,0,0,0,2,0,0,0.0
2026-08-12,S006,WAL0214,1,1,2,1,3,0,0,0.0
2026-08-12,S007,WAL0214,1,0,0,3,0,0,1,31.86
2026-08-12,S008,WAL0214,2,1,1,1,1,0,2,63.72
2026-08-12,S009,WAL0214,0,0,0,2,0,0,0,0.0
2026-08-12,S010,WAL0214,1,3,3,3,2,0,1,31.86
2026-08-12,S001,WAL0215,1,1,2,3,0,0,0,0.0
2026-08-12,S002,WAL0215,0,1,0,1,0,0,1,40.31
2026-08-12,S003,WAL0215,1,0,1,0,0,0,0,0.0
2026-08-12,S004,WAL0215,0,1,0,0,2,0,1,40.31
2026-08-12,S005,WAL0215,1,3,3,0,3,0,1,40.31
2026-08-12,S006,WAL0215,2,4,3,2,3,0,3,120.93
2026-08-12,S007,WAL0215,2,5,4,1,2,0,3,120.93
2026-08-12,S008,WAL0215,0,1,0,3,1,0,1,40.31
2026-08-12,S009,WAL0215,0,1,1,1,3,0,0,0.0
2026-08-12,S010,WAL0215,0,1,1,2,1,0,0,0.0
2026-08-12,S001,WAL0216,1,0,0,1,2,0,1,72.71
2026-08-12,S002,WAL0216,0,0,0,2,1,0,0,0.0
2026-08-12,S003,WAL0216,1,0,0,0,1,0,1,72.71
2026-08-12,S004,WAL0216,1,7,5,1,3,0,3,218.13
2026-08-12,S005,WAL0216,1,0,1,1,1,0,0,0.0
2026-08-12,S006,WAL0216,0,2,2,1,2,1,0,0.0
2026-08-12,S007,WAL0216,1,0,1,3,0,0,0,0.0
2026-08-12,S008,WAL0216,1,0,0,2,1,0,1,72.71
2026-08-12,S009,WAL0216,0,0,0,1,0,0,0,0.0
2026-08-12,S010,WAL0216,0,0,0,0,1,0,0,0.0
2026-08-12,S001,WAL0217,1,1,0,3,3,0,2,121.78
2026-08-12,S002,WAL0217,1,1,2,2,2,0,0,0.0
2026-08-12,S003,WAL0217,0,0,0,0,2,0,0,0.0
2026-08-12,S004,WAL0217,0,4,3,0,0,0,1,60.89
2026-08-12,S005,WAL0217,1,2,2,0,0,0,1,60.89
2026-08-12,S006,WAL0217,1,3,3,1,3,0,1,60.89
2026-08-12,S007,WAL0217,2,4,4,2,0,0,2,121.78
2026-08-12,S008,WAL0217,1,7,4,0,3,0,4,243.56
2026-08-12,S009,WAL0217,0,2,0,1,2,0,2,121.78
2026-08-12,S010,WAL0217,0,2,1,2,3,0,1,60.89
2026-08-12,S001,WAL0218,0,0,0,0,1,0,0,0.0
2026-08-12,S002,WAL0218,0,0,0,2,0,0,0,0.0
2026-08-12,S003,WAL0218,1,0,0,0,3,0,1,53.14
2026-08-12,S004,WAL0218,0,0,0,2,1,0,0,0.0
2026-08-12,S005,WAL0218,1,3,3,2,3,0,1,53.14
2026-08-12,S006,WAL0218,1,0,0,3,1,0,1,53.14
2026-08-12,S007,WAL0218,2,1,1,1,2,0,2,106.28
2026-08-12,S008,WAL0218,0,0,0,1,3,0,0,0.0
2026-08-12,S009,WAL0218,0,1,1,2,3,0,0,0.0
2026-08-12,S010,WAL0218,1,0,0,0,1,0,1,53.14
2026-08-12,S001,WAL0219,0,0,0,1,1,0,0,0.0
2026-08-12,S002,WAL0219,1,7,6,3,1,0,2,146.44
2026-08-12,S003,WAL0219,1,1,1,0,1,0,1,73.22
2026-08-12,S004,WAL0219,0,0,0,2,2,0,0,0.0
2026-08-12,S005,WAL0219,2,3,3,3,2,0,2,146.44
2026-08-12,S006,WAL0219,1,2,2,3,0,0,1,73.22
2026-08-12,S007,WAL0219,1,3,2,0,0,1,2,146.44
2026-08-12,S008,WAL0219,0,1,1,0,3,0,0,0.0
2026-08-12,S009,WAL0219,0,2,0,2,2,0,2,146.44
2026-08-12,S010,WAL0219,0,0,0,3,3,0,0,0.0
2026-08-12,S001,WAL0220,0,0,0,1,1,0,0,0.0
2026-08-12,S002,WAL0220,0,1,0,3,1,0,1,83.46
2026-08-12,S003,WAL0220,1,5,4,3,3,0,2,166.92
2026-08-12,S004,WAL0220,0,0,0,1,1,0,0,0.0
2026-08-12,S005,WAL0220,0,1,1,1,2,0,0,0.0
2026-08-12,S006,WAL0220,1,3,3,1,3,0,1,83.46
2026-08-12,S007,WAL0220,1,0,0,0,0,0,1,83.46
2026-08-12,S008,WAL0220,0,0,0,2,3,0,0,0.0
2026-08-12,S009,WAL0220,0,1,0,0,0,0,1,83.46
2026-08-12,S010,WAL0220,0,0,0,1,1,0,0,0.0
2026-08-12,S001,WAL0221,0,0,0,3,1,0,0,0.0
2026-08-12,S002,WAL0221,0,1,0,0,0,0,1,47.0
2026-08-12,S003,WAL0221,0,0,0,3,1,0,0,0.0
2026-08-12,S004,WAL0221,0,0,0,1,0,0,0,0.0
2026-08-12,S005,WAL0221,1,0,1,3,0,0,0,0.0
2026-08-12,S006,WAL0221,0,8,5,3,3,0,3,141.0
2026-08-12,S007,WAL0221,0,1,0,3,0,0,1,47.0
2026-08-12,S008,WAL0221,1,0,1,3,0,0,0,0.0
2026-08-12,S009,WAL0221,0,0,0,0,1,0,0,0.0
2026-08-12,S010,WAL0221,0,0,0,1,1,0,0,0.0
2026-08-12,S001,WAL0222,0,0,0,2,3,0,0,0.0
2026-08-12,S002,WAL0222,2,8,7,0,2,0,3,127.68
2026-08-12,S003,WAL0222,0,0,0,3,1,0,0,0.0
2026-08-12,S004,WAL0222,1,1,1,1,1,0,1,42.56
2026-08-12,S005,WAL0222,0,3,1,0,3,0,2,85.12
2026-08-12,S006,WAL0222,2,4,4,0,1,0,2,85.12
2026-08-12,S007,WAL0222,0,0,0,3,3,1,0,0.0
2026-08-12,S008,WAL0222,0,7,4,0,3,0,3,127.68
2026-08-12,S009,WAL0222,1,0,0,2,3,0,1,42.56
2026-08-12,S010,WAL0222,0,0,0,1,1,0,0,0.0
2026-08-12,S001,WAL0223,2,5,4,0,3,0,3,245.22
2026-08-12,S002,WAL0223,0,1,0,3,0,0,1,81.74
2026-08-12,S003,WAL0223,3,6,5,0,0,0,4,326.96
2026-08-12,S004,WAL0223,2,5,5,0,0,0,2,163.48
2026-08-12,S005,WAL0223,0,2,0,1,2,0,2,163.48
2026-08-12,S006,WAL0223,1,2,2,0,0,0,1,81.74
2026-08-12,S007,WAL0223,2,2,2,2,0,0,2,163.48
2026-08-12,S008,WAL0223,2,1,1,3,2,0,2,163.48
2026-08-12,S009,WAL0223,1,1,1,0,1,0,1,81.74
2026-08-12,S010,WAL0223,1,4,4,1,0,0,1,81.74
2026-08-12,S001,WAL0224,0,0,0,2,2,0,0,0.0
2026-08-12,S002,WAL0224,0,2,1,1,2,0,1,44.34
2026-08-12,S003,WAL0224,1,1,1,3,0,0,1,44.34
2026-08-12,S004,WAL0224,0,6,3,0,0,0,3,133.02
2026-08-12,S005,WAL0224,0,1,0,1,2,0,1,44.34
2026-08-12,S006,WAL0224,2,2,2,1,0,0,2,88.68
2026-08-12,S007,WAL0224,0,0,0,1,0,0,0,0.0
2026-08-12,S008,WAL0224,0,2,2,0,2,0,0,0.0
2026-08-12,S009,WAL0224,0,0,0,1,2,0,0,0.0
2026-08-12,S010,WAL0224,2,3,3,2,3,0,2,88.68
2026-08-12,S001,WAL0225,1,0,1,0,2,0,0,0.0
2026-08-12,S002,WAL0225,1,0,0,2,1,0,1,81.22
2026-08-12,S003,WAL0225,0,1,0,2,1,0,1,81.22
2026-08-12,S004,WAL0225,0,0,0,2,0,0,0,0.0
2026-08-12,S005,WAL0225,1,0,1,0,2,0,0,0.0
2026-08-12,S006,WAL0225,0,0,0,1,2,0,0,0.0
2026-08-12,S007,WAL0225,1,1,0,1,1,0,2,162.44
2026-08-12,S008,WAL0225,1,4,4,0,1,0,1,81.22
2026-08-12,S009,WAL0225,1,0,0,0,0,0,1,81.22
2026-08-12,S010,WAL0225,1,3,3,2,2,0,1,81.22
2026-08-12,S001,WAL0226,1,4,3,3,2,0,2,47.42
2026-08-12,S002,WAL0226,1,8,6,3,0,0,3,71.13
2026-08-12,S003,WAL0226,0,4,3,0,0,0,1,23.71
2026-08-12,S004,WAL0226,2,2,2,3,2,0,2,47.42
2026-08-12,S005,WAL0226,0,6,4,0,3,0,2,47.42
2026-08-12,S006,WAL0226,0,6,5,0,3,0,1,23.71
2026-08-12,S007,WAL0226,2,2,2,0,1,0,2,47.42
2026-08-12,S008,WAL0226,0,4,2,0,3,0,2,47.42
2026-08-12,S009,WAL0226,0,0,0,1,0,0,0,0.0
2026-08-12,S010,WAL0226,0,2,0,0,0,0,2,47.42
2026-08-12,S001,WAL0227,0,1,0,1,3,0,1,21.18
2026-08-12,S002,WAL0227,0,0,0,2,3,0,0,0.0
2026-08-12,S003,WAL0227,0,0,0,2,2,0,0,0.0
2026-08-12,S004,WAL0227,0,0,0,0,2,0,0,0.0
2026-08-12,S005,WAL0227,1,0,1,2,3,0,0,0.0
2026-08-12,S006,WAL0227,2,5,3,2,0,0,4,84.72
2026-08-12,S007,WAL0227,0,0,0,3,0,0,0,0.0
2026-08-12,S008,WAL0227,0,0,0,1,0,0,0,0.0
2026-08-12,S009,WAL0227,0,0,0,2,1,0,0,0.0
2026-08-12,S010,WAL0227,1,5,4,0,2,1,2,42.36
2026-08-12,S001,WAL0228,0,1,0,0,3,0,1,69.89
2026-08-12,S002,WAL0228,2,6,4,2,2,0,4,279.56
2026-08-12,S003,WAL0228,0,0,0,0,0,0,0,0.0
2026-08-12,S004,WAL0228,0,1,0,3,1,0,1,69.89
2026-08-12,S005,WAL0228,1,3,3,2,0,0,1,69.89
2026-08-12,S006,WAL0228,1,5,3,2,1,0,3,209.67
2026-08-12,S007,WAL0228,0,1,0,1,2,0,1,69.89
2026-08-12,S008,WAL0228,0,4,3,3,1,0,1,69.89
2026-08-12,S009,WAL0228,0,0,0,2,2,0,0,0.0
2026-08-12,S010,WAL0228,1,1,1,3,3,0,1,69.89
2026-08-12,S001,WAL0229,1,0,1,2,0,0,0,0.0
2026-08-12,S002,WAL0229,0,10,6,2,1,0,4,111.56
2026-08-12,S003,WAL0229,1,2,2,0,2,0,1,27.89
2026-08-12,S004,WAL0229,0,0,0,3,3,0,0,0.0
2026-08-12,S005,WAL0229,0,1,0,0,2,0,1,27.89
2026-08-12,S006,WAL0229,2,1,1,1,2,0,2,55.78
2026-08-12,S007,WAL0229,0,7,5,2,2,0,2,55.78
2026-08-12,S008,WAL0229,0,0,0,0,3,0,0,0.0
2026-08-12,S009,WAL0229,1,0,0,2,0,0,1,27.89
2026-08-12,S010,WAL0229,0,2,1,2,3,0,1,27.89
2026-08-12,S001,WAL0230,2,5,4,3,0,0,3,165.48
2026-08-12,S002,WAL0230,0,0,0,3,2,0,0,0.0
2026-08-12,S003,WAL0230,0,1,0,3,0,0,1,55.16
2026-08-12,S004,WAL0230,0,1,0,3,1,0,1,55.16
2026-08-12,S005,WAL0230,0,0,0,0,1,0,0,0.0
2026-08-12,S006,WAL0230,2,2,2,2,2,0,2,110.32
2026-08-12,S007,WAL0230,0,0,0,3,3,0,0,0.0
2026-08-12,S008,WAL0230,0,4,3,1,1,0,1,55.16
2026-08-12,S009,WAL0230,0,4,2,1,3,0,2,110.32
2026-08-12,S010,WAL0230,3,6,5,2,1,0,4,220.64
2026-08-12,S001,WAL0231,0,0,0,0,3,0,0,0.0
2026-08-12,S002,WAL0231,1,1,2,0,2,0,0,0.0
2026-08-12,S003,WAL0231,2,0,0,1,0,0,2,132.06
2026-08-12,S004,WAL0231,0,1,1,0,0,0,0,0.0
2026-08-12,S005,WAL0231,0,0,0,2,2,0,0,0.0
2026-08-12,S006,WAL0231,0,1,1,1,0,0,0,0.0
2026-08-12,S007,WAL0231,0,0,0,2,0,0,0,0.0
2026-08-12,S008,WAL0231,0,2,1,3,1,0,1,66.03
2026-08-12,S009,WAL0231,1,0,1,0,0,0,0,0.0
2026-08-12,S010,WAL0231,1,0,0,0,0,0,1,66.03
2026-08-12,S001,WAL0232,0,1,0,0,2,0,1,56.21
2026-08-12,S002,WAL0232,2,2,2,3,1,0,2,112.42
2026-08-12,S003,WAL0232,0,4,2,0,3,0,2,112.42
2026-08-12,S004,WAL0232,1,3,3,1,0,0,1,56.21
2026-08-12,S005,WAL0232,1,1,1,0,3,0,1,56.21
2026-08-12,S006,WAL0232,1,6,4,0,3,0,3,168.63
2026-08-12,S007,WAL0232,1,3,2,2,3,0,2,112.42
2026-08-12,S008,WAL0232,0,1,0,0,1,0,1,56.21
2026-08-12,S009,WAL0232,0,0,0,0,2,0,0,0.0
2026-08-12,S010,WAL0232,0,0,0,2,3,0,0,0.0
2026-08-12,S001,WAL0233,2,5,5,2,0,0,2,169.88
2026-08-12,S002,WAL0233,1,1,1,2,2,0,1,84.94
2026-08-12,S003,WAL0233,1,2,2,2,1,0,1,84.94
2026-08-12,S004,WAL0233,1,0,0,0,0,0,1,84.94
2026-08-12,S005,WAL0233,0,3,1,1,3,0,2,169.88
2026-08-12,S006,WAL0233,1,0,0,1,3,0,1,84.94
2026-08-12,S007,WAL0233,1,2,2,3,0,0,1,84.94
2026-08-12,S008,WAL0233,0,3,3,3,1,0,0,0.0
2026-08-12,S009,WAL0233,0,0,0,1,3,0,0,0.0
2026-08-12,S010,WAL0233,0,3,2,3,2,0,1,84.94
2026-08-12,S001,WAL0234,0,10,6,0,2,0,4,287.64
2026-08-12,S002,WAL0234,1,0,1,3,0,0,0,0.0
2026-08-12,S003,WAL0234,0,1,0,1,2,0,1,71.91
2026-08-12,S004,WAL0234,0,0,0,3,1,0,0,0.0
2026-08-12,S005,WAL0234,0,0,0,3,0,0,0,0.0
2026-08-12,S006,WAL0234,0,0,0,0,0,0,0,0.0
2026-08-12,S007,WAL0234,1,3,2,3,2,0,2,143.82
2026-08-12,S008,WAL0234,0,1,0,2,0,0,1,71.91
2026-08-12,S009,WAL0234,0,1,1,2,0,0,0,0.0
2026-08-12,S010,WAL0234,0,0,0,2,1,0,0,0.0
2026-08-12,S001,WAL0235,0,0,0,1,3,0,0,0.0
2026-08-12,S002,WAL0235,1,1,1,1,2,0,1,76.19
2026-08-12,S003,WAL0235,0,0,0,1,0,0,0,0.0
2026-08-12,S004,WAL0235,0,0,0,3,0,0,0,0.0
2026-08-12,S005,WAL0235,1,0,0,3,2,0,1,76.19
2026-08-12,S006,WAL0235,0,0,0,0,2,0,0,0.0
2026-08-12,S007,WAL0235,0,0,0,1,2,0,0,0.0
2026-08-12,S008,WAL0235,1,0,1,3,0,0,0,0.0
2026-08-12,S009,WAL0235,0,0,0,1,2,0,0,0.0
2026-08-12,S010,WAL0235,0,1,0,1,0,0,1,76.19
2026-08-12,S001,WAL0236,1,0,0,0,2,0,1,24.94
2026-08-12,S002,WAL0236,0,0,0,2,3,0,0,0.0
2026-08-12,S003,WAL0236,0,2,1,1,3,0,1,24.94
2026-08-12,S004,WAL0236,0,0,0,2,1,0,0,0.0
2026-08-12,S005,WAL0236,0,0,0,3,3,0,0,0.0
2026-08-12,S006,WAL0236,1,4,3,1,1,0,2,49.88
2026-08-12,S007,WAL0236,0,4,2,0,0,0,2,49.88
2026-08-12,S008,WAL0236,1,1,1,3,0,0,1,24.94
2026-08-12,S009,WAL0236,0,0,0,0,3,1,0,0.0
2026-08-12,S010,WAL0236,0,0,0,1,1,0,0,0.0
2026-08-12,S001,WAL0237,0,1,0,1,3,0,1,40.82
2026-08-12,S002,WAL0237,1,0,0,1,0,0,1,40.82
2026-08-12,S003,WAL0237,0,1,0,1,2,0,1,40.82
2026-08-12,S004,WAL0237,1,0,1,2,3,0,0,0.0
2026-08-12,S005,WAL0237,1,1,1,3,3,0,1,40.82
2026-08-12,S006,WAL0237,1,2,2,3,0,0,1,40.82
2026-08-12,S007,WAL0237,1,0,0,0,3,0,1,40.82
2026-08-12,S008,WAL0237,1,0,0,1,1,0,1,40.82
2026-08-12,S009,WAL0237,1,2,2,1,1,1,1,40.82
2026-08-12,S010,WAL0237,0,2,2,1,2,0,0,0.0
2026-08-12,S001,WAL0238,0,8,5,3,1,0,3,209.7
2026-08-12,S002,WAL0238,1,10,7,1,2,0,4,279.6
2026-08-12,S003,WAL0238,0,0,0,1,2,0,0,0.0
2026-08-12,S004,WAL0238,0,6,5,1,1,0,1,69.9
2026-08-12,S005,WAL0238,0,1,1,0,3,0,0,0.0
2026-08-12,S006,WAL0238,1,3,3,1,0,0,1,69.9
2026-08-12,S007,WAL0238,0,3,2,1,3,0,1,69.9
2026-08-12,S008,WAL0238,1,2,2,2,1,0,1,69.9
2026-08-12,S009,WAL0238,0,1,0,3,0,0,1,69.9
2026-08-12,S010,WAL0238,1,2,2,2,3,0,1,69.9
2026-08-12,S001,WAL0239,0,2,1,0,1,0,1,46.63
2026-08-12,S002,WAL0239,0,0,0,1,0,0,0,0.0
2026-08-12,S003,WAL0239,1,0,0,2,2,0,1,46.63
2026-08-12,S004,WAL0239,1,1,1,1,1,0,1,46.63
2026-08-12,S005,WAL0239,1,0,0,2,3,0,1,46.63
2026-08-12,S006,WAL0239,0,4,2,2,2,0,2,93.26
2026-08-12,S007,WAL0239,1,3,3,2,3,0,1,46.63
2026-08-12,S008,WAL0239,1,1,0,2,1,0,2,93.26
2026-08-12,S009,WAL0239,0,0,0,0,3,0,0,0.0
2026-08-12,S010,WAL0239,1,2,2,1,0,0,1,46.63
2026-08-12,S001,WAL0240,1,1,0,1,0,0,2,115.68
2026-08-12,S002,WAL0240,1,8,5,1,3,0,4,231.36
2026-08-12,S003,WAL0240,0,2,1,1,2,0,1,57.84
2026-08-12,S004,WAL0240,2,0,0,0,1,0,2,115.68
2026-08-12,S005,WAL0240,0,3,2,3,2,0,1,57.84
2026-08-12,S006,WAL0240,1,3,2,3,0,0,2,115.68
2026-08-12,S007,WAL0240,0,2,1,1,1,0,1,57.84
2026-08-12,S008,WAL0240,1,1,2,2,3,0,0,0.0
2026-08-12,S009,WAL0240,0,4,2,1,2,0,2,115.68
2026-08-12,S010,WAL0240,1,0,0,3,0,0,1,57.84
2026-08-12,S001,WAL0241,0,0,0,2,1,0,0,0.0
2026-08-12,S002,WAL0241,0,0,0,0,2,0,0,0.0
2026-08-12,S003,WAL0241,0,2,1,2,1,0,1,67.45
2026-08-12,S004,WAL0241,0,0,0,0,3,0,0,0.0
2026-08-12,S005,WAL0241,0,2,1,3,2,0,1,67.45
2026-08-12,S006,WAL0241,0,6,5,0,0,0,1,67.45
2026-08-12,S007,WAL0241,1,0,1,1,1,0,0,0.0
2026-08-12,S008,WAL0241,1,7,6,0,1,0,2,134.9
2026-08-12,S009,WAL0241,1,4,3,1,0,0,2,134.9
2026-08-12,S010,WAL0241,1,0,0,2,1,0,1,67.45
2026-08-12,S001,WAL0242,0,1,0,3,2,0,1,25.57
2026-08-12,S002,WAL0242,0,2,0,3,0,0,2,51.14
2026-08-12,S003,WAL0242,0,1,1,2,0,0,0,0.0
2026-08-12,S004,WAL0242,1,1,2,2,3,0,0,0.0
2026-08-12,S005,WAL0242,1,0,0,2,1,0,1,25.57
2026-08-12,S006,WAL0242,1,3,3,3,3,0,1,25.57
2026-08-12,S007,WAL0242,0,1,1,1,2,0,0,0.0
2026-08-12,S008,WAL0242,0,8,4,1,3,0,4,102.28
2026-08-12,S009,WAL0242,1,8,6,0,2,0,3,76.71
2026-08-12,S010,WAL0242,0,0,0,0,0,0,0,0.0
2026-08-12,S001,WAL0243,0,1,0,3,1,0,1,30.27
2026-08-12,S002,WAL0243,2,2,2,2,2,0,2,60.54
2026-08-12,S003,WAL0243,0,4,2,3,1,0,2,60.54
2026-08-12,S004,WAL0243,2,9,6,2,0,0,5,151.35
2026-08-12,S005,WAL0243,1,2,2,0,0,0,1,30.27
2026-08-12,S006,WAL0243,0,1,0,3,3,0,1,30.27
2026-08-12,S007,WAL0243,0,0,0,1,2,1,0,0.0
2026-08-12,S008,WAL0243,1,0,0,1,3,0,1,30.27
2026-08-12,S009,WAL0243,0,0,0,3,3,0,0,0.0
2026-08-12,S010,WAL0243,1,0,1,1,3,0,0,0.0
2026-08-12,S001,WAL0244,0,7,5,2,0,0,2,111.48
2026-08-12,S002,WAL0244,1,4,4,3,3,0,1,55.74
2026-08-12,S003,WAL0244,0,4,3,2,0,0,1,55.74
2026-08-12,S004,WAL0244,0,0,0,2,0,0,0,0.0
2026-08-12,S005,WAL0244,1,1,1,3,2,0,1,55.74
2026-08-12,S006,WAL0244,0,1,1,1,0,0,0,0.0
2026-08-12,S007,WAL0244,0,1,0,3,3,0,1,55.74
2026-08-12,S008,WAL0244,2,5,4,0,0,0,3,167.22
2026-08-12,S009,WAL0244,0,2,2,3,1,0,0,0.0
2026-08-12,S010,WAL0244,0,2,1,1,3,0,1,55.74
2026-08-12,S001,WAL0245,0,0,0,2,0,0,0,0.0
2026-08-12,S002,WAL0245,0,3,2,1,3,0,1,46.87
2026-08-12,S003,WAL0245,1,0,0,3,2,0,1,46.87
2026-08-12,S004,WAL0245,0,6,4,1,0,0,2,93.74
2026-08-12,S005,WAL0245,0,0,0,3,1,0,0,0.0
2026-08-12,S006,WAL0245,0,0,0,2,0,0,0,0.0
2026-08-12,S007,WAL0245,1,1,1,1,0,0,1,46.87
2026-08-12,S008,WAL0245,0,1,0,3,1,0,1,46.87
2026-08-12,S009,WAL0245,0,0,0,2,3,0,0,0.0
2026-08-12,S010,WAL0245,0,0,0,3,1,0,0,0.0
2026-08-12,S001,WAL0246,0,3,2,3,0,0,1,76.0
2026-08-12,S002,WAL0246,1,0,0,0,2,0,1,76.0
2026-08-12,S003,WAL0246,1,0,0,0,0,0,1,76.0
2026-08-12,S004,WAL0246,0,0,0,2,1,0,0,0.0
2026-08-12,S005,WAL0246,0,1,0,0,1,0,1,76.0
2026-08-12,S006,WAL0246,1,1,1,1,3,0,1,76.0
2026-08-12,S007,WAL0246,1,7,5,1,1,0,3,228.0
2026-08-12,S008,WAL0246,0,0,0,0,0,0,0,0.0
2026-08-12,S009,WAL0246,1,0,0,1,1,0,1,76.0
2026-08-12,S010,WAL0246,1,3,2,3,0,0,2,152.0
2026-08-12,S001,WAL0247,0,0,0,3,2,0,0,0.0
2026-08-12,S002,WAL0247,0,1,0,2,0,1,1,25.97
2026-08-12,S003,WAL0247,0,0,0,1,3,0,0,0.0
2026-08-12,S004,WAL0247,0,0,0,1,3,0,0,0.0
2026-08-12,S005,WAL0247,0,2,1,2,0,0,1,25.97
2026-08-12,S006,WAL0247,1,0,0,3,0,0,1,25.97
2026-08-12,S007,WAL0247,1,1,2,2,3,0,0,0.0
2026-08-12,S008,WAL0247,0,1,0,2,0,0,1,25.97
2026-08-12,S009,WAL0247,0,0,0,3,3,0,0,0.0
2026-08-12,S010,WAL0247,0,0,0,2,0,0,0,0.0
2026-08-12,S001,WAL0248,1,0,0,3,2,0,1,34.65
2026-08-12,S002,WAL0248,0,0,0,3,1,0,0,0.0
2026-08-12,S003,WAL0248,0,0,0,0,2,0,0,0.0
2026-08-12,S004,WAL0248,1,0,0,0,0,0,1,34.65
2026-08-12,S005,WAL0248,0,1,0,3,3,0,1,34.65
2026-08-12,S006,WAL0248,0,2,1,1,0,0,1,34.65
2026-08-12,S007,WAL0248,0,1,0,2,3,0,1,34.65
2026-08-12,S008,WAL0248,0,2,1,0,2,0,1,34.65
2026-08-12,S009,WAL0248,0,0,0,3,1,0,0,0.0
2026-08-12,S010,WAL0248,0,0,0,1,0,0,0,0.0
2026-08-12,S001,WAL0249,0,0,0,2,1,0,0,0.0
2026-08-12,S002,WAL0249,0,3,2,0,2,1,1,52.36
2026-08-12,S003,WAL0249,0,0,0,2,2,0,0,0.0
2026-08-12,S004,WAL0249,2,7,5,1,0,0,4,209.44
2026-08-12,S005,WAL0249,0,1,0,3,0,0,1,52.36
2026-08-12,S006,WAL0249,2,1,1,0,1,0,2,104.72
2026-08-12,S007,WAL0249,0,3,2,1,0,0,1,52.36
2026-08-12,S008,WAL0249,0,1,0,2,3,0,1,52.36
2026-08-12,S009,WAL0249,0,0,0,2,2,0,0,0.0
2026-08-12,S010,WAL0249,0,0,0,1,2,0,0,0.0
2026-08-12,S001,WAL0250,0,10,6,0,3,0,4,137.36
2026-08-12,S002,WAL0250,0,0,0,2,1,0,0,0.0
2026-08-12,S003,WAL0250,0,0,0,3,2,0,0,0.0
2026-08-12,S004,WAL0250,0,0,0,0,2,0,0,0.0
2026-08-12,S005,WAL0250,0,3,2,1,3,0,1,34.34
2026-08-12,S006,WAL0250,0,1,0,3,2,0,1,34.34
2026-08-12,S007,WAL0250,0,0,0,1,1,0,0,0.0
2026-08-12,S008,WAL0250,1,10,6,2,0,0,5,171.7
2026-08-12,S009,WAL0250,0,1,0,1,3,0,1,34.34
2026-08-12,S010,WAL0250,0,1,0,3,1,0,1,34.34
2026-08-12,S001,WAL0251,0,1,1,2,3,0,0,0.0
2026-08-12,S002,WAL0251,1,3,3,3,1,0,1,37.36
2026-08-12,S003,WAL0251,0,1,0,2,3,0,1,37.36
2026-08-12,S004,WAL0251,0,0,0,0,0,0,0,0.0
2026-08-12,S005,WAL0251,1,1,1,2,0,0,1,37.36
2026-08-12,S006,WAL0251,1,0,1,0,0,0,0,0.0
2026-08-12,S007,WAL0251,0,0,0,2,3,0,0,0.0
2026-08-12,S008,WAL0251,1,3,2,0,3,0,2,74.72
2026-08-12,S009,WAL0251,0,0,0,2,1,0,0,0.0
2026-08-12,S010,WAL0251,0,0,0,1,0,0,0,0.0
2026-08-12,S001,WAL0252,0,0,0,2,1,0,0,0.0
2026-08-12,S002,WAL0252,0,3,2,3,0,0,1,21.67
2026-08-12,S003,WAL0252,0,4,2,1,0,0,2,43.34
2026-08-12,S004,WAL0252,2,9,7,1,2,0,4,86.68
2026-08-12,S005,WAL0252,0,10,7,3,0,0,3,65.01
2026-08-12,S006,WAL0252,1,4,3,2,2,0,2,43.34
2026-08-12,S007,WAL0252,1,0,1,2,0,0,0,0.0
2026-08-12,S008,WAL0252,2,3,3,2,1,0,2,43.34
2026-08-12,S009,WAL0252,0,2,2,2,0,0,0,0.0
2026-08-12,S010,WAL0252,0,2,1,1,0,0,1,21.67
2026-08-12,S001,WAL0253,0,0,0,0,2,0,0,0.0
2026-08-12,S002,WAL0253,0,0,0,0,1,0,0,0.0
2026-08-12,S003,WAL0253,0,1,1,2,1,0,0,0.0
2026-08-12,S004,WAL0253,0,1,0,2,1,0,1,67.94
2026-08-12,S005,WAL0253,0,0,0,3,3,0,0,0.0
2026-08-12,S006,WAL0253,2,2,2,0,1,0,2,135.88
2026-08-12,S007,WAL0253,1,0,1,1,3,0,0,0.0
2026-08-12,S008,WAL0253,2,0,0,0,0,0,2,135.88
2026-08-12,S009,WAL0253,0,1,1,2,0,0,0,0.0
2026-08-12,S010,WAL0253,0,1,0,3,2,0,1,67.94
2026-08-12,S001,WAL0254,1,3,2,2,1,0,2,154.42
2026-08-12,S002,WAL0254,0,1,1,0,2,0,0,0.0
2026-08-12,S003,WAL0254,0,0,0,3,3,0,0,0.0
2026-08-12,S004,WAL0254,1,1,2,3,1,0,0,0.0
2026-08-12,S005,WAL0254,0,2,0,3,0,0,2,154.42
2026-08-12,S006,WAL0254,3,9,8,1,2,0,4,308.84
2026-08-12,S007,WAL0254,2,2,2,0,2,0,2,154.42
2026-08-12,S008,WAL0254,0,1,0,3,2,0,1,77.21
2026-08-12,S009,WAL0254,0,0,0,3,2,0,0,0.0
2026-08-12,S010,WAL0254,0,0,0,1,3,0,0,0.0
2026-08-12,S001,WAL0255,0,0,0,3,3,0,0,0.0
2026-08-12,S002,WAL0255,1,0,0,2,2,0,1,30.76
2026-08-12,S003,WAL0255,0,9,7,3,1,0,2,61.52
2026-08-12,S004,WAL0255,1,0,0,3,2,0,1,30.76
2026-08-12,S005,WAL0255,0,0,0,0,1,0,0,0.0
2026-08-12,S006,WAL0255,2,0,0,2,0,0,2,61.52
2026-08-12,S007,WAL0255,1,0,0,0,0,0,1,30.76
2026-08-12,S008,WAL0255,0,0,0,1,1,0,0,0.0
2026-08-12,S009,WAL0255,1,2,2,0,1,0,1,30.76
2026-08-12,S010,WAL0255,0,0,0,1,0,0,0,0.0
2026-08-12,S001,WAL0256,0,3,1,0,2,0,2,49.46
2026-08-12,S002,WAL0256,0,2,0,3,2,0,2,49.46
2026-08-12,S003,WAL0256,0,0,0,3,0,0,0,0.0
2026-08-12,S004,WAL0256,1,0,0,1,1,0,1,24.73
2026-08-12,S005,WAL0256,0,0,0,3,3,0,0,0.0
2026-08-12,S006,WAL0256,1,3,2,0,1,0,2,49.46
2026-08-12,S007,WAL0256,0,15,8,1,0,0,7,173.11
2026-08-12,S008,WAL0256,1,3,2,0,2,0,2,49.46
2026-08-12,S009,WAL0256,1,2,2,2,3,0,1,24.73
2026-08-12,S010,WAL0256,0,1,0,2,3,0,1,24.73
2026-08-12,S001,WAL0257,0,2,1,3,2,0,1,22.23
2026-08-12,S002,WAL0257,2,3,3,2,0,0,2,44.46
2026-08-12,S003,WAL0257,1,1,1,1,3,0,1,22.23
2026-08-12,S004,WAL0257,0,1,0,2,2,0,1,22.23
2026-08-12,S005,WAL0257,0,5,3,2,3,0,2,44.46
2026-08-12,S006,WAL0257,1,0,0,0,3,0,1,22.23
2026-08-12,S007,WAL0257,0,1,0,2,2,0,1,22.23
2026-08-12,S008,WAL0257,1,0,0,2,0,0,1,22.23
2026-08-12,S009,WAL0257,0,2,1,3,3,0,1,22.23
2026-08-12,S010,WAL0257,0,0,0,2,3,0,0,0.0
2026-08-12,S001,WAL0258,0,0,0,1,2,0,0,0.0
2026-08-12,S002,WAL0258,1,6,4,1,0,0,3,197.55
2026-08-12,S003,WAL0258,1,2,2,0,2,0,1,65.85
2026-08-12,S004,WAL0258,1,0,0,1,3,0,1,65.85
2026-08-12,S005,WAL0258,0,0,0,1,2,0,0,0.0
2026-08-12,S006,WAL0258,0,5,3,3,0,0,2,131.7
2026-08-12,S007,WAL0258,0,0,0,0,1,0,0,0.0
2026-08-12,S008,WAL0258,0,0,0,3,1,0,0,0.0
2026-08-12,S009,WAL0258,1,0,1,2,3,0,0,0.0
2026-08-12,S010,WAL0258,0,2,1,1,0,0,1,65.85
2026-08-12,S001,WAL0259,0,0,0,0,2,0,0,0.0
2026-08-12,S002,WAL0259,1,3,2,1,1,0,2,103.18
2026-08-12,S003,WAL0259,1,3,2,0,1,0,2,103.18
2026-08-12,S004,WAL0259,1,0,0,3,0,0,1,51.59
2026-08-12,S005,WAL0259,0,1,0,2,0,0,1,51.59
2026-08-12,S006,WAL0259,1,1,1,2,0,0,1,51.59
2026-08-12,S007,WAL0259,0,1,1,1,3,0,0,0.0
2026-08-12,S008,WAL0259,0,0,0,3,1,0,0,0.0
2026-08-12,S009,WAL0259,0,0,0,3,2,0,0,0.0
2026-08-12,S010,WAL0259,0,1,1,1,3,0,0,0.0
2026-08-12,S001,WAL0260,0,0,0,1,0,0,0,0.0
2026-08-12,S002,WAL0260,0,2,1,2,0,0,1,25.57
2026-08-12,S003,WAL0260,0,0,0,1,3,0,0,0.0
2026-08-12,S004,WAL0260,1,0,0,0,0,0,1,25.57
2026-08-12,S005,WAL0260,1,0,0,2,0,0,1,25.57
2026-08-12,S006,WAL0260,0,0,0,1,1,0,0,0.0
2026-08-12,S007,WAL0260,0,1,0,1,2,0,1,25.57
2026-08-12,S008,WAL0260,0,4,3,2,1,0,1,25.57
2026-08-12,S009,WAL0260,1,7,5,2,1,0,3,76.71
2026-08-12,S010,WAL0260,1,1,2,3,1,0,0,0.0
2026-08-12,S001,WAL0261,0,1,1,2,0,0,0,0.0
2026-08-12,S002,WAL0261,0,13,9,3,3,0,4,249.32
2026-08-12,S003,WAL0261,1,2,2,3,3,0,1,62.33
2026-08-12,S004,WAL0261,1,12,9,1,1,0,4,249.32
2026-08-12,S005,WAL0261,0,0,0,2,0,0,0,0.0
2026-08-12,S006,WAL0261,1,1,1,1,1,0,1,62.33
2026-08-12,S007,WAL0261,0,3,2,1,2,0,1,62.33
2026-08-12,S008,WAL0261,1,0,0,1,1,0,1,62.33
2026-08-12,S009,WAL0261,0,4,3,3,2,0,1,62.33
2026-08-12,S010,WAL0261,1,1,1,2,0,0,1,62.33
2026-08-12,S001,WAL0262,1,1,1,3,1,0,1,38.89
2026-08-12,S002,WAL0262,0,1,0,0,3,0,1,38.89
2026-08-12,S003,WAL0262,0,2,1,1,0,0,1,38.89
2026-08-12,S004,WAL0262,0,0,0,3,3,0,0,0.0
2026-08-12,S005,WAL0262,1,4,4,0,1,0,1,38.89
2026-08-12,S006,WAL0262,2,9,8,3,3,0,3,116.67
2026-08-12,S007,WAL0262,1,2,2,1,2,0,1,38.89
2026-08-12,S008,WAL0262,1,0,1,3,3,0,0,0.0
2026-08-12,S009,WAL0262,1,0,0,1,3,0,1,38.89
2026-08-12,S010,WAL0262,0,2,2,2,1,0,0,0.0
2026-08-12,S001,WAL0263,0,0,0,1,0,0,0,0.0
2026-08-12,S002,WAL0263,0,3,2,3,1,0,1,33.1
2026-08-12,S003,WAL0263,1,0,0,2,2,0,1,33.1
2026-08-12,S004,WAL0263,0,5,4,2,3,0,1,33.1
2026-08-12,S005,WAL0263,1,0,0,1,1,0,1,33.1
2026-08-12,S006,WAL0263,1,5,5,1,0,0,1,33.1
2026-08-12,S007,WAL0263,1,4,3,1,1,0,2,66.2
2026-08-12,S008,WAL0263,0,1,0,2,2,0,1,33.1
2026-08-12,S009,WAL0263,0,2,1,3,1,0,1,33.1
2026-08-12,S010,WAL0263,0,1,1,2,0,0,0,0.0
2026-08-12,S001,WAL0264,0,0,0,2,0,0,0,0.0
2026-08-12,S002,WAL0264,2,6,5,1,2,0,3,144.57
2026-08-12,S003,WAL0264,0,2,2,2,0,0,0,0.0
2026-08-12,S004,WAL0264,0,0,0,0,2,0,0,0.0
2026-08-12,S005,WAL0264,0,0,0,1,1,0,0,0.0
2026-08-12,S006,WAL0264,1,1,1,1,1,0,1,48.19
2026-08-12,S007,WAL0264,0,0,0,2,3,0,0,0.0
2026-08-12,S008,WAL0264,1,2,2,3,0,0,1,48.19
2026-08-12,S009,WAL0264,0,0,0,0,2,0,0,0.0
2026-08-12,S010,WAL0264,0,0,0,0,1,0,0,0.0
2026-08-12,S001,WAL0265,0,0,0,0,3,0,0,0.0
2026-08-12,S002,WAL0265,0,1,0,1,0,0,1,67.29
2026-08-12,S003,WAL0265,1,4,3,2,2,0,2,134.58
2026-08-12,S004,WAL0265,0,0,0,2,0,0,0,0.0
2026-08-12,S005,WAL0265,0,1,0,2,3,0,1,67.29
2026-08-12,S006,WAL0265,0,4,3,1,3,0,1,67.29
2026-08-12,S007,WAL0265,0,1,0,3,2,0,1,67.29
2026-08-12,S008,WAL0265,0,0,0,1,3,0,0,0.0
2026-08-12,S009,WAL0265,1,0,1,1,2,0,0,0.0
2026-08-12,S010,WAL0265,0,0,0,3,0,0,0,0.0
2026-08-12,S001,WAL0266,0,1,1,3,2,0,0,0.0
2026-08-12,S002,WAL0266,2,7,6,0,3,0,3,44.46
2026-08-12,S003,WAL0266,0,3,1,0,0,0,2,29.64
2026-08-12,S004,WAL0266,1,0,0,0,2,0,1,14.82
2026-08-12,S005,WAL0266,1,0,0,3,2,0,1,14.82
2026-08-12,S006,WAL0266,1,1,1,3,1,0,1,14.82
2026-08-12,S007,WAL0266,1,2,2,0,1,0,1,14.82
2026-08-12,S008,WAL0266,0,0,0,3,0,0,0,0.0
2026-08-12,S009,WAL0266,0,0,0,0,0,0,0,0.0
2026-08-12,S010,WAL0266,0,1,0,2,3,0,1,14.82
2026-08-12,S001,WAL0267,1,9,7,3,2,0,3,132.45
2026-08-12,S002,WAL0267,1,4,3,1,1,0,2,88.3
2026-08-12,S003,WAL0267,1,0,0,0,1,0,1,44.15
2026-08-12,S004,WAL0267,1,1,2,1,3,0,0,0.0
2026-08-12,S005,WAL0267,0,1,1,2,3,0,0,0.0
2026-08-12,S006,WAL0267,0,7,5,3,0,0,2,88.3
2026-08-12,S007,WAL0267,0,2,0,2,2,0,2,88.3
2026-08-12,S008,WAL0267,0,1,0,0,1,0,1,44.15
2026-08-12,S009,WAL0267,0,0,0,0,0,0,0,0.0
2026-08-12,S010,WAL0267,0,1,0,3,2,0,1,44.15
2026-08-12,S001,WAL0268,0,1,0,3,2,0,1,37.66
2026-08-12,S002,WAL0268,0,7,4,1,3,0,3,112.98
2026-08-12,S003,WAL0268,0,3,2,2,0,0,1,37.66
2026-08-12,S004,WAL0268,0,0,0,3,2,0,0,0.0
2026-08-12,S005,WAL0268,0,0,0,0,2,0,0,0.0
2026-08-12,S006,WAL0268,0,1,0,3,2,0,1,37.66
2026-08-12,S007,WAL0268,0,0,0,1,2,0,0,0.0
2026-08-12,S008,WAL0268,2,3,2,2,0,0,3,112.98
2026-08-12,S009,WAL0268,1,0,1,1,1,0,0,0.0
2026-08-12,S010,WAL0268,0,3,2,3,0,0,1,37.66
2026-08-12,S001,WAL0269,0,0,0,3,2,0,0,0.0
2026-08-12,S002,WAL0269,0,3,2,0,0,0,1,51.71
2026-08-12,S003,WAL0269,1,1,1,1,2,0,1,51.71
2026-08-12,S004,WAL0269,1,5,4,1,0,0,2,103.42
2026-08-12,S005,WAL0269,0,10,7,3,0,0,3,155.13
2026-08-12,S006,WAL0269,0,14,8,1,3,0,6,310.26
2026-08-12,S007,WAL0269,0,3,2,2,2,1,1,51.71
2026-08-12,S008,WAL0269,0,5,4,0,2,0,1,51.71
2026-08-12,S009,WAL0269,2,3,3,3,1,0,2,103.42
2026-08-12,S010,WAL0269,3,7,6,2,2,0,4,206.84
2026-08-12,S001,WAL0270,0,0,0,2,0,0,0,0.0
2026-08-12,S002,WAL0270,0,2,1,3,2,0,1,65.21
2026-08-12,S003,WAL0270,0,0,0,1,3,0,0,0.0
2026-08-12,S004,WAL0270,0,0,0,3,0,0,0,0.0
2026-08-12,S005,WAL0270,0,0,0,1,2,0,0,0.0
2026-08-12,S006,WAL0270,2,7,6,3,0,0,3,195.63
2026-08-12,S007,WAL0270,1,0,0,2,2,1,1,65.21
2026-08-12,S008,WAL0270,0,0,0,1,3,1,0,0.0
2026-08-12,S009,WAL0270,0,4,2,0,0,0,2,130.42
2026-08-12,S010,WAL0270,0,1,1,1,1,0,0,0.0
2026-08-12,S001,WAL0271,0,0,0,2,0,0,0,0.0
2026-08-12,S002,WAL0271,0,3,2,0,1,0,1,59.17
2026-08-12,S003,WAL0271,1,0,0,3,2,0,1,59.17
2026-08-12,S004,WAL0271,0,0,0,3,3,0,0,0.0
2026-08-12,S005,WAL0271,0,7,5,0,2,0,2,118.34
2026-08-12,S006,WAL0271,2,4,3,2,2,0,3,177.51
2026-08-12,S007,WAL0271,0,0,0,3,1,0,0,0.0
2026-08-12,S008,WAL0271,1,0,1,2,0,0,0,0.0
2026-08-12,S009,WAL0271,1,2,2,2,0,0,1,59.17
2026-08-12,S010,WAL0271,0,1,0,3,1,0,1,59.17
2026-08-12,S001,WAL0272,2,5,5,2,1,0,2,83.46
2026-08-12,S002,WAL0272,0,3,2,3,2,0,1,41.73
2026-08-12,S003,WAL0272,1,1,0,2,0,0,2,83.46
2026-08-12,S004,WAL0272,2,2,2,3,2,0,2,83.46
2026-08-12,S005,WAL0272,0,2,1,3,1,0,1,41.73
2026-08-12,S006,WAL0272,2,5,4,2,0,0,3,125.19
2026-08-12,S007,WAL0272,0,2,2,0,1,0,0,0.0
2026-08-12,S008,WAL0272,1,10,6,2,2,0,5,208.65
2026-08-12,S009,WAL0272,1,0,1,0,2,0,0,0.0
2026-08-12,S010,WAL0272,2,3,3,2,0,0,2,83.46
2026-08-12,S001,WAL0273,1,4,3,3,2,0,2,132.66
2026-08-12,S002,WAL0273,0,1,0,1,3,0,1,66.33
2026-08-12,S003,WAL0273,2,6,5,3,1,0,3,198.99
2026-08-12,S004,WAL0273,1,1,1,2,1,0,1,66.33
2026-08-12,S005,WAL0273,1,6,4,2,2,0,3,198.99
2026-08-12,S006,WAL0273,1,4,3,3,3,0,2,132.66
2026-08-12,S007,WAL0273,1,1,1,0,3,0,1,66.33
2026-08-12,S008,WAL0273,1,2,2,2,2,0,1,66.33
2026-08-12,S009,WAL0273,0,0,0,3,0,0,0,0.0
2026-08-12,S010,WAL0273,1,0,0,0,0,0,1,66.33
2026-08-12,S001,WAL0274,1,2,2,3,3,0,1,39.04
2026-08-12,S002,WAL0274,1,0,0,2,2,0,1,39.04
2026-08-12,S003,WAL0274,0,0,0,1,3,0,0,0.0
2026-08-12,S004,WAL0274,0,0,0,1,2,0,0,0.0
2026-08-12,S005,WAL0274,1,0,1,3,0,0,0,0.0
2026-08-12,S006,WAL0274,0,0,0,3,2,0,0,0.0
2026-08-12,S007,WAL0274,0,1,0,3,3,0,1,39.04
2026-08-12,S008,WAL0274,2,4,4,1,2,0,2,78.08
2026-08-12,S009,WAL0274,0,1,0,1,0,0,1,39.04
2026-08-12,S010,WAL0274,0,1,0,3,2,0,1,39.04
2026-08-12,S001,WAL0275,0,1,0,3,0,0,1,54.58
2026-08-12,S002,WAL0275,1,0,0,2,3,0,1,54.58
2026-08-12,S003,WAL0275,0,0,0,0,3,0,0,0.0
2026-08-12,S004,WAL0275,0,1,0,3,2,1,1,54.58
2026-08-12,S005,WAL0275,0,2,1,1,2,0,1,54.58
2026-08-12,S006,WAL0275,0,1,1,2,2,0,0,0.0
2026-08-12,S007,WAL0275,2,3,3,2,0,0,2,109.16
2026-08-12,S008,WAL0275,0,1,0,3,0,0,1,54.58
2026-08-12,S009,WAL0275,1,0,0,0,0,0,1,54.58
2026-08-12,S010,WAL0275,0,2,1,3,1,0,1,54.58
2026-08-12,S001,WAL0276,0,0,0,0,3,0,0,0.0
2026-08-12,S002,WAL0276,0,0,0,0,0,0,0,0.0
2026-08-12,S003,WAL0276,0,1,0,3,0,0,1,40.41
2026-08-12,S004,WAL0276,0,1,0,0,0,0,1,40.41
2026-08-12,S005,WAL0276,0,0,0,2,3,0,0,0.0
2026-08-12,S006,WAL0276,1,0,0,0,2,0,1,40.41
2026-08-12,S007,WAL0276,0,1,0,2,0,0,1,40.41
2026-08-12,S008,WAL0276,1,2,0,1,2,0,3,121.23
2026-08-12,S009,WAL0276,2,4,3,0,2,0,3,121.23
2026-08-12,S010,WAL0276,0,6,5,1,3,0,1,40.41
2026-08-12,S001,WAL0277,0,0,0,1,3,0,0,0.0
2026-08-12,S002,WAL0277,0,0,0,0,2,0,0,0.0
2026-08-12,S003,WAL0277,0,2,1,2,1,0,1,88.61
2026-08-12,S004,WAL0277,0,0,0,3,3,0,0,0.0
2026-08-12,S005,WAL0277,1,6,4,1,3,0,3,265.83
2026-08-12,S006,WAL0277,0,8,5,3,3,0,3,265.83
2026-08-12,S007,WAL0277,1,0,1,1,3,0,0,0.0
2026-08-12,S008,WAL0277,0,1,0,1,2,0,1,88.61
2026-08-12,S009,WAL0277,0,1,0,3,1,0,1,88.61
2026-08-12,S010,WAL0277,0,1,1,1,1,0,0,0.0
2026-08-12,S001,WAL0278,0,0,0,3,3,0,0,0.0
2026-08-12,S002,WAL0278,2,7,6,0,3,0,3,62.73
2026-08-12,S003,WAL0278,0,0,0,0,0,0,0,0.0
2026-08-12,S004,WAL0278,1,1,1,1,1,0,1,20.91
2026-08-12,S005,WAL0278,0,1,0,2,3,0,1,20.91
2026-08-12,S006,WAL0278,0,0,0,1,3,0,0,0.0
2026-08-12,S007,WAL0278,0,1,0,2,2,0,1,20.91
2026-08-12,S008,WAL0278,0,0,0,3,3,0,0,0.0
2026-08-12,S009,WAL0278,2,3,3,3,2,0,2,41.82
2026-08-12,S010,WAL0278,0,0,0,1,0,0,0,0.0
2026-08-12,S001,WAL0279,0,0,0,1,1,0,0,0.0
2026-08-12,S002,WAL0279,0,1,0,1,2,0,1,74.76
2026-08-12,S003,WAL0279,1,1,1,3,3,0,1,74.76
2026-08-12,S004,WAL0279,0,1,0,1,1,0,1,74.76
2026-08-12,S005,WAL0279,0,0,0,1,2,0,0,0.0
2026-08-12,S006,WAL0279,0,0,0,0,2,0,0,0.0
2026-08-12,S007,WAL0279,0,0,0,3,1,0,0,0.0
2026-08-12,S008,WAL0279,0,0,0,1,2,0,0,0.0
2026-08-12,S009,WAL0279,1,0,1,0,2,0,0,0.0
2026-08-12,S010,WAL0279,0,0,0,1,0,0,0,0.0
2026-08-12,S001,WAL0280,0,0,0,1,3,0,0,0.0
2026-08-12,S002,WAL0280,1,0,0,0,3,0,1,24.9
2026-08-12,S003,WAL0280,2,0,0,0,2,0,2,49.8
2026-08-12,S004,WAL0280,0,0,0,3,3,0,0,0.0
2026-08-12,S005,WAL0280,0,2,1,3,1,0,1,24.9
2026-08-12,S006,WAL0280,0,4,3,2,3,0,1,24.9
2026-08-12,S007,WAL0280,0,0,0,1,3,0,0,0.0
2026-08-12,S008,WAL0280,1,0,0,1,0,0,1,24.9
2026-08-12,S009,WAL0280,0,6,4,1,3,0,2,49.8
2026-08-12,S010,WAL0280,0,0,0,3,2,0,0,0.0
2026-08-12,S001,WAL0281,0,2,1,2,0,1,1,53.11
2026-08-12,S002,WAL0281,1,3,2,3,0,0,2,106.22
2026-08-12,S003,WAL0281,1,2,2,2,1,0,1,53.11
2026-08-12,S004,WAL0281,3,10,9,1,1,0,4,212.44
2026-08-12,S005,WAL0281,1,1,1,2,2,0,1,53.11
2026-08-12,S006,WAL0281,0,9,6,1,2,0,3,159.33
2026-08-12,S007,WAL0281,1,1,2,3,3,0,0,0.0
2026-08-12,S008,WAL0281,1,3,2,0,2,0,2,106.22
2026-08-12,S009,WAL0281,0,0,0,1,0,0,0,0.0
2026-08-12,S010,WAL0281,0,3,1,1,3,0,2,106.22
2026-08-12,S001,WAL0282,0,7,4,1,1,0,3,43.26
2026-08-12,S002,WAL0282,0,2,1,1,1,0,1,14.42
2026-08-12,S003,WAL0282,0,0,0,3,0,0,0,0.0
2026-08-12,S004,WAL0282,0,0,0,3,2,0,0,0.0
2026-08-12,S005,WAL0282,0,0,0,0,3,0,0,0.0
2026-08-12,S006,WAL0282,1,0,1,3,2,0,0,0.0
2026-08-12,S007,WAL0282,0,1,1,2,2,0,0,0.0
2026-08-12,S008,WAL0282,0,1,0,0,1,0,1,14.42
2026-08-12,S009,WAL0282,0,0,0,2,2,0,0,0.0
2026-08-12,S010,WAL0282,0,0,0,3,2,0,0,0.0
2026-08-12,S001,WAL0283,0,1,1,1,0,0,0,0.0
2026-08-12,S002,WAL0283,0,3,2,0,2,0,1,10.21
2026-08-12,S003,WAL0283,0,2,1,0,2,0,1,10.21
2026-08-12,S004,WAL0283,0,0,0,3,0,0,0,0.0
2026-08-12,S005,WAL0283,2,1,1,3,2,0,2,20.42
2026-08-12,S006,WAL0283,0,1,0,2,3,0,1,10.21
2026-08-12,S007,WAL0283,0,1,0,1,0,0,1,10.21
2026-08-12,S008,WAL0283,2,14,10,1,0,0,6,61.26
2026-08-12,S009,WAL0283,1,2,2,3,1,0,1,10.21
2026-08-12,S010,WAL0283,0,0,0,1,2,0,0,0.0
2026-08-12,S001,WAL0284,0,0,0,3,1,0,0,0.0
2026-08-12,S002,WAL0284,0,10,6,2,1,0,4,256.28
2026-08-12,S003,WAL0284,0,0,0,3,1,0,0,0.0
2026-08-12,S004,WAL0284,0,1,0,3,2,0,1,64.07
2026-08-12,S005,WAL0284,0,1,0,1,1,0,1,64.07
2026-08-12,S006,WAL0284,0,0,0,1,1,0,0,0.0
2026-08-12,S007,WAL0284,0,0,0,1,2,0,0,0.0
2026-08-12,S008,WAL0284,1,1,0,3,1,0,2,128.14
2026-08-12,S009,WAL0284,0,0,0,2,2,1,0,0.0
2026-08-12,S010,WAL0284,1,0,0,1,0,0,1,64.07
2026-08-12,S001,WAL0285,0,0,0,0,1,0,0,0.0
2026-08-12,S002,WAL0285,0,0,0,3,1,0,0,0.0
2026-08-12,S003,WAL0285,0,1,0,0,0,0,1,81.79
2026-08-12,S004,WAL0285,0,2,1,2,0,0,1,81.79
2026-08-12,S005,WAL0285,0,1,0,3,2,0,1,81.79
2026-08-12,S006,WAL0285,0,0,0,0,3,0,0,0.0
2026-08-12,S007,WAL0285,1,0,1,1,2,0,0,0.0
2026-08-12,S008,WAL0285,0,0,0,1,3,0,0,0.0
2026-08-12,S009,WAL0285,0,0,0,3,2,0,0,0.0
2026-08-12,S010,WAL0285,1,0,1,3,3,0,0,0.0
2026-08-12,S001,WAL0286,1,0,0,0,1,0,1,72.5
2026-08-12,S002,WAL0286,0,4,2,1,2,0,2,145.0
2026-08-12,S003,WAL0286,0,1,0,3,2,0,1,72.5
2026-08-12,S004,WAL0286,1,0,0,3,2,0,1,72.5
2026-08-12,S005,WAL0286,0,0,0,3,0,0,0,0.0
2026-08-12,S006,WAL0286,0,1,0,2,2,0,1,72.5
2026-08-12,S007,WAL0286,0,2,0,0,2,0,2,145.0
2026-08-12,S008,WAL0286,0,1,0,2,1,0,1,72.5
2026-08-12,S009,WAL0286,1,0,0,1,1,0,1,72.5
2026-08-12,S010,WAL0286,0,0,0,0,3,0,0,0.0
2026-08-12,S001,WAL0287,0,1,1,1,0,0,0,0.0
2026-08-12,S002,WAL0287,0,1,1,3,1,0,0,0.0
2026-08-12,S003,WAL0287,0,2,1,1,0,0,1,57.5
2026-08-12,S004,WAL0287,1,1,0,3,0,0,2,115.0
2026-08-12,S005,WAL0287,0,8,5,3,0,0,3,172.5
2026-08-12,S006,WAL0287,0,0,0,3,3,0,0,0.0
2026-08-12,S007,WAL0287,1,2,1,2,2,0,2,115.0
2026-08-12,S008,WAL0287,0,4,2,0,2,0,2,115.0
2026-08-12,S009,WAL0287,0,5,3,1,0,0,2,115.0
2026-08-12,S010,WAL0287,0,4,2,3,0,0,2,115.0
2026-08-12,S001,WAL0288,2,4,4,3,2,0,2,35.42
2026-08-12,S002,WAL0288,0,5,4,3,1,0,1,17.71
2026-08-12,S003,WAL0288,0,0,0,3,2,0,0,0.0
2026-08-12,S004,WAL0288,1,1,2,0,3,0,0,0.0
2026-08-12,S005,WAL0288,1,1,1,2,1,1,1,17.71
2026-08-12,S006,WAL0288,0,0,0,1,2,0,0,0.0
2026-08-12,S007,WAL0288,1,0,0,1,1,0,1,17.71
2026-08-12,S008,WAL0288,1,0,1,2,3,0,0,0.0
2026-08-12,S009,WAL0288,1,0,1,3,3,0,0,0.0
2026-08-12,S010,WAL0288,0,3,2,0,1,0,1,17.71
2026-08-12,S001,WAL0289,0,0,0,2,2,0,0,0.0
2026-08-12,S002,WAL0289,1,6,5,3,2,0,2,50.42
2026-08-12,S003,WAL0289,1,0,1,0,3,0,0,0.0
2026-08-12,S004,WAL0289,1,2,2,2,2,0,1,25.21
2026-08-12,S005,WAL0289,1,0,1,2,0,0,0,0.0
2026-08-12,S006,WAL0289,0,0,0,2,2,0,0,0.0
2026-08-12,S007,WAL0289,1,0,1,2,1,0,0,0.0
2026-08-12,S008,WAL0289,2,1,1,3,0,0,2,50.42
2026-08-12,S009,WAL0289,1,1,0,1,0,0,2,50.42
2026-08-12,S010,WAL0289,0,0,0,0,0,0,0,0.0
2026-08-12,S001,WAL0290,1,0,0,0,2,0,1,47.46
2026-08-12,S002,WAL0290,2,2,2,2,0,0,2,94.92
2026-08-12,S003,WAL0290,0,1,0,0,2,0,1,47.46
2026-08-12,S004,WAL0290,0,0,0,3,1,0,0,0.0
2026-08-12,S005,WAL0290,1,0,0,1,2,0,1,47.46
2026-08-12,S006,WAL0290,1,0,0,3,3,0,1,47.46
2026-08-12,S007,WAL0290,1,1,1,0,3,1,1,47.46
2026-08-12,S008,WAL0290,0,0,0,2,1,0,0,0.0
2026-08-12,S009,WAL0290,1,4,4,1,1,0,1,47.46
2026-08-12,S010,WAL0290,0,1,0,1,3,0,1,47.46
2026-08-12,S001,WAL0291,1,3,3,2,3,0,1,42.87
2026-08-12,S002,WAL0291,0,1,1,2,3,0,0,0.0
2026-08-12,S003,WAL0291,0,0,0,1,3,0,0,0.0
2026-08-12,S004,WAL0291,0,0,0,0,0,0,0,0.0
2026-08-12,S005,WAL0291,0,0,0,2,3,0,0,0.0
2026-08-12,S006,WAL0291,0,3,2,2,1,0,1,42.87
2026-08-12,S007,WAL0291,1,3,3,2,2,0,1,42.87
2026-08-12,S008,WAL0291,1,0,0,2,3,0,1,42.87
2026-08-12,S009,WAL0291,0,1,0,2,3,0,1,42.87
2026-08-12,S010,WAL0291,1,0,1,3,3,0,0,0.0
2026-08-12,S001,WAL0292,2,5,5,3,0,0,2,37.64
2026-08-12,S002,WAL0292,0,9,5,2,0,0,4,75.28
2026-08-12,S003,WAL0292,0,1,1,3,1,0,0,0.0
2026-08-12,S004,WAL0292,0,0,0,2,2,0,0,0.0
2026-08-12,S005,WAL0292,2,2,2,1,2,0,2,37.64
2026-08-12,S006,WAL0292,2,0,0,0,0,0,2,37.64
2026-08-12,S007,WAL0292,0,4,2,3,2,0,2,37.64
2026-08-12,S008,WAL0292,0,2,2,1,3,0,0,0.0
2026-08-12,S009,WAL0292,0,1,1,1,2,0,0,0.0
2026-08-12,S010,WAL0292,0,0,0,3,3,0,0,0.0
2026-08-12,S001,WAL0293,0,4,2,3,3,0,2,117.04
2026-08-12,S002,WAL0293,0,2,0,1,2,0,2,117.04
2026-08-12,S003,WAL0293,1,0,0,0,0,0,1,58.52
2026-08-12,S004,WAL0293,0,1,1,2,1,0,0,0.0
2026-08-12,S005,WAL0293,1,2,2,0,2,0,1,58.52
2026-08-12,S006,WAL0293,1,2,2,3,2,0,1,58.52
2026-08-12,S007,WAL0293,1,2,2,3,3,0,1,58.52
2026-08-12,S008,WAL0293,0,0,0,3,3,0,0,0.0
2026-08-12,S009,WAL0293,0,2,1,0,2,0,1,58.52
2026-08-12,S010,WAL0293,2,0,0,0,1,0,2,117.04
2026-08-12,S001,WAL0294,0,0,0,3,1,0,0,0.0
2026-08-12,S002,WAL0294,0,1,1,1,1,0,0,0.0
2026-08-12,S003,WAL0294,0,3,2,0,0,0,1,61.82
2026-08-12,S004,WAL0294,0,0,0,2,1,1,0,0.0
2026-08-12,S005,WAL0294,0,1,0,1,3,0,1,61.82
2026-08-12,S006,WAL0294,2,4,4,1,3,0,2,123.64
2026-08-12,S007,WAL0294,2,7,6,2,0,0,3,185.46
2026-08-12,S008,WAL0294,0,2,1,2,2,0,1,61.82
2026-08-12,S009,WAL0294,0,2,2,2,1,0,0,0.0
2026-08-12,S010,WAL0294,0,4,2,1,2,0,2,123.64
2026-08-12,S001,WAL0295,0,3,2,3,2,0,1,45.0
2026-08-12,S002,WAL0295,0,0,0,1,3,0,0,0.0
2026-08-12,S003,WAL0295,2,5,4,2,3,1,3,135.0
2026-08-12,S004,WAL0295,0,3,2,0,0,0,1,45.0
2026-08-12,S005,WAL0295,0,1,0,0,0,0,1,45.0
2026-08-12,S006,WAL0295,1,1,1,0,3,0,1,45.0
2026-08-12,S007,WAL0295,1,0,0,2,2,0,1,45.0
2026-08-12,S008,WAL0295,0,0,0,2,2,0,0,0.0
2026-08-12,S009,WAL0295,0,1,0,1,1,0,1,45.0
2026-08-12,S010,WAL0295,0,2,2,2,3,0,0,0.0
2026-08-12,S001,WAL0296,0,0,0,3,1,0,0,0.0
2026-08-12,S002,WAL0296,0,2,2,3,1,0,0,0.0
2026-08-12,S003,WAL0296,0,0,0,0,2,0,0,0.0
2026-08-12,S004,WAL0296,1,0,0,1,2,0,1,33.44
2026-08-12,S005,WAL0296,0,0,0,1,0,0,0,0.0
2026-08-12,S006,WAL0296,2,12,8,0,2,0,6,200.64
2026-08-12,S007,WAL0296,0,0,0,1,0,0,0,0.0
2026-08-12,S008,WAL0296,0,1,0,3,3,0,1,33.44
2026-08-12,S009,WAL0296,0,0,0,2,2,0,0,0.0
2026-08-12,S010,WAL0296,1,1,0,0,3,0,2,66.88
2026-08-12,S001,WAL0297,1,0,1,1,3,1,0,0.0
2026-08-12,S002,WAL0297,0,0,0,2,3,0,0,0.0
2026-08-12,S003,WAL0297,0,3,2,3,0,0,1,70.43
2026-08-12,S004,WAL0297,0,0,0,2,1,0,0,0.0
2026-08-12,S005,WAL0297,1,2,1,3,1,0,2,140.86
2026-08-12,S006,WAL0297,1,1,1,1,3,0,1,70.43
2026-08-12,S007,WAL0297,0,1,1,2,3,0,0,0.0
2026-08-12,S008,WAL0297,1,5,4,1,3,0,2,140.86
2026-08-12,S009,WAL0297,0,0,0,1,3,0,0,0.0
2026-08-12,S010,WAL0297,2,0,0,3,3,0,2,140.86
2026-08-12,S001,WAL0298,2,2,2,2,1,0,2,68.6
2026-08-12,S002,WAL0298,2,1,1,0,0,0,2,68.6
2026-08-12,S003,WAL0298,1,4,3,1,0,0,2,68.6
2026-08-12,S004,WAL0298,2,5,5,0,3,0,2,68.6
2026-08-12,S005,WAL0298,1,0,0,2,2,0,1,34.3
2026-08-12,S006,WAL0298,1,0,1,0,2,0,0,0.0
2026-08-12,S007,WAL0298,1,1,1,3,1,0,1,34.3
2026-08-12,S008,WAL0298,1,1,1,2,3,0,1,34.3
2026-08-12,S009,WAL0298,1,0,1,1,1,0,0,0.0
2026-08-12,S010,WAL0298,0,1,0,1,3,0,1,34.3
2026-08-12,S001,WAL0299,0,4,3,1,2,0,1,43.13
2026-08-12,S002,WAL0299,0,2,2,0,2,0,0,0.0
2026-08-12,S003,WAL0299,0,1,0,2,0,0,1,43.13
2026-08-12,S004,WAL0299,2,7,6,1,2,0,3,129.39
2026-08-12,S005,WAL0299,0,0,0,3,2,0,0,0.0
2026-08-12,S006,WAL0299,0,1,0,3,0,0,1,43.13
2026-08-12,S007,WAL0299,0,0,0,0,1,0,0,0.0
2026-08-12,S008,WAL0299,0,1,0,0,3,0,1,43.13
2026-08-12,S009,WAL0299,0,1,1,1,2,0,0,0.0
2026-08-12,S010,WAL0299,0,0,0,1,2,0,0,0.0
2026-08-12,S001,WAL0300,0,0,0,3,0,0,0,0.0
2026-08-12,S002,WAL0300,0,1,0,3,2,0,1,45.39
2026-08-12,S003,WAL0300,0,0,0,2,3,0,0,0.0
2026-08-12,S004,WAL0300,1,1,2,0,0,0,0,0.0
2026-08-12,S005,WAL0300,0,1,0,1,1,0,1,45.39
2026-08-12,S006,WAL0300,2,0,0,0,3,0,2,90.78
2026-08-12,S007,WAL0300,0,1,0,0,3,0,1,45.39
2026-08-12,S008,WAL0300,1,0,0,0,3,0,1,45.39
2026-08-12,S009,WAL0300,0,3,2,3,3,0,1,45.39
2026-08-12,S010,WAL0300,0,0,0,3,0,0,0,0.0
2026-08-12,S001,WAL0301,0,0,0,0,0,0,0,0.0
2026-08-12,S002,WAL0301,0,4,3,2,2,0,1,25.67
2026-08-12,S003,WAL0301,1,3,2,0,1,0,2,51.34
2026-08-12,S004,WAL0301,0,0,0,3,1,0,0,0.0
2026-08-12,S005,WAL0301,1,2,2,2,0,0,1,25.67
2026-08-12,S006,WAL0301,0,0,0,3,3,0,0,0.0
2026-08-12,S007,WAL0301,1,2,1,1,3,0,2,51.34
2026-08-12,S008,WAL0301,0,0,0,1,0,0,0,0.0
2026-08-12,S009,WAL0301,0,4,1,0,3,0,3,77.01
2026-08-12,S010,WAL0301,1,1,1,3,3,0,1,25.67
2026-08-12,S001,WAL0302,0,1,0,1,1,0,1,52.96
2026-08-12,S002,WAL0302,1,6,5,1,0,0,2,105.92
2026-08-12,S003,WAL0302,1,1,1,0,2,0,1,52.96
2026-08-12,S004,WAL0302,0,3,3,0,1,0,0,0.0
2026-08-12,S005,WAL0302,0,0,0,1,1,0,0,0.0
2026-08-12,S006,WAL0302,1,0,0,1,3,0,1,52.96
2026-08-12,S007,WAL0302,0,1,0,0,0,0,1,52.96
2026-08-12,S008,WAL0302,2,0,0,0,1,0,2,105.92
2026-08-12,S009,WAL0302,0,0,0,2,1,0,0,0.0
2026-08-12,S010,WAL0302,1,3,2,2,0,0,2,105.92
2026-08-12,S001,WAL0303,0,1,0,1,1,0,1,32.31
2026-08-12,S002,WAL0303,0,1,0,1,1,0,1,32.31
2026-08-12,S003,WAL0303,0,3,3,3,3,0,0,0.0
2026-08-12,S004,WAL0303,0,0,0,3,1,0,0,0.0
2026-08-12,S005,WAL0303,2,1,0,1,2,0,3,96.93
2026-08-12,S006,WAL0303,2,5,4,1,3,0,3,96.93
2026-08-12,S007,WAL0303,2,0,0,2,3,0,2,64.62
2026-08-12,S008,WAL0303,1,2,2,3,2,0,1,32.31
2026-08-12,S009,WAL0303,1,1,1,3,2,0,1,32.31
2026-08-12,S010,WAL0303,0,0,0,0,1,0,0,0.0
2026-08-12,S001,WAL0304,0,0,0,0,3,0,0,0.0
2026-08-12,S002,WAL0304,1,0,1,3,3,0,0,0.0
2026-08-12,S003,WAL0304,0,0,0,2,1,0,0,0.0
2026-08-12,S004,WAL0304,0,0,0,1,0,0,0,0.0
2026-08-12,S005,WAL0304,0,0,0,0,1,0,0,0.0
2026-08-12,S006,WAL0304,0,8,5,3,3,0,3,194.1
2026-08-12,S007,WAL0304,1,0,0,2,1,0,1,64.7
2026-08-12,S008,WAL0304,1,3,2,0,0,0,2,129.4
2026-08-12,S009,WAL0304,0,2,1,2,0,0,1,64.7
2026-08-12,S010,WAL0304,0,0,0,3,3,0,0,0.0
2026-08-12,S001,WAL0305,0,2,1,1,0,0,1,17.55
2026-08-12,S002,WAL0305,2,4,4,1,3,0,2,35.1
2026-08-12,S003,WAL0305,0,2,1,0,3,0,1,17.55
2026-08-12,S004,WAL0305,0,0,0,3,0,0,0,0.0
2026-08-12,S005,WAL0305,1,1,2,2,2,0,0,0.0
2026-08-12,S006,WAL0305,1,0,0,1,1,0,1,17.55
2026-08-12,S007,WAL0305,0,0,0,2,2,0,0,0.0
2026-08-12,S008,WAL0305,1,3,4,3,3,0,0,0.0
2026-08-12,S009,WAL0305,1,2,2,1,1,0,1,17.55
2026-08-12,S010,WAL0305,1,1,0,3,0,0,2,35.1
2026-08-12,S001,WAL0306,0,1,0,1,3,0,1,54.39
2026-08-12,S002,WAL0306,0,1,0,0,2,0,1,54.39
2026-08-12,S003,WAL0306,0,2,0,0,1,0,2,108.78
2026-08-12,S004,WAL0306,0,0,0,2,3,0,0,0.0
2026-08-12,S005,WAL0306,0,4,2,0,2,0,2,108.78
2026-08-12,S006,WAL0306,0,2,0,0,2,0,2,108.78
2026-08-12,S007,WAL0306,1,1,2,0,0,0,0,0.0
2026-08-12,S008,WAL0306,2,6,6,3,2,0,2,108.78
2026-08-12,S009,WAL0306,0,0,0,2,0,0,0,0.0
2026-08-12,S010,WAL0306,0,1,1,2,3,0,0,0.0
2026-08-12,S001,WAL0307,0,5,3,0,3,0,2,68.8
2026-08-12,S002,WAL0307,0,2,1,2,2,0,1,34.4
2026-08-12,S003,WAL0307,1,2,2,1,1,0,1,34.4
2026-08-12,S004,WAL0307,1,0,1,3,0,0,0,0.0
2026-08-12,S005,WAL0307,1,2,3,0,2,0,0,0.0
2026-08-12,S006,WAL0307,1,2,2,0,0,0,1,34.4
2026-08-12,S007,WAL0307,0,0,0,3,1,0,0,0.0
2026-08-12,S008,WAL0307,2,4,4,3,1,0,2,68.8
2026-08-12,S009,WAL0307,1,5,3,2,3,0,3,103.2
2026-08-12,S010,WAL0307,2,5,4,3,0,0,3,103.2
2026-08-12,S001,WAL0308,2,6,6,1,2,0,2,139.38
2026-08-12,S002,WAL0308,0,5,4,1,1,0,1,69.69
2026-08-12,S003,WAL0308,0,4,2,0,3,0,2,139.38
2026-08-12,S004,WAL0308,3,14,12,1,3,0,5,348.45
2026-08-12,S005,WAL0308,0,4,3,3,3,0,1,69.69
2026-08-12,S006,WAL0308,4,14,12,1,1,0,6,418.14
2026-08-12,S007,WAL0308,1,17,13,0,3,0,5,348.45
2026-08-12,S008,WAL0308,0,6,4,1,3,0,2,139.38
2026-08-12,S009,WAL0308,0,6,5,3,1,0,1,69.69
2026-08-12,S010,WAL0308,2,2,2,3,0,0,2,139.38
2026-08-12,S001,WAL0309,0,5,2,0,0,0,3,111.75
2026-08-12,S002,WAL0309,0,1,1,0,1,0,0,0.0
2026-08-12,S003,WAL0309,0,0,0,2,2,0,0,0.0
2026-08-12,S004,WAL0309,0,0,0,2,1,0,0,0.0
2026-08-12,S005,WAL0309,0,0,0,2,2,0,0,0.0
2026-08-12,S006,WAL0309,0,6,4,2,2,0,2,74.5
2026-08-12,S007,WAL0309,1,2,1,0,2,0,2,74.5
2026-08-12,S008,WAL0309,0,1,0,2,0,0,1,37.25
2026-08-12,S009,WAL0309,1,0,0,0,3,0,1,37.25
2026-08-12,S010,WAL0309,0,0,0,2,1,0,0,0.0
2026-08-12,S001,WAL0310,1,0,0,1,0,0,1,65.14
2026-08-12,S002,WAL0310,1,1,2,2,2,0,0,0.0
2026-08-12,S003,WAL0310,1,0,0,0,3,0,1,65.14
2026-08-12,S004,WAL0310,1,1,1,1,0,0,1,65.14
2026-08-12,S005,WAL0310,1,1,0,1,2,0,2,130.28
2026-08-12,S006,WAL0310,1,0,0,2,2,0,1,65.14
2026-08-12,S007,WAL0310,0,0,0,2,3,0,0,0.0
2026-08-12,S008,WAL0310,1,0,0,2,3,0,1,65.14
2026-08-12,S009,WAL0310,1,1,1,2,1,0,1,65.14
2026-08-12,S010,WAL0310,0,0,0,3,1,0,0,0.0
2026-08-12,S001,WAL0311,0,1,0,2,0,0,1,48.73
2026-08-12,S002,WAL0311,2,3,3,1,0,0,2,97.46
2026-08-12,S003,WAL0311,1,2,2,1,3,0,1,48.73
2026-08-12,S004,WAL0311,0,0,0,2,2,0,0,0.0
2026-08-12,S005,WAL0311,0,1,1,2,0,0,0,0.0
2026-08-12,S006,WAL0311,0,1,1,3,2,0,0,0.0
2026-08-12,S007,WAL0311,0,2,1,3,1,0,1,48.73
2026-08-12,S008,WAL0311,0,5,2,3,3,0,3,146.19
2026-08-12,S009,WAL0311,0,0,0,0,3,0,0,0.0
2026-08-12,S010,WAL0311,0,0,0,0,1,0,0,0.0
2026-08-12,S001,WAL0312,0,2,1,3,1,0,1,27.17
2026-08-12,S002,WAL0312,1,2,2,3,1,0,1,27.17
2026-08-12,S003,WAL0312,1,0,0,1,3,0,1,27.17
2026-08-12,S004,WAL0312,1,0,1,2,0,0,0,0.0
2026-08-12,S005,WAL0312,0,1,1,0,3,0,0,0.0
2026-08-12,S006,WAL0312,0,8,4,1,2,0,4,108.68
2026-08-12,S007,WAL0312,0,3,2,3,3,0,1,27.17
2026-08-12,S008,WAL0312,1,5,3,1,3,0,3,81.51
2026-08-12,S009,WAL0312,2,2,2,1,1,0,2,54.34
2026-08-12,S010,WAL0312,2,1,1,1,0,0,2,54.34
2026-08-12,S001,WAL0313,0,0,0,2,1,0,0,0.0
2026-08-12,S002,WAL0313,1,0,1,3,3,0,0,0.0
2026-08-12,S003,WAL0313,1,0,0,3,1,0,1,55.67
2026-08-12,S004,WAL0313,0,0,0,0,1,0,0,0.0
2026-08-12,S005,WAL0313,1,3,2,2,0,0,2,111.34
2026-08-12,S006,WAL0313,2,3,3,0,3,0,2,111.34
2026-08-12,S007,WAL0313,0,2,1,3,1,0,1,55.67
2026-08-12,S008,WAL0313,0,5,3,1,3,0,2,111.34
2026-08-12,S009,WAL0313,0,0,0,3,3,0,0,0.0
2026-08-12,S010,WAL0313,0,0,0,0,2,0,0,0.0
2026-08-12,S001,WAL0314,0,2,1,2,1,0,1,79.9
2026-08-12,S002,WAL0314,0,0,0,3,1,0,0,0.0
2026-08-12,S003,WAL0314,2,1,1,1,2,0,2,159.8
2026-08-12,S004,WAL0314,1,1,2,2,0,0,0,0.0
2026-08-12,S005,WAL0314,0,0,0,3,2,0,0,0.0
2026-08-12,S006,WAL0314,2,4,4,0,1,0,2,159.8
2026-08-12,S007,WAL0314,0,1,0,1,3,0,1,79.9
2026-08-12,S008,WAL0314,0,6,4,0,0,0,2,159.8
2026-08-12,S009,WAL0314,0,2,1,1,3,0,1,79.9
2026-08-12,S010,WAL0314,0,1,0,0,0,0,1,79.9
2026-08-12,S001,WAL0315,0,0,0,1,2,0,0,0.0
2026-08-12,S002,WAL0315,1,0,0,0,2,0,1,53.4
2026-08-12,S003,WAL0315,2,3,3,0,1,0,2,106.8
2026-08-12,S004,WAL0315,1,0,0,0,2,0,1,53.4
2026-08-12,S005,WAL0315,0,0,0,1,3,0,0,0.0
2026-08-12,S006,WAL0315,0,0,0,2,3,0,0,0.0
2026-08-12,S007,WAL0315,1,0,1,3,3,0,0,0.0
2026-08-12,S008,WAL0315,0,0,0,3,3,0,0,0.0
2026-08-12,S009,WAL0315,0,1,0,1,3,0,1,53.4
2026-08-12,S010,WAL0315,0,0,0,0,1,0,0,0.0
2026-08-12,S001,WAL0316,0,1,1,2,1,0,0,0.0
2026-08-12,S002,WAL0316,0,0,0,2,2,0,0,0.0
2026-08-12,S003,WAL0316,0,0,0,2,1,0,0,0.0
2026-08-12,S004,WAL0316,1,1,1,0,0,0,1,65.78
2026-08-12,S005,WAL0316,0,2,0,3,1,0,2,131.56
2026-08-12,S006,WAL0316,0,8,4,1,2,1,4,263.12
2026-08-12,S007,WAL0316,1,1,1,1,0,0,1,65.78
2026-08-12,S008,WAL0316,2,3,3,1,2,0,2,131.56
2026-08-12,S009,WAL0316,0,0,0,2,2,0,0,0.0
2026-08-12,S010,WAL0316,0,2,2,3,3,0,0,0.0
2026-08-12,S001,WAL0317,0,1,0,1,1,0,1,93.68
2026-08-12,S002,WAL0317,0,6,4,3,0,0,2,187.36
2026-08-12,S003,WAL0317,0,4,2,3,3,0,2,187.36
2026-08-12,S004,WAL0317,1,1,1,3,3,0,1,93.68
2026-08-12,S005,WAL0317,0,2,1,3,1,0,1,93.68
2026-08-12,S006,WAL0317,1,2,2,1,2,0,1,93.68
2026-08-12,S007,WAL0317,0,0,0,0,0,0,0,0.0
2026-08-12,S008,WAL0317,1,0,0,0,0,0,1,93.68
2026-08-12,S009,WAL0317,1,0,1,3,3,0,0,0.0
2026-08-12,S010,WAL0317,2,3,3,3,3,0,2,187.36
2026-08-12,S001,WAL0318,1,0,1,1,0,0,0,0.0
2026-08-12,S002,WAL0318,1,5,3,1,2,0,3,93.48
2026-08-12,S003,WAL0318,0,1,0,2,1,0,1,31.16
2026-08-12,S004,WAL0318,0,0,0,0,3,0,0,0.0
2026-08-12,S005,WAL0318,0,4,2,0,3,0,2,62.32
2026-08-12,S006,WAL0318,0,2,1,0,1,0,1,31.16
2026-08-12,S007,WAL0318,1,1,1,0,2,0,1,31.16
2026-08-12,S008,WAL0318,1,0,0,1,3,0,1,31.16
2026-08-12,S009,WAL0318,0,3,2,2,0,0,1,31.16
2026-08-12,S010,WAL0318,0,0,0,3,2,0,0,0.0
2026-08-12,S001,WAL0319,1,7,5,1,2,0,3,53.43
2026-08-12,S002,WAL0319,0,0,0,0,2,0,0,0.0
2026-08-12,S003,WAL0319,1,1,1,1,3,0,1,17.81
2026-08-12,S004,WAL0319,0,0,0,1,2,0,0,0.0
2026-08-12,S005,WAL0319,1,6,4,3,3,0,3,53.43
2026-08-12,S006,WAL0319,0,1,1,0,1,0,0,0.0
2026-08-12,S007,WAL0319,0,0,0,1,0,0,0,0.0
2026-08-12,S008,WAL0319,0,0,0,2,0,0,0,0.0
2026-08-12,S009,WAL0319,1,3,3,0,1,0,1,17.81
2026-08-12,S010,WAL0319,1,2,1,3,1,0,2,35.62
2026-08-12,S001,WAL0320,1,0,0,3,1,0,1,39.86
2026-08-12,S002,WAL0320,1,0,0,3,1,0,1,39.86
2026-08-12,S003,WAL0320,0,0,0,1,2,0,0,0.0
2026-08-12,S004,WAL0320,0,1,0,2,2,0,1,39.86
2026-08-12,S005,WAL0320,0,0,0,2,1,0,0,0.0
2026-08-12,S006,WAL0320,1,0,1,1,1,0,0,0.0
2026-08-12,S007,WAL0320,0,0,0,2,1,0,0,0.0
2026-08-12,S008,WAL0320,1,0,1,3,3,0,0,0.0
2026-08-12,S009,WAL0320,1,0,0,3,2,0,1,39.86
2026-08-12,S010,WAL0320,1,0,0,1,0,0,1,39.86
2026-08-12,S001,WAL0321,0,0,0,2,3,0,0,0.0
2026-08-12,S002,WAL0321,1,3,2,0,2,0,2,37.96
2026-08-12,S003,WAL0321,2,10,7,1,2,0,5,94.9
2026-08-12,S004,WAL0321,0,0,0,3,2,0,0,0.0
2026-08-12,S005,WAL0321,1,0,0,2,2,0,1,18.98
2026-08-12,S006,WAL0321,1,3,2,1,0,0,2,37.96
2026-08-12,S007,WAL0321,0,6,3,2,3,0,3,56.94
2026-08-12,S008,WAL0321,0,7,5,0,3,0,2,37.96
2026-08-12,S009,WAL0321,2,2,2,2,2,0,2,37.96
2026-08-12,S010,WAL0321,1,2,2,3,3,0,1,18.98
2026-08-12,S001,WAL0322,0,0,0,2,3,0,0,0.0
2026-08-12,S002,WAL0322,1,5,4,2,0,0,2,72.24
2026-08-12,S003,WAL0322,1,0,0,0,0,0,1,36.12
2026-08-12,S004,WAL0322,1,1,1,1,1,0,1,36.12
2026-08-12,S005,WAL0322,1,0,0,3,2,0,1,36.12
2026-08-12,S006,WAL0322,0,5,4,3,1,0,1,36.12
2026-08-12,S007,WAL0322,0,3,1,0,3,0,2,72.24
2026-08-12,S008,WAL0322,1,1,1,1,2,0,1,36.12
2026-08-12,S009,WAL0322,1,2,2,2,2,0,1,36.12
2026-08-12,S010,WAL0322,0,1,0,2,0,0,1,36.12
2026-08-12,S001,WAL0323,1,1,1,3,1,0,1,16.33
2026-08-12,S002,WAL0323,1,1,1,3,0,0,1,16.33
2026-08-12,S003,WAL0323,1,0,0,0,2,0,1,16.33
2026-08-12,S004,WAL0323,0,0,0,0,3,0,0,0.0
2026-08-12,S005,WAL0323,1,0,0,2,0,0,1,16.33
2026-08-12,S006,WAL0323,0,0,0,1,2,0,0,0.0
2026-08-12,S007,WAL0323,0,0,0,3,1,0,0,0.0
2026-08-12,S008,WAL0323,0,0,0,2,0,0,0,0.0
2026-08-12,S009,WAL0323,0,1,0,0,0,0,1,16.33
2026-08-12,S010,WAL0323,1,0,0,0,1,0,1,16.33
2026-08-12,S001,WAL0324,0,1,0,1,0,0,1,72.01
2026-08-12,S002,WAL0324,0,2,1,2,1,0,1,72.01
2026-08-12,S003,WAL0324,0,0,0,2,3,0,0,0.0
2026-08-12,S004,WAL0324,0,2,1,3,3,0,1,72.01
2026-08-12,S005,WAL0324,0,1,0,1,2,0,1,72.01
2026-08-12,S006,WAL0324,1,1,0,0,0,0,2,144.02
2026-08-12,S007,WAL0324,1,1,2,0,1,0,0,0.0
2026-08-12,S008,WAL0324,1,3,3,1,3,0,1,72.01
2026-08-12,S009,WAL0324,1,5,4,1,0,0,2,144.02
2026-08-12,S010,WAL0324,0,0,0,3,3,0,0,0.0
2026-08-12,S001,WAL0325,0,0,0,1,2,0,0,0.0
2026-08-12,S002,WAL0325,2,5,4,3,1,0,3,46.56
2026-08-12,S003,WAL0325,1,0,1,1,3,0,0,0.0
2026-08-12,S004,WAL0325,0,0,0,1,1,0,0,0.0
2026-08-12,S005,WAL0325,0,1,0,1,0,0,1,15.52
2026-08-12,S006,WAL0325,1,6,6,3,0,0,1,15.52
2026-08-12,S007,WAL0325,0,0,0,3,3,0,0,0.0
2026-08-12,S008,WAL0325,0,0,0,0,2,0,0,0.0
2026-08-12,S009,WAL0325,0,2,0,1,1,0,2,31.04
2026-08-12,S010,WAL0325,0,0,0,1,2,0,0,0.0
2026-08-12,S001,WAL0326,0,1,0,3,3,0,1,66.91
2026-08-12,S002,WAL0326,0,0,0,0,3,0,0,0.0
2026-08-12,S003,WAL0326,0,0,0,2,0,0,0,0.0
2026-08-12,S004,WAL0326,0,0,0,0,0,0,0,0.0
2026-08-12,S005,WAL0326,1,0,0,0,3,0,1,66.91
2026-08-12,S006,WAL0326,1,1,0,2,3,0,2,133.82
2026-08-12,S007,WAL0326,2,4,4,0,3,0,2,133.82
2026-08-12,S008,WAL0326,1,5,3,2,2,0,3,200.73
2026-08-12,S009,WAL0326,1,0,0,2,3,0,1,66.91
2026-08-12,S010,WAL0326,1,1,2,1,0,0,0,0.0
2026-08-12,S001,WAL0327,0,1,0,3,1,0,1,68.04
2026-08-12,S002,WAL0327,1,3,3,2,1,0,1,68.04
2026-08-12,S003,WAL0327,2,6,4,1,2,0,4,272.16
2026-08-12,S004,WAL0327,0,6,3,2,0,0,3,204.12
2026-08-12,S005,WAL0327,0,0,0,2,0,0,0,0.0
2026-08-12,S006,WAL0327,0,8,4,3,1,0,4,272.16
2026-08-12,S007,WAL0327,1,0,0,3,2,0,1,68.04
2026-08-12,S008,WAL0327,1,1,2,0,1,0,0,0.0
2026-08-12,S009,WAL0327,0,1,1,3,2,0,0,0.0
2026-08-12,S010,WAL0327,0,0,0,1,3,0,0,0.0
2026-08-12,S001,WAL0328,2,6,5,0,1,0,3,204.39
2026-08-12,S002,WAL0328,1,0,1,2,1,0,0,0.0
2026-08-12,S003,WAL0328,0,0,0,3,0,0,0,0.0
2026-08-12,S004,WAL0328,1,3,3,0,0,0,1,68.13
2026-08-12,S005,WAL0328,0,0,0,2,3,0,0,0.0
2026-08-12,S006,WAL0328,0,4,3,1,0,0,1,68.13
2026-08-12,S007,WAL0328,0,0,0,1,1,0,0,0.0
2026-08-12,S008,WAL0328,2,7,6,0,3,0,3,204.39
2026-08-12,S009,WAL0328,1,6,5,3,2,0,2,136.26
2026-08-12,S010,WAL0328,0,0,0,3,2,0,0,0.0
2026-08-12,S001,WAL0329,1,4,4,1,1,0,1,62.88
2026-08-12,S002,WAL0329,2,3,3,1,3,0,2,125.76
2026-08-12,S003,WAL0329,0,1,1,1,1,0,0,0.0
2026-08-12,S004,WAL0329,0,1,0,3,3,0,1,62.88
2026-08-12,S005,WAL0329,1,0,0,0,0,0,1,62.88
2026-08-12,S006,WAL0329,1,0,1,3,0,0,0,0.0
2026-08-12,S007,WAL0329,0,0,0,2,3,0,0,0.0
2026-08-12,S008,WAL0329,1,1,2,3,1,0,0,0.0
2026-08-12,S009,WAL0329,1,0,0,3,2,0,1,62.88
2026-08-12,S010,WAL0329,0,0,0,1,2,0,0,0.0
2026-08-12,S001,WAL0330,1,0,1,2,2,0,0,0.0
2026-08-12,S002,WAL0330,0,6,4,2,2,0,2,33.7
2026-08-12,S003,WAL0330,0,0,0,2,0,0,0,0.0
2026-08-12,S004,WAL0330,0,0,0,0,2,0,0,0.0
2026-08-12,S005,WAL0330,0,1,1,3,0,0,0,0.0
2026-08-12,S006,WAL0330,0,7,4,3,3,0,3,50.55
2026-08-12,S007,WAL0330,1,6,5,3,2,0,2,33.7
2026-08-12,S008,WAL0330,0,1,1,0,0,0,0,0.0
2026-08-12,S009,WAL0330,0,2,2,0,0,0,0,0.0
2026-08-12,S010,WAL0330,0,0,0,0,1,0,0,0.0
2026-08-12,S001,WAL0331,0,0,0,0,3,0,0,0.0
2026-08-12,S002,WAL0331,0,0,0,3,3,0,0,0.0
2026-08-12,S003,WAL0331,0,0,0,3,1,0,0,0.0
2026-08-12,S004,WAL0331,0,0,0,1,3,0,0,0.0
2026-08-12,S005,WAL0331,0,5,3,0,3,0,2,67.92
2026-08-12,S006,WAL0331,0,1,0,0,1,0,1,33.96
2026-08-12,S007,WAL0331,0,1,0,2,3,0,1,33.96
2026-08-12,S008,WAL0331,2,0,0,3,3,0,2,67.92
2026-08-12,S009,WAL0331,0,0,0,3,2,0,0,0.0
2026-08-12,S010,WAL0331,1,0,0,3,3,0,1,33.96
2026-08-12,S001,WAL0332,0,0,0,1,1,0,0,0.0
2026-08-12,S002,WAL0332,0,4,3,1,2,0,1,21.24
2026-08-12,S003,WAL0332,0,7,4,1,1,0,3,63.72
2026-08-12,S004,WAL0332,0,0,0,3,1,0,0,0.0
2026-08-12,S005,WAL0332,1,0,0,3,0,0,1,21.24
2026-08-12,S006,WAL0332,2,3,2,1,1,0,3,63.72
2026-08-12,S007,WAL0332,2,3,3,0,3,0,2,42.48
2026-08-12,S008,WAL0332,0,3,2,1,3,0,1,21.24
2026-08-12,S009,WAL0332,0,1,0,0,3,0,1,21.24
2026-08-12,S010,WAL0332,0,1,0,0,2,0,1,21.24
2026-08-12,S001,WAL0333,1,0,0,0,0,0,1,52.81
2026-08-12,S002,WAL0333,2,4,3,1,1,0,3,158.43
2026-08-12,S003,WAL0333,0,2,1,0,3,0,1,52.81
2026-08-12,S004,WAL0333,0,0,0,3,3,0,0,0.0
2026-08-12,S005,WAL0333,0,0,0,0,1,0,0,0.0
2026-08-12,S006,WAL0333,1,0,0,1,3,1,1,52.81
2026-08-12,S007,WAL0333,0,0,0,0,2,0,0,0.0
2026-08-12,S008,WAL0333,0,0,0,3,0,0,0,0.0
2026-08-12,S009,WAL0333,0,1,1,2,0,0,0,0.0
2026-08-12,S010,WAL0333,0,0,0,2,2,1,0,0.0
2026-08-12,S001,WAL0334,0,0,0,1,3,0,0,0.0
2026-08-12,S002,WAL0334,0,0,0,2,0,0,0,0.0
2026-08-12,S003,WAL0334,0,0,0,2,2,0,0,0.0
2026-08-12,S004,WAL0334,1,0,1,1,0,0,0,0.0
2026-08-12,S005,WAL0334,0,0,0,3,0,0,0,0.0
2026-08-12,S006,WAL0334,0,0,0,3,2,0,0,0.0
2026-08-12,S007,WAL0334,0,0,0,1,1,0,0,0.0
2026-08-12,S008,WAL0334,0,1,0,0,3,0,1,23.85
2026-08-12,S009,WAL0334,0,0,0,2,3,0,0,0.0
2026-08-12,S010,WAL0334,0,1,0,2,2,0,1,23.85
2026-08-12,S001,WAL0335,0,0,0,3,3,0,0,0.0
2026-08-12,S002,WAL0335,0,0,0,3,1,0,0,0.0
2026-08-12,S003,WAL0335,0,0,0,2,1,0,0,0.0
2026-08-12,S004,WAL0335,1,0,0,2,1,0,1,46.53
2026-08-12,S005,WAL0335,0,1,0,0,2,0,1,46.53
2026-08-12,S006,WAL0335,0,2,1,1,0,0,1,46.53
2026-08-12,S007,WAL0335,0,0,0,0,2,0,0,0.0
2026-08-12,S008,WAL0335,1,0,0,1,0,0,1,46.53
2026-08-12,S009,WAL0335,0,2,1,0,0,0,1,46.53
2026-08-12,S010,WAL0335,0,1,0,3,2,0,1,46.53
2026-08-12,S001,WAL0336,0,0,0,1,1,0,0,0.0
2026-08-12,S002,WAL0336,2,3,3,0,3,0,2,85.96
2026-08-12,S003,WAL0336,1,0,0,1,1,0,1,42.98
2026-08-12,S004,WAL0336,0,0,0,2,3,0,0,0.0
2026-08-12,S005,WAL0336,1,2,2,2,3,0,1,42.98
2026-08-12,S006,WAL0336,1,3,3,0,3,0,1,42.98
2026-08-12,S007,WAL0336,1,0,0,2,3,0,1,42.98
2026-08-12,S008,WAL0336,0,1,0,0,3,0,1,42.98
2026-08-12,S009,WAL0336,0,0,0,2,1,0,0,0.0
2026-08-12,S010,WAL0336,0,1,0,1,0,0,1,42.98
2026-08-12,S001,WAL0337,0,0,0,1,2,0,0,0.0
2026-08-12,S002,WAL0337,2,5,4,1,0,0,3,146.88
2026-08-12,S003,WAL0337,0,2,1,1,3,0,1,48.96
2026-08-12,S004,WAL0337,1,2,3,2,0,0,0,0.0
2026-08-12,S005,WAL0337,0,0,0,3,0,0,0,0.0
2026-08-12,S006,WAL0337,0,2,1,0,2,0,1,48.96
2026-08-12,S007,WAL0337,0,9,5,3,3,0,4,195.84
2026-08-12,S008,WAL0337,0,3,2,0,1,0,1,48.96
2026-08-12,S009,WAL0337,1,0,0,0,0,0,1,48.96
2026-08-12,S010,WAL0337,1,1,1,0,1,0,1,48.96
2026-08-12,S001,WAL0338,0,11,7,0,3,0,4,226.64
2026-08-12,S002,WAL0338,1,4,4,0,3,0,1,56.66
2026-08-12,S003,WAL0338,1,3,2,3,0,0,2,113.32
2026-08-12,S004,WAL0338,1,4,4,1,1,0,1,56.66
2026-08-12,S005,WAL0338,2,6,5,2,1,0,3,169.98
2026-08-12,S006,WAL0338,0,4,2,1,2,0,2,113.32
2026-08-12,S007,WAL0338,1,2,2,2,1,0,1,56.66
2026-08-12,S008,WAL0338,3,9,7,3,2,0,5,283.3
2026-08-12,S009,WAL0338,0,2,1,0,0,0,1,56.66
2026-08-12,S010,WAL0338,0,6,4,2,1,0,2,113.32
2026-08-12,S001,WAL0339,0,1,0,0,3,0,1,46.09
2026-08-12,S002,WAL0339,0,0,0,0,1,0,0,0.0
2026-08-12,S003,WAL0339,2,5,5,0,3,0,2,92.18
2026-08-12,S004,WAL0339,0,0,0,2,0,0,0,0.0
2026-08-12,S005,WAL0339,0,0,0,2,0,0,0,0.0
2026-08-12,S006,WAL0339,0,7,6,1,3,0,1,46.09
2026-08-12,S007,WAL0339,0,0,0,0,3,0,0,0.0
2026-08-12,S008,WAL0339,1,4,3,1,3,0,2,92.18
2026-08-12,S009,WAL0339,1,0,1,0,2,0,0,0.0
2026-08-12,S010,WAL0339,2,2,2,1,2,0,2,92.18
2026-08-12,S001,WAL0340,0,1,1,1,2,0,0,0.0
2026-08-12,S002,WAL0340,0,3,2,2,0,0,1,18.13
2026-08-12,S003,WAL0340,0,4,2,1,1,0,2,36.26
2026-08-12,S004,WAL0340,1,0,1,0,1,0,0,0.0
2026-08-12,S005,WAL0340,0,4,3,2,0,0,1,18.13
2026-08-12,S006,WAL0340,0,8,5,3,1,0,3,54.39
2026-08-12,S007,WAL0340,0,0,0,0,1,0,0,0.0
2026-08-12,S008,WAL0340,1,0,0,1,1,0,1,18.13
2026-08-12,S009,WAL0340,1,4,3,0,1,0,2,36.26
2026-08-12,S010,WAL0340,0,1,0,0,0,0,1,18.13
2026-08-12,S001,WAL0341,0,0,0,0,2,0,0,0.0
2026-08-12,S002,WAL0341,0,0,0,1,0,0,0,0.0
2026-08-12,S003,WAL0341,0,2,0,3,2,0,2,27.04
2026-08-12,S004,WAL0341,1,0,1,3,2,0,0,0.0
2026-08-12,S005,WAL0341,0,0,0,0,2,0,0,0.0
2026-08-12,S006,WAL0341,0,2,0,1,0,0,2,27.04
2026-08-12,S007,WAL0341,0,2,0,3,3,0,2,27.04
2026-08-12,S008,WAL0341,0,2,2,1,1,0,0,0.0
2026-08-12,S009,WAL0341,1,2,2,3,3,0,1,13.52
2026-08-12,S010,WAL0341,0,0,0,0,3,0,0,0.0
2026-08-12,S001,WAL0342,0,0,0,0,1,0,0,0.0
2026-08-12,S002,WAL0342,0,0,0,1,0,0,0,0.0
2026-08-12,S003,WAL0342,1,0,1,1,2,0,0,0.0
2026-08-12,S004,WAL0342,0,0,0,0,2,0,0,0.0
2026-08-12,S005,WAL0342,1,0,1,3,2,0,0,0.0
2026-08-12,S006,WAL0342,0,1,1,1,2,0,0,0.0
2026-08-12,S007,WAL0342,0,4,2,1,3,0,2,37.4
2026-08-12,S008,WAL0342,1,5,4,0,2,0,2,37.4
2026-08-12,S009,WAL0342,2,8,6,0,0,0,4,74.8
2026-08-12,S010,WAL0342,1,0,1,1,0,0,0,0.0
2026-08-12,S001,WAL0343,0,0,0,0,2,0,0,0.0
2026-08-12,S002,WAL0343,0,2,2,3,1,1,0,0.0
2026-08-12,S003,WAL0343,0,1,0,2,2,0,1,58.42
2026-08-12,S004,WAL0343,0,0,0,3,1,0,0,0.0
2026-08-12,S005,WAL0343,0,3,2,3,1,0,1,58.42
2026-08-12,S006,WAL0343,1,1,1,1,0,0,1,58.42
2026-08-12,S007,WAL0343,1,6,5,3,2,0,2,116.84
2026-08-12,S008,WAL0343,0,7,5,3,0,0,2,116.84
2026-08-12,S009,WAL0343,0,5,3,2,2,0,2,116.84
2026-08-12,S010,WAL0343,0,0,0,2,0,0,0,0.0
2026-08-12,S001,WAL0344,0,5,2,3,0,0,3,129.27
2026-08-12,S002,WAL0344,1,1,1,0,1,0,1,43.09
2026-08-12,S003,WAL0344,0,0,0,0,3,0,0,0.0
2026-08-12,S004,WAL0344,0,0,0,0,2,0,0,0.0
2026-08-12,S005,WAL0344,1,1,2,0,0,0,0,0.0
2026-08-12,S006,WAL0344,0,0,0,3,3,0,0,0.0
2026-08-12,S007,WAL0344,0,1,0,2,1,0,1,43.09
2026-08-12,S008,WAL0344,0,1,1,0,3,1,0,0.0
2026-08-12,S009,WAL0344,0,0,0,0,3,0,0,0.0
2026-08-12,S010,WAL0344,0,0,0,2,3,0,0,0.0
2026-08-12,S001,WAL0345,1,2,2,1,0,0,1,97.15
2026-08-12,S002,WAL0345,0,1,0,0,0,0,1,97.15
2026-08-12,S003,WAL0345,0,3,2,0,3,0,1,97.15
2026-08-12,S004,WAL0345,1,1,0,2,1,0,2,194.3
2026-08-12,S005,WAL0345,0,1,1,2,2,0,0,0.0
2026-08-12,S006,WAL0345,1,0,0,0,3,0,1,97.15
2026-08-12,S007,WAL0345,1,2,2,3,0,0,1,97.15
2026-08-12,S008,WAL0345,1,0,1,3,1,0,0,0.0
2026-08-12,S009,WAL0345,0,1,0,2,2,0,1,97.15
2026-08-12,S010,WAL0345,0,0,0,0,1,0,0,0.0
2026-08-12,S001,WAL0346,0,0,0,0,1,0,0,0.0
2026-08-12,S002,WAL0346,0,0,0,3,2,0,0,0.0
2026-08-12,S003,WAL0346,0,0,0,1,1,0,0,0.0
2026-08-12,S004,WAL0346,1,0,0,3,1,0,1,37.77
2026-08-12,S005,WAL0346,0,0,0,3,0,0,0,0.0
2026-08-12,S006,WAL0346,0,2,1,3,3,0,1,37.77
2026-08-12,S007,WAL0346,1,0,1,3,0,0,0,0.0
2026-08-12,S008,WAL0346,0,1,0,3,0,0,1,37.77
2026-08-12,S009,WAL0346,0,2,1,0,0,0,1,37.77
2026-08-12,S010,WAL0346,1,0,0,0,1,0,1,37.77
2026-08-12,S001,WAL0347,0,1,0,2,3,0,1,50.34
2026-08-12,S002,WAL0347,1,0,0,1,3,0,1,50.34
2026-08-12,S003,WAL0347,0,0,0,1,3,0,0,0.0
2026-08-12,S004,WAL0347,0,0,0,1,1,0,0,0.0
2026-08-12,S005,WAL0347,1,0,0,2,3,0,1,50.34
2026-08-12,S006,WAL0347,0,0,0,2,1,0,0,0.0
2026-08-12,S007,WAL0347,0,3,2,1,0,0,1,50.34
2026-08-12,S008,WAL0347,0,0,0,3,0,0,0,0.0
2026-08-12,S009,WAL0347,0,0,0,0,1,0,0,0.0
2026-08-12,S010,WAL0347,0,0,0,1,3,0,0,0.0
2026-08-12,S001,WAL0348,0,0,0,2,0,1,0,0.0
2026-08-12,S002,WAL0348,0,0,0,1,3,0,0,0.0
2026-08-12,S003,WAL0348,0,1,0,3,0,0,1,84.6
2026-08-12,S004,WAL0348,0,2,2,1,2,0,0,0.0
2026-08-12,S005,WAL0348,0,1,0,1,3,0,1,84.6
2026-08-12,S006,WAL0348,0,1,0,2,0,0,1,84.6
2026-08-12,S007,WAL0348,0,3,2,1,1,0,1,84.6
2026-08-12,S008,WAL0348,1,0,1,0,0,0,0,0.0
2026-08-12,S009,WAL0348,0,1,0,3,3,0,1,84.6
2026-08-12,S010,WAL0348,0,0,0,1,0,0,0,0.0
2026-08-12,S001,WAL0349,0,0,0,2,3,0,0,0.0
2026-08-12,S002,WAL0349,2,2,2,2,1,0,2,137.12
2026-08-12,S003,WAL0349,0,9,5,3,2,0,4,274.24
2026-08-12,S004,WAL0349,0,4,2,2,0,0,2,137.12
2026-08-12,S005,WAL0349,2,0,0,1,3,0,2,137.12
2026-08-12,S006,WAL0349,3,7,6,1,2,0,4,274.24
2026-08-12,S007,WAL0349,0,1,0,1,2,0,1,68.56
2026-08-12,S008,WAL0349,0,3,1,1,1,0,2,137.12
2026-08-12,S009,WAL0349,0,7,4,0,2,0,3,205.68
2026-08-12,S010,WAL0349,1,1,2,3,1,0,0,0.0
2026-08-12,S001,WAL0350,0,4,3,2,3,0,1,31.33
2026-08-12,S002,WAL0350,0,7,4,1,1,0,3,93.99
2026-08-12,S003,WAL0350,1,0,1,0,0,0,0,0.0
2026-08-12,S004,WAL0350,0,2,0,1,3,0,2,62.66
2026-08-12,S005,WAL0350,2,0,0,0,3,0,2,62.66
2026-08-12,S006,WAL0350,2,3,3,2,3,0,2,62.66
2026-08-12,S007,WAL0350,1,3,3,1,0,0,1,31.33
2026-08-12,S008,WAL0350,2,3,3,3,0,0,2,62.66
2026-08-12,S009,WAL0350,0,1,1,2,3,0,0,0.0
2026-08-12,S010,WAL0350,0,1,0,2,0,0,1,31.33
2026-08-12,S001,MIR0351,0,0,0,2,1,0,0,0.0
2026-08-12,S002,MIR0351,2,0,0,1,0,0,2,107.3
2026-08-12,S003,MIR0351,1,2,1,1,0,0,2,107.3
2026-08-12,S004,MIR0351,0,0,0,0,1,0,0,0.0
2026-08-12,S005,MIR0351,1,1,2,3,1,0,0,0.0
2026-08-12,S006,MIR0351,0,3,2,2,1,0,1,53.65
2026-08-12,S007,MIR0351,0,0,0,1,1,0,0,0.0
2026-08-12,S008,MIR0351,1,0,1,0,3,0,0,0.0
2026-08-12,S009,MIR0351,1,4,4,3,3,0,1,53.65
2026-08-12,S010,MIR0351,0,1,0,1,2,0,1,53.65
2026-08-12,S001,MIR0352,0,6,4,3,1,0,2,116.08
2026-08-12,S002,MIR0352,2,4,4,3,3,0,2,116.08
2026-08-12,S003,MIR0352,1,4,4,1,0,0,1,58.04
2026-08-12,S004,MIR0352,0,9,5,0,1,1,4,232.16
2026-08-12,S005,MIR0352,0,0,0,2,0,0,0,0.0
2026-08-12,S006,MIR0352,0,2,1,1,3,0,1,58.04
2026-08-12,S007,MIR0352,0,5,4,2,1,0,1,58.04
2026-08-12,S008,MIR0352,1,1,1,3,3,0,1,58.04
2026-08-12,S009,MIR0352,0,0,0,2,3,0,0,0.0
2026-08-12,S010,MIR0352,0,1,1,0,0,0,0,0.0
2026-08-12,S001,MIR0353,2,8,6,1,3,0,4,291.52
2026-08-12,S002,MIR0353,1,0,0,3,1,0,1,72.88
2026-08-12,S003,MIR0353,0,1,0,3,2,0,1,72.88
2026-08-12,S004,MIR0353,1,0,0,0,1,0,1,72.88
2026-08-12,S005,MIR0353,0,0,0,1,0,0,0,0.0
2026-08-12,S006,MIR0353,0,3,2,0,0,0,1,72.88
2026-08-12,S007,MIR0353,0,0,0,1,1,0,0,0.0
2026-08-12,S008,MIR0353,0,2,0,3,3,0,2,145.76
2026-08-12,S009,MIR0353,2,3,3,2,2,0,2,145.76
2026-08-12,S010,MIR0353,1,0,1,0,1,0,0,0.0
2026-08-12,S001,MIR0354,0,0,0,2,0,0,0,0.0
2026-08-12,S002,MIR0354,2,4,4,0,2,0,2,53.42
2026-08-12,S003,MIR0354,1,6,5,3,2,0,2,53.42
2026-08-12,S004,MIR0354,0,0,0,0,1,0,0,0.0
2026-08-12,S005,MIR0354,0,0,0,2,1,0,0,0.0
2026-08-12,S006,MIR0354,0,1,0,3,1,0,1,26.71
2026-08-12,S007,MIR0354,1,0,1,0,2,0,0,0.0
2026-08-12,S008,MIR0354,0,6,4,3,0,0,2,53.42
2026-08-12,S009,MIR0354,0,0,0,1,2,0,0,0.0
2026-08-12,S010,MIR0354,0,1,1,2,2,0,0,0.0
2026-08-12,S001,MIR0355,1,3,3,2,1,0,1,45.77
2026-08-12,S002,MIR0355,0,0,0,2,2,0,0,0.0
2026-08-12,S003,MIR0355,1,0,1,0,0,1,0,0.0
2026-08-12,S004,MIR0355,0,2,1,0,3,0,1,45.77
2026-08-12,S005,MIR0355,0,0,0,1,3,0,0,0.0
2026-08-12,S006,MIR0355,0,4,3,3,2,0,1,45.77
2026-08-12,S007,MIR0355,0,2,2,0,0,0,0,0.0
2026-08-12,S008,MIR0355,0,2,2,0,3,0,0,0.0
2026-08-12,S009,MIR0355,0,2,1,0,0,0,1,45.77
2026-08-12,S010,MIR0355,1,1,1,0,1,0,1,45.77
2026-08-12,S001,MIR0356,0,0,0,0,2,0,0,0.0
2026-08-12,S002,MIR0356,1,0,1,3,3,0,0,0.0
2026-08-12,S003,MIR0356,0,1,1,1,0,0,0,0.0
2026-08-12,S004,MIR0356,1,1,1,1,3,0,1,62.79
2026-08-12,S005,MIR0356,0,0,0,2,2,0,0,0.0
2026-08-12,S006,MIR0356,0,0,0,2,2,0,0,0.0
2026-08-12,S007,MIR0356,0,2,1,0,2,0,1,62.79
2026-08-12,S008,MIR0356,0,3,3,3,2,0,0,0.0
2026-08-12,S009,MIR0356,0,1,0,0,1,0,1,62.79
2026-08-12,S010,MIR0356,0,0,0,3,3,0,0,0.0
2026-08-12,S001,MIR0357,1,0,0,0,3,0,1,31.02
2026-08-12,S002,MIR0357,0,0,0,2,3,0,0,0.0
2026-08-12,S003,MIR0357,0,0,0,0,0,0,0,0.0
2026-08-12,S004,MIR0357,0,0,0,3,1,0,0,0.0
2026-08-12,S005,MIR0357,0,0,0,2,2,0,0,0.0
2026-08-12,S006,MIR0357,0,0,0,3,0,0,0,0.0
2026-08-12,S007,MIR0357,2,5,4,0,1,0,3,93.06
2026-08-12,S008,MIR0357,0,7,4,3,1,0,3,93.06
2026-08-12,S009,MIR0357,1,1,1,1,1,0,1,31.02
2026-08-12,S010,MIR0357,0,3,2,0,3,0,1,31.02
2026-08-12,S001,MIR0358,1,5,4,2,0,0,2,181.8
2026-08-12,S002,MIR0358,0,1,0,0,3,0,1,90.9
2026-08-12,S003,MIR0358,2,6,5,0,3,0,3,272.7
2026-08-12,S004,MIR0358,0,0,0,3,3,0,0,0.0
2026-08-12,S005,MIR0358,0,1,0,1,1,0,1,90.9
2026-08-12,S006,MIR0358,0,1,1,2,0,0,0,0.0
2026-08-12,S007,MIR0358,1,0,1,0,0,0,0,0.0
2026-08-12,S008,MIR0358,0,1,1,0,0,0,0,0.0
2026-08-12,S009,MIR0358,1,1,1,3,0,0,1,90.9
2026-08-12,S010,MIR0358,0,0,0,1,2,0,0,0.0
2026-08-12,S001,MIR0359,0,0,0,3,1,0,0,0.0
2026-08-12,S002,MIR0359,2,1,1,3,3,0,2,133.12
2026-08-12,S003,MIR0359,0,1,0,2,3,0,1,66.56
2026-08-12,S004,MIR0359,0,3,2,1,2,0,1,66.56
2026-08-12,S005,MIR0359,0,0,0,0,1,0,0,0.0
2026-08-12,S006,MIR0359,1,3,2,2,2,0,2,133.12
2026-08-12,S007,MIR0359,0,0,0,1,3,0,0,0.0
2026-08-12,S008,MIR0359,0,1,0,3,3,0,1,66.56
2026-08-12,S009,MIR0359,1,1,2,2,1,0,0,0.0
2026-08-12,S010,MIR0359,0,0,0,0,3,0,0,0.0
2026-08-12,S001,MIR0360,0,0,0,3,2,0,0,0.0
2026-08-12,S002,MIR0360,1,1,2,3,3,0,0,0.0
2026-08-12,S003,MIR0360,0,1,0,2,3,0,1,67.66
2026-08-12,S004,MIR0360,0,0,0,2,2,0,0,0.0
2026-08-12,S005,MIR0360,1,0,0,3,0,0,1,67.66
2026-08-12,S006,MIR0360,0,3,2,3,0,0,1,67.66
2026-08-12,S007,MIR0360,2,2,2,0,2,0,2,135.32
2026-08-12,S008,MIR0360,0,0,0,2,0,0,0,0.0
2026-08-12,S009,MIR0360,0,0,0,1,2,0,0,0.0
2026-08-12,S010,MIR0360,1,1,1,3,2,0,1,67.66
2026-08-12,S001,MIR0361,0,1,0,1,3,0,1,103.66
2026-08-12,S002,MIR0361,0,0,0,1,3,1,0,0.0
2026-08-12,S003,MIR0361,1,3,2,3,0,0,2,207.32
2026-08-12,S004,MIR0361,0,0,0,2,0,0,0,0.0
2026-08-12,S005,MIR0361,0,0,0,3,1,0,0,0.0
2026-08-12,S006,MIR0361,0,6,4,3,2,0,2,207.32
2026-08-12,S007,MIR0361,1,0,0,0,2,0,1,103.66
2026-08-12,S008,MIR0361,1,0,0,3,2,0,1,103.66
2026-08-12,S009,MIR0361,0,0,0,2,1,0,0,0.0
2026-08-12,S010,MIR0361,1,3,3,3,0,1,1,103.66
2026-08-12,S001,MIR0362,1,0,0,3,2,0,1,93.11
2026-08-12,S002,MIR0362,1,0,0,1,2,0,1,93.11
2026-08-12,S003,MIR0362,0,0,0,3,0,0,0,0.0
2026-08-12,S004,MIR0362,0,1,0,1,0,0,1,93.11
2026-08-12,S005,MIR0362,1,0,0,3,0,0,1,93.11
2026-08-12,S006,MIR0362,0,0,0,2,1,0,0,0.0
2026-08-12,S007,MIR0362,0,1,0,3,0,0,1,93.11
2026-08-12,S008,MIR0362,0,4,2,3,0,0,2,186.22
2026-08-12,S009,MIR0362,1,1,1,1,1,0,1,93.11
2026-08-12,S010,MIR0362,0,0,0,3,2,0,0,0.0
2026-08-12,S001,MIR0363,2,0,0,3,0,0,2,89.12
2026-08-12,S002,MIR0363,0,7,5,1,0,0,2,89.12
2026-08-12,S003,MIR0363,1,0,0,3,1,0,1,44.56
2026-08-12,S004,MIR0363,0,0,0,1,3,0,0,0.0
2026-08-12,S005,MIR0363,0,1,0,0,2,1,1,44.56
2026-08-12,S006,MIR0363,0,5,2,1,3,0,3,133.68
2026-08-12,S007,MIR0363,0,1,1,3,2,0,0,0.0
2026-08-12,S008,MIR0363,0,7,5,2,3,0,2,89.12
2026-08-12,S009,MIR0363,1,0,1,3,1,0,0,0.0
2026-08-12,S010,MIR0363,0,1,0,0,1,0,1,44.56
2026-08-12,S001,MIR0364,1,0,0,3,2,0,1,88.39
2026-08-12,S002,MIR0364,0,0,0,3,3,0,0,0.0
2026-08-12,S003,MIR0364,0,0,0,2,3,1,0,0.0
2026-08-12,S004,MIR0364,0,0,0,0,1,0,0,0.0
2026-08-12,S005,MIR0364,1,0,0,2,3,0,1,88.39
2026-08-12,S006,MIR0364,1,2,2,2,0,0,1,88.39
2026-08-12,S007,MIR0364,0,0,0,1,1,0,0,0.0
2026-08-12,S008,MIR0364,0,1,0,0,2,0,1,88.39
2026-08-12,S009,MIR0364,0,1,0,2,0,0,1,88.39
2026-08-12,S010,MIR0364,1,1,0,2,2,0,2,176.78
2026-08-12,S001,MIR0365,2,5,4,3,3,0,3,151.14
2026-08-12,S002,MIR0365,0,1,1,1,3,0,0,0.0
2026-08-12,S003,MIR0365,0,0,0,1,3,0,0,0.0
2026-08-12,S004,MIR0365,1,3,3,0,1,0,1,50.38
2026-08-12,S005,MIR0365,1,2,1,1,0,0,2,100.76
2026-08-12,S006,MIR0365,0,1,0,1,2,1,1,50.38
2026-08-12,S007,MIR0365,1,0,0,0,3,0,1,50.38
2026-08-12,S008,MIR0365,0,0,0,0,2,0,0,0.0
2026-08-12,S009,MIR0365,0,0,0,3,3,0,0,0.0
2026-08-12,S010,MIR0365,0,3,2,3,0,0,1,50.38
2026-08-12,S001,MIR0366,1,1,2,2,1,0,0,0.0
2026-08-12,S002,MIR0366,0,0,0,1,0,0,0,0.0
2026-08-12,S003,MIR0366,0,0,0,3,3,0,0,0.0
2026-08-12,S004,MIR0366,0,0,0,1,1,0,0,0.0
2026-08-12,S005,MIR0366,0,0,0,2,3,0,0,0.0
2026-08-12,S006,MIR0366,0,2,1,0,1,0,1,79.53
2026-08-12,S007,MIR0366,0,0,0,3,3,0,0,0.0
2026-08-12,S008,MIR0366,1,1,1,3,1,0,1,79.53
2026-08-12,S009,MIR0366,0,0,0,0,1,0,0,0.0
2026-08-12,S010,MIR0366,0,2,1,3,3,0,1,79.53
2026-08-12,S001,MIR0367,1,0,0,2,0,0,1,47.48
2026-08-12,S002,MIR0367,1,0,0,0,0,0,1,47.48
2026-08-12,S003,MIR0367,2,5,4,2,1,0,3,142.44
2026-08-12,S004,MIR0367,0,0,0,2,1,0,0,0.0
2026-08-12,S005,MIR0367,0,0,0,1,2,0,0,0.0
2026-08-12,S006,MIR0367,0,0,0,1,1,0,0,0.0
2026-08-12,S007,MIR0367,0,1,1,0,3,0,0,0.0
2026-08-12,S008,MIR0367,0,7,5,1,2,0,2,94.96
2026-08-12,S009,MIR0367,0,1,0,1,3,0,1,47.48
2026-08-12,S010,MIR0367,1,0,0,0,1,0,1,47.48
2026-08-12,S001,MIR0368,1,0,0,0,3,0,1,41.22
2026-08-12,S002,MIR0368,0,0,0,0,2,0,0,0.0
2026-08-12,S003,MIR0368,0,0,0,2,2,0,0,0.0
2026-08-12,S004,MIR0368,0,1,0,3,2,0,1,41.22
2026-08-12,S005,MIR0368,0,0,0,3,2,0,0,0.0
2026-08-12,S006,MIR0368,1,5,4,3,2,0,2,82.44
2026-08-12,S007,MIR0368,1,0,0,2,1,0,1,41.22
2026-08-12,S008,MIR0368,0,1,0,1,0,0,1,41.22
2026-08-12,S009,MIR0368,0,2,0,3,0,0,2,82.44
2026-08-12,S010,MIR0368,0,0,0,2,1,0,0,0.0
2026-08-12,S001,MIR0369,0,2,1,3,1,0,1,36.35
2026-08-12,S002,MIR0369,1,0,1,0,2,0,0,0.0
2026-08-12,S003,MIR0369,0,1,0,1,3,0,1,36.35
2026-08-12,S004,MIR0369,0,0,0,1,2,0,0,0.0
2026-08-12,S005,MIR0369,0,0,0,3,2,0,0,0.0
2026-08-12,S006,MIR0369,1,0,1,1,2,0,0,0.0
2026-08-12,S007,MIR0369,2,4,4,3,2,0,2,72.7
2026-08-12,S008,MIR0369,1,0,0,2,0,0,1,36.35
2026-08-12,S009,MIR0369,1,7,6,0,0,0,2,72.7
2026-08-12,S010,MIR0369,0,0,0,3,3,0,0,0.0
2026-08-12,S001,MIR0370,0,0,0,3,0,0,0,0.0
2026-08-12,S002,MIR0370,0,0,0,1,1,0,0,0.0
2026-08-12,S003,MIR0370,1,0,1,1,1,0,0,0.0
2026-08-12,S004,MIR0370,0,0,0,0,2,0,0,0.0
2026-08-12,S005,MIR0370,0,1,0,3,0,0,1,46.7
2026-08-12,S006,MIR0370,0,0,0,3,0,0,0,0.0
2026-08-12,S007,MIR0370,2,4,3,1,0,0,3,140.1
2026-08-12,S008,MIR0370,1,1,2,1,0,0,0,0.0
2026-08-12,S009,MIR0370,1,2,2,1,3,0,1,46.7
2026-08-12,S010,MIR0370,0,0,0,3,1,0,0,0.0
2026-08-12,S001,MIR0371,1,6,5,0,3,0,2,220.52
2026-08-12,S002,MIR0371,1,0,0,0,2,0,1,110.26
2026-08-12,S003,MIR0371,1,2,2,0,1,0,1,110.26
2026-08-12,S004,MIR0371,0,1,1,0,2,0,0,0.0
2026-08-12,S005,MIR0371,0,0,0,0,3,0,0,0.0
2026-08-12,S006,MIR0371,1,1,1,1,2,0,1,110.26
2026-08-12,S007,MIR0371,0,0,0,1,3,0,0,0.0
2026-08-12,S008,MIR0371,2,6,6,1,1,0,2,220.52
2026-08-12,S009,MIR0371,0,1,0,2,3,0,1,110.26
2026-08-12,S010,MIR0371,1,0,1,0,0,0,0,0.0
2026-08-12,S001,MIR0372,0,1,0,0,2,0,1,103.61
2026-08-12,S002,MIR0372,1,0,1,1,1,0,0,0.0
2026-08-12,S003,MIR0372,0,0,0,1,1,0,0,0.0
2026-08-12,S004,MIR0372,0,0,0,0,3,0,0,0.0
2026-08-12,S005,MIR0372,1,0,0,1,3,0,1,103.61
2026-08-12,S006,MIR0372,1,5,4,0,3,0,2,207.22
2026-08-12,S007,MIR0372,0,2,1,3,3,0,1,103.61
2026-08-12,S008,MIR0372,1,1,1,0,0,0,1,103.61
2026-08-12,S009,MIR0372,1,1,1,3,3,0,1,103.61
2026-08-12,S010,MIR0372,0,0,0,0,2,0,0,0.0
2026-08-12,S001,MIR0373,0,0,0,3,3,0,0,0.0
2026-08-12,S002,MIR0373,0,2,1,0,2,0,1,76.45
2026-08-12,S003,MIR0373,0,0,0,2,1,0,0,0.0
2026-08-12,S004,MIR0373,2,3,3,3,2,0,2,152.9
2026-08-12,S005,MIR0373,0,2,1,0,1,0,1,76.45
2026-08-12,S006,MIR0373,0,0,0,2,0,0,0,0.0
2026-08-12,S007,MIR0373,0,0,0,3,3,0,0,0.0
2026-08-12,S008,MIR0373,1,5,3,3,2,0,3,229.35
2026-08-12,S009,MIR0373,2,0,0,0,2,0,2,152.9
2026-08-12,S010,MIR0373,1,0,0,2,3,0,1,76.45
2026-08-12,S001,MIR0374,0,0,0,0,3,0,0,0.0
2026-08-12,S002,MIR0374,0,1,0,2,2,0,1,78.67
2026-08-12,S003,MIR0374,0,0,0,3,1,0,0,0.0
2026-08-12,S004,MIR0374,0,0,0,1,2,0,0,0.0
2026-08-12,S005,MIR0374,0,0,0,3,3,0,0,0.0
2026-08-12,S006,MIR0374,0,0,0,2,2,0,0,0.0
2026-08-12,S007,MIR0374,0,0,0,2,2,0,0,0.0
2026-08-12,S008,MIR0374,2,4,4,2,2,0,2,157.34
2026-08-12,S009,MIR0374,0,0,0,1,1,0,0,0.0
2026-08-12,S010,MIR0374,0,1,0,3,2,0,1,78.67
2026-08-12,S001,MIR0375,1,2,3,1,2,0,0,0.0
2026-08-12,S002,MIR0375,0,0,0,0,3,0,0,0.0
2026-08-12,S003,MIR0375,0,0,0,2,0,0,0,0.0
2026-08-12,S004,MIR0375,0,3,2,0,1,0,1,67.55
2026-08-12,S005,MIR0375,0,0,0,3,1,0,0,0.0
2026-08-12,S006,MIR0375,0,1,0,1,0,0,1,67.55
2026-08-12,S007,MIR0375,0,0,0,3,1,0,0,0.0
2026-08-12,S008,MIR0375,1,0,1,2,0,0,0,0.0
2026-08-12,S009,MIR0375,1,0,1,1,0,0,0,0.0
2026-08-12,S010,MIR0375,1,0,0,1,2,0,1,67.55
2026-08-12,S001,MIR0376,1,1,1,1,2,0,1,62.12
2026-08-12,S002,MIR0376,1,7,5,0,3,0,3,186.36
2026-08-12,S003,MIR0376,2,1,1,2,0,0,2,124.24
2026-08-12,S004,MIR0376,0,3,2,2,1,0,1,62.12
2026-08-12,S005,MIR0376,1,0,1,1,1,0,0,0.0
2026-08-12,S006,MIR0376,0,0,0,2,3,0,0,0.0
2026-08-12,S007,MIR0376,0,1,1,2,0,0,0,0.0
2026-08-12,S008,MIR0376,0,1,0,1,1,0,1,62.12
2026-08-12,S009,MIR0376,0,0,0,0,1,0,0,0.0
2026-08-12,S010,MIR0376,1,0,1,1,3,0,0,0.0
2026-08-12,S001,MIR0377,0,0,0,3,0,0,0,0.0
2026-08-12,S002,MIR0377,0,0,0,0,3,0,0,0.0
2026-08-12,S003,MIR0377,1,1,1,0,1,0,1,88.28
2026-08-12,S004,MIR0377,0,0,0,1,3,0,0,0.0
2026-08-12,S005,MIR0377,1,0,0,1,0,0,1,88.28
2026-08-12,S006,MIR0377,0,0,0,3,0,0,0,0.0
2026-08-12,S007,MIR0377,0,2,2,0,1,0,0,0.0
2026-08-12,S008,MIR0377,0,0,0,1,0,0,0,0.0
2026-08-12,S009,MIR0377,1,0,1,0,2,0,0,0.0
2026-08-12,S010,MIR0377,0,1,0,3,1,0,1,88.28
2026-08-12,S001,MIR0378,1,3,3,0,2,0,1,52.6
2026-08-12,S002,MIR0378,0,6,3,3,1,0,3,157.8
2026-08-12,S003,MIR0378,0,0,0,3,3,0,0,0.0
2026-08-12,S004,MIR0378,1,4,3,0,0,0,2,105.2
2026-08-12,S005,MIR0378,0,0,0,3,0,0,0,0.0
2026-08-12,S006,MIR0378,0,0,0,3,2,0,0,0.0
2026-08-12,S007,MIR0378,0,2,2,3,0,0,0,0.0
2026-08-12,S008,MIR0378,0,3,2,0,1,0,1,52.6
2026-08-12,S009,MIR0378,0,0,0,0,0,0,0,0.0
2026-08-12,S010,MIR0378,0,1,0,1,2,0,1,52.6
2026-08-12,S001,MIR0379,1,0,1,0,1,0,0,0.0
2026-08-12,S002,MIR0379,0,0,0,1,3,0,0,0.0
2026-08-12,S003,MIR0379,1,0,0,3,1,0,1,87.55
2026-08-12,S004,MIR0379,0,3,2,3,2,0,1,87.55
2026-08-12,S005,MIR0379,0,2,0,2,3,0,2,175.1
2026-08-12,S006,MIR0379,0,3,3,2,2,0,0,0.0
2026-08-12,S007,MIR0379,0,0,0,0,0,0,0,0.0
2026-08-12,S008,MIR0379,0,0,0,0,0,0,0,0.0
2026-08-12,S009,MIR0379,0,0,0,0,2,0,0,0.0
2026-08-12,S010,MIR0379,1,2,2,2,3,0,1,87.55
2026-08-12,S001,MIR0380,0,0,0,1,3,0,0,0.0
2026-08-12,S002,MIR0380,0,1,0,1,1,0,1,123.64
2026-08-12,S003,MIR0380,0,0,0,3,1,0,0,0.0
2026-08-12,S004,MIR0380,1,1,0,2,3,0,2,247.28
2026-08-12,S005,MIR0380,0,6,3,1,2,0,3,370.92
2026-08-12,S006,MIR0380,0,1,1,0,0,0,0,0.0
2026-08-12,S007,MIR0380,1,0,1,1,3,0,0,0.0
2026-08-12,S008,MIR0380,1,3,3,2,0,0,1,123.64
2026-08-12,S009,MIR0380,1,0,0,0,1,0,1,123.64
2026-08-12,S010,MIR0380,0,0,0,2,1,0,0,0.0
2026-08-12,S001,MIR0381,0,0,0,2,1,0,0,0.0
2026-08-12,S002,MIR0381,2,3,3,3,2,0,2,102.38
2026-08-12,S003,MIR0381,0,1,1,3,1,0,0,0.0
2026-08-12,S004,MIR0381,0,0,0,3,0,0,0,0.0
2026-08-12,S005,MIR0381,0,2,2,3,1,0,0,0.0
2026-08-12,S006,MIR0381,0,3,2,0,0,0,1,51.19
2026-08-12,S007,MIR0381,0,0,0,3,0,1,0,0.0
2026-08-12,S008,MIR0381,0,0,0,1,2,0,0,0.0
2026-08-12,S009,MIR0381,1,0,0,2,1,0,1,51.19
2026-08-12,S010,MIR0381,0,3,2,2,3,0,1,51.19
2026-08-12,S001,MIR0382,0,1,0,2,0,0,1,64.9
2026-08-12,S002,MIR0382,1,2,2,0,2,0,1,64.9
2026-08-12,S003,MIR0382,0,0,0,0,1,0,0,0.0
2026-08-12,S004,MIR0382,0,0,0,1,0,0,0,0.0
2026-08-12,S005,MIR0382,1,5,4,1,0,0,2,129.8
2026-08-12,S006,MIR0382,0,2,1,0,1,0,1,64.9
2026-08-12,S007,MIR0382,1,0,0,0,0,0,1,64.9
2026-08-12,S008,MIR0382,1,2,2,0,2,0,1,64.9
2026-08-12,S009,MIR0382,1,2,1,3,0,0,2,129.8
2026-08-12,S010,MIR0382,0,0,0,1,2,0,0,0.0
2026-08-12,S001,MIR0383,0,1,1,0,2,0,0,0.0
2026-08-12,S002,MIR0383,0,1,1,3,3,0,0,0.0
2026-08-12,S003,MIR0383,1,3,2,2,3,0,2,66.04
2026-08-12,S004,MIR0383,0,2,1,1,2,0,1,33.02
2026-08-12,S005,MIR0383,2,5,5,2,2,0,2,66.04
2026-08-12,S006,MIR0383,2,3,3,3,3,0,2,66.04
2026-08-12,S007,MIR0383,1,1,0,1,1,0,2,66.04
2026-08-12,S008,MIR0383,1,0,0,2,1,0,1,33.02
2026-08-12,S009,MIR0383,0,0,0,2,1,0,0,0.0
2026-08-12,S010,MIR0383,0,0,0,0,1,0,0,0.0
2026-08-12,S001,MIR0384,3,5,4,2,3,0,4,158.24
2026-08-12,S002,MIR0384,0,0,0,3,0,0,0,0.0
2026-08-12,S003,MIR0384,0,1,0,2,2,0,1,39.56
2026-08-12,S004,MIR0384,0,0,0,2,3,0,0,0.0
2026-08-12,S005,MIR0384,0,0,0,0,3,0,0,0.0
2026-08-12,S006,MIR0384,0,1,1,0,0,0,0,0.0
2026-08-12,S007,MIR0384,0,1,0,1,1,0,1,39.56
2026-08-12,S008,MIR0384,0,4,2,0,0,0,2,79.12
2026-08-12,S009,MIR0384,2,7,7,3,2,0,2,79.12
2026-08-12,S010,MIR0384,0,0,0,1,1,0,0,0.0
2026-08-12,S001,MIR0385,0,0,0,2,2,0,0,0.0
2026-08-12,S002,MIR0385,0,0,0,0,3,0,0,0.0
2026-08-12,S003,MIR0385,0,0,0,1,3,0,0,0.0
2026-08-12,S004,MIR0385,0,0,0,2,1,0,0,0.0
2026-08-12,S005,MIR0385,0,0,0,0,3,0,0,0.0
2026-08-12,S006,MIR0385,1,0,0,1,2,0,1,24.62
2026-08-12,S007,MIR0385,0,0,0,3,3,0,0,0.0
2026-08-12,S008,MIR0385,0,0,0,2,2,0,0,0.0
2026-08-12,S009,MIR0385,0,0,0,3,3,0,0,0.0
2026-08-12,S010,MIR0385,0,0,0,1,2,0,0,0.0
2026-08-12,S001,MIR0386,0,0,0,2,2,0,0,0.0
2026-08-12,S002,MIR0386,1,2,3,1,3,0,0,0.0
2026-08-12,S003,MIR0386,1,2,1,0,1,0,2,195.24
2026-08-12,S004,MIR0386,0,0,0,3,3,0,0,0.0
2026-08-12,S005,MIR0386,0,1,1,1,0,0,0,0.0
2026-08-12,S006,MIR0386,0,7,4,1,1,0,3,292.86
2026-08-12,S007,MIR0386,0,0,0,0,0,0,0,0.0
2026-08-12,S008,MIR0386,1,1,2,3,3,0,0,0.0
2026-08-12,S009,MIR0386,0,0,0,1,1,0,0,0.0
2026-08-12,S010,MIR0386,0,1,0,3,2,0,1,97.62
2026-08-12,S001,MIR0387,1,0,1,1,1,0,0,0.0
2026-08-12,S002,MIR0387,0,7,4,0,3,0,3,258.18
2026-08-12,S003,MIR0387,0,3,2,3,3,0,1,86.06
2026-08-12,S004,MIR0387,0,7,5,2,0,0,2,172.12
2026-08-12,S005,MIR0387,0,1,1,1,1,0,0,0.0
2026-08-12,S006,MIR0387,0,5,4,1,3,0,1,86.06
2026-08-12,S007,MIR0387,0,6,3,0,2,0,3,258.18
2026-08-12,S008,MIR0387,2,15,10,2,2,0,7,602.42
2026-08-12,S009,MIR0387,0,2,1,3,0,0,1,86.06
2026-08-12,S010,MIR0387,0,0,0,0,3,0,0,0.0
2026-08-12,S001,MIR0388,2,4,4,3,2,0,2,225.8
2026-08-12,S002,MIR0388,0,1,0,3,3,0,1,112.9
2026-08-12,S003,MIR0388,1,0,0,0,1,0,1,112.9
2026-08-12,S004,MIR0388,0,1,0,0,3,0,1,112.9
2026-08-12,S005,MIR0388,1,0,0,3,0,0,1,112.9
2026-08-12,S006,MIR0388,1,3,2,3,1,0,2,225.8
2026-08-12,S007,MIR0388,1,1,1,0,2,0,1,112.9
2026-08-12,S008,MIR0388,0,0,0,0,3,0,0,0.0
2026-08-12,S009,MIR0388,1,0,0,1,1,0,1,112.9
2026-08-12,S010,MIR0388,0,6,4,0,2,0,2,225.8
2026-08-12,S001,MIR0389,1,2,1,0,3,0,2,57.88
2026-08-12,S002,MIR0389,1,1,1,0,1,0,1,28.94
2026-08-12,S003,MIR0389,0,1,1,2,3,0,0,0.0
2026-08-12,S004,MIR0389,0,3,2,1,3,0,1,28.94
2026-08-12,S005,MIR0389,0,3,2,3,1,1,1,28.94
2026-08-12,S006,MIR0389,1,1,1,3,2,0,1,28.94
2026-08-12,S007,MIR0389,1,0,1,2,3,0,0,0.0
2026-08-12,S008,MIR0389,0,4,2,0,1,0,2,57.88
2026-08-12,S009,MIR0389,0,3,1,1,0,0,2,57.88
2026-08-12,S010,MIR0389,0,0,0,1,2,1,0,0.0
2026-08-12,S001,MIR0390,0,0,0,0,0,1,0,0.0
2026-08-12,S002,MIR0390,2,2,2,1,2,0,2,185.18
2026-08-12,S003,MIR0390,0,3,1,0,3,0,2,185.18
2026-08-12,S004,MIR0390,0,2,0,3,0,0,2,185.18
2026-08-12,S005,MIR0390,1,0,0,1,3,0,1,92.59
2026-08-12,S006,MIR0390,1,6,4,0,2,0,3,277.77
2026-08-12,S007,MIR0390,0,0,0,3,2,0,0,0.0
2026-08-12,S008,MIR0390,0,1,0,3,0,0,1,92.59
2026-08-12,S009,MIR0390,2,0,0,0,3,0,2,185.18
2026-08-12,S010,MIR0390,0,1,0,3,3,0,1,92.59
2026-08-12,S001,MIR0391,1,0,0,2,3,0,1,115.27
2026-08-12,S002,MIR0391,1,7,5,2,1,0,3,345.81
2026-08-12,S003,MIR0391,0,2,1,0,3,0,1,115.27
2026-08-12,S004,MIR0391,0,4,3,2,2,0,1,115.27
2026-08-12,S005,MIR0391,1,8,6,3,2,1,3,345.81
2026-08-12,S006,MIR0391,0,1,1,0,3,0,0,0.0
2026-08-12,S007,MIR0391,0,3,2,3,1,0,1,115.27
2026-08-12,S008,MIR0391,0,3,2,2,0,0,1,115.27
2026-08-12,S009,MIR0391,0,3,2,1,1,0,1,115.27
2026-08-12,S010,MIR0391,2,3,3,0,1,0,2,230.54
2026-08-12,S001,MIR0392,0,1,0,1,0,0,1,25.85
2026-08-12,S002,MIR0392,1,0,0,1,1,0,1,25.85
2026-08-12,S003,MIR0392,0,4,2,1,2,0,2,51.7
2026-08-12,S004,MIR0392,0,1,0,0,3,0,1,25.85
2026-08-12,S005,MIR0392,0,2,1,3,1,0,1,25.85
2026-08-12,S006,MIR0392,0,0,0,0,3,0,0,0.0
2026-08-12,S007,MIR0392,1,1,0,0,0,0,2,51.7
2026-08-12,S008,MIR0392,0,1,1,0,0,0,0,0.0
2026-08-12,S009,MIR0392,1,0,0,1,0,0,1,25.85
2026-08-12,S010,MIR0392,0,0,0,0,0,0,0,0.0
2026-08-12,S001,MIR0393,1,0,0,1,1,0,1,69.78
2026-08-12,S002,MIR0393,0,5,4,3,0,0,1,69.78
2026-08-12,S003,MIR0393,1,2,2,3,1,0,1,69.78
2026-08-12,S004,MIR0393,1,0,0,3,3,0,1,69.78
2026-08-12,S005,MIR0393,0,6,4,2,0,0,2,139.56
2026-08-12,S006,MIR0393,2,0,0,0,2,0,2,139.56
2026-08-12,S007,MIR0393,1,2,1,2,2,0,2,139.56
2026-08-12,S008,MIR0393,0,13,9,2,2,0,4,279.12
2026-08-12,S009,MIR0393,1,2,2,3,0,0,1,69.78
2026-08-12,S010,MIR0393,0,3,1,2,0,0,2,139.56
2026-08-12,S001,MIR0394,1,0,0,2,2,0,1,89.91
2026-08-12,S002,MIR0394,1,0,0,2,2,0,1,89.91
2026-08-12,S003,MIR0394,0,1,0,2,1,0,1,89.91
2026-08-12,S004,MIR0394,1,2,2,2,0,0,1,89.91
2026-08-12,S005,MIR0394,0,0,0,3,1,0,0,0.0
2026-08-12,S006,MIR0394,0,4,3,1,1,0,1,89.91
2026-08-12,S007,MIR0394,1,3,2,2,1,0,2,179.82
2026-08-12,S008,MIR0394,1,0,0,3,2,0,1,89.91
2026-08-12,S009,MIR0394,1,4,3,2,1,0,2,179.82
2026-08-12,S010,MIR0394,0,3,1,3,3,0,2,179.82
2026-08-12,S001,MIR0395,0,2,1,0,3,0,1,85.49
2026-08-12,S002,MIR0395,2,3,2,3,0,0,3,256.47
2026-08-12,S003,MIR0395,1,2,2,0,3,0,1,85.49
2026-08-12,S004,MIR0395,0,8,5,2,0,0,3,256.47
2026-08-12,S005,MIR0395,0,1,1,2,2,0,0,0.0
2026-08-12,S006,MIR0395,0,0,0,0,3,0,0,0.0
2026-08-12,S007,MIR0395,1,1,2,1,2,0,0,0.0
2026-08-12,S008,MIR0395,0,5,2,2,0,0,3,256.47
2026-08-12,S009,MIR0395,0,3,2,0,3,0,1,85.49
2026-08-12,S010,MIR0395,0,2,1,3,2,0,1,85.49
2026-08-12,S001,MIR0396,0,4,2,2,2,0,2,116.58
2026-08-12,S002,MIR0396,0,3,2,3,1,0,1,58.29
2026-08-12,S003,MIR0396,1,0,1,3,3,0,0,0.0
2026-08-12,S004,MIR0396,0,0,0,3,0,0,0,0.0
2026-08-12,S005,MIR0396,0,1,0,3,3,0,1,58.29
2026-08-12,S006,MIR0396,0,0,0,2,2,0,0,0.0
2026-08-12,S007,MIR0396,0,3,3,1,2,0,0,0.0
2026-08-12,S008,MIR0396,0,7,4,3,1,1,3,174.87
2026-08-12,S009,MIR0396,1,0,0,0,3,0,1,58.29
2026-08-12,S010,MIR0396,0,0,0,1,1,0,0,0.0
2026-08-12,S001,MIR0397,0,0,0,0,1,0,0,0.0
2026-08-12,S002,MIR0397,0,0,0,0,1,0,0,0.0
2026-08-12,S003,MIR0397,0,0,0,2,3,0,0,0.0
2026-08-12,S004,MIR0397,0,0,0,0,2,0,0,0.0
2026-08-12,S005,MIR0397,2,0,0,1,3,0,2,102.9
2026-08-12,S006,MIR0397,2,5,4,2,2,0,3,154.35
2026-08-12,S007,MIR0397,1,0,0,1,3,0,1,51.45
2026-08-12,S008,MIR0397,0,0,0,1,2,0,0,0.0
2026-08-12,S009,MIR0397,0,3,2,0,3,0,1,51.45
2026-08-12,S010,MIR0397,0,0,0,0,3,0,0,0.0
2026-08-12,S001,MIR0398,0,0,0,1,3,1,0,0.0
2026-08-12,S002,MIR0398,0,0,0,1,0,0,0,0.0
2026-08-12,S003,MIR0398,0,0,0,2,1,0,0,0.0
2026-08-12,S004,MIR0398,1,3,2,0,1,1,2,185.18
2026-08-12,S005,MIR0398,0,1,0,1,1,0,1,92.59
2026-08-12,S006,MIR0398,0,3,2,0,3,0,1,92.59
2026-08-12,S007,MIR0398,3,8,7,2,3,0,4,370.36
2026-08-12,S008,MIR0398,0,2,2,3,2,0,0,0.0
2026-08-12,S009,MIR0398,1,0,0,3,1,0,1,92.59
2026-08-12,S010,MIR0398,0,1,0,1,3,0,1,92.59
2026-08-12,S001,MIR0399,0,2,1,0,0,0,1,91.94
2026-08-12,S002,MIR0399,2,11,7,3,2,0,6,551.64
2026-08-12,S003,MIR0399,0,0,0,0,0,0,0,0.0
2026-08-12,S004,MIR0399,0,0,0,2,0,0,0,0.0
2026-08-12,S005,MIR0399,0,1,1,2,2,0,0,0.0
2026-08-12,S006,MIR0399,0,4,3,2,3,0,1,91.94
2026-08-12,S007,MIR0399,0,0,0,0,3,0,0,0.0
2026-08-12,S008,MIR0399,1,1,0,2,3,0,2,183.88
2026-08-12,S009,MIR0399,0,3,2,2,0,0,1,91.94
2026-08-12,S010,MIR0399,0,1,1,0,1,0,0,0.0
2026-08-12,S001,MIR0400,0,0,0,1,2,0,0,0.0
2026-08-12,S002,MIR0400,0,0,0,3,1,0,0,0.0
2026-08-12,S003,MIR0400,0,1,0,0,3,0,1,127.69
2026-08-12,S004,MIR0400,1,0,0,3,2,0,1,127.69
2026-08-12,S005,MIR0400,1,0,0,1,1,0,1,127.69
2026-08-12,S006,MIR0400,0,3,2,3,1,0,1,127.69
2026-08-12,S007,MIR0400,0,0,0,1,3,0,0,0.0
2026-08-12,S008,MIR0400,1,0,0,3,2,0,1,127.69
2026-08-12,S009,MIR0400,0,0,0,1,3,0,0,0.0
2026-08-12,S010,MIR0400,1,0,0,1,0,0,1,127.69
2026-08-12,S001,MIR0401,0,0,0,3,3,0,0,0.0
2026-08-12,S002,MIR0401,0,1,0,2,0,1,1,37.16
2026-08-12,S003,MIR0401,0,1,0,2,1,0,1,37.16
2026-08-12,S004,MIR0401,0,0,0,3,1,0,0,0.0
2026-08-12,S005,MIR0401,1,1,0,2,0,0,2,74.32
2026-08-12,S006,MIR0401,0,3,2,1,1,0,1,37.16
2026-08-12,S007,MIR0401,1,2,0,0,3,0,3,111.48
2026-08-12,S008,MIR0401,1,1,1,0,3,0,1,37.16
2026-08-12,S009,MIR0401,0,1,0,2,1,0,1,37.16
2026-08-12,S010,MIR0401,0,2,1,3,1,0,1,37.16
2026-08-12,S001,MIR0402,0,0,0,1,0,0,0,0.0
2026-08-12,S002,MIR0402,1,0,0,2,0,0,1,76.62
2026-08-12,S003,MIR0402,1,0,0,1,1,0,1,76.62
2026-08-12,S004,MIR0402,0,1,0,2,1,0,1,76.62
2026-08-12,S005,MIR0402,0,0,0,1,2,0,0,0.0
2026-08-12,S006,MIR0402,0,0,0,1,0,0,0,0.0
2026-08-12,S007,MIR0402,0,0,0,3,2,0,0,0.0
2026-08-12,S008,MIR0402,0,1,0,2,2,0,1,76.62
2026-08-12,S009,MIR0402,1,0,1,1,1,0,0,0.0
2026-08-12,S010,MIR0402,1,4,3,0,2,0,2,153.24
2026-08-12,S001,MIR0403,0,2,0,0,3,0,2,100.18
2026-08-12,S002,MIR0403,0,3,2,2,0,0,1,50.09
2026-08-12,S003,MIR0403,0,0,0,3,2,0,0,0.0
2026-08-12,S004,MIR0403,1,0,1,0,1,0,0,0.0
2026-08-12,S005,MIR0403,0,0,0,2,3,0,0,0.0
2026-08-12,S006,MIR0403,1,3,2,2,3,0,2,100.18
2026-08-12,S007,MIR0403,1,0,1,3,3,0,0,0.0
2026-08-12,S008,MIR0403,0,4,3,3,3,0,1,50.09
2026-08-12,S009,MIR0403,0,0,0,1,1,0,0,0.0
2026-08-12,S010,MIR0403,1,0,0,3,1,0,1,50.09
2026-08-12,S001,MIR0404,0,2,2,0,3,0,0,0.0
2026-08-12,S002,MIR0404,0,6,5,2,1,0,1,38.68
2026-08-12,S003,MIR0404,0,3,2,0,3,0,1,38.68
2026-08-12,S004,MIR0404,1,1,1,3,0,0,1,38.68
2026-08-12,S005,MIR0404,0,1,1,1,0,0,0,0.0
2026-08-12,S006,MIR0404,0,1,0,3,2,0,1,38.68
2026-08-12,S007,MIR0404,1,4,4,3,1,0,1,38.68
2026-08-12,S008,MIR0404,0,0,0,0,3,0,0,0.0
2026-08-12,S009,MIR0404,0,2,1,1,2,0,1,38.68
2026-08-12,S010,MIR0404,1,0,0,3,2,0,1,38.68
2026-08-12,S001,MIR0405,0,0,0,1,0,0,0,0.0
2026-08-12,S002,MIR0405,0,0,0,3,0,0,0,0.0
2026-08-12,S003,MIR0405,1,1,1,1,0,0,1,26.31
2026-08-12,S004,MIR0405,0,0,0,3,0,0,0,0.0
2026-08-12,S005,MIR0405,0,0,0,2,3,0,0,0.0
2026-08-12,S006,MIR0405,0,0,0,1,2,0,0,0.0
2026-08-12,S007,MIR0405,1,0,0,1,0,0,1,26.31
2026-08-12,S008,MIR0405,0,2,0,0,3,0,2,52.62
2026-08-12,S009,MIR0405,0,2,1,0,0,0,1,26.31
2026-08-12,S010,MIR0405,0,0,0,3,0,0,0,0.0
2026-08-12,S001,MIR0406,1,3,3,2,0,0,1,38.28
2026-08-12,S002,MIR0406,0,0,0,2,0,0,0,0.0
2026-08-12,S003,MIR0406,2,4,4,0,1,0,2,76.56
2026-08-12,S004,MIR0406,0,2,1,2,1,0,1,38.28
2026-08-12,S005,MIR0406,1,2,2,2,1,0,1,38.28
2026-08-12,S006,MIR0406,1,15,10,2,0,0,6,229.68
2026-08-12,S007,MIR0406,1,1,1,0,2,0,1,38.28
2026-08-12,S008,MIR0406,0,0,0,3,2,0,0,0.0
2026-08-12,S009,MIR0406,2,4,4,0,0,0,2,76.56
2026-08-12,S010,MIR0406,0,1,0,0,2,0,1,38.28
2026-08-12,S001,MIR0407,0,4,3,0,2,0,1,32.79
2026-08-12,S002,MIR0407,0,1,0,1,3,0,1,32.79
2026-08-12,S003,MIR0407,0,0,0,3,0,0,0,0.0
2026-08-12,S004,MIR0407,1,2,2,2,3,0,1,32.79
2026-08-12,S005,MIR0407,0,1,0,1,1,0,1,32.79
2026-08-12,S006,MIR0407,2,2,2,2,1,0,2,65.58
2026-08-12,S007,MIR0407,0,8,5,2,0,0,3,98.37
2026-08-12,S008,MIR0407,1,0,1,1,1,0,0,0.0
2026-08-12,S009,MIR0407,1,0,0,2,3,0,1,32.79
2026-08-12,S010,MIR0407,0,1,1,1,0,1,0,0.0
2026-08-12,S001,MIR0408,0,0,0,1,2,0,0,0.0
2026-08-12,S002,MIR0408,1,0,1,0,2,0,0,0.0
2026-08-12,S003,MIR0408,0,1,1,2,0,0,0,0.0
2026-08-12,S004,MIR0408,0,0,0,2,0,0,0,0.0
2026-08-12,S005,MIR0408,0,3,1,2,0,0,2,77.84
2026-08-12,S006,MIR0408,0,3,2,3,0,0,1,38.92
2026-08-12,S007,MIR0408,0,0,0,1,0,0,0,0.0
2026-08-12,S008,MIR0408,0,0,0,1,1,0,0,0.0
2026-08-12,S009,MIR0408,0,0,0,0,2,0,0,0.0
2026-08-12,S010,MIR0408,0,1,0,0,0,0,1,38.92
2026-08-12,S001,MIR0409,0,1,0,3,2,0,1,23.95
2026-08-12,S002,MIR0409,0,5,2,1,3,0,3,71.85
2026-08-12,S003,MIR0409,1,0,1,0,0,0,0,0.0
2026-08-12,S004,MIR0409,0,0,0,0,1,0,0,0.0
2026-08-12,S005,MIR0409,1,1,2,2,1,0,0,0.0
2026-08-12,S006,MIR0409,1,0,0,2,3,0,1,23.95
2026-08-12,S007,MIR0409,0,0,0,1,0,0,0,0.0
2026-08-12,S008,MIR0409,0,1,0,0,1,0,1,23.95
2026-08-12,S009,MIR0409,0,1,1,3,0,0,0,0.0
2026-08-12,S010,MIR0409,1,5,3,1,2,0,3,71.85
2026-08-12,S001,MIR0410,0,7,5,3,2,0,2,152.08
2026-08-12,S002,MIR0410,1,1,1,0,0,0,1,76.04
2026-08-12,S003,MIR0410,1,4,3,0,2,0,2,152.08
2026-08-12,S004,MIR0410,0,2,1,2,3,0,1,76.04
2026-08-12,S005,MIR0410,0,2,1,3,1,0,1,76.04
2026-08-12,S006,MIR0410,2,6,5,3,2,0,3,228.12
2026-08-12,S007,MIR0410,1,1,1,1,1,1,1,76.04
2026-08-12,S008,MIR0410,1,2,3,3,3,0,0,0.0
2026-08-12,S009,MIR0410,1,0,1,3,1,0,0,0.0
2026-08-12,S010,MIR0410,0,3,2,1,3,0,1,76.04
2026-08-12,S001,MIR0411,0,0,0,0,0,0,0,0.0
2026-08-12,S002,MIR0411,0,1,1,2,0,0,0,0.0
2026-08-12,S003,MIR0411,1,2,2,2,2,0,1,84.73
2026-08-12,S004,MIR0411,0,5,3,3,3,0,2,169.46
2026-08-12,S005,MIR0411,0,5,4,0,3,0,1,84.73
2026-08-12,S006,MIR0411,1,1,1,0,0,0,1,84.73
2026-08-12,S007,MIR0411,1,1,1,0,1,0,1,84.73
2026-08-12,S008,MIR0411,2,10,6,2,1,0,6,508.38
2026-08-12,S009,MIR0411,1,0,0,3,1,0,1,84.73
2026-08-12,S010,MIR0411,1,1,0,1,3,0,2,169.46
2026-08-12,S001,MIR0412,3,14,12,0,1,0,5,603.05
2026-08-12,S002,MIR0412,1,2,2,0,2,0,1,120.61
2026-08-12,S003,MIR0412,1,3,3,2,2,0,1,120.61
2026-08-12,S004,MIR0412,1,5,3,0,2,1,3,361.83
2026-08-12,S005,MIR0412,0,2,1,1,0,0,1,120.61
2026-08-12,S006,MIR0412,1,12,8,0,2,0,5,603.05
2026-08-12,S007,MIR0412,0,6,3,2,3,0,3,361.83
2026-08-12,S008,MIR0412,2,11,9,2,3,0,4,482.44
2026-08-12,S009,MIR0412,0,1,0,0,1,0,1,120.61
2026-08-12,S010,MIR0412,0,3,1,0,0,0,2,241.22
2026-08-12,S001,MIR0413,1,1,1,2,3,0,1,127.13
2026-08-12,S002,MIR0413,1,1,1,0,2,0,1,127.13
2026-08-12,S003,MIR0413,0,0,0,2,3,0,0,0.0
2026-08-12,S004,MIR0413,2,0,0,3,1,0,2,254.26
2026-08-12,S005,MIR0413,2,3,3,2,2,0,2,254.26
2026-08-12,S006,MIR0413,1,0,1,1,1,0,0,0.0
2026-08-12,S007,MIR0413,0,3,1,0,0,1,2,254.26
2026-08-12,S008,MIR0413,0,2,2,3,1,0,0,0.0
2026-08-12,S009,MIR0413,1,1,1,3,1,0,1,127.13
2026-08-12,S010,MIR0413,1,3,2,2,0,1,2,254.26
2026-08-12,S001,MIR0414,0,5,4,0,0,0,1,121.25
2026-08-12,S002,MIR0414,2,10,7,0,3,0,5,606.25
2026-08-12,S003,MIR0414,0,1,0,1,3,0,1,121.25
2026-08-12,S004,MIR0414,1,0,1,2,2,0,0,0.0
2026-08-12,S005,MIR0414,1,6,4,1,0,0,3,363.75
2026-08-12,S006,MIR0414,1,1,1,3,2,0,1,121.25
2026-08-12,S007,MIR0414,1,0,1,1,3,0,0,0.0
2026-08-12,S008,MIR0414,0,0,0,2,0,0,0,0.0
2026-08-12,S009,MIR0414,1,0,0,3,3,0,1,121.25
2026-08-12,S010,MIR0414,0,2,2,3,1,0,0,0.0
2026-08-12,S001,MIR0415,1,0,1,0,2,0,0,0.0
2026-08-12,S002,MIR0415,0,7,6,2,3,0,1,58.6
2026-08-12,S003,MIR0415,1,1,1,2,0,0,1,58.6
2026-08-12,S004,MIR0415,1,3,3,3,2,0,1,58.6
2026-08-12,S005,MIR0415,2,1,1,2,1,0,2,117.2
2026-08-12,S006,MIR0415,2,4,4,3,0,0,2,117.2
2026-08-12,S007,MIR0415,0,4,2,3,0,0,2,117.2
2026-08-12,S008,MIR0415,1,3,3,1,3,0,1,58.6
2026-08-12,S009,MIR0415,1,0,0,0,2,0,1,58.6
2026-08-12,S010,MIR0415,1,6,5,1,1,0,2,117.2
2026-08-12,S001,MIR0416,0,2,0,2,3,0,2,182.34
2026-08-12,S002,MIR0416,0,1,1,3,3,0,0,0.0
2026-08-12,S003,MIR0416,0,0,0,2,3,0,0,0.0
2026-08-12,S004,MIR0416,0,0,0,0,0,0,0,0.0
2026-08-12,S005,MIR0416,0,0,0,3,2,0,0,0.0
2026-08-12,S006,MIR0416,0,1,0,2,3,0,1,91.17
2026-08-12,S007,MIR0416,2,8,7,0,2,0,3,273.51
2026-08-12,S008,MIR0416,0,0,0,2,1,0,0,0.0
2026-08-12,S009,MIR0416,1,0,0,2,3,0,1,91.17
2026-08-12,S010,MIR0416,0,4,3,1,2,0,1,91.17
2026-08-12,S001,MIR0417,1,0,0,3,2,0,1,73.5
2026-08-12,S002,MIR0417,1,10,8,0,1,0,3,220.5
2026-08-12,S003,MIR0417,3,5,4,2,3,0,4,294.0
2026-08-12,S004,MIR0417,0,1,0,0,1,0,1,73.5
2026-08-12,S005,MIR0417,0,2,1,0,0,0,1,73.5
2026-08-12,S006,MIR0417,0,0,0,2,1,0,0,0.0
2026-08-12,S007,MIR0417,0,0,0,1,1,0,0,0.0
2026-08-12,S008,MIR0417,1,0,0,3,0,0,1,73.5
2026-08-12,S009,MIR0417,1,1,1,0,2,0,1,73.5
2026-08-12,S010,MIR0417,0,0,0,3,1,0,0,0.0
2026-08-12,S001,MIR0418,0,5,4,2,2,0,1,66.3
2026-08-12,S002,MIR0418,1,0,0,0,1,0,1,66.3
2026-08-12,S003,MIR0418,0,6,4,3,3,0,2,132.6
2026-08-12,S004,MIR0418,0,14,9,1,2,1,5,331.5
2026-08-12,S005,MIR0418,1,2,1,0,2,0,2,132.6
2026-08-12,S006,MIR0418,2,3,3,1,2,0,2,132.6
2026-08-12,S007,MIR0418,0,2,1,1,3,0,1,66.3
2026-08-12,S008,MIR0418,0,1,0,1,0,0,1,66.3
2026-08-12,S009,MIR0418,1,0,1,2,3,0,0,0.0
2026-08-12,S010,MIR0418,0,0,0,1,2,0,0,0.0
2026-08-12,S001,MIR0419,0,0,0,3,2,0,0,0.0
2026-08-12,S002,MIR0419,0,0,0,0,2,0,0,0.0
2026-08-12,S003,MIR0419,0,0,0,3,1,0,0,0.0
2026-08-12,S004,MIR0419,0,0,0,2,3,0,0,0.0
2026-08-12,S005,MIR0419,0,0,0,3,3,0,0,0.0
2026-08-12,S006,MIR0419,0,5,3,2,1,0,2,67.44
2026-08-12,S007,MIR0419,2,2,2,2,0,0,2,67.44
2026-08-12,S008,MIR0419,0,3,2,3,3,0,1,33.72
2026-08-12,S009,MIR0419,1,2,3,3,2,0,0,0.0
2026-08-12,S010,MIR0419,0,2,1,1,0,0,1,33.72
2026-08-12,S001,MIR0420,1,2,3,3,3,0,0,0.0
2026-08-12,S002,MIR0420,0,4,3,1,3,0,1,59.96
2026-08-12,S003,MIR0420,1,3,4,2,3,0,0,0.0
2026-08-12,S004,MIR0420,0,0,0,0,3,0,0,0.0
2026-08-12,S005,MIR0420,0,5,3,1,2,0,2,119.92
2026-08-12,S006,MIR0420,1,6,4,1,1,0,3,179.88
2026-08-12,S007,MIR0420,1,0,1,0,3,0,0,0.0
2026-08-12,S008,MIR0420,2,3,3,0,3,0,2,119.92
2026-08-12,S009,MIR0420,0,0,0,3,0,0,0,0.0
2026-08-12,S010,MIR0420,0,2,1,2,3,0,1,59.96
2026-08-12,S001,MIR0421,1,0,1,3,1,0,0,0.0
2026-08-12,S002,MIR0421,0,3,2,0,1,0,1,55.01
2026-08-12,S003,MIR0421,1,2,2,2,2,0,1,55.01
2026-08-12,S004,MIR0421,0,1,0,3,3,0,1,55.01
2026-08-12,S005,MIR0421,1,2,1,2,2,0,2,110.02
2026-08-12,S006,MIR0421,0,0,0,1,1,0,0,0.0
2026-08-12,S007,MIR0421,0,8,5,0,3,0,3,165.03
2026-08-12,S008,MIR0421,1,0,0,2,0,0,1,55.01
2026-08-12,S009,MIR0421,2,5,4,1,1,0,3,165.03
2026-08-12,S010,MIR0421,0,1,0,1,3,0,1,55.01
2026-08-12,S001,MIR0422,1,5,4,2,0,0,2,125.84
2026-08-12,S002,MIR0422,0,2,2,2,1,0,0,0.0
2026-08-12,S003,MIR0422,0,0,0,0,0,0,0,0.0
2026-08-12,S004,MIR0422,0,1,0,2,0,0,1,62.92
2026-08-12,S005,MIR0422,0,0,0,0,0,0,0,0.0
2026-08-12,S006,MIR0422,0,1,1,2,3,0,0,0.0
2026-08-12,S007,MIR0422,0,1,1,1,1,0,0,0.0
2026-08-12,S008,MIR0422,2,0,0,0,3,0,2,125.84
2026-08-12,S009,MIR0422,0,2,1,2,3,0,1,62.92
2026-08-12,S010,MIR0422,1,0,1,3,3,0,0,0.0
2026-08-12,S001,MIR0423,1,1,1,2,3,0,1,66.65
2026-08-12,S002,MIR0423,0,7,4,0,1,0,3,199.95
2026-08-12,S003,MIR0423,2,7,5,1,1,0,4,266.6
2026-08-12,S004,MIR0423,1,0,1,3,0,0,0,0.0
2026-08-12,S005,MIR0423,0,1,0,0,3,0,1,66.65
2026-08-12,S006,MIR0423,0,14,9,0,1,0,5,333.25
2026-08-12,S007,MIR0423,1,0,1,3,2,0,0,0.0
2026-08-12,S008,MIR0423,2,4,4,0,1,0,2,133.3
2026-08-12,S009,MIR0423,0,3,2,0,0,0,1,66.65
2026-08-12,S010,MIR0423,0,0,0,1,3,0,0,0.0
2026-08-12,S001,MIR0424,1,0,0,3,3,0,1,46.85
2026-08-12,S002,MIR0424,1,0,0,1,0,0,1,46.85
2026-08-12,S003,MIR0424,0,3,2,3,2,0,1,46.85
2026-08-12,S004,MIR0424,0,2,1,2,1,0,1,46.85
2026-08-12,S005,MIR0424,2,4,4,3,3,0,2,93.7
2026-08-12,S006,MIR0424,1,4,3,3,1,0,2,93.7
2026-08-12,S007,MIR0424,0,0,0,2,1,0,0,0.0
2026-08-12,S008,MIR0424,1,0,1,3,3,0,0,0.0
2026-08-12,S009,MIR0424,1,1,1,1,0,0,1,46.85
2026-08-12,S010,MIR0424,2,4,4,0,3,0,2,93.7
2026-08-12,S001,MIR0425,0,1,0,2,0,0,1,43.38
2026-08-12,S002,MIR0425,0,0,0,0,0,0,0,0.0
2026-08-12,S003,MIR0425,0,2,1,3,0,0,1,43.38
2026-08-12,S004,MIR0425,1,0,0,0,0,0,1,43.38
2026-08-12,S005,MIR0425,1,5,4,0,3,0,2,86.76
2026-08-12,S006,MIR0425,1,2,2,2,3,0,1,43.38
2026-08-12,S007,MIR0425,1,3,3,2,3,0,1,43.38
2026-08-12,S008,MIR0425,1,2,2,3,1,0,1,43.38
2026-08-12,S009,MIR0425,1,1,0,0,2,0,2,86.76
2026-08-12,S010,MIR0425,0,0,0,2,0,0,0,0.0
2026-08-12,S001,MIR0426,0,1,0,1,0,0,1,61.87
2026-08-12,S002,MIR0426,1,1,1,2,2,0,1,61.87
2026-08-12,S003,MIR0426,1,1,1,3,1,0,1,61.87
2026-08-12,S004,MIR0426,0,0,0,3,0,0,0,0.0
2026-08-12,S005,MIR0426,1,0,1,3,3,0,0,0.0
2026-08-12,S006,MIR0426,0,0,0,1,3,0,0,0.0
2026-08-12,S007,MIR0426,2,8,7,2,2,0,3,185.61
2026-08-12,S008,MIR0426,2,0,0,0,2,0,2,123.74
2026-08-12,S009,MIR0426,0,0,0,3,2,0,0,0.0
2026-08-12,S010,MIR0426,0,0,0,0,2,0,0,0.0
2026-08-12,S001,MIR0427,0,2,2,3,1,0,0,0.0
2026-08-12,S002,MIR0427,0,0,0,1,1,0,0,0.0
2026-08-12,S003,MIR0427,0,0,0,3,3,0,0,0.0
2026-08-12,S004,MIR0427,0,0,0,0,1,0,0,0.0
2026-08-12,S005,MIR0427,0,0,0,1,3,0,0,0.0
2026-08-12,S006,MIR0427,1,3,2,1,3,1,2,152.44
2026-08-12,S007,MIR0427,0,1,0,2,0,0,1,76.22
2026-08-12,S008,MIR0427,0,0,0,3,3,0,0,0.0
2026-08-12,S009,MIR0427,0,1,0,2,0,0,1,76.22
2026-08-12,S010,MIR0427,0,0,0,0,2,0,0,0.0
2026-08-12,S001,MIR0428,2,3,3,2,0,0,2,84.44
2026-08-12,S002,MIR0428,0,0,0,0,2,0,0,0.0
2026-08-12,S003,MIR0428,0,1,0,3,2,0,1,42.22
2026-08-12,S004,MIR0428,1,0,0,2,2,0,1,42.22
2026-08-12,S005,MIR0428,1,5,4,3,1,0,2,84.44
2026-08-12,S006,MIR0428,1,1,0,1,1,0,2,84.44
2026-08-12,S007,MIR0428,1,0,0,1,1,0,1,42.22
2026-08-12,S008,MIR0428,0,2,1,3,1,0,1,42.22
2026-08-12,S009,MIR0428,0,1,0,0,3,0,1,42.22
2026-08-12,S010,MIR0428,0,0,0,0,3,0,0,0.0
2026-08-12,S001,MIR0429,0,1,0,3,1,0,1,68.32
2026-08-12,S002,MIR0429,0,0,0,0,1,0,0,0.0
2026-08-12,S003,MIR0429,0,0,0,0,1,0,0,0.0
2026-08-12,S004,MIR0429,0,0,0,2,2,0,0,0.0
2026-08-12,S005,MIR0429,0,0,0,2,1,0,0,0.0
2026-08-12,S006,MIR0429,1,2,2,0,3,0,1,68.32
2026-08-12,S007,MIR0429,2,2,2,1,0,0,2,136.64
2026-08-12,S008,MIR0429,1,2,2,2,1,0,1,68.32
2026-08-12,S009,MIR0429,0,0,0,1,3,0,0,0.0
2026-08-12,S010,MIR0429,1,1,1,0,3,0,1,68.32
2026-08-12,S001,MIR0430,0,1,1,0,0,0,0,0.0
2026-08-12,S002,MIR0430,0,0,0,2,0,0,0,0.0
2026-08-12,S003,MIR0430,0,0,0,2,0,0,0,0.0
2026-08-12,S004,MIR0430,0,0,0,1,2,0,0,0.0
2026-08-12,S005,MIR0430,0,0,0,1,1,0,0,0.0
2026-08-12,S006,MIR0430,0,0,0,1,1,0,0,0.0
2026-08-12,S007,MIR0430,2,0,0,2,3,0,2,195.42
2026-08-12,S008,MIR0430,0,3,2,3,1,0,1,97.71
2026-08-12,S009,MIR0430,0,5,3,2,3,0,2,195.42
2026-08-12,S010,MIR0430,0,1,0,2,1,0,1,97.71
2026-08-12,S001,TEX0431,0,1,0,2,1,0,1,22.94
2026-08-12,S002,TEX0431,1,1,1,3,1,0,1,22.94
2026-08-12,S003,TEX0431,0,0,0,0,3,0,0,0.0
2026-08-12,S004,TEX0431,0,0,0,3,3,0,0,0.0
2026-08-12,S005,TEX0431,0,0,0,0,2,0,0,0.0
2026-08-12,S006,TEX0431,1,3,3,1,1,0,1,22.94
2026-08-12,S007,TEX0431,0,10,7,3,0,0,3,68.82
2026-08-12,S008,TEX0431,2,4,4,2,3,0,2,45.88
2026-08-12,S009,TEX0431,1,0,1,1,3,0,0,0.0
2026-08-12,S010,TEX0431,1,0,1,1,3,0,0,0.0
2026-08-12,S001,TEX0432,2,4,4,0,3,0,2,77.9
2026-08-12,S002,TEX0432,1,1,1,0,3,0,1,38.95
2026-08-12,S003,TEX0432,0,0,0,1,0,0,0,0.0
2026-08-12,S004,TEX0432,0,0,0,2,3,0,0,0.0
2026-08-12,S005,TEX0432,0,13,10,3,2,0,3,116.85
2026-08-12,S006,TEX0432,0,2,0,1,0,0,2,77.9
2026-08-12,S007,TEX0432,0,0,0,0,1,0,0,0.0
2026-08-12,S008,TEX0432,0,0,0,2,1,0,0,0.0
2026-08-12,S009,TEX0432,1,1,1,2,2,0,1,38.95
2026-08-12,S010,TEX0432,0,0,0,2,3,0,0,0.0
2026-08-12,S001,TEX0433,0,1,1,1,3,0,0,0.0
2026-08-12,S002,TEX0433,2,2,2,3,0,0,2,39.02
2026-08-12,S003,TEX0433,0,1,0,2,3,0,1,19.51
2026-08-12,S004,TEX0433,1,0,0,2,0,0,1,19.51
2026-08-12,S005,TEX0433,0,0,0,0,3,0,0,0.0
2026-08-12,S006,TEX0433,0,1,1,1,1,0,0,0.0
2026-08-12,S007,TEX0433,0,0,0,1,3,0,0,0.0
2026-08-12,S008,TEX0433,0,0,0,0,2,0,0,0.0
2026-08-12,S009,TEX0433,0,1,0,0,1,0,1,19.51
2026-08-12,S010,TEX0433,1,3,3,0,1,0,1,19.51
2026-08-12,S001,TEX0434,0,0,0,3,3,0,0,0.0
2026-08-12,S002,TEX0434,1,4,5,1,2,0,0,0.0
2026-08-12,S003,TEX0434,1,3,2,2,3,0,2,95.88
2026-08-12,S004,TEX0434,0,0,0,1,3,0,0,0.0
2026-08-12,S005,TEX0434,0,3,3,0,1,0,0,0.0
2026-08-12,S006,TEX0434,0,1,0,1,3,0,1,47.94
2026-08-12,S007,TEX0434,0,3,2,0,3,0,1,47.94
2026-08-12,S008,TEX0434,1,0,0,1,2,0,1,47.94
2026-08-12,S009,TEX0434,0,1,0,3,2,0,1,47.94
2026-08-12,S010,TEX0434,0,2,1,2,2,0,1,47.94
2026-08-12,S001,TEX0435,0,4,3,2,2,0,1,44.07
2026-08-12,S002,TEX0435,0,2,1,0,0,0,1,44.07
2026-08-12,S003,TEX0435,0,0,0,3,3,0,0,0.0
2026-08-12,S004,TEX0435,0,2,1,2,0,0,1,44.07
2026-08-12,S005,TEX0435,0,0,0,3,2,0,0,0.0
2026-08-12,S006,TEX0435,1,1,1,3,0,0,1,44.07
2026-08-12,S007,TEX0435,1,3,4,2,1,1,0,0.0
2026-08-12,S008,TEX0435,0,2,0,0,1,0,2,88.14
2026-08-12,S009,TEX0435,1,0,0,1,0,0,1,44.07
2026-08-12,S010,TEX0435,0,0,0,2,3,0,0,0.0
2026-08-12,S001,TEX0436,0,0,0,0,1,0,0,0.0
2026-08-12,S002,TEX0436,0,2,0,2,3,0,2,66.52
2026-08-12,S003,TEX0436,0,1,0,0,3,0,1,33.26
2026-08-12,S004,TEX0436,1,2,3,2,3,0,0,0.0
2026-08-12,S005,TEX0436,0,1,0,0,1,0,1,33.26
2026-08-12,S006,TEX0436,2,7,6,2,2,0,3,99.78
2026-08-12,S007,TEX0436,1,4,3,1,1,0,2,66.52
2026-08-12,S008,TEX0436,1,5,4,1,2,0,2,66.52
2026-08-12,S009,TEX0436,1,0,0,0,0,0,1,33.26
2026-08-12,S010,TEX0436,1,1,2,0,0,0,0,0.0
2026-08-12,S001,TEX0437,0,0,0,0,2,0,0,0.0
2026-08-12,S002,TEX0437,1,2,2,0,0,0,1,25.32
2026-08-12,S003,TEX0437,2,0,0,0,0,0,2,50.64
2026-08-12,S004,TEX0437,0,0,0,2,1,0,0,0.0
2026-08-12,S005,TEX0437,0,1,0,2,3,0,1,25.32
2026-08-12,S006,TEX0437,1,0,0,0,0,0,1,25.32
2026-08-12,S007,TEX0437,0,2,1,3,2,0,1,25.32
2026-08-12,S008,TEX0437,0,2,1,0,3,0,1,25.32
2026-08-12,S009,TEX0437,1,0,0,1,3,0,1,25.32
2026-08-12,S010,TEX0437,1,1,2,2,0,0,0,0.0
2026-08-12,S001,TEX0438,0,2,1,1,2,0,1,41.23
2026-08-12,S002,TEX0438,0,1,0,0,2,0,1,41.23
2026-08-12,S003,TEX0438,0,2,0,2,3,0,2,82.46
2026-08-12,S004,TEX0438,0,0,0,1,3,0,0,0.0
2026-08-12,S005,TEX0438,1,1,1,3,0,0,1,41.23
2026-08-12,S006,TEX0438,1,2,1,1,2,0,2,82.46
2026-08-12,S007,TEX0438,1,9,6,0,3,0,4,164.92
2026-08-12,S008,TEX0438,1,0,0,3,0,0,1,41.23
2026-08-12,S009,TEX0438,2,4,3,1,0,0,3,123.69
2026-08-12,S010,TEX0438,0,0,0,1,1,0,0,0.0
2026-08-12,S001,TEX0439,0,0,0,1,3,0,0,0.0
2026-08-12,S002,TEX0439,0,0,0,3,2,1,0,0.0
2026-08-12,S003,TEX0439,0,0,0,2,1,0,0,0.0
2026-08-12,S004,TEX0439,0,0,0,2,0,0,0,0.0
2026-08-12,S005,TEX0439,1,4,4,3,2,0,1,10.64
2026-08-12,S006,TEX0439,0,2,2,2,1,0,0,0.0
2026-08-12,S007,TEX0439,1,1,1,1,0,0,1,10.64
2026-08-12,S008,TEX0439,0,1,0,3,1,0,1,10.64
2026-08-12,S009,TEX0439,0,2,2,1,3,1,0,0.0
2026-08-12,S010,TEX0439,0,1,0,1,2,0,1,10.64
2026-08-12,S001,TEX0440,0,0,0,1,0,0,0,0.0
2026-08-12,S002,TEX0440,0,0,0,2,0,0,0,0.0
2026-08-12,S003,TEX0440,1,0,0,3,2,0,1,27.32
2026-08-12,S004,TEX0440,0,1,0,0,2,0,1,27.32
2026-08-12,S005,TEX0440,0,1,1,2,0,0,0,0.0
2026-08-12,S006,TEX0440,1,0,0,2,3,0,1,27.32
2026-08-12,S007,TEX0440,0,3,3,2,3,1,0,0.0
2026-08-12,S008,TEX0440,0,0,0,1,3,0,0,0.0
2026-08-12,S009,TEX0440,0,3,1,2,0,0,2,54.64
2026-08-12,S010,TEX0440,0,0,0,1,1,0,0,0.0
2026-08-12,S001,TEX0441,0,2,2,1,0,0,0,0.0
2026-08-12,S002,TEX0441,1,1,0,0,1,0,2,55.94
2026-08-12,S003,TEX0441,1,1,2,3,2,0,0,0.0
2026-08-12,S004,TEX0441,0,0,0,0,0,0,0,0.0
2026-08-12,S005,TEX0441,1,0,0,2,1,0,1,27.97
2026-08-12,S006,TEX0441,0,0,0,0,2,0,0,0.0
2026-08-12,S007,TEX0441,0,4,3,0,2,0,1,27.97
2026-08-12,S008,TEX0441,0,2,0,1,2,0,2,55.94
2026-08-12,S009,TEX0441,2,4,4,3,2,0,2,55.94
2026-08-12,S010,TEX0441,1,0,1,3,1,0,0,0.0
2026-08-12,S001,TEX0442,0,0,0,2,3,0,0,0.0
2026-08-12,S002,TEX0442,0,0,0,1,0,0,0,0.0
2026-08-12,S003,TEX0442,0,0,0,3,3,0,0,0.0
2026-08-12,S004,TEX0442,0,0,0,0,3,0,0,0.0
2026-08-12,S005,TEX0442,1,0,0,2,0,0,1,49.75
2026-08-12,S006,TEX0442,0,0,0,2,3,0,0,0.0
2026-08-12,S007,TEX0442,0,2,1,3,1,0,1,49.75
2026-08-12,S008,TEX0442,0,0,0,2,3,0,0,0.0
2026-08-12,S009,TEX0442,0,0,0,1,3,0,0,0.0
2026-08-12,S010,TEX0442,0,0,0,0,3,0,0,0.0
2026-08-12,S001,TEX0443,0,1,0,0,3,0,1,21.77
2026-08-12,S002,TEX0443,0,2,1,1,0,0,1,21.77
2026-08-12,S003,TEX0443,1,0,1,0,2,0,0,0.0
2026-08-12,S004,TEX0443,0,1,0,2,2,0,1,21.77
2026-08-12,S005,TEX0443,1,4,3,1,0,0,2,43.54
2026-08-12,S006,TEX0443,0,0,0,3,2,0,0,0.0
2026-08-12,S007,TEX0443,1,0,0,0,2,0,1,21.77
2026-08-12,S008,TEX0443,1,8,6,1,2,0,3,65.31
2026-08-12,S009,TEX0443,0,0,0,3,3,0,0,0.0
2026-08-12,S010,TEX0443,0,0,0,1,2,0,0,0.0
2026-08-12,S001,TEX0444,0,0,0,2,0,0,0,0.0
2026-08-12,S002,TEX0444,0,0,0,0,2,0,0,0.0
2026-08-12,S003,TEX0444,2,2,2,0,0,0,2,90.42
2026-08-12,S004,TEX0444,0,0,0,1,1,0,0,0.0
2026-08-12,S005,TEX0444,0,0,0,1,1,0,0,0.0
2026-08-12,S006,TEX0444,0,1,1,2,1,0,0,0.0
2026-08-12,S007,TEX0444,1,2,2,1,2,0,1,45.21
2026-08-12,S008,TEX0444,0,0,0,3,3,0,0,0.0
2026-08-12,S009,TEX0444,0,0,0,1,1,0,0,0.0
2026-08-12,S010,TEX0444,0,2,2,2,3,0,0,0.0
2026-08-12,S001,TEX0445,0,0,0,2,1,0,0,0.0
2026-08-12,S002,TEX0445,1,1,1,0,1,0,1,27.87
2026-08-12,S003,TEX0445,1,0,0,1,3,0,1,27.87
2026-08-12,S004,TEX0445,0,0,0,1,0,0,0,0.0
2026-08-12,S005,TEX0445,0,0,0,3,0,0,0,0.0
2026-08-12,S006,TEX0445,1,0,1,0,2,0,0,0.0
2026-08-12,S007,TEX0445,2,0,0,2,3,0,2,55.74
2026-08-12,S008,TEX0445,0,4,2,0,0,0,2,55.74
2026-08-12,S009,TEX0445,0,1,0,2,1,0,1,27.87
2026-08-12,S010,TEX0445,0,0,0,2,3,1,0,0.0
2026-08-12,S001,TEX0446,0,0,0,3,2,0,0,0.0
2026-08-12,S002,TEX0446,0,1,0,1,1,0,1,20.07
2026-08-12,S003,TEX0446,0,2,1,1,1,0,1,20.07
2026-08-12,S004,TEX0446,0,0,0,0,0,0,0,0.0
2026-08-12,S005,TEX0446,1,3,3,3,2,0,1,20.07
2026-08-12,S006,TEX0446,0,1,1,3,1,1,0,0.0
2026-08-12,S007,TEX0446,1,4,4,3,1,0,1,20.07
2026-08-12,S008,TEX0446,0,0,0,1,2,0,0,0.0
2026-08-12,S009,TEX0446,0,3,2,2,0,0,1,20.07
2026-08-12,S010,TEX0446,0,0,0,2,3,0,0,0.0
2026-08-12,S001,TEX0447,1,0,0,2,0,0,1,44.3
2026-08-12,S002,TEX0447,1,3,3,2,2,0,1,44.3
2026-08-12,S003,TEX0447,0,2,2,3,3,0,0,0.0
2026-08-12,S004,TEX0447,0,0,0,3,0,0,0,0.0
2026-08-12,S005,TEX0447,0,1,1,2,1,0,0,0.0
2026-08-12,S006,TEX0447,0,0,0,0,2,0,0,0.0
2026-08-12,S007,TEX0447,2,2,2,2,3,0,2,88.6
2026-08-12,S008,TEX0447,1,1,2,0,2,1,0,0.0
2026-08-12,S009,TEX0447,1,0,1,0,0,0,0,0.0
2026-08-12,S010,TEX0447,1,0,0,1,0,0,1,44.3
2026-08-12,S001,TEX0448,0,2,1,1,0,0,1,17.95
2026-08-12,S002,TEX0448,1,1,1,2,1,0,1,17.95
2026-08-12,S003,TEX0448,0,0,0,1,1,0,0,0.0
2026-08-12,S004,TEX0448,0,2,0,1,3,0,2,35.9
2026-08-12,S005,TEX0448,0,1,0,0,0,0,1,17.95
2026-08-12,S006,TEX0448,1,0,0,0,3,0,1,17.95
2026-08-12,S007,TEX0448,2,2,2,2,3,0,2,35.9
2026-08-12,S008,TEX0448,1,0,0,3,0,0,1,17.95
2026-08-12,S009,TEX0448,0,0,0,1,2,0,0,0.0
2026-08-12,S010,TEX0448,2,6,5,0,2,0,3,53.85
2026-08-12,S001,TEX0449,1,0,0,1,2,0,1,38.04
2026-08-12,S002,TEX0449,3,7,6,1,3,0,4,152.16
2026-08-12,S003,TEX0449,1,0,1,1,1,0,0,0.0
2026-08-12,S004,TEX0449,1,0,0,1,3,0,1,38.04
2026-08-12,S005,TEX0449,1,0,1,1,3,0,0,0.0
2026-08-12,S006,TEX0449,1,0,0,1,2,0,1,38.04
2026-08-12,S007,TEX0449,0,2,2,0,1,0,0,0.0
2026-08-12,S008,TEX0449,1,0,1,1,3,0,0,0.0
2026-08-12,S009,TEX0449,0,0,0,3,0,0,0,0.0
2026-08-12,S010,TEX0449,0,0,0,3,0,0,0,0.0
2026-08-12,S001,TEX0450,0,3,2,2,2,0,1,52.62
2026-08-12,S002,TEX0450,2,7,6,0,3,0,3,157.86
2026-08-12,S003,TEX0450,0,2,1,2,2,0,1,52.62
2026-08-12,S004,TEX0450,2,7,5,2,3,0,4,210.48
2026-08-12,S005,TEX0450,1,0,1,1,3,0,0,0.0
2026-08-12,S006,TEX0450,2,3,3,0,2,0,2,105.24
2026-08-12,S007,TEX0450,0,3,2,0,2,0,1,52.62
2026-08-12,S008,TEX0450,0,0,0,0,2,0,0,0.0
2026-08-12,S009,TEX0450,1,6,4,1,0,0,3,157.86
2026-08-12,S010,TEX0450,0,3,2,1,0,0,1,52.62
2026-08-12,S001,TEX0451,1,1,2,1,0,0,0,0.0
2026-08-12,S002,TEX0451,0,0,0,2,3,0,0,0.0
2026-08-12,S003,TEX0451,2,4,4,2,1,0,2,24.54
2026-08-12,S004,TEX0451,0,1,0,2,1,0,1,12.27
2026-08-12,S005,TEX0451,0,9,7,1,2,0,2,24.54
2026-08-12,S006,TEX0451,1,0,0,0,2,0,1,12.27
2026-08-12,S007,TEX0451,1,1,1,1,1,0,1,12.27
2026-08-12,S008,TEX0451,0,0,0,0,1,0,0,0.0
2026-08-12,S009,TEX0451,0,0,0,2,0,0,0,0.0
2026-08-12,S010,TEX0451,0,1,1,2,0,0,0,0.0
2026-08-12,S001,TEX0452,0,0,0,3,1,0,0,0.0
2026-08-12,S002,TEX0452,0,3,2,1,2,0,1,13.65
2026-08-12,S003,TEX0452,0,5,3,0,3,0,2,27.3
2026-08-12,S004,TEX0452,0,2,0,2,0,0,2,27.3
2026-08-12,S005,TEX0452,0,1,1,3,2,0,0,0.0
2026-08-12,S006,TEX0452,0,0,0,2,0,1,0,0.0
2026-08-12,S007,TEX0452,2,2,2,2,0,0,2,27.3
2026-08-12,S008,TEX0452,1,1,2,2,2,0,0,0.0
2026-08-12,S009,TEX0452,0,9,6,2,0,0,3,40.95
2026-08-12,S010,TEX0452,1,0,1,0,0,0,0,0.0
2026-08-12,S001,TEX0453,0,0,0,2,1,0,0,0.0
2026-08-12,S002,TEX0453,1,0,1,1,0,0,0,0.0
2026-08-12,S003,TEX0453,1,0,0,1,1,0,1,45.08
2026-08-12,S004,TEX0453,0,0,0,1,1,0,0,0.0
2026-08-12,S005,TEX0453,0,1,0,2,2,0,1,45.08
2026-08-12,S006,TEX0453,1,1,2,3,1,0,0,0.0
2026-08-12,S007,TEX0453,0,0,0,1,2,0,0,0.0
2026-08-12,S008,TEX0453,1,0,0,1,1,0,1,45.08
2026-08-12,S009,TEX0453,0,4,3,1,0,0,1,45.08
2026-08-12,S010,TEX0453,1,0,0,0,3,0,1,45.08
2026-08-12,S001,TEX0454,1,5,4,0,2,0,2,70.02
2026-08-12,S002,TEX0454,2,5,5,1,0,0,2,70.02
2026-08-12,S003,TEX0454,0,5,3,2,0,0,2,70.02
2026-08-12,S004,TEX0454,1,2,2,0,1,0,1,35.01
2026-08-12,S005,TEX0454,0,7,5,0,1,0,2,70.02
2026-08-12,S006,TEX0454,1,1,1,0,3,0,1,35.01
2026-08-12,S007,TEX0454,1,0,0,2,3,0,1,35.01
2026-08-12,S008,TEX0454,1,1,1,1,1,0,1,35.01
2026-08-12,S009,TEX0454,0,1,0,3,0,0,1,35.01
2026-08-12,S010,TEX0454,0,3,2,3,1,0,1,35.01
2026-08-12,S001,TEX0455,0,5,4,3,1,0,1,55.84
2026-08-12,S002,TEX0455,0,3,2,1,3,0,1,55.84
2026-08-12,S003,TEX0455,0,1,0,3,3,1,1,55.84
2026-08-12,S004,TEX0455,0,1,0,0,0,0,1,55.84
2026-08-12,S005,TEX0455,0,0,0,2,2,0,0,0.0
2026-08-12,S006,TEX0455,1,3,3,0,2,0,1,55.84
2026-08-12,S007,TEX0455,0,1,0,1,3,0,1,55.84
2026-08-12,S008,TEX0455,0,2,1,1,2,0,1,55.84
2026-08-12,S009,TEX0455,0,1,1,2,3,0,0,0.0
2026-08-12,S010,TEX0455,0,0,0,2,2,0,0,0.0
2026-08-12,S001,TEX0456,1,1,1,1,2,0,1,41.37
2026-08-12,S002,TEX0456,0,3,2,3,0,0,1,41.37
2026-08-12,S003,TEX0456,0,0,0,0,2,0,0,0.0
2026-08-12,S004,TEX0456,0,0,0,1,1,0,0,0.0
2026-08-12,S005,TEX0456,0,0,0,1,3,0,0,0.0
2026-08-12,S006,TEX0456,0,0,0,2,0,0,0,0.0
2026-08-12,S007,TEX0456,0,1,0,0,0,0,1,41.37
2026-08-12,S008,TEX0456,0,2,0,0,2,0,2,82.74
2026-08-12,S009,TEX0456,0,1,1,3,0,0,0,0.0
2026-08-12,S010,TEX0456,0,7,5,2,2,0,2,82.74
2026-08-12,S001,TEX0457,0,0,0,2,0,0,0,0.0
2026-08-12,S002,TEX0457,0,0,0,2,2,0,0,0.0
2026-08-12,S003,TEX0457,0,0,0,1,2,0,0,0.0
2026-08-12,S004,TEX0457,1,0,1,1,3,0,0,0.0
2026-08-12,S005,TEX0457,0,0,0,3,2,0,0,0.0
2026-08-12,S006,TEX0457,1,0,0,2,1,0,1,35.15
2026-08-12,S007,TEX0457,1,1,0,3,1,0,2,70.3
2026-08-12,S008,TEX0457,0,0,0,2,2,0,0,0.0
2026-08-12,S009,TEX0457,1,0,0,2,0,0,1,35.15
2026-08-12,S010,TEX0457,0,0,0,1,3,0,0,0.0
2026-08-12,S001,TEX0458,1,0,0,3,1,0,1,53.04
2026-08-12,S002,TEX0458,0,0,0,1,3,0,0,0.0
2026-08-12,S003,TEX0458,1,0,1,1,3,0,0,0.0
2026-08-12,S004,TEX0458,0,0,0,0,2,0,0,0.0
2026-08-12,S005,TEX0458,0,0,0,2,0,0,0,0.0
2026-08-12,S006,TEX0458,0,0,0,3,1,0,0,0.0
2026-08-12,S007,TEX0458,1,0,0,2,3,0,1,53.04
2026-08-12,S008,TEX0458,1,0,1,2,2,0,0,0.0
2026-08-12,S009,TEX0458,0,3,1,0,3,0,2,106.08
2026-08-12,S010,TEX0458,0,0,0,0,0,0,0,0.0
2026-08-12,S001,TEX0459,0,0,0,3,1,0,0,0.0
2026-08-12,S002,TEX0459,1,2,1,0,1,0,2,32.24
2026-08-12,S003,TEX0459,0,0,0,0,0,0,0,0.0
2026-08-12,S004,TEX0459,1,0,0,2,1,0,1,16.12
2026-08-12,S005,TEX0459,2,2,2,1,3,0,2,32.24
2026-08-12,S006,TEX0459,0,1,0,1,0,0,1,16.12
2026-08-12,S007,TEX0459,1,3,3,3,1,0,1,16.12
2026-08-12,S008,TEX0459,0,0,0,0,1,0,0,0.0
2026-08-12,S009,TEX0459,0,0,0,1,1,0,0,0.0
2026-08-12,S010,TEX0459,0,0,0,3,1,0,0,0.0
2026-08-12,S001,TEX0460,0,2,1,3,3,0,1,9.33
2026-08-12,S002,TEX0460,0,1,0,3,1,0,1,9.33
2026-08-12,S003,TEX0460,0,2,1,0,2,0,1,9.33
2026-08-12,S004,TEX0460,0,0,0,1,2,1,0,0.0
2026-08-12,S005,TEX0460,0,1,0,0,2,0,1,9.33
2026-08-12,S006,TEX0460,0,0,0,1,2,0,0,0.0
2026-08-12,S007,TEX0460,1,1,1,0,2,0,1,9.33
2026-08-12,S008,TEX0460,0,0,0,0,3,0,0,0.0
2026-08-12,S009,TEX0460,0,1,0,3,3,0,1,9.33
2026-08-12,S010,TEX0460,0,1,0,0,3,0,1,9.33
2026-08-12,S001,TEX0461,0,0,0,0,2,0,0,0.0
2026-08-12,S002,TEX0461,0,2,2,2,2,0,0,0.0
2026-08-12,S003,TEX0461,0,5,3,2,1,0,2,72.98
2026-08-12,S004,TEX0461,1,0,1,3,0,0,0,0.0
2026-08-12,S005,TEX0461,1,2,2,0,1,0,1,36.49
2026-08-12,S006,TEX0461,0,4,3,2,2,0,1,36.49
2026-08-12,S007,TEX0461,0,1,0,3,0,0,1,36.49
2026-08-12,S008,TEX0461,0,2,2,3,3,0,0,0.0
2026-08-12,S009,TEX0461,0,0,0,3,1,0,0,0.0
2026-08-12,S010,TEX0461,0,0,0,3,2,0,0,0.0
2026-08-12,S001,TEX0462,0,0,0,1,3,0,0,0.0
2026-08-12,S002,TEX0462,0,6,3,3,3,0,3,104.22
2026-08-12,S003,TEX0462,0,3,1,1,2,0,2,69.48
2026-08-12,S004,TEX0462,0,0,0,2,0,0,0,0.0
2026-08-12,S005,TEX0462,0,0,0,1,2,0,0,0.0
2026-08-12,S006,TEX0462,0,10,8,0,2,0,2,69.48
2026-08-12,S007,TEX0462,0,0,0,3,0,0,0,0.0
2026-08-12,S008,TEX0462,1,1,0,0,1,0,2,69.48
2026-08-12,S009,TEX0462,0,5,4,0,0,0,1,34.74
2026-08-12,S010,TEX0462,1,2,2,1,1,0,1,34.74
2026-08-12,S001,TEX0463,0,1,1,3,1,0,0,0.0
2026-08-12,S002,TEX0463,1,1,2,2,0,0,0,0.0
2026-08-12,S003,TEX0463,0,0,0,1,1,0,0,0.0
2026-08-12,S004,TEX0463,1,3,3,0,3,0,1,38.33
2026-08-12,S005,TEX0463,0,0,0,2,0,0,0,0.0
2026-08-12,S006,TEX0463,1,3,3,1,3,0,1,38.33
2026-08-12,S007,TEX0463,0,7,4,1,0,0,3,114.99
2026-08-12,S008,TEX0463,0,4,2,0,0,0,2,76.66
2026-08-12,S009,TEX0463,2,2,2,0,2,0,2,76.66
2026-08-12,S010,TEX0463,0,11,8,3,2,0,3,114.99
2026-08-12,S001,TEX0464,0,0,0,1,3,0,0,0.0
2026-08-12,S002,TEX0464,0,0,0,3,3,0,0,0.0
2026-08-12,S003,TEX0464,0,0,0,3,3,0,0,0.0
2026-08-12,S004,TEX0464,0,0,0,0,2,0,0,0.0
2026-08-12,S005,TEX0464,1,1,1,0,0,0,1,19.11
2026-08-12,S006,TEX0464,0,0,0,2,0,0,0,0.0
2026-08-12,S007,TEX0464,1,0,0,2,3,0,1,19.11
2026-08-12,S008,TEX0464,1,0,1,2,1,0,0,0.0
2026-08-12,S009,TEX0464,2,0,0,0,1,0,2,38.22
2026-08-12,S010,TEX0464,0,1,0,0,3,0,1,19.11
2026-08-12,S001,TEX0465,0,0,0,0,2,0,0,0.0
2026-08-12,S002,TEX0465,0,1,1,1,1,0,0,0.0
2026-08-12,S003,TEX0465,1,1,1,0,3,0,1,46.13
2026-08-12,S004,TEX0465,1,0,0,2,1,0,1,46.13
2026-08-12,S005,TEX0465,0,1,1,2,1,0,0,0.0
2026-08-12,S006,TEX0465,0,4,3,2,0,0,1,46.13
2026-08-12,S007,TEX0465,1,2,2,0,0,0,1,46.13
2026-08-12,S008,TEX0465,1,0,0,3,1,0,1,46.13
2026-08-12,S009,TEX0465,0,1,0,0,0,0,1,46.13
2026-08-12,S010,TEX0465,0,0,0,3,1,0,0,0.0
2026-08-12,S001,TEX0466,1,5,4,3,2,0,2,76.74
2026-08-12,S002,TEX0466,1,3,2,3,0,0,2,76.74
2026-08-12,S003,TEX0466,0,2,1,3,3,0,1,38.37
2026-08-12,S004,TEX0466,0,1,0,1,3,0,1,38.37
2026-08-12,S005,TEX0466,1,9,6,0,1,0,4,153.48
2026-08-12,S006,TEX0466,0,3,0,1,1,0,3,115.11
2026-08-12,S007,TEX0466,1,4,3,1,2,0,2,76.74
2026-08-12,S008,TEX0466,2,3,3,0,1,0,2,76.74
2026-08-12,S009,TEX0466,2,3,3,1,2,0,2,76.74
2026-08-12,S010,TEX0466,0,2,1,1,3,0,1,38.37
2026-08-12,S001,TEX0467,1,1,0,1,1,0,2,46.54
2026-08-12,S002,TEX0467,0,3,2,3,1,0,1,23.27
2026-08-12,S003,TEX0467,0,0,0,2,3,0,0,0.0
2026-08-12,S004,TEX0467,0,0,0,1,2,0,0,0.0
2026-08-12,S005,TEX0467,2,5,4,3,2,0,3,69.81
2026-08-12,S006,TEX0467,1,6,4,3,1,0,3,69.81
2026-08-12,S007,TEX0467,0,1,1,2,3,0,0,0.0
2026-08-12,S008,TEX0467,0,11,8,3,1,0,3,69.81
2026-08-12,S009,TEX0467,0,3,2,1,0,0,1,23.27
2026-08-12,S010,TEX0467,1,2,2,2,2,0,1,23.27
2026-08-12,S001,TEX0468,0,1,0,3,2,0,1,15.12
2026-08-12,S002,TEX0468,1,0,0,0,3,0,1,15.12
2026-08-12,S003,TEX0468,0,0,0,0,3,0,0,0.0
2026-08-12,S004,TEX0468,0,1,0,3,3,0,1,15.12
2026-08-12,S005,TEX0468,0,0,0,3,0,0,0,0.0
2026-08-12,S006,TEX0468,1,2,3,1,2,0,0,0.0
2026-08-12,S007,TEX0468,0,1,1,3,3,0,0,0.0
2026-08-12,S008,TEX0468,1,1,1,0,3,0,1,15.12
2026-08-12,S009,TEX0468,2,3,3,0,1,0,2,30.24
2026-08-12,S010,TEX0468,1,0,0,3,0,0,1,15.12
2026-08-12,S001,TEX0469,0,0,0,2,0,0,0,0.0
2026-08-12,S002,TEX0469,0,1,1,2,2,0,0,0.0
2026-08-12,S003,TEX0469,1,0,0,3,0,0,1,10.43
2026-08-12,S004,TEX0469,0,0,0,2,2,0,0,0.0
2026-08-12,S005,TEX0469,0,3,2,1,2,0,1,10.43
2026-08-12,S006,TEX0469,0,4,3,1,2,0,1,10.43
2026-08-12,S007,TEX0469,1,1,1,1,0,0,1,10.43
2026-08-12,S008,TEX0469,0,1,1,1,1,0,0,0.0
2026-08-12,S009,TEX0469,1,0,1,2,2,0,0,0.0
2026-08-12,S010,TEX0469,0,3,2,0,0,0,1,10.43
2026-08-12,S001,TEX0470,1,0,0,1,0,0,1,31.56
2026-08-12,S002,TEX0470,1,1,0,1,3,1,2,63.12
2026-08-12,S003,TEX0470,0,0,0,1,0,0,0,0.0
2026-08-12,S004,TEX0470,1,3,3,3,0,0,1,31.56
2026-08-12,S005,TEX0470,1,0,0,2,0,0,1,31.56
2026-08-12,S006,TEX0470,0,1,0,3,3,0,1,31.56
2026-08-12,S007,TEX0470,0,0,0,1,2,0,0,0.0
2026-08-12,S008,TEX0470,0,1,1,3,3,0,0,0.0
2026-08-12,S009,TEX0470,1,2,2,2,0,0,1,31.56
2026-08-12,S010,TEX0470,0,0,0,1,1,0,0,0.0
2026-08-12,S001,TEX0471,1,0,1,3,1,0,0,0.0
2026-08-12,S002,TEX0471,1,2,1,1,1,0,2,106.22
2026-08-12,S003,TEX0471,1,1,0,0,3,0,2,106.22
2026-08-12,S004,TEX0471,0,1,0,3,0,0,1,53.11
2026-08-12,S005,TEX0471,1,0,0,0,0,0,1,53.11
2026-08-12,S006,TEX0471,1,1,2,2,1,0,0,0.0
2026-08-12,S007,TEX0471,0,0,0,3,1,0,0,0.0
2026-08-12,S008,TEX0471,0,1,0,2,0,0,1,53.11
2026-08-12,S009,TEX0471,0,0,0,1,0,0,0,0.0
2026-08-12,S010,TEX0471,0,1,1,3,1,1,0,0.0
2026-08-12,S001,TEX0472,0,0,0,3,0,0,0,0.0
2026-08-12,S002,TEX0472,0,2,0,3,3,0,2,86.92
2026-08-12,S003,TEX0472,2,2,2,0,2,0,2,86.92
2026-08-12,S004,TEX0472,0,0,0,3,1,0,0,0.0
2026-08-12,S005,TEX0472,0,6,4,1,3,0,2,86.92
2026-08-12,S006,TEX0472,0,1,0,2,3,0,1,43.46
2026-08-12,S007,TEX0472,1,0,1,3,1,0,0,0.0
2026-08-12,S008,TEX0472,0,1,1,0,3,0,0,0.0
2026-08-12,S009,TEX0472,0,3,1,2,0,0,2,86.92
2026-08-12,S010,TEX0472,0,1,1,1,3,0,0,0.0
2026-08-12,S001,TEX0473,1,0,0,3,1,0,1,42.96
2026-08-12,S002,TEX0473,1,0,1,1,3,0,0,0.0
2026-08-12,S003,TEX0473,1,7,5,1,1,0,3,128.88
2026-08-12,S004,TEX0473,0,0,0,1,3,0,0,0.0
2026-08-12,S005,TEX0473,0,7,4,1,1,0,3,128.88
2026-08-12,S006,TEX0473,0,3,2,1,1,0,1,42.96
2026-08-12,S007,TEX0473,0,1,0,2,0,0,1,42.96
2026-08-12,S008,TEX0473,0,3,1,0,0,0,2,85.92
2026-08-12,S009,TEX0473,1,0,0,1,2,0,1,42.96
2026-08-12,S010,TEX0473,0,0,0,2,0,0,0,0.0
2026-08-12,S001,TEX0474,0,1,1,1,3,0,0,0.0
2026-08-12,S002,TEX0474,2,1,1,0,2,0,2,28.62
2026-08-12,S003,TEX0474,0,2,1,3,1,0,1,14.31
2026-08-12,S004,TEX0474,0,1,1,0,2,0,0,0.0
2026-08-12,S005,TEX0474,1,1,1,2,1,0,1,14.31
2026-08-12,S006,TEX0474,0,0,0,0,3,0,0,0.0
2026-08-12,S007,TEX0474,0,1,0,1,2,0,1,14.31
2026-08-12,S008,TEX0474,0,0,0,1,3,0,0,0.0
2026-08-12,S009,TEX0474,1,3,3,3,2,0,1,14.31
2026-08-12,S010,TEX0474,0,0,0,2,3,0,0,0.0
2026-08-12,S001,TEX0475,0,0,0,3,1,0,0,0.0
2026-08-12,S002,TEX0475,2,6,6,0,0,0,2,16.5
2026-08-12,S003,TEX0475,0,0,0,0,1,0,0,0.0
2026-08-12,S004,TEX0475,0,3,2,1,1,0,1,8.25
2026-08-12,S005,TEX0475,0,0,0,1,1,0,0,0.0
2026-08-12,S006,TEX0475,0,1,0,3,3,0,1,8.25
2026-08-12,S007,TEX0475,1,0,1,2,3,0,0,0.0
2026-08-12,S008,TEX0475,0,0,0,3,1,0,0,0.0
2026-08-12,S009,TEX0475,0,0,0,1,2,0,0,0.0
2026-08-12,S010,TEX0475,0,0,0,2,2,0,0,0.0
2026-08-12,S001,TEX0476,1,2,2,3,3,0,1,21.89
2026-08-12,S002,TEX0476,0,0,0,3,0,0,0,0.0
2026-08-12,S003,TEX0476,0,3,2,3,2,0,1,21.89
2026-08-12,S004,TEX0476,1,5,4,3,0,0,2,43.78
2026-08-12,S005,TEX0476,2,1,1,0,0,0,2,43.78
2026-08-12,S006,TEX0476,0,6,4,0,0,0,2,43.78
2026-08-12,S007,TEX0476,1,4,3,2,0,0,2,43.78
2026-08-12,S008,TEX0476,0,1,0,2,1,0,1,21.89
2026-08-12,S009,TEX0476,0,3,2,2,2,0,1,21.89
2026-08-12,S010,TEX0476,0,3,2,0,3,0,1,21.89
2026-08-12,S001,TEX0477,0,1,0,2,1,0,1,9.46
2026-08-12,S002,TEX0477,1,3,3,0,0,0,1,9.46
2026-08-12,S003,TEX0477,2,4,4,3,1,0,2,18.92
2026-08-12,S004,TEX0477,0,3,2,3,3,0,1,9.46
2026-08-12,S005,TEX0477,0,4,3,2,1,0,1,9.46
2026-08-12,S006,TEX0477,1,7,5,0,0,0,3,28.38
2026-08-12,S007,TEX0477,1,2,2,1,0,0,1,9.46
2026-08-12,S008,TEX0477,0,3,2,1,1,0,1,9.46
2026-08-12,S009,TEX0477,1,1,1,1,3,0,1,9.46
2026-08-12,S010,TEX0477,0,0,0,3,2,0,0,0.0
2026-08-12,S001,TEX0478,0,0,0,2,0,0,0,0.0
2026-08-12,S002,TEX0478,2,4,4,2,0,0,2,73.34
2026-08-12,S003,TEX0478,2,3,3,3,1,0,2,73.34
2026-08-12,S004,TEX0478,0,0,0,2,1,0,0,0.0
2026-08-12,S005,TEX0478,1,2,1,2,0,0,2,73.34
2026-08-12,S006,TEX0478,0,3,2,3,2,0,1,36.67
2026-08-12,S007,TEX0478,0,1,0,2,3,0,1,36.67
2026-08-12,S008,TEX0478,0,0,0,3,2,0,0,0.0
2026-08-12,S009,TEX0478,0,0,0,0,0,0,0,0.0
2026-08-12,S010,TEX0478,1,0,1,2,1,0,0,0.0
2026-08-12,S001,TEX0479,0,0,0,0,3,0,0,0.0
2026-08-12,S002,TEX0479,0,3,2,0,3,0,1,11.78
2026-08-12,S003,TEX0479,0,0,0,0,0,0,0,0.0
2026-08-12,S004,TEX0479,0,1,0,1,2,0,1,11.78
2026-08-12,S005,TEX0479,0,0,0,1,1,0,0,0.0
2026-08-12,S006,TEX0479,1,1,2,1,0,0,0,0.0
2026-08-12,S007,TEX0479,1,4,4,2,2,0,1,11.78
2026-08-12,S008,TEX0479,0,0,0,0,1,0,0,0.0
2026-08-12,S009,TEX0479,0,1,0,3,3,0,1,11.78
2026-08-12,S010,TEX0479,0,0,0,2,2,0,0,0.0
2026-08-12,S001,TEX0480,0,0,0,3,1,0,0,0.0
2026-08-12,S002,TEX0480,2,3,3,0,3,0,2,65.48
2026-08-12,S003,TEX0480,0,7,6,1,0,0,1,32.74
2026-08-12,S004,TEX0480,0,0,0,0,2,0,0,0.0
2026-08-12,S005,TEX0480,0,1,0,1,0,0,1,32.74
2026-08-12,S006,TEX0480,1,0,1,3,3,0,0,0.0
2026-08-12,S007,TEX0480,0,6,5,3,0,0,1,32.74
2026-08-12,S008,TEX0480,1,4,3,0,2,0,2,65.48
2026-08-12,S009,TEX0480,1,3,3,3,0,0,1,32.74
2026-08-12,S010,TEX0480,1,3,2,0,3,0,2,65.48
2026-08-12,S001,TEX0481,1,0,0,2,2,0,1,21.13
2026-08-12,S002,TEX0481,1,1,1,3,1,0,1,21.13
2026-08-12,S003,TEX0481,1,1,1,0,3,0,1,21.13
2026-08-12,S004,TEX0481,1,0,0,0,0,0,1,21.13
2026-08-12,S005,TEX0481,0,4,3,1,2,0,1,21.13
2026-08-12,S006,TEX0481,1,1,1,2,0,0,1,21.13
2026-08-12,S007,TEX0481,1,0,1,2,0,0,0,0.0
2026-08-12,S008,TEX0481,1,2,2,1,2,0,1,21.13
2026-08-12,S009,TEX0481,1,0,1,2,1,0,0,0.0
2026-08-12,S010,TEX0481,0,0,0,0,2,0,0,0.0
2026-08-12,S001,TEX0482,0,0,0,2,1,0,0,0.0
2026-08-12,S002,TEX0482,0,1,0,3,1,0,1,17.3
2026-08-12,S003,TEX0482,3,6,5,1,0,0,4,69.2
2026-08-12,S004,TEX0482,1,0,0,1,0,0,1,17.3
2026-08-12,S005,TEX0482,1,1,1,0,0,0,1,17.3
2026-08-12,S006,TEX0482,0,3,2,0,1,0,1,17.3
2026-08-12,S007,TEX0482,2,2,2,3,3,0,2,34.6
2026-08-12,S008,TEX0482,1,7,5,0,2,0,3,51.9
2026-08-12,S009,TEX0482,0,0,0,1,2,0,0,0.0
2026-08-12,S010,TEX0482,1,6,5,3,1,0,2,34.6
2026-08-12,S001,TEX0483,0,0,0,3,1,0,0,0.0
2026-08-12,S002,TEX0483,0,1,0,3,0,0,1,11.7
2026-08-12,S003,TEX0483,0,0,0,1,2,0,0,0.0
2026-08-12,S004,TEX0483,1,0,1,1,1,0,0,0.0
2026-08-12,S005,TEX0483,0,1,0,0,1,0,1,11.7
2026-08-12,S006,TEX0483,2,2,2,3,1,0,2,23.4
2026-08-12,S007,TEX0483,1,2,2,0,3,0,1,11.7
2026-08-12,S008,TEX0483,0,11,8,0,3,0,3,35.1
2026-08-12,S009,TEX0483,0,0,0,2,2,0,0,0.0
2026-08-12,S010,TEX0483,0,0,0,3,0,0,0,0.0
2026-08-12,S001,TEX0484,2,5,5,0,3,0,2,34.46
2026-08-12,S002,TEX0484,1,2,2,1,0,0,1,17.23
2026-08-12,S003,TEX0484,2,4,3,0,3,0,3,51.69
2026-08-12,S004,TEX0484,0,1,1,2,2,0,0,0.0
2026-08-12,S005,TEX0484,1,6,5,3,3,0,2,34.46
2026-08-12,S006,TEX0484,1,3,3,1,0,0,1,17.23
2026-08-12,S007,TEX0484,1,0,0,1,0,0,1,17.23
2026-08-12,S008,TEX0484,0,5,4,1,2,0,1,17.23
2026-08-12,S009,TEX0484,1,0,1,0,0,0,0,0.0
2026-08-12,S010,TEX0484,0,3,2,3,0,0,1,17.23
2026-08-12,S001,TEX0485,0,0,0,2,0,0,0,0.0
2026-08-12,S002,TEX0485,0,0,0,1,3,0,0,0.0
2026-08-12,S003,TEX0485,0,2,1,1,2,0,1,42.72
2026-08-12,S004,TEX0485,0,9,5,3,0,0,4,170.88
2026-08-12,S005,TEX0485,0,0,0,1,1,0,0,0.0
2026-08-12,S006,TEX0485,1,0,0,0,2,0,1,42.72
2026-08-12,S007,TEX0485,0,0,0,1,0,1,0,0.0
2026-08-12,S008,TEX0485,0,0,0,1,2,0,0,0.0
2026-08-12,S009,TEX0485,1,0,0,0,2,0,1,42.72
2026-08-12,S010,TEX0485,0,0,0,1,1,0,0,0.0
2026-08-12,S001,TEX0486,0,0,0,3,3,0,0,0.0
2026-08-12,S002,TEX0486,0,1,0,0,0,0,1,30.67
2026-08-12,S003,TEX0486,0,0,0,0,0,0,0,0.0
2026-08-12,S004,TEX0486,0,1,0,1,1,0,1,30.67
2026-08-12,S005,TEX0486,0,6,4,1,0,0,2,61.34
2026-08-12,S006,TEX0486,2,0,0,1,2,0,2,61.34
2026-08-12,S007,TEX0486,1,3,3,2,0,0,1,30.67
2026-08-12,S008,TEX0486,1,3,2,2,1,0,2,61.34
2026-08-12,S009,TEX0486,0,10,7,2,2,0,3,92.01
2026-08-12,S010,TEX0486,1,1,1,1,3,0,1,30.67
2026-08-12,S001,TEX0487,1,0,0,1,0,0,1,39.12
2026-08-12,S002,TEX0487,0,14,7,3,3,0,7,273.84
2026-08-12,S003,TEX0487,0,5,3,1,0,0,2,78.24
2026-08-12,S004,TEX0487,1,2,3,2,3,0,0,0.0
2026-08-12,S005,TEX0487,0,9,5,1,0,0,4,156.48
2026-08-12,S006,TEX0487,0,3,2,0,1,0,1,39.12
2026-08-12,S007,TEX0487,0,2,1,2,2,0,1,39.12
2026-08-12,S008,TEX0487,0,2,2,3,0,0,0,0.0
2026-08-12,S009,TEX0487,0,0,0,1,3,0,0,0.0
2026-08-12,S010,TEX0487,1,2,1,0,2,0,2,78.24
2026-08-12,S001,TEX0488,0,0,0,2,2,0,0,0.0
2026-08-12,S002,TEX0488,2,2,2,3,3,0,2,76.86
2026-08-12,S003,TEX0488,0,0,0,2,1,0,0,0.0
2026-08-12,S004,TEX0488,0,0,0,2,3,0,0,0.0
2026-08-12,S005,TEX0488,0,0,0,1,1,0,0,0.0
2026-08-12,S006,TEX0488,2,0,0,0,0,0,2,76.86
2026-08-12,S007,TEX0488,1,8,6,1,1,0,3,115.29
2026-08-12,S008,TEX0488,0,0,0,1,2,0,0,0.0
2026-08-12,S009,TEX0488,1,0,0,1,2,0,1,38.43
2026-08-12,S010,TEX0488,0,0,0,2,2,0,0,0.0
2026-08-12,S001,TEX0489,0,0,0,1,0,0,0,0.0
2026-08-12,S002,TEX0489,0,0,0,2,1,0,0,0.0
2026-08-12,S003,TEX0489,0,0,0,2,0,0,0,0.0
2026-08-12,S004,TEX0489,0,1,0,3,3,0,1,24.88
2026-08-12,S005,TEX0489,0,0,0,1,1,0,0,0.0
2026-08-12,S006,TEX0489,2,7,6,1,0,0,3,74.64
2026-08-12,S007,TEX0489,1,0,1,2,2,0,0,0.0
2026-08-12,S008,TEX0489,0,0,0,3,3,0,0,0.0
2026-08-12,S009,TEX0489,0,0,0,0,0,0,0,0.0
2026-08-12,S010,TEX0489,1,8,6,1,1,0,3,74.64
2026-08-12,S001,TEX0490,1,0,1,3,1,1,0,0.0
2026-08-12,S002,TEX0490,0,0,0,3,1,0,0,0.0
2026-08-12,S003,TEX0490,1,6,4,3,1,0,3,30.78
2026-08-12,S004,TEX0490,0,1,0,1,3,0,1,10.26
2026-08-12,S005,TEX0490,0,0,0,0,2,0,0,0.0
2026-08-12,S006,TEX0490,0,1,0,2,3,0,1,10.26
2026-08-12,S007,TEX0490,0,1,0,3,0,0,1,10.26
2026-08-12,S008,TEX0490,1,0,0,1,3,0,1,10.26
2026-08-12,S009,TEX0490,0,0,0,1,0,0,0,0.0
2026-08-12,S010,TEX0490,0,0,0,3,0,0,0,0.0
2026-08-12,S001,TEX0491,0,5,3,3,2,0,2,41.18
2026-08-12,S002,TEX0491,4,10,8,1,3,0,6,123.54
2026-08-12,S003,TEX0491,1,5,4,0,3,0,2,41.18
2026-08-12,S004,TEX0491,0,0,0,3,2,0,0,0.0
2026-08-12,S005,TEX0491,0,1,0,3,2,0,1,20.59
2026-08-12,S006,TEX0491,1,4,3,3,0,0,2,41.18
2026-08-12,S007,TEX0491,0,2,0,3,3,0,2,41.18
2026-08-12,S008,TEX0491,1,0,0,0,3,0,1,20.59
2026-08-12,S009,TEX0491,0,5,3,1,0,0,2,41.18
2026-08-12,S010,TEX0491,2,2,2,2,2,0,2,41.18
2026-08-12,S001,TEX0492,0,0,0,3,3,0,0,0.0
2026-08-12,S002,TEX0492,0,3,2,0,1,0,1,14.56
2026-08-12,S003,TEX0492,0,5,3,1,1,0,2,29.12
2026-08-12,S004,TEX0492,1,0,0,2,2,0,1,14.56
2026-08-12,S005,TEX0492,0,4,3,2,2,0,1,14.56
2026-08-12,S006,TEX0492,1,1,1,1,2,0,1,14.56
2026-08-12,S007,TEX0492,0,9,6,3,2,0,3,43.68
2026-08-12,S008,TEX0492,2,5,5,3,1,0,2,29.12
2026-08-12,S009,TEX0492,1,0,0,3,1,0,1,14.56
2026-08-12,S010,TEX0492,0,0,0,3,3,0,0,0.0
2026-08-12,S001,TEX0493,1,0,0,3,1,0,1,27.76
2026-08-12,S002,TEX0493,1,3,3,0,3,0,1,27.76
2026-08-12,S003,TEX0493,1,0,0,0,3,0,1,27.76
2026-08-12,S004,TEX0493,3,8,7,3,0,0,4,111.04
2026-08-12,S005,TEX0493,0,0,0,2,2,0,0,0.0
2026-08-12,S006,TEX0493,0,2,2,3,1,0,0,0.0
2026-08-12,S007,TEX0493,0,5,3,0,1,0,2,55.52
2026-08-12,S008,TEX0493,0,8,5,2,2,0,3,83.28
2026-08-12,S009,TEX0493,0,1,1,1,0,0,0,0.0
2026-08-12,S010,TEX0493,1,0,0,0,2,1,1,27.76
2026-08-12,S001,TEX0494,0,1,1,3,0,0,0,0.0
2026-08-12,S002,TEX0494,1,0,1,1,2,0,0,0.0
2026-08-12,S003,TEX0494,0,0,0,3,1,0,0,0.0
2026-08-12,S004,TEX0494,2,2,2,2,3,0,2,21.74
2026-08-12,S005,TEX0494,0,7,4,3,1,0,3,32.61
2026-08-12,S006,TEX0494,0,13,9,1,0,0,4,43.48
2026-08-12,S007,TEX0494,1,0,1,2,1,0,0,0.0
2026-08-12,S008,TEX0494,2,6,5,3,1,0,3,32.61
2026-08-12,S009,TEX0494,0,9,8,3,2,0,1,10.87
2026-08-12,S010,TEX0494,0,1,0,2,1,0,1,10.87
2026-08-12,S001,TEX0495,2,5,5,1,1,0,2,70.62
2026-08-12,S002,TEX0495,1,0,1,1,0,0,0,0.0
2026-08-12,S003,TEX0495,0,0,0,2,3,0,0,0.0
2026-08-12,S004,TEX0495,0,10,7,2,3,0,3,105.93
2026-08-12,S005,TEX0495,0,1,1,1,0,0,0,0.0
2026-08-12,S006,TEX0495,0,2,2,1,0,0,0,0.0
2026-08-12,S007,TEX0495,0,2,1,0,1,0,1,35.31
2026-08-12,S008,TEX0495,0,2,1,1,0,0,1,35.31
2026-08-12,S009,TEX0495,1,0,0,3,1,0,1,35.31
2026-08-12,S010,TEX0495,1,7,5,0,0,0,3,105.93
2026-08-12,S001,TEX0496,2,5,5,1,3,0,2,74.28
2026-08-12,S002,TEX0496,0,4,2,0,2,0,2,74.28
2026-08-12,S003,TEX0496,0,1,0,0,1,0,1,37.14
2026-08-12,S004,TEX0496,0,1,0,0,0,0,1,37.14
2026-08-12,S005,TEX0496,0,0,0,3,1,0,0,0.0
2026-08-12,S006,TEX0496,0,4,3,0,1,0,1,37.14
2026-08-12,S007,TEX0496,1,3,3,3,1,0,1,37.14
2026-08-12,S008,TEX0496,0,2,1,0,1,0,1,37.14
2026-08-12,S009,TEX0496,1,1,1,3,3,0,1,37.14
2026-08-12,S010,TEX0496,1,0,0,3,1,0,1,37.14
2026-08-12,S001,TEX0497,0,7,4,0,0,0,3,117.0
2026-08-12,S002,TEX0497,1,2,2,1,1,0,1,39.0
2026-08-12,S003,TEX0497,0,7,5,0,0,0,2,78.0
2026-08-12,S004,TEX0497,0,7,4,0,2,0,3,117.0
2026-08-12,S005,TEX0497,1,0,1,2,2,0,0,0.0
2026-08-12,S006,TEX0497,0,11,6,0,0,0,5,195.0
2026-08-12,S007,TEX0497,0,1,0,2,2,0,1,39.0
2026-08-12,S008,TEX0497,1,2,2,3,2,0,1,39.0
2026-08-12,S009,TEX0497,1,1,2,0,3,0,0,0.0
2026-08-12,S010,TEX0497,0,1,0,1,2,0,1,39.0
2026-08-12,S001,TEX0498,0,0,0,1,1,0,0,0.0
2026-08-12,S002,TEX0498,1,0,0,3,2,0,1,15.62
2026-08-12,S003,TEX0498,0,5,3,1,0,0,2,31.24
2026-08-12,S004,TEX0498,0,0,0,3,2,0,0,0.0
2026-08-12,S005,TEX0498,0,2,0,0,3,0,2,31.24
2026-08-12,S006,TEX0498,0,0,0,1,3,0,0,0.0
2026-08-12,S007,TEX0498,0,1,0,0,1,0,1,15.62
2026-08-12,S008,TEX0498,0,0,0,1,0,0,0,0.0
2026-08-12,S009,TEX0498,0,0,0,3,0,0,0,0.0
2026-08-12,S010,TEX0498,1,2,2,1,2,0,1,15.62
2026-08-12,S001,TEX0499,1,1,1,0,1,0,1,35.96
2026-08-12,S002,TEX0499,0,1,0,0,0,0,1,35.96
2026-08-12,S003,TEX0499,1,1,0,0,3,0,2,71.92
2026-08-12,S004,TEX0499,1,0,0,3,3,0,1,35.96
2026-08-12,S005,TEX0499,2,3,3,1,2,0,2,71.92
2026-08-12,S006,TEX0499,1,1,1,0,2,0,1,35.96
2026-08-12,S007,TEX0499,0,0,0,3,2,0,0,0.0
2026-08-12,S008,TEX0499,0,1,1,2,0,0,0,0.0
2026-08-12,S009,TEX0499,0,1,0,2,2,0,1,35.96
2026-08-12,S010,TEX0499,0,1,0,1,1,0,1,35.96
2026-08-12,S001,TEX0500,1,0,0,1,2,0,1,21.91
2026-08-12,S002,TEX0500,0,0,0,3,1,0,0,0.0
2026-08-12,S003,TEX0500,1,0,0,0,1,0,1,21.91
2026-08-12,S004,TEX0500,0,0,0,0,3,0,0,0.0
2026-08-12,S005,TEX0500,0,1,0,3,2,0,1,21.91
2026-08-12,S006,TEX0500,0,3,2,3,1,0,1,21.91
2026-08-12,S007,TEX0500,0,2,1,1,3,0,1,21.91
2026-08-12,S008,TEX0500,1,3,3,0,3,0,1,21.91
2026-08-12,S009,TEX0500,1,0,1,2,1,0,0,0.0
2026-08-12,S010,TEX0500,1,0,1,1,1,0,0,0.0
2026-08-12,S001,TEX0501,1,1,2,1,2,0,0,0.0
2026-08-12,S002,TEX0501,2,0,0,0,0,0,2,37.66
2026-08-12,S003,TEX0501,2,7,6,1,2,0,3,56.49
2026-08-12,S004,TEX0501,0,4,2,1,2,0,2,37.66
2026-08-12,S005,TEX0501,0,0,0,3,0,1,0,0.0
2026-08-12,S006,TEX0501,1,4,3,3,1,0,2,37.66
2026-08-12,S007,TEX0501,1,0,1,1,1,0,0,0.0
2026-08-12,S008,TEX0501,0,1,0,2,1,0,1,18.83
2026-08-12,S009,TEX0501,0,1,0,2,2,0,1,18.83
2026-08-12,S010,TEX0501,0,0,0,2,3,0,0,0.0
2026-08-12,S001,TEX0502,0,0,0,2,2,0,0,0.0
2026-08-12,S002,TEX0502,0,0,0,0,3,0,0,0.0
2026-08-12,S003,TEX0502,1,1,0,2,1,0,2,60.96
2026-08-12,S004,TEX0502,0,1,1,0,2,0,0,0.0
2026-08-12,S005,TEX0502,1,4,3,2,0,0,2,60.96
2026-08-12,S006,TEX0502,1,3,4,0,2,0,0,0.0
2026-08-12,S007,TEX0502,1,0,0,3,0,0,1,30.48
2026-08-12,S008,TEX0502,1,1,2,0,1,0,0,0.0
2026-08-12,S009,TEX0502,1,0,1,1,1,0,0,0.0
2026-08-12,S010,TEX0502,1,1,1,3,2,0,1,30.48
2026-08-12,S001,TEX0503,0,0,0,0,1,0,0,0.0
2026-08-12,S002,TEX0503,0,0,0,2,1,0,0,0.0
2026-08-12,S003,TEX0503,0,3,2,1,1,0,1,13.04
2026-08-12,S004,TEX0503,0,2,2,3,1,0,0,0.0
2026-08-12,S005,TEX0503,0,1,0,0,0,0,1,13.04
2026-08-12,S006,TEX0503,0,1,0,2,2,0,1,13.04
2026-08-12,S007,TEX0503,0,0,0,2,2,0,0,0.0
2026-08-12,S008,TEX0503,1,0,0,1,1,0,1,13.04
2026-08-12,S009,TEX0503,1,0,0,1,2,0,1,13.04
2026-08-12,S010,TEX0503,0,0,0,3,3,0,0,0.0
2026-08-12,S001,TEX0504,0,0,0,2,2,0,0,0.0
2026-08-12,S002,TEX0504,0,2,0,3,3,0,2,104.44
2026-08-12,S003,TEX0504,0,0,0,3,0,0,0,0.0
2026-08-12,S004,TEX0504,0,0,0,1,0,0,0,0.0
2026-08-12,S005,TEX0504,1,3,2,2,2,0,2,104.44
2026-08-12,S006,TEX0504,0,1,0,2,0,0,1,52.22
2026-08-12,S007,TEX0504,0,0,0,0,0,0,0,0.0
2026-08-12,S008,TEX0504,1,0,1,0,3,0,0,0.0
2026-08-12,S009,TEX0504,0,0,0,0,0,0,0,0.0
2026-08-12,S010,TEX0504,0,3,2,0,0,0,1,52.22
2026-08-12,S001,TEX0505,0,6,5,2,3,0,1,16.25
2026-08-12,S002,TEX0505,2,7,6,3,0,0,3,48.75
2026-08-12,S003,TEX0505,0,3,2,0,0,1,1,16.25
2026-08-12,S004,TEX0505,1,2,2,1,0,0,1,16.25
2026-08-12,S005,TEX0505,1,3,3,0,3,0,1,16.25
2026-08-12,S006,TEX0505,0,1,0,1,0,0,1,16.25
2026-08-12,S007,TEX0505,2,8,7,3,2,0,3,48.75
2026-08-12,S008,TEX0505,1,2,2,2,1,0,1,16.25
2026-08-12,S009,TEX0505,0,0,0,2,1,0,0,0.0
2026-08-12,S010,TEX0505,0,2,2,0,3,0,0,0.0
2026-08-12,S001,TEX0506,0,0,0,3,2,0,0,0.0
2026-08-12,S002,TEX0506,1,3,3,2,3,0,1,46.23
2026-08-12,S003,TEX0506,1,6,6,2,1,0,1,46.23
2026-08-12,S004,TEX0506,2,6,6,2,1,0,2,92.46
2026-08-12,S005,TEX0506,1,1,2,1,0,0,0,0.0
2026-08-12,S006,TEX0506,0,6,3,1,0,0,3,138.69
2026-08-12,S007,TEX0506,0,0,0,3,2,0,0,0.0
2026-08-12,S008,TEX0506,0,2,1,0,3,0,1,46.23
2026-08-12,S009,TEX0506,0,0,0,1,2,0,0,0.0
2026-08-12,S010,TEX0506,1,1,1,2,1,0,1,46.23
2026-08-12,S001,TEX0507,1,0,1,0,1,0,0,0.0
2026-08-12,S002,TEX0507,0,3,2,0,0,0,1,37.24
2026-08-12,S003,TEX0507,1,0,0,0,0,0,1,37.24
2026-08-12,S004,TEX0507,0,0,0,1,3,0,0,0.0
2026-08-12,S005,TEX0507,1,2,2,1,2,0,1,37.24
2026-08-12,S006,TEX0507,2,0,0,1,2,0,2,74.48
2026-08-12,S007,TEX0507,0,2,1,1,0,0,1,37.24
2026-08-12,S008,TEX0507,1,6,5,2,2,0,2,74.48
2026-08-12,S009,TEX0507,4,12,10,3,2,0,6,223.44
2026-08-12,S010,TEX0507,0,0,0,3,0,0,0,0.0
2026-08-12,S001,TEX0508,1,0,0,3,3,0,1,54.93
2026-08-12,S002,TEX0508,0,0,0,3,1,0,0,0.0
2026-08-12,S003,TEX0508,1,0,1,0,1,0,0,0.0
2026-08-12,S004,TEX0508,0,3,2,0,1,0,1,54.93
2026-08-12,S005,TEX0508,0,0,0,1,3,0,0,0.0
2026-08-12,S006,TEX0508,2,3,3,0,2,0,2,109.86
2026-08-12,S007,TEX0508,0,0,0,3,3,0,0,0.0
2026-08-12,S008,TEX0508,0,0,0,3,2,0,0,0.0
2026-08-12,S009,TEX0508,0,2,1,0,1,0,1,54.93
2026-08-12,S010,TEX0508,0,1,1,2,1,0,0,0.0
2026-08-12,S001,TEX0509,0,2,1,1,2,0,1,47.7
2026-08-12,S002,TEX0509,0,1,1,0,1,0,0,0.0
2026-08-12,S003,TEX0509,0,3,2,3,1,0,1,47.7
2026-08-12,S004,TEX0509,0,2,2,1,2,0,0,0.0
2026-08-12,S005,TEX0509,1,4,3,3,0,0,2,95.4
2026-08-12,S006,TEX0509,1,3,3,0,2,0,1,47.7
2026-08-12,S007,TEX0509,1,0,0,2,1,0,1,47.7
2026-08-12,S008,TEX0509,0,1,0,2,1,0,1,47.7
2026-08-12,S009,TEX0509,0,1,0,3,2,0,1,47.7
2026-08-12,S010,TEX0509,1,0,0,1,2,0,1,47.7
2026-08-12,S001,TEX0510,1,0,0,1,0,0,1,45.82
2026-08-12,S002,TEX0510,0,1,0,1,2,0,1,45.82
2026-08-12,S003,TEX0510,0,1,0,2,3,0,1,45.82
2026-08-12,S004,TEX0510,0,0,0,0,1,0,0,0.0
2026-08-12,S005,TEX0510,1,0,1,0,1,0,0,0.0
2026-08-12,S006,TEX0510,0,19,14,2,0,0,5,229.1
2026-08-12,S007,TEX0510,0,7,5,3,2,0,2,91.64
2026-08-12,S008,TEX0510,0,4,3,3,3,0,1,45.82
2026-08-12,S009,TEX0510,0,1,1,1,0,0,0,0.0
2026-08-12,S010,TEX0510,1,1,1,0,2,0,1,45.82
2026-08-12,S001,TEX0511,1,0,0,3,3,0,1,41.61
2026-08-12,S002,TEX0511,0,1,0,2,3,0,1,41.61
2026-08-12,S003,TEX0511,0,0,0,3,1,0,0,0.0
2026-08-12,S004,TEX0511,0,2,1,1,1,0,1,41.61
2026-08-12,S005,TEX0511,0,1,1,3,2,0,0,0.0
2026-08-12,S006,TEX0511,0,2,1,2,0,0,1,41.61
2026-08-12,S007,TEX0511,1,2,2,2,0,1,1,41.61
2026-08-12,S008,TEX0511,0,0,0,0,0,0,0,0.0
2026-08-12,S009,TEX0511,0,0,0,2,0,0,0,0.0
2026-08-12,S010,TEX0511,1,0,1,0,0,0,0,0.0
2026-08-12,S001,TEX0512,0,0,0,3,2,0,0,0.0
2026-08-12,S002,TEX0512,0,0,0,1,2,0,0,0.0
2026-08-12,S003,TEX0512,1,1,0,2,3,0,2,25.4
2026-08-12,S004,TEX0512,0,2,0,3,2,0,2,25.4
2026-08-12,S005,TEX0512,0,0,0,3,3,0,0,0.0
2026-08-12,S006,TEX0512,0,1,0,2,1,0,1,12.7
2026-08-12,S007,TEX0512,0,4,3,2,0,0,1,12.7
2026-08-12,S008,TEX0512,0,7,4,2,0,0,3,38.1
2026-08-12,S009,TEX0512,0,0,0,2,1,0,0,0.0
2026-08-12,S010,TEX0512,0,0,0,1,2,0,0,0.0
2026-08-12,S001,TEX0513,1,1,1,3,2,0,1,10.36
2026-08-12,S002,TEX0513,1,1,2,2,2,0,0,0.0
2026-08-12,S003,TEX0513,1,3,3,2,1,0,1,10.36
2026-08-12,S004,TEX0513,0,0,0,1,3,0,0,0.0
2026-08-12,S005,TEX0513,1,0,1,1,3,0,0,0.0
2026-08-12,S006,TEX0513,2,4,4,0,2,1,2,20.72
2026-08-12,S007,TEX0513,2,5,5,1,1,0,2,20.72
2026-08-12,S008,TEX0513,1,4,4,0,1,0,1,10.36
2026-08-12,S009,TEX0513,1,3,3,0,1,0,1,10.36
2026-08-12,S010,TEX0513,1,1,1,1,2,0,1,10.36
2026-08-12,S001,TEX0514,1,0,1,0,1,0,0,0.0
2026-08-12,S002,TEX0514,0,2,1,1,2,0,1,19.54
2026-08-12,S003,TEX0514,0,0,0,3,1,0,0,0.0
2026-08-12,S004,TEX0514,0,0,0,2,3,0,0,0.0
2026-08-12,S005,TEX0514,0,0,0,3,1,0,0,0.0
2026-08-12,S006,TEX0514,0,6,3,3,1,0,3,58.62
2026-08-12,S007,TEX0514,0,0,0,3,0,0,0,0.0
2026-08-12,S008,TEX0514,1,2,2,2,3,1,1,19.54
2026-08-12,S009,TEX0514,0,0,0,0,1,0,0,0.0
2026-08-12,S010,TEX0514,1,0,1,2,0,0,0,0.0
2026-08-12,S001,TEX0515,0,0,0,3,0,0,0,0.0
2026-08-12,S002,TEX0515,1,0,1,2,2,0,0,0.0
2026-08-12,S003,TEX0515,0,0,0,2,3,0,0,0.0
2026-08-12,S004,TEX0515,0,0,0,0,1,0,0,0.0
2026-08-12,S005,TEX0515,1,0,0,3,1,0,1,39.7
2026-08-12,S006,TEX0515,1,0,1,1,3,0,0,0.0
2026-08-12,S007,TEX0515,1,5,4,2,0,0,2,79.4
2026-08-12,S008,TEX0515,0,3,2,0,0,0,1,39.7
2026-08-12,S009,TEX0515,1,0,1,2,2,0,0,0.0
2026-08-12,S010,TEX0515,0,10,6,0,0,0,4,158.8
2026-08-12,S001,TEX0516,0,3,2,3,0,0,1,34.84
2026-08-12,S002,TEX0516,1,1,1,1,2,0,1,34.84
2026-08-12,S003,TEX0516,0,3,2,3,1,0,1,34.84
2026-08-12,S004,TEX0516,1,0,0,3,3,0,1,34.84
2026-08-12,S005,TEX0516,0,1,0,0,0,0,1,34.84
2026-08-12,S006,TEX0516,0,0,0,2,3,0,0,0.0
2026-08-12,S007,TEX0516,1,0,0,2,3,0,1,34.84
2026-08-12,S008,TEX0516,2,3,3,2,3,0,2,69.68
2026-08-12,S009,TEX0516,0,1,1,3,1,0,0,0.0
2026-08-12,S010,TEX0516,0,0,0,1,2,0,0,0.0
2026-08-12,S001,TEX0517,0,1,0,2,0,0,1,43.15
2026-08-12,S002,TEX0517,0,1,0,2,3,0,1,43.15
2026-08-12,S003,TEX0517,1,0,0,2,3,0,1,43.15
2026-08-12,S004,TEX0517,0,0,0,0,0,0,0,0.0
2026-08-12,S005,TEX0517,0,2,0,1,1,0,2,86.3
2026-08-12,S006,TEX0517,0,3,2,0,3,0,1,43.15
2026-08-12,S007,TEX0517,0,1,0,0,2,0,1,43.15
2026-08-12,S008,TEX0517,0,0,0,1,3,0,0,0.0
2026-08-12,S009,TEX0517,0,0,0,0,0,0,0,0.0
2026-08-12,S010,TEX0517,0,1,0,1,3,0,1,43.15
2026-08-12,S001,TEX0518,0,1,0,1,2,0,1,31.34
2026-08-12,S002,TEX0518,1,0,0,3,0,0,1,31.34
2026-08-12,S003,TEX0518,0,4,3,1,2,0,1,31.34
2026-08-12,S004,TEX0518,0,0,0,2,3,0,0,0.0
2026-08-12,S005,TEX0518,0,1,0,0,0,0,1,31.34
2026-08-12,S006,TEX0518,0,0,0,2,0,0,0,0.0
2026-08-12,S007,TEX0518,1,1,1,2,3,0,1,31.34
2026-08-12,S008,TEX0518,0,1,0,1,2,0,1,31.34
2026-08-12,S009,TEX0518,0,1,0,1,2,0,1,31.34
2026-08-12,S010,TEX0518,0,1,1,2,2,0,0,0.0
2026-08-12,S001,TEX0519,1,1,1,1,2,0,1,9.49
2026-08-12,S002,TEX0519,0,2,1,0,3,0,1,9.49
2026-08-12,S003,TEX0519,0,0,0,0,0,0,0,0.0
2026-08-12,S004,TEX0519,0,0,0,3,2,0,0,0.0
2026-08-12,S005,TEX0519,0,6,3,2,0,0,3,28.47
2026-08-12,S006,TEX0519,0,1,0,3,2,0,1,9.49
2026-08-12,S007,TEX0519,2,5,5,1,3,0,2,18.98
2026-08-12,S008,TEX0519,2,2,2,1,0,0,2,18.98
2026-08-12,S009,TEX0519,0,4,3,2,1,0,1,9.49
2026-08-12,S010,TEX0519,1,2,1,1,1,0,2,18.98
2026-08-12,S001,TEX0520,1,0,0,0,3,0,1,27.06
2026-08-12,S002,TEX0520,0,1,0,1,3,0,1,27.06
2026-08-12,S003,TEX0520,1,1,1,2,2,0,1,27.06
2026-08-12,S004,TEX0520,0,1,0,3,0,0,1,27.06
2026-08-12,S005,TEX0520,0,1,1,0,1,0,0,0.0
2026-08-12,S006,TEX0520,1,4,4,2,2,0,1,27.06
2026-08-12,S007,TEX0520,2,5,4,0,1,0,3,81.18
2026-08-12,S008,TEX0520,2,4,4,0,0,0,2,54.12
2026-08-12,S009,TEX0520,0,0,0,2,1,0,0,0.0
2026-08-12,S010,TEX0520,0,0,0,3,1,0,0,0.0
2026-08-12,S001,TEX0521,1,1,2,1,2,0,0,0.0
2026-08-12,S002,TEX0521,2,4,4,1,2,1,2,43.48
2026-08-12,S003,TEX0521,0,1,1,0,2,0,0,0.0
2026-08-12,S004,TEX0521,0,0,0,0,0,0,0,0.0
2026-08-12,S005,TEX0521,0,2,2,2,3,0,0,0.0
2026-08-12,S006,TEX0521,1,2,2,0,3,0,1,21.74
2026-08-12,S007,TEX0521,1,0,1,3,0,0,0,0.0
2026-08-12,S008,TEX0521,0,4,2,0,0,0,2,43.48
2026-08-12,S009,TEX0521,0,0,0,1,3,0,0,0.0
2026-08-12,S010,TEX0521,0,0,0,1,0,0,0,0.0
2026-08-12,S001,TEX0522,1,0,0,0,2,0,1,25.98
2026-08-12,S002,TEX0522,0,2,0,0,0,0,2,51.96
2026-08-12,S003,TEX0522,1,4,3,2,2,0,2,51.96
2026-08-12,S004,TEX0522,0,7,5,2,3,0,2,51.96
2026-08-12,S005,TEX0522,0,2,1,3,1,0,1,25.98
2026-08-12,S006,TEX0522,0,1,0,2,0,0,1,25.98
2026-08-12,S007,TEX0522,0,3,2,3,3,0,1,25.98
2026-08-12,S008,TEX0522,2,9,6,3,3,0,5,129.9
2026-08-12,S009,TEX0522,0,0,0,1,1,0,0,0.0
2026-08-12,S010,TEX0522,0,0,0,2,0,0,0,0.0
2026-08-12,S001,TEX0523,1,0,0,3,2,1,1,45.27
2026-08-12,S002,TEX0523,1,0,0,1,3,0,1,45.27
2026-08-12,S003,TEX0523,0,0,0,2,3,0,0,0.0
2026-08-12,S004,TEX0523,0,0,0,0,2,0,0,0.0
2026-08-12,S005,TEX0523,0,0,0,1,0,0,0,0.0
2026-08-12,S006,TEX0523,0,7,5,2,0,0,2,90.54
2026-08-12,S007,TEX0523,2,10,8,2,2,0,4,181.08
2026-08-12,S008,TEX0523,0,0,0,0,3,0,0,0.0
2026-08-12,S009,TEX0523,2,5,4,3,0,0,3,135.81
2026-08-12,S010,TEX0523,1,2,3,0,2,0,0,0.0
2026-08-12,S001,TEX0524,1,8,6,2,0,0,3,94.86
2026-08-12,S002,TEX0524,0,3,2,3,2,0,1,31.62
2026-08-12,S003,TEX0524,1,1,0,0,3,0,2,63.24
2026-08-12,S004,TEX0524,1,0,1,1,2,0,0,0.0
2026-08-12,S005,TEX0524,2,6,5,0,1,0,3,94.86
2026-08-12,S006,TEX0524,0,6,4,1,0,0,2,63.24
2026-08-12,S007,TEX0524,0,12,8,1,3,0,4,126.48
2026-08-12,S008,TEX0524,0,3,2,1,1,0,1,31.62
2026-08-12,S009,TEX0524,2,3,3,1,1,0,2,63.24
2026-08-12,S010,TEX0524,1,0,0,1,2,0,1,31.62
2026-08-12,S001,TEX0525,0,0,0,2,1,0,0,0.0
2026-08-12,S002,TEX0525,0,1,0,0,0,0,1,39.23
2026-08-12,S003,TEX0525,0,1,1,0,1,0,0,0.0
2026-08-12,S004,TEX0525,1,0,1,3,2,0,0,0.0
2026-08-12,S005,TEX0525,1,0,1,0,1,0,0,0.0
2026-08-12,S006,TEX0525,1,5,4,3,0,0,2,78.46
2026-08-12,S007,TEX0525,1,0,0,3,0,0,1,39.23
2026-08-12,S008,TEX0525,0,0,0,1,0,0,0,0.0
2026-08-12,S009,TEX0525,1,1,2,2,3,0,0,0.0
2026-08-12,S010,TEX0525,2,5,5,1,0,0,2,78.46
2026-08-12,S001,TEX0526,0,1,0,3,3,0,1,25.59
2026-08-12,S002,TEX0526,0,0,0,2,1,0,0,0.0
2026-08-12,S003,TEX0526,1,1,1,2,2,0,1,25.59
2026-08-12,S004,TEX0526,0,0,0,1,1,0,0,0.0
2026-08-12,S005,TEX0526,0,0,0,0,1,0,0,0.0
2026-08-12,S006,TEX0526,1,8,5,2,2,0,4,102.36
2026-08-12,S007,TEX0526,0,0,0,1,3,0,0,0.0
2026-08-12,S008,TEX0526,0,1,0,1,0,0,1,25.59
2026-08-12,S009,TEX0526,0,1,0,0,1,0,1,25.59
2026-08-12,S010,TEX0526,0,0,0,0,0,0,0,0.0
2026-08-12,S001,TEX0527,0,0,0,3,1,0,0,0.0
2026-08-12,S002,TEX0527,0,0,0,1,3,0,0,0.0
2026-08-12,S003,TEX0527,0,0,0,2,0,0,0,0.0
2026-08-12,S004,TEX0527,0,0,0,3,1,0,0,0.0
2026-08-12,S005,TEX0527,0,4,3,1,3,0,1,36.55
2026-08-12,S006,TEX0527,2,4,4,0,3,0,2,73.1
2026-08-12,S007,TEX0527,1,1,2,0,1,0,0,0.0
2026-08-12,S008,TEX0527,0,0,0,1,3,0,0,0.0
2026-08-12,S009,TEX0527,0,1,0,0,1,0,1,36.55
2026-08-12,S010,TEX0527,1,1,2,2,1,0,0,0.0
2026-08-12,S001,TEX0528,0,2,0,0,1,0,2,84.16
2026-08-12,S002,TEX0528,1,0,0,0,1,0,1,42.08
2026-08-12,S003,TEX0528,0,0,0,0,0,0,0,0.0
2026-08-12,S004,TEX0528,1,0,0,1,3,0,1,42.08
2026-08-12,S005,TEX0528,0,3,2,0,1,1,1,42.08
2026-08-12,S006,TEX0528,1,6,4,2,1,0,3,126.24
2026-08-12,S007,TEX0528,1,0,1,0,3,0,0,0.0
2026-08-12,S008,TEX0528,0,5,3,0,3,0,2,84.16
2026-08-12,S009,TEX0528,0,2,1,0,1,0,1,42.08
2026-08-12,S010,TEX0528,1,0,1,0,1,0,0,0.0
2026-08-12,S001,TEX0529,1,0,0,2,3,0,1,20.0
2026-08-12,S002,TEX0529,0,1,0,3,2,0,1,20.0
2026-08-12,S003,TEX0529,1,6,4,3,2,0,3,60.0
2026-08-12,S004,TEX0529,0,0,0,0,1,0,0,0.0
2026-08-12,S005,TEX0529,0,4,3,2,3,0,1,20.0
2026-08-12,S006,TEX0529,1,2,2,0,3,0,1,20.0
2026-08-12,S007,TEX0529,1,1,1,3,0,0,1,20.0
2026-08-12,S008,TEX0529,2,3,3,3,2,0,2,40.0
2026-08-12,S009,TEX0529,1,0,1,3,2,0,0,0.0
2026-08-12,S010,TEX0529,1,0,0,3,2,0,1,20.0
2026-08-12,S001,TEX0530,0,1,0,2,1,0,1,14.1
2026-08-12,S002,TEX0530,1,3,3,0,0,0,1,14.1
2026-08-12,S003,TEX0530,0,1,0,0,3,0,1,14.1
2026-08-12,S004,TEX0530,0,2,2,0,3,0,0,0.0
2026-08-12,S005,TEX0530,2,3,3,1,2,0,2,28.2
2026-08-12,S006,TEX0530,0,3,2,0,2,0,1,14.1
2026-08-12,S007,TEX0530,0,3,3,3,3,0,0,0.0
2026-08-12,S008,TEX0530,0,1,0,2,2,0,1,14.1
2026-08-12,S009,TEX0530,0,3,2,0,3,0,1,14.1
2026-08-12,S010,TEX0530,0,2,1,3,1,0,1,14.1
2026-08-12,S001,TEX0531,0,1,0,0,3,0,1,10.3
2026-08-12,S002,TEX0531,2,0,0,0,3,0,2,20.6
2026-08-12,S003,TEX0531,2,4,4,2,0,0,2,20.6
2026-08-12,S004,TEX0531,1,0,1,2,2,0,0,0.0
2026-08-12,S005,TEX0531,1,1,1,2,1,0,1,10.3
2026-08-12,S006,TEX0531,1,6,5,1,0,0,2,20.6
2026-08-12,S007,TEX0531,0,1,0,2,2,0,1,10.3
2026-08-12,S008,TEX0531,1,2,2,1,2,0,1,10.3
2026-08-12,S009,TEX0531,1,5,3,0,1,0,3,30.9
2026-08-12,S010,TEX0531,0,3,1,1,0,0,2,20.6
2026-08-12,S001,TEX0532,0,4,3,3,2,0,1,14.05
2026-08-12,S002,TEX0532,0,10,6,2,0,0,4,56.2
2026-08-12,S003,TEX0532,2,6,5,3,2,0,3,42.15
2026-08-12,S004,TEX0532,2,0,0,0,3,0,2,28.1
2026-08-12,S005,TEX0532,0,7,4,1,2,0,3,42.15
2026-08-12,S006,TEX0532,2,10,7,0,0,0,5,70.25
2026-08-12,S007,TEX0532,1,1,0,1,1,0,2,28.1
2026-08-12,S008,TEX0532,0,12,10,3,2,0,2,28.1
2026-08-12,S009,TEX0532,1,5,4,0,3,0,2,28.1
2026-08-12,S010,TEX0532,0,2,0,2,2,0,2,28.1
2026-08-12,S001,TEX0533,0,2,1,2,0,0,1,18.03
2026-08-12,S002,TEX0533,0,1,0,3,2,0,1,18.03
2026-08-12,S003,TEX0533,1,0,0,0,0,0,1,18.03
2026-08-12,S004,TEX0533,0,0,0,1,1,0,0,0.0
2026-08-12,S005,TEX0533,0,0,0,0,1,0,0,0.0
2026-08-12,S006,TEX0533,0,7,4,0,1,0,3,54.09
2026-08-12,S007,TEX0533,0,0,0,1,0,0,0,0.0
2026-08-12,S008,TEX0533,1,0,0,1,0,0,1,18.03
2026-08-12,S009,TEX0533,0,0,0,0,2,0,0,0.0
2026-08-12,S010,TEX0533,0,1,1,0,3,0,0,0.0
2026-08-12,S001,TEX0534,0,0,0,0,1,0,0,0.0
2026-08-12,S002,TEX0534,1,1,1,0,0,1,1,43.81
2026-08-12,S003,TEX0534,0,1,0,2,0,0,1,43.81
2026-08-12,S004,TEX0534,0,3,3,3,2,0,0,0.0
2026-08-12,S005,TEX0534,0,0,0,1,0,0,0,0.0
2026-08-12,S006,TEX0534,0,0,0,0,0,0,0,0.0
2026-08-12,S007,TEX0534,0,0,0,2,3,0,0,0.0
2026-08-12,S008,TEX0534,1,0,0,1,2,0,1,43.81
2026-08-12,S009,TEX0534,0,2,1,3,2,0,1,43.81
2026-08-12,S010,TEX0534,1,0,0,0,0,0,1,43.81
2026-08-12,S001,TEX0535,0,1,1,3,0,0,0,0.0
2026-08-12,S002,TEX0535,0,0,0,0,2,0,0,0.0
2026-08-12,S003,TEX0535,2,0,0,3,1,0,2,67.88
2026-08-12,S004,TEX0535,2,4,3,0,3,0,3,101.82
2026-08-12,S005,TEX0535,0,0,0,2,0,0,0,0.0
2026-08-12,S006,TEX0535,2,10,8,1,3,0,4,135.76
2026-08-12,S007,TEX0535,0,2,1,0,0,0,1,33.94
2026-08-12,S008,TEX0535,1,3,3,1,3,0,1,33.94
2026-08-12,S009,TEX0535,0,0,0,0,2,0,0,0.0
2026-08-12,S010,TEX0535,2,2,2,2,1,0,2,67.88
2026-08-12,S001,TEX0536,1,0,1,2,1,0,0,0.0
2026-08-12,S002,TEX0536,0,2,0,1,2,0,2,25.64
2026-08-12,S003,TEX0536,2,3,3,2,3,0,2,25.64
2026-08-12,S004,TEX0536,0,1,1,0,0,0,0,0.0
2026-08-12,S005,TEX0536,0,4,3,0,3,0,1,12.82
2026-08-12,S006,TEX0536,0,6,4,1,1,0,2,25.64
2026-08-12,S007,TEX0536,1,0,0,0,3,0,1,12.82
2026-08-12,S008,TEX0536,2,3,2,0,1,0,3,38.46
2026-08-12,S009,TEX0536,0,1,0,1,2,0,1,12.82
2026-08-12,S010,TEX0536,0,3,2,2,0,0,1,12.82
2026-08-12,S001,TEX0537,0,4,3,1,1,0,1,31.41
2026-08-12,S002,TEX0537,0,6,5,2,0,0,1,31.41
2026-08-12,S003,TEX0537,1,4,3,0,1,0,2,62.82
2026-08-12,S004,TEX0537,0,1,0,0,1,0,1,31.41
2026-08-12,S005,TEX0537,0,0,0,2,2,0,0,0.0
2026-08-12,S006,TEX0537,1,1,0,3,2,0,2,62.82
2026-08-12,S007,TEX0537,0,1,1,0,1,0,0,0.0
2026-08-12,S008,TEX0537,1,1,0,2,3,0,2,62.82
2026-08-12,S009,TEX0537,1,2,1,3,1,0,2,62.82
2026-08-12,S010,TEX0537,0,2,1,3,0,0,1,31.41
2026-08-12,S001,TEX0538,0,0,0,3,1,0,0,0.0
2026-08-12,S002,TEX0538,2,2,2,3,3,0,2,74.2
2026-08-12,S003,TEX0538,0,0,0,1,3,0,0,0.0
2026-08-12,S004,TEX0538,0,0,0,2,2,0,0,0.0
2026-08-12,S005,TEX0538,0,1,0,3,3,0,1,37.1
2026-08-12,S006,TEX0538,0,0,0,1,0,0,0,0.0
2026-08-12,S007,TEX0538,0,0,0,3,1,0,0,0.0
2026-08-12,S008,TEX0538,0,0,0,2,1,0,0,0.0
2026-08-12,S009,TEX0538,1,0,0,1,3,0,1,37.1
2026-08-12,S010,TEX0538,0,1,1,2,1,0,0,0.0
2026-08-12,S001,TEX0539,1,2,2,1,1,0,1,11.88
2026-08-12,S002,TEX0539,0,2,1,3,3,0,1,11.88
2026-08-12,S003,TEX0539,1,1,1,0,2,0,1,11.88
2026-08-12,S004,TEX0539,0,1,1,2,0,0,0,0.0
2026-08-12,S005,TEX0539,0,1,0,3,3,0,1,11.88
2026-08-12,S006,TEX0539,1,1,1,1,3,0,1,11.88
2026-08-12,S007,TEX0539,1,4,3,0,0,0,2,23.76
2026-08-12,S008,TEX0539,1,2,1,2,0,0,2,23.76
2026-08-12,S009,TEX0539,0,0,0,1,3,0,0,0.0
2026-08-12,S010,TEX0539,2,9,8,2,2,0,3,35.64
2026-08-12,S001,TEX0540,0,0,0,0,2,0,0,0.0
2026-08-12,S002,TEX0540,0,0,0,0,1,0,0,0.0
2026-08-12,S003,TEX0540,0,1,1,2,1,0,0,0.0
2026-08-12,S004,TEX0540,1,2,2,1,3,0,1,17.65
2026-08-12,S005,TEX0540,0,3,2,2,2,0,1,17.65
2026-08-12,S006,TEX0540,1,7,5,2,2,0,3,52.95
2026-08-12,S007,TEX0540,0,0,0,1,3,0,0,0.0
2026-08-12,S008,TEX0540,1,1,0,3,1,0,2,35.3
2026-08-12,S009,TEX0540,0,0,0,2,0,0,0,0.0
2026-08-12,S010,TEX0540,1,0,0,1,0,0,1,17.65
2026-08-12,S001,TEX0541,0,1,0,1,0,0,1,49.45
2026-08-12,S002,TEX0541,1,3,3,3,0,0,1,49.45
2026-08-12,S003,TEX0541,1,1,2,2,2,0,0,0.0
2026-08-12,S004,TEX0541,0,0,0,2,1,0,0,0.0
2026-08-12,S005,TEX0541,1,5,4,1,1,0,2,98.9
2026-08-12,S006,TEX0541,0,3,2,3,2,0,1,49.45
2026-08-12,S007,TEX0541,0,3,2,3,3,0,1,49.45
2026-08-12,S008,TEX0541,1,0,0,2,3,0,1,49.45
2026-08-12,S009,TEX0541,1,2,3,3,2,0,0,0.0
2026-08-12,S010,TEX0541,1,3,2,0,0,0,2,98.9
2026-08-12,S001,TEX0542,0,2,1,0,0,0,1,9.53
2026-08-12,S002,TEX0542,1,0,0,1,3,0,1,9.53
2026-08-12,S003,TEX0542,1,3,3,1,3,0,1,9.53
2026-08-12,S004,TEX0542,0,2,0,3,1,0,2,19.06
2026-08-12,S005,TEX0542,0,0,0,3,2,0,0,0.0
2026-08-12,S006,TEX0542,1,0,1,0,2,0,0,0.0
2026-08-12,S007,TEX0542,2,5,5,0,1,0,2,19.06
2026-08-12,S008,TEX0542,1,3,3,0,1,0,1,9.53
2026-08-12,S009,TEX0542,0,0,0,3,0,0,0,0.0
2026-08-12,S010,TEX0542,1,1,1,3,0,0,1,9.53
2026-08-12,S001,TEX0543,0,7,4,1,2,0,3,44.22
2026-08-12,S002,TEX0543,0,0,0,0,3,0,0,0.0
2026-08-12,S003,TEX0543,1,3,2,3,1,0,2,29.48
2026-08-12,S004,TEX0543,0,1,0,3,2,0,1,14.74
2026-08-12,S005,TEX0543,0,0,0,2,0,0,0,0.0
2026-08-12,S006,TEX0543,0,3,2,0,3,0,1,14.74
2026-08-12,S007,TEX0543,1,0,0,0,3,0,1,14.74
2026-08-12,S008,TEX0543,1,12,8,1,0,0,5,73.7
2026-08-12,S009,TEX0543,0,0,0,0,3,0,0,0.0
2026-08-12,S010,TEX0543,0,2,1,3,0,0,1,14.74
2026-08-12,S001,TEX0544,0,1,0,3,3,0,1,47.07
2026-08-12,S002,TEX0544,0,1,0,1,3,0,1,47.07
2026-08-12,S003,TEX0544,1,0,1,3,2,0,0,0.0
2026-08-12,S004,TEX0544,0,0,0,3,3,0,0,0.0
2026-08-12,S005,TEX0544,0,1,1,1,1,1,0,0.0
2026-08-12,S006,TEX0544,0,3,2,3,1,0,1,47.07
2026-08-12,S007,TEX0544,1,6,4,0,2,0,3,141.21
2026-08-12,S008,TEX0544,0,4,2,2,1,0,2,94.14
2026-08-12,S009,TEX0544,1,0,1,3,0,0,0,0.0
2026-08-12,S010,TEX0544,0,0,0,3,2,0,0,0.0
2026-08-12,S001,TEX0545,2,2,2,3,3,0,2,30.54
2026-08-12,S002,TEX0545,2,5,5,0,0,0,2,30.54
2026-08-12,S003,TEX0545,2,2,2,1,1,0,2,30.54
2026-08-12,S004,TEX0545,0,2,0,3,0,0,2,30.54
2026-08-12,S005,TEX0545,0,0,0,3,3,0,0,0.0
2026-08-12,S006,TEX0545,0,2,1,1,1,0,1,15.27
2026-08-12,S007,TEX0545,0,9,6,0,2,0,3,45.81
2026-08-12,S008,TEX0545,1,1,1,0,0,0,1,15.27
2026-08-12,S009,TEX0545,1,2,2,0,3,0,1,15.27
2026-08-12,S010,TEX0545,0,3,2,1,2,0,1,15.27
2026-08-12,S001,TEX0546,0,1,0,2,2,0,1,46.08
2026-08-12,S002,TEX0546,0,3,2,1,3,0,1,46.08
2026-08-12,S003,TEX0546,2,3,3,1,3,0,2,92.16
2026-08-12,S004,TEX0546,0,2,2,0,1,0,0,0.0
2026-08-12,S005,TEX0546,1,5,3,2,1,0,3,138.24
2026-08-12,S006,TEX0546,1,3,2,1,2,0,2,92.16
2026-08-12,S007,TEX0546,1,0,1,0,1,0,0,0.0
2026-08-12,S008,TEX0546,0,1,0,2,1,0,1,46.08
2026-08-12,S009,TEX0546,0,0,0,0,0,0,0,0.0
2026-08-12,S010,TEX0546,1,5,4,3,0,0,2,92.16
2026-08-12,S001,TEX0547,0,0,0,3,2,0,0,0.0
2026-08-12,S002,TEX0547,0,1,0,0,3,0,1,42.88
2026-08-12,S003,TEX0547,0,0,0,0,2,0,0,0.0
2026-08-12,S004,TEX0547,0,0,0,2,0,0,0,0.0
2026-08-12,S005,TEX0547,0,0,0,3,0,0,0,0.0
2026-08-12,S006,TEX0547,1,0,1,0,2,0,0,0.0
2026-08-12,S007,TEX0547,0,0,0,3,1,0,0,0.0
2026-08-12,S008,TEX0547,1,6,5,2,1,0,2,85.76
2026-08-12,S009,TEX0547,1,3,3,2,3,0,1,42.88
2026-08-12,S010,TEX0547,0,0,0,3,0,0,0,0.0
2026-08-12,S001,TEX0548,0,3,2,0,1,0,1,17.65
2026-08-12,S002,TEX0548,0,10,6,3,2,0,4,70.6
2026-08-12,S003,TEX0548,1,8,6,3,0,0,3,52.95
2026-08-12,S004,TEX0548,0,1,0,2,2,0,1,17.65
2026-08-12,S005,TEX0548,0,1,0,1,2,0,1,17.65
2026-08-12,S006,TEX0548,0,1,1,0,0,0,0,0.0
2026-08-12,S007,TEX0548,0,0,0,0,2,0,0,0.0
2026-08-12,S008,TEX0548,1,1,2,2,2,0,0,0.0
2026-08-12,S009,TEX0548,1,0,0,1,2,0,1,17.65
2026-08-12,S010,TEX0548,0,0,0,1,3,0,0,0.0
2026-08-12,S001,TEX0549,0,1,0,2,0,0,1,53.59
2026-08-12,S002,TEX0549,1,2,2,3,2,0,1,53.59
2026-08-12,S003,TEX0549,0,0,0,3,1,0,0,0.0
2026-08-12,S004,TEX0549,1,3,4,3,0,0,0,0.0
2026-08-12,S005,TEX0549,1,2,2,2,3,0,1,53.59
2026-08-12,S006,TEX0549,2,7,6,2,3,0,3,160.77
2026-08-12,S007,TEX0549,1,0,1,3,2,0,0,0.0
2026-08-12,S008,TEX0549,0,7,4,2,3,0,3,160.77
2026-08-12,S009,TEX0549,0,6,3,1,3,0,3,160.77
2026-08-12,S010,TEX0549,2,8,7,2,1,0,3,160.77
2026-08-12,S001,TEX0550,1,0,0,1,1,0,1,45.68
2026-08-12,S002,TEX0550,1,11,8,3,3,0,4,182.72
2026-08-12,S003,TEX0550,0,2,1,0,2,0,1,45.68
2026-08-12,S004,TEX0550,1,0,0,2,0,0,1,45.68
2026-08-12,S005,TEX0550,1,3,2,2,2,0,2,91.36
2026-08-12,S006,TEX0550,2,2,2,3,1,0,2,91.36
2026-08-12,S007,TEX0550,1,0,0,1,2,0,1,45.68
2026-08-12,S008,TEX0550,0,1,0,1,0,0,1,45.68
2026-08-12,S009,TEX0550,1,3,2,3,3,0,2,91.36
2026-08-12,S010,TEX0550,0,0,0,2,3,0,0,0.0
2026-08-12,S001,FUR0551,0,0,0,2,2,0,0,0.0
2026-08-12,S002,FUR0551,0,7,5,2,3,0,2,76.32
2026-08-12,S003,FUR0551,1,1,2,3,2,0,0,0.0
2026-08-12,S004,FUR0551,0,0,0,2,0,0,0,0.0
2026-08-12,S005,FUR0551,0,0,0,0,2,0,0,0.0
2026-08-12,S006,FUR0551,0,1,0,0,2,0,1,38.16
2026-08-12,S007,FUR0551,1,6,6,3,0,1,1,38.16
2026-08-12,S008,FUR0551,1,3,2,2,0,0,2,76.32
2026-08-12,S009,FUR0551,2,3,3,2,3,0,2,76.32
2026-08-12,S010,FUR0551,1,0,1,3,3,0,0,0.0
2026-08-12,S001,FUR0552,1,1,1,2,3,0,1,169.62
2026-08-12,S002,FUR0552,0,6,4,0,0,0,2,339.24
2026-08-12,S003,FUR0552,0,0,0,0,3,0,0,0.0
2026-08-12,S004,FUR0552,0,0,0,3,3,1,0,0.0
2026-08-12,S005,FUR0552,0,0,0,0,1,0,0,0.0
2026-08-12,S006,FUR0552,1,0,1,2,0,0,0,0.0
2026-08-12,S007,FUR0552,0,1,0,0,1,0,1,169.62
2026-08-12,S008,FUR0552,0,0,0,3,2,0,0,0.0
2026-08-12,S009,FUR0552,0,0,0,0,1,0,0,0.0
2026-08-12,S010,FUR0552,0,1,0,0,1,0,1,169.62
2026-08-12,S001,FUR0553,0,1,1,0,1,0,0,0.0
2026-08-12,S002,FUR0553,1,0,1,0,0,0,0,0.0
2026-08-12,S003,FUR0553,0,1,0,2,2,0,1,187.42
2026-08-12,S004,FUR0553,0,0,0,2,0,0,0,0.0
2026-08-12,S005,FUR0553,0,0,0,0,2,0,0,0.0
2026-08-12,S006,FUR0553,1,0,0,1,2,0,1,187.42
2026-08-12,S007,FUR0553,0,1,0,3,1,0,1,187.42
2026-08-12,S008,FUR0553,0,2,1,0,3,0,1,187.42
2026-08-12,S009,FUR0553,0,0,0,0,3,0,0,0.0
2026-08-12,S010,FUR0553,1,0,0,1,2,0,1,187.42
2026-08-12,S001,FUR0554,0,1,0,2,3,0,1,123.8
2026-08-12,S002,FUR0554,1,0,0,0,3,1,1,123.8
2026-08-12,S003,FUR0554,0,1,0,2,1,0,1,123.8
2026-08-12,S004,FUR0554,0,0,0,2,1,0,0,0.0
2026-08-12,S005,FUR0554,0,6,4,0,2,0,2,247.6
2026-08-12,S006,FUR0554,1,0,1,3,1,0,0,0.0
2026-08-12,S007,FUR0554,0,0,0,2,0,0,0,0.0
2026-08-12,S008,FUR0554,0,3,2,1,1,0,1,123.8
2026-08-12,S009,FUR0554,1,0,0,2,1,0,1,123.8
2026-08-12,S010,FUR0554,0,0,0,3,1,0,0,0.0
2026-08-12,S001,FUR0555,0,2,1,0,0,0,1,103.92
2026-08-12,S002,FUR0555,1,2,2,0,3,0,1,103.92
2026-08-12,S003,FUR0555,0,0,0,0,1,0,0,0.0
2026-08-12,S004,FUR0555,0,0,0,2,3,0,0,0.0
2026-08-12,S005,FUR0555,0,0,0,2,0,0,0,0.0
2026-08-12,S006,FUR0555,1,0,0,1,1,0,1,103.92
2026-08-12,S007,FUR0555,0,2,1,3,1,0,1,103.92
2026-08-12,S008,FUR0555,1,3,3,2,0,0,1,103.92
2026-08-12,S009,FUR0555,1,0,0,2,1,0,1,103.92
2026-08-12,S010,FUR0555,0,0,0,2,0,0,0,0.0
2026-08-12,S001,FUR0556,0,0,0,3,2,0,0,0.0
2026-08-12,S002,FUR0556,0,1,0,0,0,0,1,60.84
2026-08-12,S003,FUR0556,2,5,5,0,1,0,2,121.68
2026-08-12,S004,FUR0556,0,1,0,1,2,0,1,60.84
2026-08-12,S005,FUR0556,0,0,0,0,0,0,0,0.0
2026-08-12,S006,FUR0556,0,0,0,1,0,0,0,0.0
2026-08-12,S007,FUR0556,1,1,1,3,3,0,1,60.84
2026-08-12,S008,FUR0556,0,0,0,3,1,0,0,0.0
2026-08-12,S009,FUR0556,0,0,0,2,2,0,0,0.0
2026-08-12,S010,FUR0556,0,0,0,1,1,0,0,0.0
2026-08-12,S001,FUR0557,0,0,0,2,1,0,0,0.0
2026-08-12,S002,FUR0557,1,1,0,1,2,0,2,294.82
2026-08-12,S003,FUR0557,0,0,0,0,3,0,0,0.0
2026-08-12,S004,FUR0557,1,0,0,3,3,0,1,147.41
2026-08-12,S005,FUR0557,2,8,6,1,1,0,4,589.64
2026-08-12,S006,FUR0557,1,2,2,1,2,0,1,147.41
2026-08-12,S007,FUR0557,0,0,0,0,3,0,0,0.0
2026-08-12,S008,FUR0557,2,1,1,0,2,1,2,294.82
2026-08-12,S009,FUR0557,1,1,1,0,1,0,1,147.41
2026-08-12,S010,FUR0557,0,0,0,2,1,0,0,0.0
2026-08-12,S001,FUR0558,1,0,1,3,1,0,0,0.0
2026-08-12,S002,FUR0558,0,1,0,2,3,0,1,66.67
2026-08-12,S003,FUR0558,1,0,0,3,0,0,1,66.67
2026-08-12,S004,FUR0558,0,0,0,2,0,0,0,0.0
2026-08-12,S005,FUR0558,0,0,0,3,2,0,0,0.0
2026-08-12,S006,FUR0558,0,0,0,1,3,0,0,0.0
2026-08-12,S007,FUR0558,0,0,0,3,3,0,0,0.0
2026-08-12,S008,FUR0558,1,0,0,2,2,0,1,66.67
2026-08-12,S009,FUR0558,1,2,2,1,2,0,1,66.67
2026-08-12,S010,FUR0558,0,0,0,2,2,0,0,0.0
2026-08-12,S001,FUR0559,0,0,0,1,2,0,0,0.0
2026-08-12,S002,FUR0559,1,1,1,3,2,0,1,149.4
2026-08-12,S003,FUR0559,0,1,0,0,3,0,1,149.4
2026-08-12,S004,FUR0559,1,1,0,1,0,0,2,298.8
2026-08-12,S005,FUR0559,0,0,0,2,3,1,0,0.0
2026-08-12,S006,FUR0559,0,8,6,1,1,0,2,298.8
2026-08-12,S007,FUR0559,0,0,0,0,1,0,0,0.0
2026-08-12,S008,FUR0559,1,3,3,1,2,0,1,149.4
2026-08-12,S009,FUR0559,0,4,3,1,2,0,1,149.4
2026-08-12,S010,FUR0559,0,2,0,1,1,0,2,298.8
2026-08-12,S001,FUR0560,2,3,3,2,1,0,2,492.92
2026-08-12,S002,FUR0560,0,4,2,1,2,0,2,492.92
2026-08-12,S003,FUR0560,0,3,2,2,1,0,1,246.46
2026-08-12,S004,FUR0560,0,1,0,3,0,0,1,246.46
2026-08-12,S005,FUR0560,0,0,0,0,2,0,0,0.0
2026-08-12,S006,FUR0560,0,2,1,1,3,0,1,246.46
2026-08-12,S007,FUR0560,0,12,8,2,1,0,4,985.84
2026-08-12,S008,FUR0560,0,0,0,0,1,1,0,0.0
2026-08-12,S009,FUR0560,0,1,1,1,1,0,0,0.0
2026-08-12,S010,FUR0560,0,5,3,2,3,0,2,492.92
2026-08-12,S001,FUR0561,0,0,0,1,1,0,0,0.0
2026-08-12,S002,FUR0561,1,0,0,2,2,0,1,231.81
2026-08-12,S003,FUR0561,0,1,0,0,1,0,1,231.81
2026-08-12,S004,FUR0561,0,3,2,0,1,0,1,231.81
2026-08-12,S005,FUR0561,2,3,3,2,3,0,2,463.62
2026-08-12,S006,FUR0561,0,8,5,1,2,0,3,695.43
2026-08-12,S007,FUR0561,0,0,0,3,2,0,0,0.0
2026-08-12,S008,FUR0561,1,2,2,2,1,0,1,231.81
2026-08-12,S009,FUR0561,0,0,0,1,3,0,0,0.0
2026-08-12,S010,FUR0561,0,1,0,0,3,0,1,231.81
2026-08-12,S001,FUR0562,1,0,1,3,3,0,0,0.0
2026-08-12,S002,FUR0562,0,0,0,2,1,0,0,0.0
2026-08-12,S003,FUR0562,0,0,0,3,0,0,0,0.0
2026-08-12,S004,FUR0562,0,0,0,3,3,0,0,0.0
2026-08-12,S005,FUR0562,1,0,0,1,1,0,1,79.94
2026-08-12,S006,FUR0562,1,0,0,0,3,0,1,79.94
2026-08-12,S007,FUR0562,1,0,0,2,2,0,1,79.94
2026-08-12,S008,FUR0562,0,6,4,1,3,0,2,159.88
2026-08-12,S009,FUR0562,0,1,0,0,2,0,1,79.94
2026-08-12,S010,FUR0562,1,6,5,3,3,0,2,159.88
2026-08-12,S001,FUR0563,1,0,0,3,0,0,1,99.74
2026-08-12,S002,FUR0563,0,0,0,3,1,0,0,0.0
2026-08-12,S003,FUR0563,0,0,0,1,0,0,0,0.0
2026-08-12,S004,FUR0563,0,0,0,3,2,0,0,0.0
2026-08-12,S005,FUR0563,0,0,0,3,3,0,0,0.0
2026-08-12,S006,FUR0563,0,1,0,0,1,1,1,99.74
2026-08-12,S007,FUR0563,0,0,0,1,3,0,0,0.0
2026-08-12,S008,FUR0563,0,2,2,3,2,0,0,0.0
2026-08-12,S009,FUR0563,0,0,0,0,0,0,0,0.0
2026-08-12,S010,FUR0563,0,0,0,0,0,0,0,0.0
2026-08-12,S001,FUR0564,1,0,1,1,3,0,0,0.0
2026-08-12,S002,FUR0564,0,0,0,2,0,0,0,0.0
2026-08-12,S003,FUR0564,1,1,1,0,0,0,1,164.57
2026-08-12,S004,FUR0564,0,0,0,0,1,0,0,0.0
2026-08-12,S005,FUR0564,1,0,0,2,0,0,1,164.57
2026-08-12,S006,FUR0564,0,4,3,2,0,0,1,164.57
2026-08-12,S007,FUR0564,1,0,0,0,3,0,1,164.57
2026-08-12,S008,FUR0564,1,1,1,2,2,0,1,164.57
2026-08-12,S009,FUR0564,0,0,0,1,0,0,0,0.0
2026-08-12,S010,FUR0564,0,0,0,3,1,0,0,0.0
2026-08-12,S001,FUR0565,1,1,2,3,0,0,0,0.0
2026-08-12,S002,FUR0565,0,3,2,2,3,0,1,62.39
2026-08-12,S003,FUR0565,0,0,0,3,3,0,0,0.0
2026-08-12,S004,FUR0565,0,0,0,2,3,0,0,0.0
2026-08-12,S005,FUR0565,1,3,3,1,1,0,1,62.39
2026-08-12,S006,FUR0565,0,2,0,0,2,0,2,124.78
2026-08-12,S007,FUR0565,0,1,1,0,3,0,0,0.0
2026-08-12,S008,FUR0565,0,0,0,1,0,0,0,0.0
2026-08-12,S009,FUR0565,0,2,1,3,2,0,1,62.39
2026-08-12,S010,FUR0565,1,5,4,1,1,0,2,124.78
2026-08-12,S001,FUR0566,0,1,0,1,0,0,1,66.02
2026-08-12,S002,FUR0566,0,0,0,1,2,0,0,0.0
2026-08-12,S003,FUR0566,0,2,1,2,1,0,1,66.02
2026-08-12,S004,FUR0566,0,3,2,2,2,0,1,66.02
2026-08-12,S005,FUR0566,0,1,0,1,3,0,1,66.02
2026-08-12,S006,FUR0566,0,0,0,0,1,0,0,0.0
2026-08-12,S007,FUR0566,1,0,1,2,0,0,0,0.0
2026-08-12,S008,FUR0566,0,0,0,0,2,0,0,0.0
2026-08-12,S009,FUR0566,0,0,0,2,2,0,0,0.0
2026-08-12,S010,FUR0566,1,0,0,1,0,0,1,66.02
2026-08-12,S001,FUR0567,1,0,0,1,2,0,1,141.89
2026-08-12,S002,FUR0567,0,1,1,0,1,0,0,0.0
2026-08-12,S003,FUR0567,0,0,0,2,1,0,0,0.0
2026-08-12,S004,FUR0567,0,1,1,2,1,0,0,0.0
2026-08-12,S005,FUR0567,0,1,0,3,1,0,1,141.89
2026-08-12,S006,FUR0567,1,0,1,1,0,0,0,0.0
2026-08-12,S007,FUR0567,0,1,0,3,3,0,1,141.89
2026-08-12,S008,FUR0567,0,1,0,2,1,0,1,141.89
2026-08-12,S009,FUR0567,0,1,0,1,1,0,1,141.89
2026-08-12,S010,FUR0567,0,0,0,3,3,0,0,0.0
2026-08-12,S001,FUR0568,0,1,0,3,0,1,1,160.98
2026-08-12,S002,FUR0568,0,0,0,0,2,0,0,0.0
2026-08-12,S003,FUR0568,1,1,1,1,2,0,1,160.98
2026-08-12,S004,FUR0568,0,1,0,2,0,0,1,160.98
2026-08-12,S005,FUR0568,0,1,0,1,3,0,1,160.98
2026-08-12,S006,FUR0568,1,1,1,0,1,0,1,160.98
2026-08-12,S007,FUR0568,1,0,0,1,0,0,1,160.98
2026-08-12,S008,FUR0568,0,0,0,0,2,0,0,0.0
2026-08-12,S009,FUR0568,1,1,1,1,0,0,1,160.98
2026-08-12,S010,FUR0568,0,0,0,1,0,0,0,0.0
2026-08-12,S001,FUR0569,0,0,0,2,0,0,0,0.0
2026-08-12,S002,FUR0569,0,1,0,0,3,0,1,62.51
2026-08-12,S003,FUR0569,0,0,0,0,1,0,0,0.0
2026-08-12,S004,FUR0569,0,1,0,2,0,0,1,62.51
2026-08-12,S005,FUR0569,1,1,1,0,0,0,1,62.51
2026-08-12,S006,FUR0569,0,2,1,0,1,0,1,62.51
2026-08-12,S007,FUR0569,0,0,0,2,2,0,0,0.0
2026-08-12,S008,FUR0569,0,5,4,0,1,0,1,62.51
2026-08-12,S009,FUR0569,1,1,1,2,1,0,1,62.51
2026-08-12,S010,FUR0569,0,3,2,0,3,0,1,62.51
2026-08-12,S001,FUR0570,0,6,4,3,3,0,2,202.5
2026-08-12,S002,FUR0570,0,2,0,3,2,0,2,202.5
2026-08-12,S003,FUR0570,0,1,1,3,2,0,0,0.0
2026-08-12,S004,FUR0570,1,0,0,3,0,0,1,101.25
2026-08-12,S005,FUR0570,1,3,3,1,3,0,1,101.25
2026-08-12,S006,FUR0570,1,0,1,0,3,0,0,0.0
2026-08-12,S007,FUR0570,1,0,0,1,2,0,1,101.25
2026-08-12,S008,FUR0570,0,0,0,3,3,0,0,0.0
2026-08-12,S009,FUR0570,0,0,0,1,2,0,0,0.0
2026-08-12,S010,FUR0570,1,0,0,2,3,0,1,101.25
2026-08-12,S001,FUR0571,0,0,0,0,0,0,0,0.0
2026-08-12,S002,FUR0571,0,6,4,0,2,0,2,231.88
2026-08-12,S003,FUR0571,0,0,0,1,0,0,0,0.0
2026-08-12,S004,FUR0571,0,1,1,3,3,0,0,0.0
2026-08-12,S005,FUR0571,0,1,1,3,2,0,0,0.0
2026-08-12,S006,FUR0571,1,4,3,3,2,0,2,231.88
2026-08-12,S007,FUR0571,1,0,0,0,3,0,1,115.94
2026-08-12,S008,FUR0571,0,0,0,3,1,0,0,0.0
2026-08-12,S009,FUR0571,0,0,0,2,2,0,0,0.0
2026-08-12,S010,FUR0571,0,0,0,1,0,0,0,0.0
2026-08-12,S001,FUR0572,0,0,0,3,2,0,0,0.0
2026-08-12,S002,FUR0572,0,0,0,2,0,0,0,0.0
2026-08-12,S003,FUR0572,0,1,1,0,0,0,0,0.0
2026-08-12,S004,FUR0572,0,0,0,1,2,0,0,0.0
2026-08-12,S005,FUR0572,0,3,2,1,0,0,1,58.5
2026-08-12,S006,FUR0572,0,0,0,0,1,0,0,0.0
2026-08-12,S007,FUR0572,0,4,2,0,0,0,2,117.0
2026-08-12,S008,FUR0572,0,6,4,1,1,0,2,117.0
2026-08-12,S009,FUR0572,0,0,0,1,1,0,0,0.0
2026-08-12,S010,FUR0572,0,0,0,1,2,0,0,0.0
2026-08-12,S001,FUR0573,2,1,1,2,2,0,2,504.7
2026-08-12,S002,FUR0573,0,4,4,3,2,0,0,0.0
2026-08-12,S003,FUR0573,0,0,0,0,0,0,0,0.0
2026-08-12,S004,FUR0573,0,0,0,0,3,0,0,0.0
2026-08-12,S005,FUR0573,1,4,4,1,1,0,1,252.35
2026-08-12,S006,FUR0573,1,0,1,3,1,0,0,0.0
2026-08-12,S007,FUR0573,1,0,0,2,2,0,1,252.35
2026-08-12,S008,FUR0573,1,0,0,0,3,0,1,252.35
2026-08-12,S009,FUR0573,0,0,0,0,2,0,0,0.0
2026-08-12,S010,FUR0573,0,3,1,2,1,0,2,504.7
2026-08-12,S001,FUR0574,0,0,0,2,2,0,0,0.0
2026-08-12,S002,FUR0574,0,0,0,1,0,0,0,0.0
2026-08-12,S003,FUR0574,0,0,0,1,3,0,0,0.0
2026-08-12,S004,FUR0574,0,0,0,2,3,0,0,0.0
2026-08-12,S005,FUR0574,0,0,0,1,1,0,0,0.0
2026-08-12,S006,FUR0574,1,1,1,1,2,0,1,176.25
2026-08-12,S007,FUR0574,0,1,0,0,0,0,1,176.25
2026-08-12,S008,FUR0574,0,0,0,1,1,0,0,0.0
2026-08-12,S009,FUR0574,0,1,0,0,0,0,1,176.25
2026-08-12,S010,FUR0574,0,0,0,0,0,0,0,0.0
2026-08-12,S001,FUR0575,0,1,0,3,3,0,1,237.95
2026-08-12,S002,FUR0575,0,1,0,0,3,0,1,237.95
2026-08-12,S003,FUR0575,0,0,0,2,3,0,0,0.0
2026-08-12,S004,FUR0575,1,0,0,3,2,0,1,237.95
2026-08-12,S005,FUR0575,1,2,2,3,0,0,1,237.95
2026-08-12,S006,FUR0575,0,3,3,3,3,0,0,0.0
2026-08-12,S007,FUR0575,1,2,2,1,2,1,1,237.95
2026-08-12,S008,FUR0575,1,2,3,1,0,0,0,0.0
2026-08-12,S009,FUR0575,0,0,0,2,3,0,0,0.0
2026-08-12,S010,FUR0575,1,3,2,2,3,0,2,475.9
2026-08-12,S001,FUR0576,0,0,0,3,1,0,0,0.0
2026-08-12,S002,FUR0576,0,0,0,3,0,0,0,0.0
2026-08-12,S003,FUR0576,1,1,1,3,1,0,1,70.1
2026-08-12,S004,FUR0576,0,1,0,0,3,0,1,70.1
2026-08-12,S005,FUR0576,0,1,0,2,1,0,1,70.1
2026-08-12,S006,FUR0576,0,1,0,3,2,0,1,70.1
2026-08-12,S007,FUR0576,0,1,1,0,1,0,0,0.0
2026-08-12,S008,FUR0576,0,1,1,3,1,0,0,0.0
2026-08-12,S009,FUR0576,0,0,0,3,3,0,0,0.0
2026-08-12,S010,FUR0576,1,0,1,1,1,0,0,0.0
2026-08-12,S001,FUR0577,0,0,0,3,2,0,0,0.0
2026-08-12,S002,FUR0577,1,0,0,2,2,0,1,112.01
2026-08-12,S003,FUR0577,1,0,0,1,3,0,1,112.01
2026-08-12,S004,FUR0577,0,1,1,1,3,0,0,0.0
2026-08-12,S005,FUR0577,0,0,0,3,2,0,0,0.0
2026-08-12,S006,FUR0577,0,0,0,0,0,0,0,0.0
2026-08-12,S007,FUR0577,0,0,0,2,0,0,0,0.0
2026-08-12,S008,FUR0577,0,0,0,3,1,1,0,0.0
2026-08-12,S009,FUR0577,0,0,0,0,3,0,0,0.0
2026-08-12,S010,FUR0577,0,0,0,3,1,0,0,0.0
2026-08-12,S001,FUR0578,0,0,0,2,0,0,0,0.0
2026-08-12,S002,FUR0578,1,2,2,1,2,0,1,60.49
2026-08-12,S003,FUR0578,0,0,0,0,1,0,0,0.0
2026-08-12,S004,FUR0578,0,0,0,2,0,0,0,0.0
2026-08-12,S005,FUR0578,0,0,0,2,1,0,0,0.0
2026-08-12,S006,FUR0578,0,0,0,2,3,0,0,0.0
2026-08-12,S007,FUR0578,1,1,1,3,1,0,1,60.49
2026-08-12,S008,FUR0578,0,1,0,1,3,0,1,60.49
2026-08-12,S009,FUR0578,0,0,0,1,0,0,0,0.0
2026-08-12,S010,FUR0578,1,0,0,0,2,0,1,60.49
2026-08-12,S001,FUR0579,0,0,0,0,1,0,0,0.0
2026-08-12,S002,FUR0579,0,0,0,3,2,0,0,0.0
2026-08-12,S003,FUR0579,0,0,0,1,3,0,0,0.0
2026-08-12,S004,FUR0579,0,1,0,2,3,0,1,181.55
2026-08-12,S005,FUR0579,0,0,0,0,0,0,0,0.0
2026-08-12,S006,FUR0579,0,3,2,2,0,0,1,181.55
2026-08-12,S007,FUR0579,0,1,0,0,2,0,1,181.55
2026-08-12,S008,FUR0579,0,0,0,2,1,0,0,0.0
2026-08-12,S009,FUR0579,1,0,0,3,1,1,1,181.55
2026-08-12,S010,FUR0579,0,0,0,3,1,0,0,0.0
2026-08-12,S001,FUR0580,1,0,0,3,0,0,1,47.83
2026-08-12,S002,FUR0580,0,1,1,2,1,0,0,0.0
2026-08-12,S003,FUR0580,1,1,1,0,2,0,1,47.83
2026-08-12,S004,FUR0580,1,4,4,1,2,0,1,47.83
2026-08-12,S005,FUR0580,0,0,0,2,3,0,0,0.0
2026-08-12,S006,FUR0580,0,5,3,1,3,0,2,95.66
2026-08-12,S007,FUR0580,2,0,0,2,2,0,2,95.66
2026-08-12,S008,FUR0580,1,8,7,3,1,0,2,95.66
2026-08-12,S009,FUR0580,2,9,7,1,1,0,4,191.32
2026-08-12,S010,FUR0580,1,0,0,1,2,0,1,47.83
2026-08-12,S001,FUR0581,0,0,0,1,0,0,0,0.0
2026-08-12,S002,FUR0581,0,2,1,3,2,0,1,148.66
2026-08-12,S003,FUR0581,1,0,0,0,3,0,1,148.66
2026-08-12,S004,FUR0581,1,0,0,1,0,0,1,148.66
2026-08-12,S005,FUR0581,0,0,0,0,0,0,0,0.0
2026-08-12,S006,FUR0581,0,0,0,0,1,0,0,0.0
2026-08-12,S007,FUR0581,0,0,0,0,3,0,0,0.0
2026-08-12,S008,FUR0581,0,0,0,1,3,0,0,0.0
2026-08-12,S009,FUR0581,0,1,0,0,0,0,1,148.66
2026-08-12,S010,FUR0581,0,0,0,1,1,0,0,0.0
2026-08-12,S001,FUR0582,0,0,0,0,3,0,0,0.0
2026-08-12,S002,FUR0582,0,1,1,2,3,0,0,0.0
2026-08-12,S003,FUR0582,0,0,0,0,0,0,0,0.0
2026-08-12,S004,FUR0582,0,1,0,1,3,0,1,128.37
2026-08-12,S005,FUR0582,0,0,0,1,0,0,0,0.0
2026-08-12,S006,FUR0582,0,0,0,1,3,0,0,0.0
2026-08-12,S007,FUR0582,0,1,0,1,3,0,1,128.37
2026-08-12,S008,FUR0582,1,1,1,3,3,0,1,128.37
2026-08-12,S009,FUR0582,0,0,0,3,2,0,0,0.0
2026-08-12,S010,FUR0582,0,6,5,0,2,0,1,128.37
2026-08-12,S001,FUR0583,1,0,0,1,0,0,1,228.6
2026-08-12,S002,FUR0583,1,1,1,2,1,0,1,228.6
2026-08-12,S003,FUR0583,0,0,0,2,2,0,0,0.0
2026-08-12,S004,FUR0583,0,1,0,2,2,0,1,228.6
2026-08-12,S005,FUR0583,0,1,0,2,1,0,1,228.6
2026-08-12,S006,FUR0583,1,0,1,2,0,0,0,0.0
2026-08-12,S007,FUR0583,0,1,0,1,3,0,1,228.6
2026-08-12,S008,FUR0583,0,0,0,3,0,0,0,0.0
2026-08-12,S009,FUR0583,0,0,0,0,0,0,0,0.0
2026-08-12,S010,FUR0583,0,0,0,3,1,0,0,0.0
2026-08-12,S001,FUR0584,0,0,0,2,2,0,0,0.0
2026-08-12,S002,FUR0584,2,3,3,2,0,0,2,236.38
2026-08-12,S003,FUR0584,2,9,7,0,0,0,4,472.76
2026-08-12,S004,FUR0584,1,3,3,0,3,0,1,118.19
2026-08-12,S005,FUR0584,2,5,4,3,0,0,3,354.57
2026-08-12,S006,FUR0584,0,1,1,2,2,0,0,0.0
2026-08-12,S007,FUR0584,0,1,1,1,0,0,0,0.0
2026-08-12,S008,FUR0584,1,0,1,1,2,0,0,0.0
2026-08-12,S009,FUR0584,0,3,2,3,2,0,1,118.19
2026-08-12,S010,FUR0584,1,4,3,3,1,0,2,236.38
2026-08-12,S001,FUR0585,0,0,0,1,1,0,0,0.0
2026-08-12,S002,FUR0585,2,5,5,0,2,0,2,115.56
2026-08-12,S003,FUR0585,0,1,0,0,0,0,1,57.78
2026-08-12,S004,FUR0585,0,0,0,1,3,0,0,0.0
2026-08-12,S005,FUR0585,1,4,4,0,0,0,1,57.78
2026-08-12,S006,FUR0585,1,3,2,3,3,0,2,115.56
2026-08-12,S007,FUR0585,1,0,0,3,1,0,1,57.78
2026-08-12,S008,FUR0585,1,0,0,1,0,0,1,57.78
2026-08-12,S009,FUR0585,1,6,5,2,3,0,2,115.56
2026-08-12,S010,FUR0585,0,1,0,1,2,0,1,57.78
2026-08-12,S001,FUR0586,0,1,1,0,0,0,0,0.0
2026-08-12,S002,FUR0586,0,1,1,3,1,1,0,0.0
2026-08-12,S003,FUR0586,0,0,0,2,3,0,0,0.0
2026-08-12,S004,FUR0586,2,5,4,1,2,0,3,174.0
2026-08-12,S005,FUR0586,1,0,1,2,2,0,0,0.0
2026-08-12,S006,FUR0586,1,2,3,0,2,0,0,0.0
2026-08-12,S007,FUR0586,1,0,0,3,2,0,1,58.0
2026-08-12,S008,FUR0586,1,4,3,3,0,0,2,116.0
2026-08-12,S009,FUR0586,0,0,0,0,3,0,0,0.0
2026-08-12,S010,FUR0586,0,0,0,2,3,0,0,0.0
2026-08-12,S001,FUR0587,0,1,0,0,1,0,1,84.0
2026-08-12,S002,FUR0587,1,2,2,3,2,0,1,84.0
2026-08-12,S003,FUR0587,0,0,0,1,3,0,0,0.0
2026-08-12,S004,FUR0587,0,0,0,3,3,0,0,0.0
2026-08-12,S005,FUR0587,1,0,0,0,3,1,1,84.0
2026-08-12,S006,FUR0587,0,4,2,3,1,0,2,168.0
2026-08-12,S007,FUR0587,1,0,0,1,3,0,1,84.0
2026-08-12,S008,FUR0587,0,1,0,1,1,0,1,84.0
2026-08-12,S009,FUR0587,0,0,0,2,2,0,0,0.0
2026-08-12,S010,FUR0587,0,2,1,1,0,0,1,84.0
2026-08-12,S001,FUR0588,0,0,0,2,1,0,0,0.0
2026-08-12,S002,FUR0588,0,1,1,0,0,0,0,0.0
2026-08-12,S003,FUR0588,1,0,0,0,1,0,1,107.69
2026-08-12,S004,FUR0588,0,0,0,1,2,0,0,0.0
2026-08-12,S005,FUR0588,0,1,0,0,2,0,1,107.69
2026-08-12,S006,FUR0588,0,0,0,3,1,0,0,0.0
2026-08-12,S007,FUR0588,0,0,0,0,3,0,0,0.0
2026-08-12,S008,FUR0588,0,0,0,3,3,0,0,0.0
2026-08-12,S009,FUR0588,0,0,0,2,2,0,0,0.0
2026-08-12,S010,FUR0588,0,3,2,1,1,0,1,107.69
2026-08-12,S001,FUR0589,0,0,0,2,0,0,0,0.0
2026-08-12,S002,FUR0589,0,0,0,0,1,0,0,0.0
2026-08-12,S003,FUR0589,0,0,0,0,3,0,0,0.0
2026-08-12,S004,FUR0589,0,1,0,1,0,0,1,223.39
2026-08-12,S005,FUR0589,0,0,0,1,1,0,0,0.0
2026-08-12,S006,FUR0589,0,1,0,3,0,0,1,223.39
2026-08-12,S007,FUR0589,0,0,0,3,1,0,0,0.0
2026-08-12,S008,FUR0589,0,0,0,2,3,0,0,0.0
2026-08-12,S009,FUR0589,0,0,0,3,2,0,0,0.0
2026-08-12,S010,FUR0589,0,0,0,3,0,0,0,0.0
2026-08-12,S001,FUR0590,0,0,0,1,0,1,0,0.0
2026-08-12,S002,FUR0590,1,1,0,3,2,0,2,166.52
2026-08-12,S003,FUR0590,0,1,0,3,0,0,1,83.26
2026-08-12,S004,FUR0590,0,0,0,2,3,0,0,0.0
2026-08-12,S005,FUR0590,0,0,0,3,1,0,0,0.0
2026-08-12,S006,FUR0590,1,1,2,0,0,0,0,0.0
2026-08-12,S007,FUR0590,0,0,0,0,3,0,0,0.0
2026-08-12,S008,FUR0590,1,0,0,0,2,0,1,83.26
2026-08-12,S009,FUR0590,2,4,4,0,1,0,2,166.52
2026-08-12,S010,FUR0590,0,1,0,0,2,0,1,83.26
2026-08-12,S001,FUR0591,0,1,0,1,3,0,1,72.44
2026-08-12,S002,FUR0591,2,0,0,3,1,0,2,144.88
2026-08-12,S003,FUR0591,2,2,2,2,1,0,2,144.88
2026-08-12,S004,FUR0591,0,1,0,3,2,0,1,72.44
2026-08-12,S005,FUR0591,0,1,1,2,1,0,0,0.0
2026-08-12,S006,FUR0591,0,2,2,0,0,0,0,0.0
2026-08-12,S007,FUR0591,1,3,3,1,1,0,1,72.44
2026-08-12,S008,FUR0591,2,4,4,3,1,0,2,144.88
2026-08-12,S009,FUR0591,1,0,0,1,1,0,1,72.44
2026-08-12,S010,FUR0591,0,1,0,0,0,0,1,72.44
2026-08-12,S001,FUR0592,1,0,1,1,0,0,0,0.0
2026-08-12,S002,FUR0592,0,7,5,0,1,0,2,391.14
2026-08-12,S003,FUR0592,0,1,0,2,2,0,1,195.57
2026-08-12,S004,FUR0592,1,0,0,2,0,0,1,195.57
2026-08-12,S005,FUR0592,0,0,0,1,3,0,0,0.0
2026-08-12,S006,FUR0592,1,1,1,0,3,0,1,195.57
2026-08-12,S007,FUR0592,0,1,1,1,0,0,0,0.0
2026-08-12,S008,FUR0592,2,6,6,1,0,0,2,391.14
2026-08-12,S009,FUR0592,1,6,5,3,2,0,2,391.14
2026-08-12,S010,FUR0592,0,1,0,3,2,0,1,195.57
2026-08-12,S001,FUR0593,1,0,1,1,2,0,0,0.0
2026-08-12,S002,FUR0593,0,5,4,2,0,0,1,210.26
2026-08-12,S003,FUR0593,0,0,0,1,1,0,0,0.0
2026-08-12,S004,FUR0593,0,1,0,1,1,0,1,210.26
2026-08-12,S005,FUR0593,0,0,0,3,0,0,0,0.0
2026-08-12,S006,FUR0593,0,1,1,3,1,0,0,0.0
2026-08-12,S007,FUR0593,1,0,0,3,0,0,1,210.26
2026-08-12,S008,FUR0593,1,1,1,0,0,0,1,210.26
2026-08-12,S009,FUR0593,0,0,0,0,3,0,0,0.0
2026-08-12,S010,FUR0593,0,0,0,3,2,0,0,0.0
2026-08-12,S001,FUR0594,0,1,0,1,0,0,1,64.93
2026-08-12,S002,FUR0594,1,4,3,0,3,0,2,129.86
2026-08-12,S003,FUR0594,0,4,2,2,0,0,2,129.86
2026-08-12,S004,FUR0594,2,0,0,0,3,0,2,129.86
2026-08-12,S005,FUR0594,1,3,3,0,3,0,1,64.93
2026-08-12,S006,FUR0594,0,6,5,0,1,0,1,64.93
2026-08-12,S007,FUR0594,0,2,1,1,3,0,1,64.93
2026-08-12,S008,FUR0594,1,3,2,3,1,0,2,129.86
2026-08-12,S009,FUR0594,0,0,0,3,2,0,0,0.0
2026-08-12,S010,FUR0594,2,3,3,2,2,0,2,129.86
2026-08-12,S001,FUR0595,0,0,0,2,3,0,0,0.0
2026-08-12,S002,FUR0595,1,2,2,1,0,0,1,113.99
2026-08-12,S003,FUR0595,1,2,2,1,0,0,1,113.99
2026-08-12,S004,FUR0595,0,3,2,2,2,0,1,113.99
2026-08-12,S005,FUR0595,0,0,0,0,0,0,0,0.0
2026-08-12,S006,FUR0595,2,6,5,1,3,0,3,341.97
2026-08-12,S007,FUR0595,0,3,2,2,3,0,1,113.99
2026-08-12,S008,FUR0595,0,0,0,2,1,0,0,0.0
2026-08-12,S009,FUR0595,1,0,1,0,3,0,0,0.0
2026-08-12,S010,FUR0595,1,0,1,3,2,0,0,0.0
2026-08-12,S001,FUR0596,0,0,0,1,2,0,0,0.0
2026-08-12,S002,FUR0596,0,1,0,0,2,0,1,104.49
2026-08-12,S003,FUR0596,0,0,0,0,0,0,0,0.0
2026-08-12,S004,FUR0596,0,1,0,1,3,0,1,104.49
2026-08-12,S005,FUR0596,0,0,0,1,2,0,0,0.0
2026-08-12,S006,FUR0596,0,5,3,1,0,1,2,208.98
2026-08-12,S007,FUR0596,0,4,2,3,1,0,2,208.98
2026-08-12,S008,FUR0596,0,1,0,0,3,0,1,104.49
2026-08-12,S009,FUR0596,0,0,0,0,2,0,0,0.0
2026-08-12,S010,FUR0596,0,1,1,2,1,0,0,0.0
2026-08-12,S001,FUR0597,0,0,0,3,2,0,0,0.0
2026-08-12,S002,FUR0597,0,6,4,0,2,0,2,177.1
2026-08-12,S003,FUR0597,0,0,0,0,0,0,0,0.0
2026-08-12,S004,FUR0597,0,0,0,0,1,0,0,0.0
2026-08-12,S005,FUR0597,0,2,1,1,3,0,1,88.55
2026-08-12,S006,FUR0597,0,3,2,3,3,1,1,88.55
2026-08-12,S007,FUR0597,0,2,1,2,1,0,1,88.55
2026-08-12,S008,FUR0597,0,0,0,2,2,0,0,0.0
2026-08-12,S009,FUR0597,0,0,0,1,1,0,0,0.0
2026-08-12,S010,FUR0597,0,2,1,0,2,0,1,88.55
2026-08-12,S001,FUR0598,0,1,0,2,0,0,1,87.92
2026-08-12,S002,FUR0598,0,0,0,2,0,0,0,0.0
2026-08-12,S003,FUR0598,1,0,0,2,2,0,1,87.92
2026-08-12,S004,FUR0598,0,7,4,3,2,0,3,263.76
2026-08-12,S005,FUR0598,0,5,3,0,3,0,2,175.84
2026-08-12,S006,FUR0598,0,0,0,3,3,0,0,0.0
2026-08-12,S007,FUR0598,0,1,1,2,1,0,0,0.0
2026-08-12,S008,FUR0598,0,3,2,2,0,0,1,87.92
2026-08-12,S009,FUR0598,0,0,0,0,0,0,0,0.0
2026-08-12,S010,FUR0598,1,0,0,2,3,0,1,87.92
2026-08-12,S001,FUR0599,0,0,0,1,0,0,0,0.0
2026-08-12,S002,FUR0599,0,2,2,2,3,0,0,0.0
2026-08-12,S003,FUR0599,0,0,0,3,3,0,0,0.0
2026-08-12,S004,FUR0599,1,0,0,2,3,0,1,174.05
2026-08-12,S005,FUR0599,0,0,0,2,1,0,0,0.0
2026-08-12,S006,FUR0599,0,0,0,1,1,0,0,0.0
2026-08-12,S007,FUR0599,1,3,3,2,1,0,1,174.05
2026-08-12,S008,FUR0599,1,0,1,0,0,0,0,0.0
2026-08-12,S009,FUR0599,0,0,0,1,3,0,0,0.0
2026-08-12,S010,FUR0599,1,0,0,2,2,0,1,174.05
2026-08-12,S001,FUR0600,1,0,0,0,1,0,1,174.99
2026-08-12,S002,FUR0600,0,0,0,0,1,0,0,0.0
2026-08-12,S003,FUR0600,0,0,0,3,2,0,0,0.0
2026-08-12,S004,FUR0600,1,5,3,3,1,0,3,524.97
2026-08-12,S005,FUR0600,1,3,3,1,3,0,1,174.99
2026-08-12,S006,FUR0600,0,0,0,0,2,0,0,0.0
2026-08-12,S007,FUR0600,1,0,0,2,2,0,1,174.99
2026-08-12,S008,FUR0600,1,0,1,1,1,0,0,0.0
2026-08-12,S009,FUR0600,1,0,0,2,0,0,1,174.99
2026-08-12,S010,FUR0600,0,1,1,2,1,0,0,0.0
2026-08-12,S001,FUR0601,2,4,4,3,0,1,2,210.98
2026-08-12,S002,FUR0601,1,0,1,3,3,0,0,0.0
2026-08-12,S003,FUR0601,1,0,0,3,0,0,1,105.49
2026-08-12,S004,FUR0601,0,0,0,1,0,0,0,0.0
2026-08-12,S005,FUR0601,1,0,0,1,3,0,1,105.49
2026-08-12,S006,FUR0601,0,0,0,0,3,0,0,0.0
2026-08-12,S007,FUR0601,1,5,5,0,2,0,1,105.49
2026-08-12,S008,FUR0601,0,0,0,1,0,0,0,0.0
2026-08-12,S009,FUR0601,0,5,3,2,0,0,2,210.98
2026-08-12,S010,FUR0601,1,2,2,1,2,0,1,105.49
2026-08-12,S001,FUR0602,0,0,0,0,1,1,0,0.0
2026-08-12,S002,FUR0602,2,4,4,3,1,0,2,328.26
2026-08-12,S003,FUR0602,0,1,0,1,0,0,1,164.13
2026-08-12,S004,FUR0602,0,0,0,1,2,0,0,0.0
2026-08-12,S005,FUR0602,2,7,6,2,0,0,3,492.39
2026-08-12,S006,FUR0602,2,0,0,3,0,0,2,328.26
2026-08-12,S007,FUR0602,0,2,0,1,0,0,2,328.26
2026-08-12,S008,FUR0602,0,1,0,0,1,0,1,164.13
2026-08-12,S009,FUR0602,1,1,1,3,0,0,1,164.13
2026-08-12,S010,FUR0602,0,0,0,1,1,0,0,0.0
2026-08-12,S001,FUR0603,0,1,0,1,1,0,1,120.06
2026-08-12,S002,FUR0603,1,3,3,3,1,0,1,120.06
2026-08-12,S003,FUR0603,0,0,0,2,0,1,0,0.0
2026-08-12,S004,FUR0603,0,0,0,0,0,0,0,0.0
2026-08-12,S005,FUR0603,0,1,0,0,0,0,1,120.06
2026-08-12,S006,FUR0603,1,1,1,0,0,0,1,120.06
2026-08-12,S007,FUR0603,2,3,3,0,2,0,2,240.12
2026-08-12,S008,FUR0603,0,7,6,3,3,0,1,120.06
2026-08-12,S009,FUR0603,0,0,0,1,3,0,0,0.0
2026-08-12,S010,FUR0603,0,0,0,0,1,0,0,0.0
2026-08-12,S001,FUR0604,0,0,0,2,0,0,0,0.0
2026-08-12,S002,FUR0604,0,0,0,1,0,1,0,0.0
2026-08-12,S003,FUR0604,0,0,0,0,2,0,0,0.0
2026-08-12,S004,FUR0604,1,0,0,1,3,0,1,152.96
2026-08-12,S005,FUR0604,1,1,2,2,0,0,0,0.0
2026-08-12,S006,FUR0604,2,1,1,3,1,0,2,305.92
2026-08-12,S007,FUR0604,1,1,2,3,1,0,0,0.0
2026-08-12,S008,FUR0604,0,0,0,1,0,0,0,0.0
2026-08-12,S009,FUR0604,1,2,2,2,1,0,1,152.96
2026-08-12,S010,FUR0604,0,1,0,1,1,0,1,152.96
2026-08-12,S001,FUR0605,1,3,3,0,1,0,1,230.17
2026-08-12,S002,FUR0605,0,11,7,1,3,0,4,920.68
2026-08-12,S003,FUR0605,1,0,1,2,2,0,0,0.0
2026-08-12,S004,FUR0605,0,0,0,2,2,0,0,0.0
2026-08-12,S005,FUR0605,2,1,0,0,0,0,3,690.51
2026-08-12,S006,FUR0605,0,8,6,2,2,0,2,460.34
2026-08-12,S007,FUR0605,1,0,1,3,2,0,0,0.0
2026-08-12,S008,FUR0605,0,3,2,0,1,0,1,230.17
2026-08-12,S009,FUR0605,1,0,0,2,0,0,1,230.17
2026-08-12,S010,FUR0605,0,0,0,0,2,0,0,0.0
2026-08-12,S001,FUR0606,0,0,0,3,3,0,0,0.0
2026-08-12,S002,FUR0606,0,0,0,0,0,0,0,0.0
2026-08-12,S003,FUR0606,1,0,0,2,3,0,1,94.99
2026-08-12,S004,FUR0606,0,0,0,1,0,0,0,0.0
2026-08-12,S005,FUR0606,0,0,0,2,0,0,0,0.0
2026-08-12,S006,FUR0606,2,0,0,0,0,0,2,189.98
2026-08-12,S007,FUR0606,0,1,1,1,0,0,0,0.0
2026-08-12,S008,FUR0606,0,0,0,3,2,0,0,0.0
2026-08-12,S009,FUR0606,0,0,0,0,3,0,0,0.0
2026-08-12,S010,FUR0606,0,0,0,0,2,0,0,0.0
2026-08-12,S001,FUR0607,0,0,0,2,0,0,0,0.0
2026-08-12,S002,FUR0607,0,2,1,0,1,0,1,108.76
2026-08-12,S003,FUR0607,2,0,0,3,0,0,2,217.52
2026-08-12,S004,FUR0607,0,0,0,2,1,0,0,0.0
2026-08-12,S005,FUR0607,0,1,0,3,1,0,1,108.76
2026-08-12,S006,FUR0607,1,1,1,0,1,0,1,108.76
2026-08-12,S007,FUR0607,0,1,0,0,2,0,1,108.76
2026-08-12,S008,FUR0607,1,7,4,3,0,0,4,435.04
2026-08-12,S009,FUR0607,1,0,0,1,3,0,1,108.76
2026-08-12,S010,FUR0607,0,0,0,0,1,0,0,0.0
2026-08-12,S001,FUR0608,1,1,1,0,3,1,1,189.9
2026-08-12,S002,FUR0608,0,1,0,1,2,0,1,189.9
2026-08-12,S003,FUR0608,1,1,1,3,0,0,1,189.9
2026-08-12,S004,FUR0608,0,2,2,0,2,0,0,0.0
2026-08-12,S005,FUR0608,0,0,0,2,1,0,0,0.0
2026-08-12,S006,FUR0608,0,0,0,3,2,0,0,0.0
2026-08-12,S007,FUR0608,0,0,0,0,3,0,0,0.0
2026-08-12,S008,FUR0608,0,0,0,1,0,0,0,0.0
2026-08-12,S009,FUR0608,0,0,0,3,3,0,0,0.0
2026-08-12,S010,FUR0608,0,0,0,2,3,0,0,0.0
2026-08-12,S001,FUR0609,0,2,1,1,3,0,1,160.22
2026-08-12,S002,FUR0609,0,2,1,3,0,0,1,160.22
2026-08-12,S003,FUR0609,0,1,1,2,1,0,0,0.0
2026-08-12,S004,FUR0609,0,0,0,0,3,0,0,0.0
2026-08-12,S005,FUR0609,1,0,0,3,0,0,1,160.22
2026-08-12,S006,FUR0609,0,9,6,0,0,0,3,480.66
2026-08-12,S007,FUR0609,0,0,0,1,0,0,0,0.0
2026-08-12,S008,FUR0609,1,6,4,1,0,0,3,480.66
2026-08-12,S009,FUR0609,1,0,1,3,2,0,0,0.0
2026-08-12,S010,FUR0609,1,2,2,1,2,0,1,160.22
2026-08-12,S001,FUR0610,1,0,0,1,0,0,1,223.91
2026-08-12,S002,FUR0610,0,3,2,1,1,0,1,223.91
2026-08-12,S003,FUR0610,1,1,1,1,2,0,1,223.91
2026-08-12,S004,FUR0610,0,1,1,1,3,0,0,0.0
2026-08-12,S005,FUR0610,0,2,2,0,1,0,0,0.0
2026-08-12,S006,FUR0610,1,4,3,1,1,0,2,447.82
2026-08-12,S007,FUR0610,1,1,1,3,0,0,1,223.91
2026-08-12,S008,FUR0610,0,0,0,3,1,0,0,0.0
2026-08-12,S009,FUR0610,1,4,3,2,0,0,2,447.82
2026-08-12,S010,FUR0610,0,2,1,1,3,0,1,223.91
2026-08-12,S001,FUR0611,0,1,0,1,2,0,1,111.15
2026-08-12,S002,FUR0611,1,1,1,2,0,0,1,111.15
2026-08-12,S003,FUR0611,0,3,2,2,3,0,1,111.15
2026-08-12,S004,FUR0611,0,1,0,3,0,0,1,111.15
2026-08-12,S005,FUR0611,0,1,1,0,3,0,0,0.0
2026-08-12,S006,FUR0611,0,5,3,0,0,0,2,222.3
2026-08-12,S007,FUR0611,0,2,1,3,2,0,1,111.15
2026-08-12,S008,FUR0611,1,2,3,2,3,0,0,0.0
2026-08-12,S009,FUR0611,0,3,2,1,3,0,1,111.15
2026-08-12,S010,FUR0611,0,3,2,3,3,0,1,111.15
2026-08-12,S001,FUR0612,0,6,3,0,3,0,3,365.46
2026-08-12,S002,FUR0612,0,1,0,1,1,0,1,121.82
2026-08-12,S003,FUR0612,0,0,0,2,0,0,0,0.0
2026-08-12,S004,FUR0612,0,1,0,2,3,0,1,121.82
2026-08-12,S005,FUR0612,0,2,1,0,2,0,1,121.82
2026-08-12,S006,FUR0612,1,6,5,1,0,0,2,243.64
2026-08-12,S007,FUR0612,0,4,2,3,0,0,2,243.64
2026-08-12,S008,FUR0612,1,8,6,0,1,0,3,365.46
2026-08-12,S009,FUR0612,1,3,3,0,3,0,1,121.82
2026-08-12,S010,FUR0612,0,4,2,1,2,0,2,243.64
2026-08-12,S001,FUR0613,1,0,1,3,2,0,0,0.0
2026-08-12,S002,FUR0613,0,1,0,3,2,0,1,195.77
2026-08-12,S003,FUR0613,2,7,5,0,3,0,4,783.08
2026-08-12,S004,FUR0613,0,1,0,1,0,0,1,195.77
2026-08-12,S005,FUR0613,2,7,6,1,0,0,3,587.31
2026-08-12,S006,FUR0613,0,3,2,0,3,0,1,195.77
2026-08-12,S007,FUR0613,0,0,0,3,3,0,0,0.0
2026-08-12,S008,FUR0613,1,2,0,1,0,0,3,587.31
2026-08-12,S009,FUR0613,1,0,1,0,2,0,0,0.0
2026-08-12,S010,FUR0613,0,1,0,2,0,1,1,195.77
2026-08-12,S001,FUR0614,1,0,0,3,0,0,1,203.93
2026-08-12,S002,FUR0614,1,1,1,3,0,0,1,203.93
2026-08-12,S003,FUR0614,0,4,3,1,2,0,1,203.93
2026-08-12,S004,FUR0614,1,1,2,1,0,0,0,0.0
2026-08-12,S005,FUR0614,1,0,1,2,2,0,0,0.0
2026-08-12,S006,FUR0614,1,0,1,3,2,0,0,0.0
2026-08-12,S007,FUR0614,2,0,0,1,2,0,2,407.86
2026-08-12,S008,FUR0614,0,2,0,3,1,0,2,407.86
2026-08-12,S009,FUR0614,0,1,1,0,1,0,0,0.0
2026-08-12,S010,FUR0614,1,1,1,3,3,0,1,203.93
2026-08-12,S001,FUR0615,1,0,0,3,0,0,1,204.26
2026-08-12,S002,FUR0615,0,0,0,0,0,0,0,0.0
2026-08-12,S003,FUR0615,0,0,0,2,0,0,0,0.0
2026-08-12,S004,FUR0615,0,0,0,3,3,0,0,0.0
2026-08-12,S005,FUR0615,0,0,0,0,3,0,0,0.0
2026-08-12,S006,FUR0615,0,0,0,1,2,0,0,0.0
2026-08-12,S007,FUR0615,0,0,0,0,0,0,0,0.0
2026-08-12,S008,FUR0615,0,1,0,0,3,0,1,204.26
2026-08-12,S009,FUR0615,1,0,1,1,3,0,0,0.0
2026-08-12,S010,FUR0615,1,0,0,1,1,0,1,204.26
2026-08-12,S001,FUR0616,0,1,0,2,3,0,1,52.06
2026-08-12,S002,FUR0616,0,1,0,1,0,0,1,52.06
2026-08-12,S003,FUR0616,0,5,4,0,1,0,1,52.06
2026-08-12,S004,FUR0616,0,0,0,3,0,0,0,0.0
2026-08-12,S005,FUR0616,0,0,0,1,0,0,0,0.0
2026-08-12,S006,FUR0616,0,0,0,3,3,0,0,0.0
2026-08-12,S007,FUR0616,0,1,0,1,1,0,1,52.06
2026-08-12,S008,FUR0616,1,1,1,1,2,0,1,52.06
2026-08-12,S009,FUR0616,0,4,3,3,1,0,1,52.06
2026-08-12,S010,FUR0616,1,0,0,1,1,0,1,52.06
2026-08-12,S001,FUR0617,0,0,0,3,3,0,0,0.0
2026-08-12,S002,FUR0617,0,0,0,0,2,0,0,0.0
2026-08-12,S003,FUR0617,0,5,3,1,3,1,2,155.06
2026-08-12,S004,FUR0617,1,2,3,2,3,0,0,0.0
2026-08-12,S005,FUR0617,0,0,0,1,2,0,0,0.0
2026-08-12,S006,FUR0617,1,1,1,0,2,0,1,77.53
2026-08-12,S007,FUR0617,0,0,0,0,3,0,0,0.0
2026-08-12,S008,FUR0617,2,6,5,2,3,0,3,232.59
2026-08-12,S009,FUR0617,0,0,0,1,0,0,0,0.0
2026-08-12,S010,FUR0617,1,0,1,0,2,0,0,0.0
2026-08-12,S001,FUR0618,0,3,1,2,2,0,2,269.54
2026-08-12,S002,FUR0618,0,0,0,2,1,0,0,0.0
2026-08-12,S003,FUR0618,0,0,0,1,2,0,0,0.0
2026-08-12,S004,FUR0618,0,0,0,1,3,0,0,0.0
2026-08-12,S005,FUR0618,0,0,0,1,0,0,0,0.0
2026-08-12,S006,FUR0618,0,0,0,0,2,0,0,0.0
2026-08-12,S007,FUR0618,1,2,2,0,1,0,1,134.77
2026-08-12,S008,FUR0618,0,0,0,3,0,0,0,0.0
2026-08-12,S009,FUR0618,0,0,0,3,1,0,0,0.0
2026-08-12,S010,FUR0618,0,0,0,2,2,0,0,0.0
2026-08-12,S001,FUR0619,2,6,5,3,0,0,3,660.69
2026-08-12,S002,FUR0619,0,0,0,1,1,1,0,0.0
2026-08-12,S003,FUR0619,0,1,0,2,3,0,1,220.23
2026-08-12,S004,FUR0619,0,0,0,0,2,0,0,0.0
2026-08-12,S005,FUR0619,1,0,0,0,3,0,1,220.23
2026-08-12,S006,FUR0619,0,3,2,2,2,0,1,220.23
2026-08-12,S007,FUR0619,1,5,5,1,3,0,1,220.23
2026-08-12,S008,FUR0619,0,1,0,1,0,0,1,220.23
2026-08-12,S009,FUR0619,0,0,0,0,2,0,0,0.0
2026-08-12,S010,FUR0619,0,0,0,0,2,0,0,0.0
2026-08-12,S001,FUR0620,0,0,0,0,1,0,0,0.0
2026-08-12,S002,FUR0620,0,1,0,1,3,0,1,232.19
2026-08-12,S003,FUR0620,0,0,0,1,0,0,0,0.0
2026-08-12,S004,FUR0620,0,0,0,1,2,0,0,0.0
2026-08-12,S005,FUR0620,0,0,0,2,0,0,0,0.0
2026-08-12,S006,FUR0620,0,2,0,0,3,0,2,464.38
2026-08-12,S007,FUR0620,0,0,0,3,1,0,0,0.0
2026-08-12,S008,FUR0620,1,0,0,0,1,0,1,232.19
2026-08-12,S009,FUR0620,0,1,1,1,3,0,0,0.0
2026-08-12,S010,FUR0620,0,0,0,1,1,0,0,0.0
2026-08-12,S001,FUR0621,0,0,0,2,3,0,0,0.0
2026-08-12,S002,FUR0621,1,4,4,2,1,0,1,121.83
2026-08-12,S003,FUR0621,0,3,2,1,2,0,1,121.83
2026-08-12,S004,FUR0621,0,4,4,2,0,0,0,0.0
2026-08-12,S005,FUR0621,0,0,0,0,1,0,0,0.0
2026-08-12,S006,FUR0621,0,0,0,0,1,0,0,0.0
2026-08-12,S007,FUR0621,0,0,0,2,2,0,0,0.0
2026-08-12,S008,FUR0621,1,1,2,1,1,0,0,0.0
2026-08-12,S009,FUR0621,1,0,1,2,3,0,0,0.0
2026-08-12,S010,FUR0621,0,0,0,0,0,0,0,0.0
2026-08-12,S001,FUR0622,0,0,0,3,3,0,0,0.0
2026-08-12,S002,FUR0622,0,3,2,2,1,0,1,188.75
2026-08-12,S003,FUR0622,1,0,0,2,1,0,1,188.75
2026-08-12,S004,FUR0622,0,0,0,1,1,0,0,0.0
2026-08-12,S005,FUR0622,1,0,1,3,3,0,0,0.0
2026-08-12,S006,FUR0622,1,0,0,2,3,0,1,188.75
2026-08-12,S007,FUR0622,1,1,1,3,3,0,1,188.75
2026-08-12,S008,FUR0622,1,0,0,3,3,0,1,188.75
2026-08-12,S009,FUR0622,0,1,0,0,0,0,1,188.75
2026-08-12,S010,FUR0622,0,11,7,2,0,0,4,755.0
2026-08-12,S001,FUR0623,1,0,0,2,2,0,1,108.66
2026-08-12,S002,FUR0623,0,2,1,3,3,0,1,108.66
2026-08-12,S003,FUR0623,2,0,0,3,0,0,2,217.32
2026-08-12,S004,FUR0623,1,0,1,2,0,0,0,0.0
2026-08-12,S005,FUR0623,0,4,4,0,3,0,0,0.0
2026-08-12,S006,FUR0623,0,4,3,3,0,0,1,108.66
2026-08-12,S007,FUR0623,0,2,1,3,3,0,1,108.66
2026-08-12,S008,FUR0623,1,1,2,1,0,0,0,0.0
2026-08-12,S009,FUR0623,0,3,2,1,1,0,1,108.66
2026-08-12,S010,FUR0623,1,0,0,0,0,0,1,108.66
2026-08-12,S001,FUR0624,0,0,0,1,0,0,0,0.0
2026-08-12,S002,FUR0624,1,3,2,3,2,0,2,468.8
2026-08-12,S003,FUR0624,1,0,1,0,2,0,0,0.0
2026-08-12,S004,FUR0624,0,5,3,1,2,0,2,468.8
2026-08-12,S005,FUR0624,1,0,0,0,2,0,1,234.4
2026-08-12,S006,FUR0624,0,1,1,2,0,0,0,0.0
2026-08-12,S007,FUR0624,0,1,1,3,2,0,0,0.0
2026-08-12,S008,FUR0624,0,0,0,1,3,0,0,0.0
2026-08-12,S009,FUR0624,1,0,1,2,2,0,0,0.0
2026-08-12,S010,FUR0624,0,3,2,1,1,0,1,234.4
2026-08-12,S001,FUR0625,1,2,2,0,1,0,1,245.25
2026-08-12,S002,FUR0625,0,0,0,2,0,0,0,0.0
2026-08-12,S003,FUR0625,0,0,0,2,1,0,0,0.0
2026-08-12,S004,FUR0625,0,0,0,2,1,0,0,0.0
2026-08-12,S005,FUR0625,1,3,3,3,3,0,1,245.25
2026-08-12,S006,FUR0625,1,1,1,3,1,0,1,245.25
2026-08-12,S007,FUR0625,0,0,0,3,3,0,0,0.0
2026-08-12,S008,FUR0625,1,5,4,1,0,0,2,490.5
2026-08-12,S009,FUR0625,1,0,0,1,2,0,1,245.25
2026-08-12,S010,FUR0625,1,0,1,0,2,0,0,0.0
2026-08-12,S001,FUR0626,1,1,1,0,2,0,1,74.15
2026-08-12,S002,FUR0626,2,1,0,0,3,0,3,222.45
2026-08-12,S003,FUR0626,2,5,5,1,1,0,2,148.3
2026-08-12,S004,FUR0626,0,0,0,0,0,0,0,0.0
2026-08-12,S005,FUR0626,0,3,2,0,2,0,1,74.15
2026-08-12,S006,FUR0626,4,15,13,0,0,0,6,444.9
2026-08-12,S007,FUR0626,0,7,5,2,1,0,2,148.3
2026-08-12,S008,FUR0626,0,6,4,1,1,0,2,148.3
2026-08-12,S009,FUR0626,1,0,1,3,1,0,0,0.0
2026-08-12,S010,FUR0626,0,9,6,0,0,0,3,222.45
2026-08-12,S001,FUR0627,0,0,0,1,3,0,0,0.0
2026-08-12,S002,FUR0627,1,3,3,1,3,0,1,176.44
2026-08-12,S003,FUR0627,0,0,0,1,0,1,0,0.0
2026-08-12,S004,FUR0627,0,0,0,1,0,0,0,0.0
2026-08-12,S005,FUR0627,0,0,0,2,2,0,0,0.0
2026-08-12,S006,FUR0627,0,0,0,1,2,0,0,0.0
2026-08-12,S007,FUR0627,0,0,0,2,1,0,0,0.0
2026-08-12,S008,FUR0627,1,1,1,3,3,0,1,176.44
2026-08-12,S009,FUR0627,1,0,0,1,3,0,1,176.44
2026-08-12,S010,FUR0627,0,0,0,3,3,0,0,0.0
2026-08-12,S001,FUR0628,0,0,0,0,1,0,0,0.0
2026-08-12,S002,FUR0628,0,0,0,1,1,0,0,0.0
2026-08-12,S003,FUR0628,0,0,0,1,3,0,0,0.0
2026-08-12,S004,FUR0628,0,0,0,1,2,0,0,0.0
2026-08-12,S005,FUR0628,0,2,1,2,0,0,1,88.0
2026-08-12,S006,FUR0628,0,0,0,1,2,0,0,0.0
2026-08-12,S007,FUR0628,0,0,0,1,0,0,0,0.0
2026-08-12,S008,FUR0628,1,0,0,2,1,0,1,88.0
2026-08-12,S009,FUR0628,0,0,0,0,0,0,0,0.0
2026-08-12,S010,FUR0628,1,1,1,3,2,0,1,88.0
2026-08-12,S001,FUR0629,1,0,0,0,2,0,1,264.08
2026-08-12,S002,FUR0629,0,3,2,1,0,0,1,264.08
2026-08-12,S003,FUR0629,0,0,0,3,1,0,0,0.0
2026-08-12,S004,FUR0629,0,0,0,0,3,0,0,0.0
2026-08-12,S005,FUR0629,1,0,0,2,0,0,1,264.08
2026-08-12,S006,FUR0629,1,3,2,1,2,0,2,528.16
2026-08-12,S007,FUR0629,0,1,1,1,0,0,0,0.0
2026-08-12,S008,FUR0629,0,0,0,1,1,0,0,0.0
2026-08-12,S009,FUR0629,1,0,0,0,3,0,1,264.08
2026-08-12,S010,FUR0629,0,0,0,3,0,0,0,0.0
2026-08-12,S001,FUR0630,0,1,0,2,0,0,1,81.54
2026-08-12,S002,FUR0630,1,1,1,1,1,0,1,81.54
2026-08-12,S003,FUR0630,0,2,1,3,3,0,1,81.54
2026-08-12,S004,FUR0630,0,0,0,2,3,0,0,0.0
2026-08-12,S005,FUR0630,0,5,3,3,1,0,2,163.08
2026-08-12,S006,FUR0630,1,2,2,1,1,0,1,81.54
2026-08-12,S007,FUR0630,0,2,1,2,0,0,1,81.54
2026-08-12,S008,FUR0630,2,2,2,0,0,0,2,163.08
2026-08-12,S009,FUR0630,0,0,0,0,2,0,0,0.0
2026-08-12,S010,FUR0630,0,0,0,3,0,0,0,0.0
2026-08-12,S001,FUR0631,0,0,0,2,3,0,0,0.0
2026-08-12,S002,FUR0631,0,0,0,3,3,0,0,0.0
2026-08-12,S003,FUR0631,0,4,3,0,3,0,1,46.96
2026-08-12,S004,FUR0631,0,0,0,1,2,0,0,0.0
2026-08-12,S005,FUR0631,1,0,0,1,0,0,1,46.96
2026-08-12,S006,FUR0631,0,0,0,3,1,0,0,0.0
2026-08-12,S007,FUR0631,0,2,1,0,3,0,1,46.96
2026-08-12,S008,FUR0631,0,2,1,1,0,0,1,46.96
2026-08-12,S009,FUR0631,0,0,0,1,1,0,0,0.0
2026-08-12,S010,FUR0631,0,2,0,3,2,0,2,93.92
2026-08-12,S001,FUR0632,1,0,1,3,1,0,0,0.0
2026-08-12,S002,FUR0632,2,2,2,1,3,0,2,373.0
2026-08-12,S003,FUR0632,0,3,3,2,0,0,0,0.0
2026-08-12,S004,FUR0632,0,0,0,3,3,0,0,0.0
2026-08-12,S005,FUR0632,0,0,0,3,1,0,0,0.0
2026-08-12,S006,FUR0632,0,0,0,0,3,0,0,0.0
2026-08-12,S007,FUR0632,0,0,0,2,3,0,0,0.0
2026-08-12,S008,FUR0632,0,0,0,2,2,1,0,0.0
2026-08-12,S009,FUR0632,0,0,0,3,3,0,0,0.0
2026-08-12,S010,FUR0632,1,2,2,1,3,0,1,186.5
2026-08-12,S001,FUR0633,0,1,0,2,1,0,1,169.88
2026-08-12,S002,FUR0633,0,5,3,2,2,0,2,339.76
2026-08-12,S003,FUR0633,0,1,1,1,2,0,0,0.0
2026-08-12,S004,FUR0633,1,1,1,0,0,0,1,169.88
2026-08-12,S005,FUR0633,0,0,0,0,3,0,0,0.0
2026-08-12,S006,FUR0633,2,0,0,3,3,1,2,339.76
2026-08-12,S007,FUR0633,1,5,4,1,1,0,2,339.76
2026-08-12,S008,FUR0633,1,0,0,0,3,0,1,169.88
2026-08-12,S009,FUR0633,0,0,0,2,0,0,0,0.0
2026-08-12,S010,FUR0633,0,0,0,1,1,0,0,0.0
2026-08-12,S001,FUR0634,1,2,2,1,3,0,1,188.96
2026-08-12,S002,FUR0634,0,3,1,3,1,0,2,377.92
2026-08-12,S003,FUR0634,0,0,0,1,2,0,0,0.0
2026-08-12,S004,FUR0634,0,0,0,2,2,0,0,0.0
2026-08-12,S005,FUR0634,1,0,0,0,1,0,1,188.96
2026-08-12,S006,FUR0634,0,0,0,1,1,0,0,0.0
2026-08-12,S007,FUR0634,0,0,0,1,0,0,0,0.0
2026-08-12,S008,FUR0634,0,0,0,0,0,0,0,0.0
2026-08-12,S009,FUR0634,1,2,2,0,0,0,1,188.96
2026-08-12,S010,FUR0634,0,0,0,0,1,0,0,0.0
2026-08-12,S001,FUR0635,0,0,0,1,2,0,0,0.0
2026-08-12,S002,FUR0635,0,0,0,1,2,0,0,0.0
2026-08-12,S003,FUR0635,0,0,0,3,1,0,0,0.0
2026-08-12,S004,FUR0635,0,0,0,1,1,0,0,0.0
2026-08-12,S005,FUR0635,0,1,1,2,0,0,0,0.0
2026-08-12,S006,FUR0635,0,0,0,0,0,0,0,0.0
2026-08-12,S007,FUR0635,1,3,3,3,3,0,1,242.18
2026-08-12,S008,FUR0635,0,1,1,2,3,0,0,0.0
2026-08-12,S009,FUR0635,0,0,0,0,1,0,0,0.0
2026-08-12,S010,FUR0635,0,0,0,3,3,0,0,0.0
2026-08-12,S001,FUR0636,0,1,1,1,2,0,0,0.0
2026-08-12,S002,FUR0636,0,2,1,1,1,0,1,224.19
2026-08-12,S003,FUR0636,0,0,0,3,0,0,0,0.0
2026-08-12,S004,FUR0636,0,0,0,1,2,0,0,0.0
2026-08-12,S005,FUR0636,1,0,0,2,1,0,1,224.19
2026-08-12,S006,FUR0636,0,3,2,3,1,0,1,224.19
2026-08-12,S007,FUR0636,0,0,0,3,3,0,0,0.0
2026-08-12,S008,FUR0636,0,2,2,0,0,0,0,0.0
2026-08-12,S009,FUR0636,1,2,2,3,2,0,1,224.19
2026-08-12,S010,FUR0636,1,0,0,2,2,0,1,224.19
2026-08-12,S001,FUR0637,1,0,0,1,2,0,1,165.18
2026-08-12,S002,FUR0637,0,4,3,3,2,0,1,165.18
2026-08-12,S003,FUR0637,0,1,0,1,0,0,1,165.18
2026-08-12,S004,FUR0637,1,2,2,3,2,0,1,165.18
2026-08-12,S005,FUR0637,0,5,3,3,0,0,2,330.36
2026-08-12,S006,FUR0637,0,1,0,2,0,0,1,165.18
2026-08-12,S007,FUR0637,0,0,0,3,1,0,0,0.0
2026-08-12,S008,FUR0637,1,4,4,0,2,0,1,165.18
2026-08-12,S009,FUR0637,1,1,1,0,2,0,1,165.18
2026-08-12,S010,FUR0637,0,2,2,0,3,0,0,0.0
2026-08-12,S001,FUR0638,0,1,0,3,3,1,1,215.91
2026-08-12,S002,FUR0638,0,0,0,1,2,0,0,0.0
2026-08-12,S003,FUR0638,1,0,1,0,1,0,0,0.0
2026-08-12,S004,FUR0638,0,1,0,1,3,0,1,215.91
2026-08-12,S005,FUR0638,0,5,4,3,3,0,1,215.91
2026-08-12,S006,FUR0638,1,0,1,3,2,0,0,0.0
2026-08-12,S007,FUR0638,0,4,3,2,1,0,1,215.91
2026-08-12,S008,FUR0638,1,4,3,3,0,0,2,431.82
2026-08-12,S009,FUR0638,1,0,0,3,3,0,1,215.91
2026-08-12,S010,FUR0638,1,0,1,3,1,0,0,0.0
2026-08-12,S001,FUR0639,0,2,0,2,0,0,2,161.84
2026-08-12,S002,FUR0639,0,0,0,3,3,0,0,0.0
2026-08-12,S003,FUR0639,0,0,0,0,1,1,0,0.0
2026-08-12,S004,FUR0639,1,0,0,2,1,0,1,80.92
2026-08-12,S005,FUR0639,1,0,0,3,2,0,1,80.92
2026-08-12,S006,FUR0639,0,1,0,0,1,0,1,80.92
2026-08-12,S007,FUR0639,1,8,6,2,1,0,3,242.76
2026-08-12,S008,FUR0639,1,2,2,3,0,0,1,80.92
2026-08-12,S009,FUR0639,0,0,0,2,0,0,0,0.0
2026-08-12,S010,FUR0639,0,0,0,1,2,0,0,0.0
2026-08-12,S001,FUR0640,1,1,1,1,2,0,1,178.7
2026-08-12,S002,FUR0640,0,0,0,0,2,0,0,0.0
2026-08-12,S003,FUR0640,1,0,0,0,3,0,1,178.7
2026-08-12,S004,FUR0640,0,0,0,3,3,0,0,0.0
2026-08-12,S005,FUR0640,1,0,0,1,2,1,1,178.7
2026-08-12,S006,FUR0640,0,2,2,0,0,0,0,0.0
2026-08-12,S007,FUR0640,0,4,3,0,2,0,1,178.7
2026-08-12,S008,FUR0640,0,0,0,1,0,0,0,0.0
2026-08-12,S009,FUR0640,0,3,2,0,2,0,1,178.7
2026-08-12,S010,FUR0640,0,0,0,2,3,0,0,0.0
2026-08-12,S001,FUR0641,0,0,0,0,3,0,0,0.0
2026-08-12,S002,FUR0641,2,2,2,2,2,0,2,461.7
2026-08-12,S003,FUR0641,0,0,0,3,0,0,0,0.0
2026-08-12,S004,FUR0641,1,4,4,1,3,0,1,230.85
2026-08-12,S005,FUR0641,0,1,0,2,1,0,1,230.85
2026-08-12,S006,FUR0641,2,3,3,3,1,0,2,461.7
2026-08-12,S007,FUR0641,1,1,1,3,3,0,1,230.85
2026-08-12,S008,FUR0641,0,0,0,1,3,0,0,0.0
2026-08-12,S009,FUR0641,1,0,0,0,3,0,1,230.85
2026-08-12,S010,FUR0641,0,0,0,2,0,0,0,0.0
2026-08-12,S001,FUR0642,0,1,1,0,3,0,0,0.0
2026-08-12,S002,FUR0642,2,1,1,1,1,0,2,145.26
2026-08-12,S003,FUR0642,0,0,0,2,2,0,0,0.0
2026-08-12,S004,FUR0642,0,0,0,3,1,0,0,0.0
2026-08-12,S005,FUR0642,2,9,8,0,3,0,3,217.89
2026-08-12,S006,FUR0642,0,1,0,1,2,0,1,72.63
2026-08-12,S007,FUR0642,1,5,4,1,0,0,2,145.26
2026-08-12,S008,FUR0642,1,0,1,2,0,0,0,0.0
2026-08-12,S009,FUR0642,0,0,0,0,0,0,0,0.0
2026-08-12,S010,FUR0642,0,1,1,2,2,0,0,0.0
2026-08-12,S001,FUR0643,0,0,0,2,0,1,0,0.0
2026-08-12,S002,FUR0643,1,0,1,3,3,0,0,0.0
2026-08-12,S003,FUR0643,0,0,0,2,0,0,0,0.0
2026-08-12,S004,FUR0643,0,0,0,2,0,0,0,0.0
2026-08-12,S005,FUR0643,1,1,1,2,2,0,1,124.69
2026-08-12,S006,FUR0643,0,0,0,2,2,0,0,0.0
2026-08-12,S007,FUR0643,0,0,0,0,0,0,0,0.0
2026-08-12,S008,FUR0643,0,0,0,2,2,0,0,0.0
2026-08-12,S009,FUR0643,0,0,0,2,0,0,0,0.0
2026-08-12,S010,FUR0643,0,2,1,0,1,0,1,124.69
2026-08-12,S001,FUR0644,0,1,0,3,0,0,1,124.34
2026-08-12,S002,FUR0644,0,1,1,3,0,0,0,0.0
2026-08-12,S003,FUR0644,0,0,0,1,3,0,0,0.0
2026-08-12,S004,FUR0644,1,1,1,0,3,0,1,124.34
2026-08-12,S005,FUR0644,2,0,0,1,0,0,2,248.68
2026-08-12,S006,FUR0644,1,3,2,3,0,0,2,248.68
2026-08-12,S007,FUR0644,0,1,0,0,2,0,1,124.34
2026-08-12,S008,FUR0644,0,1,1,3,1,0,0,0.0
2026-08-12,S009,FUR0644,1,1,2,2,1,0,0,0.0
2026-08-12,S010,FUR0644,0,0,0,0,1,0,0,0.0
2026-08-12,S001,FUR0645,1,0,0,1,1,0,1,45.61
2026-08-12,S002,FUR0645,0,0,0,3,3,0,0,0.0
2026-08-12,S003,FUR0645,1,0,1,2,0,0,0,0.0
2026-08-12,S004,FUR0645,0,0,0,1,1,0,0,0.0
2026-08-12,S005,FUR0645,0,0,0,2,2,0,0,0.0
2026-08-12,S006,FUR0645,1,5,5,3,1,0,1,45.61
2026-08-12,S007,FUR0645,1,6,5,1,1,0,2,91.22
2026-08-12,S008,FUR0645,0,3,2,0,1,0,1,45.61
2026-08-12,S009,FUR0645,0,5,3,3,3,0,2,91.22
2026-08-12,S010,FUR0645,1,0,0,0,2,0,1,45.61
2026-08-12,S001,FUR0646,0,2,1,1,0,0,1,80.26
2026-08-12,S002,FUR0646,0,0,0,3,1,0,0,0.0
2026-08-12,S003,FUR0646,0,0,0,3,0,0,0,0.0
2026-08-12,S004,FUR0646,0,1,0,0,2,0,1,80.26
2026-08-12,S005,FUR0646,0,0,0,1,3,0,0,0.0
2026-08-12,S006,FUR0646,0,0,0,1,3,0,0,0.0
2026-08-12,S007,FUR0646,0,0,0,2,2,0,0,0.0
2026-08-12,S008,FUR0646,0,2,1,1,0,0,1,80.26
2026-08-12,S009,FUR0646,1,3,3,1,3,0,1,80.26
2026-08-12,S010,FUR0646,0,2,1,0,1,0,1,80.26
2026-08-12,S001,FUR0647,1,0,0,3,0,0,1,72.86
2026-08-12,S002,FUR0647,0,7,4,3,1,0,3,218.58
2026-08-12,S003,FUR0647,0,0,0,2,0,0,0,0.0
2026-08-12,S004,FUR0647,0,0,0,1,1,0,0,0.0
2026-08-12,S005,FUR0647,0,0,0,3,2,0,0,0.0
2026-08-12,S006,FUR0647,0,2,1,2,0,0,1,72.86
2026-08-12,S007,FUR0647,0,0,0,2,0,0,0,0.0
2026-08-12,S008,FUR0647,0,3,2,2,0,0,1,72.86
2026-08-12,S009,FUR0647,1,4,4,1,2,0,1,72.86
2026-08-12,S010,FUR0647,1,1,2,0,1,0,0,0.0
2026-08-12,S001,FUR0648,1,2,3,0,0,0,0,0.0
2026-08-12,S002,FUR0648,0,0,0,2,3,0,0,0.0
2026-08-12,S003,FUR0648,0,1,0,2,3,0,1,103.18
2026-08-12,S004,FUR0648,0,0,0,0,0,0,0,0.0
2026-08-12,S005,FUR0648,2,2,2,0,2,0,2,206.36
2026-08-12,S006,FUR0648,1,4,3,3,2,0,2,206.36
2026-08-12,S007,FUR0648,0,1,0,3,2,0,1,103.18
2026-08-12,S008,FUR0648,0,1,0,0,1,0,1,103.18
2026-08-12,S009,FUR0648,1,0,1,0,3,0,0,0.0
2026-08-12,S010,FUR0648,0,0,0,1,3,0,0,0.0
2026-08-12,S001,FUR0649,0,3,2,1,2,0,1,132.98
2026-08-12,S002,FUR0649,0,0,0,3,3,0,0,0.0
2026-08-12,S003,FUR0649,0,1,0,2,2,0,1,132.98
2026-08-12,S004,FUR0649,0,0,0,1,0,0,0,0.0
2026-08-12,S005,FUR0649,0,1,1,0,1,0,0,0.0
2026-08-12,S006,FUR0649,0,4,3,1,0,0,1,132.98
2026-08-12,S007,FUR0649,0,8,5,3,1,0,3,398.94
2026-08-12,S008,FUR0649,1,0,1,1,2,0,0,0.0
2026-08-12,S009,FUR0649,0,0,0,3,0,1,0,0.0
2026-08-12,S010,FUR0649,0,2,1,1,2,0,1,132.98
2026-08-12,S001,FUR0650,1,4,4,2,0,0,1,86.14
2026-08-12,S002,FUR0650,2,5,5,3,2,0,2,172.28
2026-08-12,S003,FUR0650,0,0,0,2,3,0,0,0.0
2026-08-12,S004,FUR0650,0,0,0,1,2,0,0,0.0
2026-08-12,S005,FUR0650,0,1,0,2,3,0,1,86.14
2026-08-12,S006,FUR0650,0,2,1,0,3,0,1,86.14
2026-08-12,S007,FUR0650,0,2,0,3,2,0,2,172.28
2026-08-12,S008,FUR0650,0,1,1,0,1,0,0,0.0
2026-08-12,S009,FUR0650,2,5,5,2,2,0,2,172.28
2026-08-12,S010,FUR0650,1,0,0,1,0,0,1,86.14
2026-08-12,S001,FUR0651,0,0,0,3,3,0,0,0.0
2026-08-12,S002,FUR0651,0,0,0,1,3,0,0,0.0
2026-08-12,S003,FUR0651,0,1,0,1,3,0,1,189.57
2026-08-12,S004,FUR0651,0,0,0,1,3,0,0,0.0
2026-08-12,S005,FUR0651,1,1,1,1,2,0,1,189.57
2026-08-12,S006,FUR0651,0,4,3,0,0,0,1,189.57
2026-08-12,S007,FUR0651,0,0,0,1,3,0,0,0.0
2026-08-12,S008,FUR0651,0,1,1,1,3,0,0,0.0
2026-08-12,S009,FUR0651,0,0,0,0,0,0,0,0.0
2026-08-12,S010,FUR0651,2,0,0,2,3,0,2,379.14
2026-08-12,S001,FUR0652,0,0,0,2,2,0,0,0.0
2026-08-12,S002,FUR0652,0,0,0,3,3,0,0,0.0
2026-08-12,S003,FUR0652,0,0,0,1,0,0,0,0.0
2026-08-12,S004,FUR0652,2,0,0,3,3,0,2,249.74
2026-08-12,S005,FUR0652,0,0,0,1,1,0,0,0.0
2026-08-12,S006,FUR0652,0,0,0,0,0,0,0,0.0
2026-08-12,S007,FUR0652,1,1,2,3,2,0,0,0.0
2026-08-12,S008,FUR0652,0,0,0,3,3,0,0,0.0
2026-08-12,S009,FUR0652,2,0,0,2,3,0,2,249.74
2026-08-12,S010,FUR0652,0,0,0,1,1,0,0,0.0
2026-08-12,S001,FUR0653,0,3,2,0,2,0,1,56.67
2026-08-12,S002,FUR0653,1,2,2,3,0,0,1,56.67
2026-08-12,S003,FUR0653,2,6,6,3,0,0,2,113.34
2026-08-12,S004,FUR0653,0,1,0,2,0,0,1,56.67
2026-08-12,S005,FUR0653,1,0,0,3,3,0,1,56.67
2026-08-12,S006,FUR0653,0,1,0,0,3,0,1,56.67
2026-08-12,S007,FUR0653,0,4,2,2,2,0,2,113.34
2026-08-12,S008,FUR0653,0,5,3,0,0,0,2,113.34
2026-08-12,S009,FUR0653,0,3,2,3,2,0,1,56.67
2026-08-12,S010,FUR0653,0,0,0,0,0,0,0,0.0
2026-08-12,S001,FUR0654,0,0,0,2,0,0,0,0.0
2026-08-12,S002,FUR0654,0,0,0,0,3,0,0,0.0
2026-08-12,S003,FUR0654,0,2,1,1,1,0,1,96.85
2026-08-12,S004,FUR0654,0,1,1,1,1,0,0,0.0
2026-08-12,S005,FUR0654,0,0,0,1,1,0,0,0.0
2026-08-12,S006,FUR0654,0,0,0,2,1,0,0,0.0
2026-08-12,S007,FUR0654,1,0,1,3,2,0,0,0.0
2026-08-12,S008,FUR0654,1,0,0,3,2,0,1,96.85
2026-08-12,S009,FUR0654,1,0,1,2,2,0,0,0.0
2026-08-12,S010,FUR0654,1,0,1,0,3,0,0,0.0
2026-08-12,S001,FUR0655,1,0,0,1,3,0,1,104.15
2026-08-12,S002,FUR0655,0,1,1,0,2,0,0,0.0
2026-08-12,S003,FUR0655,0,1,0,0,1,0,1,104.15
2026-08-12,S004,FUR0655,0,0,0,2,3,0,0,0.0
2026-08-12,S005,FUR0655,0,0,0,0,0,1,0,0.0
2026-08-12,S006,FUR0655,0,2,2,3,3,0,0,0.0
2026-08-12,S007,FUR0655,0,1,0,0,2,0,1,104.15
2026-08-12,S008,FUR0655,0,2,1,3,2,0,1,104.15
2026-08-12,S009,FUR0655,0,0,0,1,1,0,0,0.0
2026-08-12,S010,FUR0655,0,1,0,2,0,0,1,104.15
2026-08-12,S001,FUR0656,0,0,0,2,2,0,0,0.0
2026-08-12,S002,FUR0656,0,2,1,3,3,0,1,116.77
2026-08-12,S003,FUR0656,0,5,4,1,1,0,1,116.77
2026-08-12,S004,FUR0656,0,3,2,0,3,0,1,116.77
2026-08-12,S005,FUR0656,1,1,1,2,3,0,1,116.77
2026-08-12,S006,FUR0656,1,1,1,0,2,0,1,116.77
2026-08-12,S007,FUR0656,0,0,0,2,1,0,0,0.0
2026-08-12,S008,FUR0656,1,0,1,1,0,0,0,0.0
2026-08-12,S009,FUR0656,0,6,4,1,3,0,2,233.54
2026-08-12,S010,FUR0656,0,1,0,3,0,0,1,116.77
2026-08-12,S001,FUR0657,0,0,0,3,3,0,0,0.0
2026-08-12,S002,FUR0657,0,0,0,3,0,0,0,0.0
2026-08-12,S003,FUR0657,1,0,1,2,1,0,0,0.0
2026-08-12,S004,FUR0657,1,3,3,3,3,0,1,193.32
2026-08-12,S005,FUR0657,0,2,2,2,3,0,0,0.0
2026-08-12,S006,FUR0657,1,0,0,1,2,0,1,193.32
2026-08-12,S007,FUR0657,0,1,0,0,1,0,1,193.32
2026-08-12,S008,FUR0657,1,0,1,3,2,0,0,0.0
2026-08-12,S009,FUR0657,0,0,0,3,3,0,0,0.0
2026-08-12,S010,FUR0657,0,2,1,0,0,0,1,193.32
2026-08-12,S001,FUR0658,0,1,1,2,1,0,0,0.0
2026-08-12,S002,FUR0658,0,3,2,2,0,0,1,118.23
2026-08-12,S003,FUR0658,1,1,2,2,1,0,0,0.0
2026-08-12,S004,FUR0658,0,0,0,3,1,0,0,0.0
2026-08-12,S005,FUR0658,1,11,8,2,2,0,4,472.92
2026-08-12,S006,FUR0658,1,5,4,3,0,0,2,236.46
2026-08-12,S007,FUR0658,2,5,4,3,3,0,3,354.69
2026-08-12,S008,FUR0658,0,3,2,3,0,0,1,118.23
2026-08-12,S009,FUR0658,1,0,1,0,0,0,0,0.0
2026-08-12,S010,FUR0658,2,2,2,2,0,0,2,236.46
2026-08-12,S001,FUR0659,1,6,5,0,1,0,2,324.6
2026-08-12,S002,FUR0659,1,4,3,3,0,0,2,324.6
2026-08-12,S003,FUR0659,0,0,0,3,2,0,0,0.0
2026-08-12,S004,FUR0659,0,4,2,1,1,0,2,324.6
2026-08-12,S005,FUR0659,1,5,5,2,0,0,1,162.3
2026-08-12,S006,FUR0659,1,0,0,0,3,0,1,162.3
2026-08-12,S007,FUR0659,0,4,2,3,0,0,2,324.6
2026-08-12,S008,FUR0659,0,0,0,2,2,0,0,0.0
2026-08-12,S009,FUR0659,0,5,3,1,1,0,2,324.6
2026-08-12,S010,FUR0659,0,0,0,1,1,0,0,0.0
2026-08-12,S001,FUR0660,1,0,1,1,1,0,0,0.0
2026-08-12,S002,FUR0660,0,1,0,0,1,0,1,133.37
2026-08-12,S003,FUR0660,1,0,0,0,3,0,1,133.37
2026-08-12,S004,FUR0660,1,0,0,1,2,0,1,133.37
2026-08-12,S005,FUR0660,0,0,0,3,2,0,0,0.0
2026-08-12,S006,FUR0660,0,1,0,1,1,0,1,133.37
2026-08-12,S007,FUR0660,0,0,0,1,1,0,0,0.0
2026-08-12,S008,FUR0660,1,0,0,3,0,0,1,133.37
2026-08-12,S009,FUR0660,1,6,5,1,1,0,2,266.74
2026-08-12,S010,FUR0660,0,6,3,1,2,0,3,400.11
2026-08-12,S001,FUR0661,1,0,0,0,0,0,1,131.4
2026-08-12,S002,FUR0661,0,2,2,3,3,0,0,0.0
2026-08-12,S003,FUR0661,0,2,1,0,0,0,1,131.4
2026-08-12,S004,FUR0661,0,0,0,3,3,0,0,0.0
2026-08-12,S005,FUR0661,0,0,0,0,0,0,0,0.0
2026-08-12,S006,FUR0661,2,5,4,2,1,0,3,394.2
2026-08-12,S007,FUR0661,1,1,1,3,0,0,1,131.4
2026-08-12,S008,FUR0661,0,0,0,1,1,0,0,0.0
2026-08-12,S009,FUR0661,1,0,0,2,2,0,1,131.4
2026-08-12,S010,FUR0661,0,3,1,1,3,0,2,262.8
2026-08-12,S001,FUR0662,0,0,0,1,2,0,0,0.0
2026-08-12,S002,FUR0662,0,0,0,3,3,0,0,0.0
2026-08-12,S003,FUR0662,0,1,1,0,3,0,0,0.0
2026-08-12,S004,FUR0662,0,1,1,0,1,0,0,0.0
2026-08-12,S005,FUR0662,1,2,2,0,1,0,1,211.78
2026-08-12,S006,FUR0662,0,0,0,3,3,0,0,0.0
2026-08-12,S007,FUR0662,0,2,1,1,3,0,1,211.78
2026-08-12,S008,FUR0662,0,0,0,0,0,0,0,0.0
2026-08-12,S009,FUR0662,1,0,0,2,0,0,1,211.78
2026-08-12,S010,FUR0662,0,0,0,2,0,0,0,0.0
2026-08-12,S001,FUR0663,0,0,0,1,0,0,0,0.0
2026-08-12,S002,FUR0663,1,1,2,2,2,0,0,0.0
2026-08-12,S003,FUR0663,0,6,4,1,2,0,2,219.54
2026-08-12,S004,FUR0663,0,0,0,3,0,0,0,0.0
2026-08-12,S005,FUR0663,0,3,3,3,1,0,0,0.0
2026-08-12,S006,FUR0663,1,0,1,2,3,0,0,0.0
2026-08-12,S007,FUR0663,1,0,0,1,3,0,1,109.77
2026-08-12,S008,FUR0663,0,0,0,0,1,0,0,0.0
2026-08-12,S009,FUR0663,0,0,0,1,1,0,0,0.0
2026-08-12,S010,FUR0663,1,0,0,2,3,0,1,109.77
2026-08-12,S001,FUR0664,0,0,0,2,1,0,0,0.0
2026-08-12,S002,FUR0664,1,1,1,0,0,0,1,137.11
2026-08-12,S003,FUR0664,1,0,0,0,0,0,1,137.11
2026-08-12,S004,FUR0664,0,1,1,1,0,1,0,0.0
2026-08-12,S005,FUR0664,1,2,2,2,1,0,1,137.11
2026-08-12,S006,FUR0664,0,0,0,0,0,0,0,0.0
2026-08-12,S007,FUR0664,0,6,4,0,0,0,2,274.22
2026-08-12,S008,FUR0664,1,4,4,1,1,0,1,137.11
2026-08-12,S009,FUR0664,0,0,0,3,2,0,0,0.0
2026-08-12,S010,FUR0664,0,2,1,3,3,0,1,137.11
2026-08-12,S001,FUR0665,0,0,0,0,1,0,0,0.0
2026-08-12,S002,FUR0665,0,1,0,0,1,0,1,72.58
2026-08-12,S003,FUR0665,1,1,1,2,2,0,1,72.58
2026-08-12,S004,FUR0665,0,0,0,2,3,0,0,0.0
2026-08-12,S005,FUR0665,1,0,0,3,3,0,1,72.58
2026-08-12,S006,FUR0665,1,11,8,2,2,0,4,290.32
2026-08-12,S007,FUR0665,0,0,0,3,2,0,0,0.0
2026-08-12,S008,FUR0665,2,4,4,1,3,0,2,145.16
2026-08-12,S009,FUR0665,1,0,0,1,2,0,1,72.58
2026-08-12,S010,FUR0665,0,1,1,3,2,0,0,0.0
2026-08-12,S001,FUR0666,0,0,0,1,1,0,0,0.0
2026-08-12,S002,FUR0666,0,0,0,3,3,0,0,0.0
2026-08-12,S003,FUR0666,0,0,0,3,0,0,0,0.0
2026-08-12,S004,FUR0666,0,0,0,1,1,0,0,0.0
2026-08-12,S005,FUR0666,2,2,2,2,1,0,2,424.66
2026-08-12,S006,FUR0666,2,1,1,0,0,0,2,424.66
2026-08-12,S007,FUR0666,0,0,0,2,1,0,0,0.0
2026-08-12,S008,FUR0666,0,0,0,0,3,0,0,0.0
2026-08-12,S009,FUR0666,0,0,0,2,0,0,0,0.0
2026-08-12,S010,FUR0666,1,2,1,0,1,0,2,424.66
2026-08-12,S001,FUR0667,0,1,0,0,3,0,1,145.23
2026-08-12,S002,FUR0667,0,0,0,1,1,0,0,0.0
2026-08-12,S003,FUR0667,0,1,0,0,3,0,1,145.23
2026-08-12,S004,FUR0667,0,0,0,2,3,0,0,0.0
2026-08-12,S005,FUR0667,1,0,1,3,1,0,0,0.0
2026-08-12,S006,FUR0667,1,0,0,0,1,0,1,145.23
2026-08-12,S007,FUR0667,0,0,0,1,3,0,0,0.0
2026-08-12,S008,FUR0667,1,5,3,0,2,0,3,435.69
2026-08-12,S009,FUR0667,0,1,0,2,0,0,1,145.23
2026-08-12,S010,FUR0667,0,0,0,3,0,0,0,0.0
2026-08-12,S001,FUR0668,1,0,0,3,1,0,1,151.44
2026-08-12,S002,FUR0668,0,0,0,3,1,0,0,0.0
2026-08-12,S003,FUR0668,1,0,0,2,1,0,1,151.44
2026-08-12,S004,FUR0668,1,0,0,1,2,0,1,151.44
2026-08-12,S005,FUR0668,0,0,0,0,1,0,0,0.0
2026-08-12,S006,FUR0668,1,0,0,3,2,0,1,151.44
2026-08-12,S007,FUR0668,0,0,0,2,0,0,0,0.0
2026-08-12,S008,FUR0668,0,3,2,2,2,0,1,151.44
2026-08-12,S009,FUR0668,0,1,0,1,2,0,1,151.44
2026-08-12,S010,FUR0668,1,0,0,1,2,0,1,151.44
2026-08-12,S001,FUR0669,0,0,0,2,1,0,0,0.0
2026-08-12,S002,FUR0669,1,0,0,2,2,0,1,54.21
2026-08-12,S003,FUR0669,0,2,2,0,0,0,0,0.0
2026-08-12,S004,FUR0669,1,4,3,3,1,0,2,108.42
2026-08-12,S005,FUR0669,1,3,2,3,0,0,2,108.42
2026-08-12,S006,FUR0669,2,3,3,2,3,0,2,108.42
2026-08-12,S007,FUR0669,1,1,0,1,2,0,2,108.42
2026-08-12,S008,FUR0669,1,0,0,0,2,0,1,54.21
2026-08-12,S009,FUR0669,0,7,4,2,1,0,3,162.63
2026-08-12,S010,FUR0669,1,2,2,1,1,0,1,54.21
2026-08-12,S001,FUR0670,1,0,0,3,3,0,1,183.97
2026-08-12,S002,FUR0670,1,2,3,1,0,0,0,0.0
2026-08-12,S003,FUR0670,0,1,0,3,1,0,1,183.97
2026-08-12,S004,FUR0670,0,0,0,0,2,0,0,0.0
2026-08-12,S005,FUR0670,0,0,0,3,0,0,0,0.0
2026-08-12,S006,FUR0670,0,1,1,0,3,0,0,0.0
2026-08-12,S007,FUR0670,1,0,1,1,2,0,0,0.0
2026-08-12,S008,FUR0670,0,0,0,2,1,0,0,0.0
2026-08-12,S009,FUR0670,0,1,1,3,3,0,0,0.0
2026-08-12,S010,FUR0670,0,0,0,2,1,0,0,0.0
2026-08-12,S001,FUR0671,0,0,0,3,3,0,0,0.0
2026-08-12,S002,FUR0671,1,1,1,2,1,0,1,161.56
2026-08-12,S003,FUR0671,1,1,2,2,0,0,0,0.0
2026-08-12,S004,FUR0671,0,0,0,0,0,0,0,0.0
2026-08-12,S005,FUR0671,0,0,0,1,0,0,0,0.0
2026-08-12,S006,FUR0671,1,4,3,1,1,0,2,323.12
2026-08-12,S007,FUR0671,0,0,0,3,2,0,0,0.0
2026-08-12,S008,FUR0671,1,1,1,0,3,0,1,161.56
2026-08-12,S009,FUR0671,0,1,0,3,0,0,1,161.56
2026-08-12,S010,FUR0671,0,3,3,2,3,0,0,0.0
2026-08-12,S001,FUR0672,0,0,0,3,2,0,0,0.0
2026-08-12,S002,FUR0672,0,6,4,3,0,0,2,302.04
2026-08-12,S003,FUR0672,0,0,0,0,0,0,0,0.0
2026-08-12,S004,FUR0672,2,0,0,1,3,0,2,302.04
2026-08-12,S005,FUR0672,1,0,1,3,0,0,0,0.0
2026-08-12,S006,FUR0672,1,0,0,0,3,0,1,151.02
2026-08-12,S007,FUR0672,1,0,1,2,1,0,0,0.0
2026-08-12,S008,FUR0672,1,0,1,1,2,0,0,0.0
2026-08-12,S009,FUR0672,2,3,3,2,3,0,2,302.04
2026-08-12,S010,FUR0672,1,0,0,1,1,0,1,151.02
2026-08-12,S001,FUR0673,0,0,0,0,3,0,0,0.0
2026-08-12,S002,FUR0673,0,2,1,2,1,0,1,149.03
2026-08-12,S003,FUR0673,0,0,0,1,0,0,0,0.0
2026-08-12,S004,FUR0673,0,0,0,0,3,0,0,0.0
2026-08-12,S005,FUR0673,1,2,2,0,0,0,1,149.03
2026-08-12,S006,FUR0673,2,4,4,0,3,0,2,298.06
2026-08-12,S007,FUR0673,1,0,0,3,0,0,1,149.03
2026-08-12,S008,FUR0673,1,1,1,0,3,0,1,149.03
2026-08-12,S009,FUR0673,1,0,0,3,3,0,1,149.03
2026-08-12,S010,FUR0673,0,1,0,0,1,0,1,149.03
2026-08-12,S001,FUR0674,1,0,0,3,2,0,1,124.61
2026-08-12,S002,FUR0674,0,3,1,3,0,0,2,249.22
2026-08-12,S003,FUR0674,0,1,0,2,3,0,1,124.61
2026-08-12,S004,FUR0674,0,0,0,1,3,0,0,0.0
2026-08-12,S005,FUR0674,1,0,0,1,2,0,1,124.61
2026-08-12,S006,FUR0674,0,0,0,2,0,0,0,0.0
2026-08-12,S007,FUR0674,0,1,1,3,2,0,0,0.0
2026-08-12,S008,FUR0674,0,0,0,1,2,0,0,0.0
2026-08-12,S009,FUR0674,0,2,2,1,1,0,0,0.0
2026-08-12,S010,FUR0674,0,0,0,2,2,0,0,0.0
2026-08-12,S001,FUR0675,2,3,3,1,1,0,2,135.52
2026-08-12,S002,FUR0675,0,1,0,1,1,0,1,67.76
2026-08-12,S003,FUR0675,0,2,2,3,0,0,0,0.0
2026-08-12,S004,FUR0675,1,2,2,0,0,0,1,67.76
2026-08-12,S005,FUR0675,0,0,0,2,1,0,0,0.0
2026-08-12,S006,FUR0675,1,0,0,0,2,0,1,67.76
2026-08-12,S007,FUR0675,0,1,0,2,0,0,1,67.76
2026-08-12,S008,FUR0675,0,1,0,3,0,0,1,67.76
2026-08-12,S009,FUR0675,0,0,0,2,3,0,0,0.0
2026-08-12,S010,FUR0675,1,1,2,2,2,0,0,0.0
2026-08-12,S001,SEA0676,0,2,2,1,3,0,0,0.0
2026-08-12,S002,SEA0676,0,2,2,0,1,0,0,0.0
2026-08-12,S003,SEA0676,0,0,0,2,2,0,0,0.0
2026-08-12,S004,SEA0676,1,7,6,1,1,0,2,262.0
2026-08-12,S005,SEA0676,0,5,3,2,2,1,2,262.0
2026-08-12,S006,SEA0676,1,0,0,3,1,0,1,131.0
2026-08-12,S007,SEA0676,1,1,1,1,3,0,1,131.0
2026-08-12,S008,SEA0676,1,2,1,1,0,0,2,262.0
2026-08-12,S009,SEA0676,0,0,0,2,1,0,0,0.0
2026-08-12,S010,SEA0676,1,0,0,2,0,0,1,131.0
2026-08-12,S001,SEA0677,0,1,0,0,3,0,1,146.78
2026-08-12,S002,SEA0677,0,0,0,3,3,0,0,0.0
2026-08-12,S003,SEA0677,0,0,0,0,3,0,0,0.0
2026-08-12,S004,SEA0677,0,0,0,1,2,0,0,0.0
2026-08-12,S005,SEA0677,0,0,0,2,0,0,0,0.0
2026-08-12,S006,SEA0677,2,3,3,0,3,0,2,293.56
2026-08-12,S007,SEA0677,0,0,0,1,3,0,0,0.0
2026-08-12,S008,SEA0677,0,4,2,1,0,0,2,293.56
2026-08-12,S009,SEA0677,1,0,0,1,1,0,1,146.78
2026-08-12,S010,SEA0677,2,1,1,2,2,0,2,293.56
2026-08-12,S001,SEA0678,0,4,4,3,3,0,0,0.0
2026-08-12,S002,SEA0678,2,4,4,3,0,0,2,568.18
2026-08-12,S003,SEA0678,1,0,0,0,3,0,1,284.09
2026-08-12,S004,SEA0678,0,2,0,0,1,0,2,568.18
2026-08-12,S005,SEA0678,1,0,0,2,0,0,1,284.09
2026-08-12,S006,SEA0678,0,5,4,2,1,0,1,284.09
2026-08-12,S007,SEA0678,1,2,2,3,2,0,1,284.09
2026-08-12,S008,SEA0678,1,0,1,2,0,0,0,0.0
2026-08-12,S009,SEA0678,1,1,2,3,0,1,0,0.0
2026-08-12,S010,SEA0678,0,2,1,0,1,0,1,284.09
2026-08-12,S001,SEA0679,0,0,0,3,0,0,0,0.0
2026-08-12,S002,SEA0679,0,0,0,2,2,0,0,0.0
2026-08-12,S003,SEA0679,1,0,0,3,2,0,1,108.37
2026-08-12,S004,SEA0679,0,0,0,3,0,0,0,0.0
2026-08-12,S005,SEA0679,0,5,3,0,3,0,2,216.74
2026-08-12,S006,SEA0679,0,0,0,2,3,0,0,0.0
2026-08-12,S007,SEA0679,1,1,1,2,2,0,1,108.37
2026-08-12,S008,SEA0679,0,0,0,0,0,0,0,0.0
2026-08-12,S009,SEA0679,0,0,0,2,3,0,0,0.0
2026-08-12,S010,SEA0679,1,0,0,1,3,0,1,108.37
2026-08-12,S001,SEA0680,0,1,0,3,0,0,1,293.69
2026-08-12,S002,SEA0680,0,6,4,0,1,0,2,587.38
2026-08-12,S003,SEA0680,0,0,0,1,3,0,0,0.0
2026-08-12,S004,SEA0680,0,4,3,2,0,0,1,293.69
2026-08-12,S005,SEA0680,0,2,1,3,3,0,1,293.69
2026-08-12,S006,SEA0680,1,1,1,1,3,0,1,293.69
2026-08-12,S007,SEA0680,0,0,0,3,2,0,0,0.0
2026-08-12,S008,SEA0680,2,5,5,2,0,0,2,587.38
2026-08-12,S009,SEA0680,0,1,0,0,2,0,1,293.69
2026-08-12,S010,SEA0680,2,5,4,3,0,0,3,881.07
2026-08-12,S001,SEA0681,1,1,2,0,3,0,0,0.0
2026-08-12,S002,SEA0681,0,0,0,2,3,0,0,0.0
2026-08-12,S003,SEA0681,0,1,0,0,0,0,1,175.22
2026-08-12,S004,SEA0681,0,0,0,1,1,0,0,0.0
2026-08-12,S005,SEA0681,0,1,0,3,0,0,1,175.22
2026-08-12,S006,SEA0681,1,7,5,0,2,0,3,525.66
2026-08-12,S007,SEA0681,0,1,0,0,0,0,1,175.22
2026-08-12,S008,SEA0681,1,0,1,2,0,0,0,0.0
2026-08-12,S009,SEA0681,0,0,0,3,3,0,0,0.0
2026-08-12,S010,SEA0681,1,0,0,0,0,0,1,175.22
2026-08-12,S001,SEA0682,0,0,0,0,3,0,0,0.0
2026-08-12,S002,SEA0682,0,2,1,1,0,0,1,124.92
2026-08-12,S003,SEA0682,1,0,1,3,1,0,0,0.0
2026-08-12,S004,SEA0682,0,0,0,2,0,0,0,0.0
2026-08-12,S005,SEA0682,0,1,0,3,2,0,1,124.92
2026-08-12,S006,SEA0682,0,2,1,3,0,0,1,124.92
2026-08-12,S007,SEA0682,0,7,5,3,3,0,2,249.84
2026-08-12,S008,SEA0682,0,0,0,3,3,0,0,0.0
2026-08-12,S009,SEA0682,0,0,0,1,0,0,0,0.0
2026-08-12,S010,SEA0682,0,0,0,3,1,0,0,0.0
2026-08-12,S001,SEA0683,0,0,0,1,1,0,0,0.0
2026-08-12,S002,SEA0683,0,0,0,1,0,0,0,0.0
2026-08-12,S003,SEA0683,2,0,0,2,0,0,2,559.06
2026-08-12,S004,SEA0683,0,0,0,1,0,0,0,0.0
2026-08-12,S005,SEA0683,1,1,1,0,2,0,1,279.53
2026-08-12,S006,SEA0683,0,3,2,2,3,0,1,279.53
2026-08-12,S007,SEA0683,0,0,0,1,0,0,0,0.0
2026-08-12,S008,SEA0683,0,0,0,0,3,0,0,0.0
2026-08-12,S009,SEA0683,0,0,0,3,1,0,0,0.0
2026-08-12,S010,SEA0683,1,6,4,3,1,0,3,838.59
2026-08-12,S001,SEA0684,0,0,0,2,2,0,0,0.0
2026-08-12,S002,SEA0684,0,0,0,1,0,0,0,0.0
2026-08-12,S003,SEA0684,0,1,0,1,2,0,1,117.75
2026-08-12,S004,SEA0684,0,1,1,0,0,0,0,0.0
2026-08-12,S005,SEA0684,0,0,0,3,0,0,0,0.0
2026-08-12,S006,SEA0684,1,0,0,0,1,0,1,117.75
2026-08-12,S007,SEA0684,0,0,0,0,0,0,0,0.0
2026-08-12,S008,SEA0684,0,0,0,0,2,0,0,0.0
2026-08-12,S009,SEA0684,1,1,1,0,3,0,1,117.75
2026-08-12,S010,SEA0684,0,1,1,0,3,0,0,0.0
2026-08-12,S001,SEA0685,0,0,0,3,1,0,0,0.0
2026-08-12,S002,SEA0685,0,4,3,2,3,0,1,214.18
2026-08-12,S003,SEA0685,0,0,0,2,0,0,0,0.0
2026-08-12,S004,SEA0685,0,0,0,1,2,0,0,0.0
2026-08-12,S005,SEA0685,1,1,1,0,0,0,1,214.18
2026-08-12,S006,SEA0685,0,1,1,1,0,0,0,0.0
2026-08-12,S007,SEA0685,1,0,1,0,1,0,0,0.0
2026-08-12,S008,SEA0685,0,0,0,3,0,1,0,0.0
2026-08-12,S009,SEA0685,0,0,0,2,2,0,0,0.0
2026-08-12,S010,SEA0685,0,0,0,2,2,0,0,0.0
2026-08-12,S001,SEA0686,0,3,2,1,0,0,1,284.93
2026-08-12,S002,SEA0686,2,2,2,2,2,0,2,569.86
2026-08-12,S003,SEA0686,1,1,2,1,2,0,0,0.0
2026-08-12,S004,SEA0686,1,0,0,3,0,0,1,284.93
2026-08-12,S005,SEA0686,0,4,3,1,1,0,1,284.93
2026-08-12,S006,SEA0686,0,0,0,3,2,0,0,0.0
2026-08-12,S007,SEA0686,0,1,0,1,2,0,1,284.93
2026-08-12,S008,SEA0686,1,1,1,3,1,0,1,284.93
2026-08-12,S009,SEA0686,0,2,1,1,2,0,1,284.93
2026-08-12,S010,SEA0686,0,0,0,3,3,0,0,0.0
2026-08-12,S001,SEA0687,0,0,0,3,0,0,0,0.0
2026-08-12,S002,SEA0687,0,1,0,0,2,0,1,130.87
2026-08-12,S003,SEA0687,0,0,0,1,3,0,0,0.0
2026-08-12,S004,SEA0687,0,0,0,3,2,0,0,0.0
2026-08-12,S005,SEA0687,1,6,4,2,2,0,3,392.61
2026-08-12,S006,SEA0687,0,0,0,3,2,0,0,0.0
2026-08-12,S007,SEA0687,0,1,0,2,2,0,1,130.87
2026-08-12,S008,SEA0687,1,0,0,3,3,0,1,130.87
2026-08-12,S009,SEA0687,0,0,0,3,2,0,0,0.0
2026-08-12,S010,SEA0687,0,0,0,1,0,0,0,0.0
2026-08-12,S001,SEA0688,0,3,3,1,2,0,0,0.0
2026-08-12,S002,SEA0688,1,3,2,1,2,0,2,665.42
2026-08-12,S003,SEA0688,0,0,0,0,3,0,0,0.0
2026-08-12,S004,SEA0688,1,2,2,3,2,0,1,332.71
2026-08-12,S005,SEA0688,1,3,3,3,3,0,1,332.71
2026-08-12,S006,SEA0688,0,9,6,0,2,0,3,998.13
2026-08-12,S007,SEA0688,1,1,1,1,0,0,1,332.71
2026-08-12,S008,SEA0688,0,0,0,2,1,0,0,0.0
2026-08-12,S009,SEA0688,1,4,3,0,3,0,2,665.42
2026-08-12,S010,SEA0688,0,1,0,0,3,0,1,332.71
2026-08-12,S001,SEA0689,0,1,1,3,0,0,0,0.0
2026-08-12,S002,SEA0689,2,4,4,2,0,0,2,475.8
2026-08-12,S003,SEA0689,0,5,4,2,2,0,1,237.9
2026-08-12,S004,SEA0689,0,1,1,3,3,0,0,0.0
2026-08-12,S005,SEA0689,0,0,0,2,3,0,0,0.0
2026-08-12,S006,SEA0689,0,0,0,0,2,0,0,0.0
2026-08-12,S007,SEA0689,1,0,1,2,3,0,0,0.0
2026-08-12,S008,SEA0689,0,0,0,1,1,0,0,0.0
2026-08-12,S009,SEA0689,0,1,1,0,2,0,0,0.0
2026-08-12,S010,SEA0689,0,0,0,1,0,0,0,0.0
2026-08-12,S001,SEA0690,0,1,0,0,1,0,1,106.53
2026-08-12,S002,SEA0690,1,2,2,2,1,0,1,106.53
2026-08-12,S003,SEA0690,0,0,0,1,0,0,0,0.0
2026-08-12,S004,SEA0690,0,7,5,0,3,0,2,213.06
2026-08-12,S005,SEA0690,1,0,0,2,1,0,1,106.53
2026-08-12,S006,SEA0690,1,0,0,2,2,0,1,106.53
2026-08-12,S007,SEA0690,0,5,2,3,2,0,3,319.59
2026-08-12,S008,SEA0690,1,5,5,1,2,0,1,106.53
2026-08-12,S009,SEA0690,0,0,0,3,0,0,0,0.0
2026-08-12,S010,SEA0690,2,3,3,1,3,0,2,213.06
2026-08-12,S001,SEA0691,1,0,0,0,0,0,1,243.79
2026-08-12,S002,SEA0691,2,2,2,2,0,0,2,487.58
2026-08-12,S003,SEA0691,1,1,1,0,0,0,1,243.79
2026-08-12,S004,SEA0691,0,2,1,3,1,0,1,243.79
2026-08-12,S005,SEA0691,0,0,0,0,3,0,0,0.0
2026-08-12,S006,SEA0691,0,4,2,2,2,0,2,487.58
2026-08-12,S007,SEA0691,0,1,0,0,2,1,1,243.79
2026-08-12,S008,SEA0691,0,7,5,2,1,0,2,487.58
2026-08-12,S009,SEA0691,0,0,0,3,1,0,0,0.0
2026-08-12,S010,SEA0691,0,1,0,2,1,0,1,243.79
2026-08-12,S001,SEA0692,1,1,1,1,2,0,1,198.78
2026-08-12,S002,SEA0692,0,0,0,3,2,0,0,0.0
2026-08-12,S003,SEA0692,0,1,0,0,0,0,1,198.78
2026-08-12,S004,SEA0692,1,0,0,3,1,0,1,198.78
2026-08-12,S005,SEA0692,0,0,0,0,3,0,0,0.0
2026-08-12,S006,SEA0692,0,2,2,0,1,0,0,0.0
2026-08-12,S007,SEA0692,0,0,0,3,1,0,0,0.0
2026-08-12,S008,SEA0692,0,2,1,3,0,0,1,198.78
2026-08-12,S009,SEA0692,1,5,4,3,0,0,2,397.56
2026-08-12,S010,SEA0692,1,2,2,2,0,1,1,198.78
2026-08-12,S001,SEA0693,1,2,2,3,2,0,1,162.68
2026-08-12,S002,SEA0693,1,0,0,0,1,0,1,162.68
2026-08-12,S003,SEA0693,1,2,2,1,0,0,1,162.68
2026-08-12,S004,SEA0693,1,0,1,2,1,0,0,0.0
2026-08-12,S005,SEA0693,0,0,0,0,1,0,0,0.0
2026-08-12,S006,SEA0693,0,0,0,0,3,0,0,0.0
2026-08-12,S007,SEA0693,1,1,1,0,3,0,1,162.68
2026-08-12,S008,SEA0693,1,0,0,2,2,0,1,162.68
2026-08-12,S009,SEA0693,0,0,0,2,3,0,0,0.0
2026-08-12,S010,SEA0693,0,0,0,1,3,0,0,0.0
2026-08-12,S001,SEA0694,0,1,1,3,1,0,0,0.0
2026-08-12,S002,SEA0694,1,2,3,0,1,0,0,0.0
2026-08-12,S003,SEA0694,0,1,0,2,1,0,1,102.06
2026-08-12,S004,SEA0694,1,0,0,3,0,1,1,102.06
2026-08-12,S005,SEA0694,0,0,0,0,1,0,0,0.0
2026-08-12,S006,SEA0694,0,0,0,1,0,0,0,0.0
2026-08-12,S007,SEA0694,0,0,0,1,2,0,0,0.0
2026-08-12,S008,SEA0694,1,3,3,1,0,0,1,102.06
2026-08-12,S009,SEA0694,1,1,2,3,3,0,0,0.0
2026-08-12,S010,SEA0694,1,2,2,3,1,0,1,102.06
2026-08-12,S001,SEA0695,1,1,0,3,3,0,2,746.2
2026-08-12,S002,SEA0695,1,1,2,2,2,0,0,0.0
2026-08-12,S003,SEA0695,0,0,0,1,1,1,0,0.0
2026-08-12,S004,SEA0695,0,0,0,3,0,0,0,0.0
2026-08-12,S005,SEA0695,0,1,0,3,1,0,1,373.1
2026-08-12,S006,SEA0695,1,4,3,1,3,0,2,746.2
2026-08-12,S007,SEA0695,0,0,0,3,3,0,0,0.0
2026-08-12,S008,SEA0695,1,3,2,2,2,0,2,746.2
2026-08-12,S009,SEA0695,0,0,0,1,1,0,0,0.0
2026-08-12,S010,SEA0695,0,0,0,0,2,0,0,0.0
2026-08-12,S001,SEA0696,0,1,1,3,2,0,0,0.0
2026-08-12,S002,SEA0696,1,3,3,0,0,0,1,246.54
2026-08-12,S003,SEA0696,1,3,2,1,1,0,2,493.08
2026-08-12,S004,SEA0696,0,0,0,1,1,0,0,0.0
2026-08-12,S005,SEA0696,1,0,0,1,3,0,1,246.54
2026-08-12,S006,SEA0696,0,9,5,0,3,0,4,986.16
2026-08-12,S007,SEA0696,1,0,0,1,1,0,1,246.54
2026-08-12,S008,SEA0696,2,5,4,1,0,0,3,739.62
2026-08-12,S009,SEA0696,0,1,0,1,3,0,1,246.54
2026-08-12,S010,SEA0696,0,1,0,3,1,0,1,246.54
2026-08-12,S001,SEA0697,0,2,1,1,3,0,1,266.45
2026-08-12,S002,SEA0697,2,4,4,1,2,0,2,532.9
2026-08-12,S003,SEA0697,0,0,0,0,0,0,0,0.0
2026-08-12,S004,SEA0697,0,1,1,2,3,0,0,0.0
2026-08-12,S005,SEA0697,1,7,6,2,1,0,2,532.9
2026-08-12,S006,SEA0697,1,1,1,0,3,0,1,266.45
2026-08-12,S007,SEA0697,0,1,0,0,0,0,1,266.45
2026-08-12,S008,SEA0697,1,0,1,2,3,0,0,0.0
2026-08-12,S009,SEA0697,2,7,7,1,0,0,2,532.9
2026-08-12,S010,SEA0697,0,0,0,0,1,0,0,0.0
2026-08-12,S001,SEA0698,1,0,1,3,0,0,0,0.0
2026-08-12,S002,SEA0698,1,2,2,2,1,0,1,330.37
2026-08-12,S003,SEA0698,0,0,0,0,2,0,0,0.0
2026-08-12,S004,SEA0698,1,4,4,3,0,0,1,330.37
2026-08-12,S005,SEA0698,1,2,2,0,2,0,1,330.37
2026-08-12,S006,SEA0698,0,2,0,0,3,0,2,660.74
2026-08-12,S007,SEA0698,1,2,2,1,3,0,1,330.37
2026-08-12,S008,SEA0698,0,0,0,0,0,0,0,0.0
2026-08-12,S009,SEA0698,2,8,7,3,0,0,3,991.11
2026-08-12,S010,SEA0698,0,0,0,1,1,0,0,0.0
2026-08-12,S001,SEA0699,0,1,0,3,1,0,1,268.9
2026-08-12,S002,SEA0699,1,2,2,1,3,0,1,268.9
2026-08-12,S003,SEA0699,0,1,0,2,2,0,1,268.9
2026-08-12,S004,SEA0699,0,0,0,1,3,0,0,0.0
2026-08-12,S005,SEA0699,1,1,1,1,0,1,1,268.9
2026-08-12,S006,SEA0699,0,1,0,2,2,0,1,268.9
2026-08-12,S007,SEA0699,0,2,0,1,3,0,2,537.8
2026-08-12,S008,SEA0699,0,0,0,0,0,0,0,0.0
2026-08-12,S009,SEA0699,0,1,0,0,2,0,1,268.9
2026-08-12,S010,SEA0699,1,1,1,3,3,0,1,268.9
2026-08-12,S001,SEA0700,0,0,0,3,0,0,0,0.0
2026-08-12,S002,SEA0700,1,1,1,2,1,0,1,152.87
2026-08-12,S003,SEA0700,0,0,0,0,0,0,0,0.0
2026-08-12,S004,SEA0700,0,0,0,3,1,0,0,0.0
2026-08-12,S005,SEA0700,0,0,0,1,1,0,0,0.0
2026-08-12,S006,SEA0700,1,2,1,3,0,0,2,305.74
2026-08-12,S007,SEA0700,0,0,0,0,3,0,0,0.0
2026-08-12,S008,SEA0700,0,2,2,2,1,0,0,0.0
2026-08-12,S009,SEA0700,0,0,0,3,3,0,0,0.0
2026-08-12,S010,SEA0700,0,3,2,3,0,0,1,152.87
2026-08-12,S001,SEA0701,1,0,1,1,2,0,0,0.0
2026-08-12,S002,SEA0701,0,1,1,3,3,0,0,0.0
2026-08-12,S003,SEA0701,0,0,0,0,0,0,0,0.0
2026-08-12,S004,SEA0701,0,0,0,3,2,0,0,0.0
2026-08-12,S005,SEA0701,0,0,0,2,1,0,0,0.0
2026-08-12,S006,SEA0701,0,1,0,0,0,0,1,109.27
2026-08-12,S007,SEA0701,0,0,0,2,1,0,0,0.0
2026-08-12,S008,SEA0701,1,0,1,2,0,0,0,0.0
2026-08-12,S009,SEA0701,0,0,0,3,3,0,0,0.0
2026-08-12,S010,SEA0701,3,7,6,1,2,0,4,437.08
2026-08-12,S001,SEA0702,0,2,1,3,2,0,1,70.8
2026-08-12,S002,SEA0702,1,0,1,2,0,0,0,0.0
2026-08-12,S003,SEA0702,1,4,2,0,1,0,3,212.4
2026-08-12,S004,SEA0702,1,0,0,0,2,0,1,70.8
2026-08-12,S005,SEA0702,1,3,3,0,1,0,1,70.8
2026-08-12,S006,SEA0702,1,13,9,0,2,0,5,354.0
2026-08-12,S007,SEA0702,0,0,0,2,0,0,0,0.0
2026-08-12,S008,SEA0702,0,9,6,3,3,0,3,212.4
2026-08-12,S009,SEA0702,1,0,1,2,0,0,0,0.0
2026-08-12,S010,SEA0702,0,0,0,2,1,0,0,0.0
2026-08-12,S001,SEA0703,0,0,0,1,0,0,0,0.0
2026-08-12,S002,SEA0703,0,0,0,0,3,0,0,0.0
2026-08-12,S003,SEA0703,0,0,0,1,0,0,0,0.0
2026-08-12,S004,SEA0703,0,0,0,3,2,0,0,0.0
2026-08-12,S005,SEA0703,0,0,0,1,1,0,0,0.0
2026-08-12,S006,SEA0703,1,0,0,3,3,1,1,189.44
2026-08-12,S007,SEA0703,0,0,0,0,3,0,0,0.0
2026-08-12,S008,SEA0703,0,1,1,3,1,0,0,0.0
2026-08-12,S009,SEA0703,0,0,0,0,1,0,0,0.0
2026-08-12,S010,SEA0703,0,0,0,3,2,0,0,0.0
2026-08-12,S001,SEA0704,0,4,3,2,2,0,1,387.31
2026-08-12,S002,SEA0704,0,2,1,1,3,0,1,387.31
2026-08-12,S003,SEA0704,0,1,1,1,0,0,0,0.0
2026-08-12,S004,SEA0704,0,0,0,0,2,0,0,0.0
2026-08-12,S005,SEA0704,0,2,1,1,0,0,1,387.31
2026-08-12,S006,SEA0704,0,5,4,2,0,0,1,387.31
2026-08-12,S007,SEA0704,0,2,1,0,0,0,1,387.31
2026-08-12,S008,SEA0704,0,3,2,1,1,0,1,387.31
2026-08-12,S009,SEA0704,0,0,0,1,0,0,0,0.0
2026-08-12,S010,SEA0704,0,0,0,2,1,0,0,0.0
2026-08-12,S001,SEA0705,2,2,2,0,1,0,2,159.44
2026-08-12,S002,SEA0705,0,0,0,0,1,0,0,0.0
2026-08-12,S003,SEA0705,0,3,2,0,2,0,1,79.72
2026-08-12,S004,SEA0705,0,0,0,1,0,0,0,0.0
2026-08-12,S005,SEA0705,0,2,0,1,0,0,2,159.44
2026-08-12,S006,SEA0705,1,1,1,1,0,0,1,79.72
2026-08-12,S007,SEA0705,0,2,1,1,2,0,1,79.72
2026-08-12,S008,SEA0705,0,0,0,0,2,0,0,0.0
2026-08-12,S009,SEA0705,1,2,2,0,0,0,1,79.72
2026-08-12,S010,SEA0705,0,0,0,3,1,0,0,0.0
2026-08-12,S001,SEA0706,0,0,0,0,0,0,0,0.0
2026-08-12,S002,SEA0706,1,0,0,2,2,0,1,105.61
2026-08-12,S003,SEA0706,1,0,0,2,3,0,1,105.61
2026-08-12,S004,SEA0706,1,0,0,0,0,1,1,105.61
2026-08-12,S005,SEA0706,0,0,0,0,1,0,0,0.0
2026-08-12,S006,SEA0706,1,0,0,0,1,0,1,105.61
2026-08-12,S007,SEA0706,0,1,0,3,3,0,1,105.61
2026-08-12,S008,SEA0706,1,7,5,1,1,0,3,316.83
2026-08-12,S009,SEA0706,1,5,5,1,2,0,1,105.61
2026-08-12,S010,SEA0706,1,1,2,0,0,0,0,0.0
2026-08-12,S001,SEA0707,0,3,3,0,2,0,0,0.0
2026-08-12,S002,SEA0707,2,0,0,0,1,0,2,495.26
2026-08-12,S003,SEA0707,0,0,0,2,0,0,0,0.0
2026-08-12,S004,SEA0707,0,0,0,1,1,0,0,0.0
2026-08-12,S005,SEA0707,0,5,4,1,0,0,1,247.63
2026-08-12,S006,SEA0707,0,1,0,1,2,0,1,247.63
2026-08-12,S007,SEA0707,0,5,4,3,2,0,1,247.63
2026-08-12,S008,SEA0707,0,3,2,2,1,0,1,247.63
2026-08-12,S009,SEA0707,0,7,4,3,2,0,3,742.89
2026-08-12,S010,SEA0707,0,0,0,2,3,0,0,0.0
2026-08-12,S001,SEA0708,1,0,0,2,0,0,1,105.58
2026-08-12,S002,SEA0708,1,1,2,3,2,0,0,0.0
2026-08-12,S003,SEA0708,1,0,1,0,1,0,0,0.0
2026-08-12,S004,SEA0708,0,0,0,0,1,0,0,0.0
2026-08-12,S005,SEA0708,0,2,2,2,0,0,0,0.0
2026-08-12,S006,SEA0708,0,0,0,0,0,1,0,0.0
2026-08-12,S007,SEA0708,1,0,0,3,2,0,1,105.58
2026-08-12,S008,SEA0708,0,2,1,2,3,0,1,105.58
2026-08-12,S009,SEA0708,0,0,0,2,3,1,0,0.0
2026-08-12,S010,SEA0708,0,1,0,1,2,0,1,105.58
2026-08-12,S001,SEA0709,0,5,3,0,3,0,2,555.6
2026-08-12,S002,SEA0709,0,0,0,3,1,0,0,0.0
2026-08-12,S003,SEA0709,0,0,0,1,2,0,0,0.0
2026-08-12,S004,SEA0709,1,0,0,1,1,0,1,277.8
2026-08-12,S005,SEA0709,2,0,0,0,2,0,2,555.6
2026-08-12,S006,SEA0709,0,1,0,2,2,0,1,277.8
2026-08-12,S007,SEA0709,0,1,1,2,0,0,0,0.0
2026-08-12,S008,SEA0709,0,0,0,0,2,0,0,0.0
2026-08-12,S009,SEA0709,0,0,0,1,3,0,0,0.0
2026-08-12,S010,SEA0709,1,2,2,2,1,0,1,277.8
2026-08-12,S001,SEA0710,1,3,3,3,0,0,1,120.8
2026-08-12,S002,SEA0710,1,0,0,1,2,0,1,120.8
2026-08-12,S003,SEA0710,0,1,1,1,1,1,0,0.0
2026-08-12,S004,SEA0710,0,1,0,1,2,0,1,120.8
2026-08-12,S005,SEA0710,0,1,1,2,3,0,0,0.0
2026-08-12,S006,SEA0710,0,4,3,2,0,0,1,120.8
2026-08-12,S007,SEA0710,0,2,2,2,0,0,0,0.0
2026-08-12,S008,SEA0710,0,2,1,2,2,0,1,120.8
2026-08-12,S009,SEA0710,1,2,3,1,2,0,0,0.0
2026-08-12,S010,SEA0710,1,0,1,1,3,0,0,0.0
2026-08-12,S001,SEA0711,0,0,0,1,0,0,0,0.0
2026-08-12,S002,SEA0711,0,5,3,3,2,0,2,341.34
2026-08-12,S003,SEA0711,1,0,0,3,3,0,1,170.67
2026-08-12,S004,SEA0711,0,1,1,1,0,0,0,0.0
2026-08-12,S005,SEA0711,0,1,1,0,2,0,0,0.0
2026-08-12,S006,SEA0711,0,4,3,3,0,0,1,170.67
2026-08-12,S007,SEA0711,0,0,0,2,0,0,0,0.0
2026-08-12,S008,SEA0711,0,5,4,1,3,0,1,170.67
2026-08-12,S009,SEA0711,0,1,0,2,1,0,1,170.67
2026-08-12,S010,SEA0711,0,1,1,3,1,0,0,0.0
2026-08-12,S001,SEA0712,0,0,0,2,0,0,0,0.0
2026-08-12,S002,SEA0712,0,0,0,1,2,0,0,0.0
2026-08-12,S003,SEA0712,0,1,0,0,2,0,1,137.48
2026-08-12,S004,SEA0712,0,0,0,2,1,0,0,0.0
2026-08-12,S005,SEA0712,1,4,3,1,1,0,2,274.96
2026-08-12,S006,SEA0712,0,0,0,3,1,0,0,0.0
2026-08-12,S007,SEA0712,0,0,0,2,0,0,0,0.0
2026-08-12,S008,SEA0712,0,0,0,3,2,0,0,0.0
2026-08-12,S009,SEA0712,0,1,0,2,3,0,1,137.48
2026-08-12,S010,SEA0712,1,0,0,3,0,0,1,137.48
2026-08-12,S001,SEA0713,0,0,0,2,3,0,0,0.0
2026-08-12,S002,SEA0713,0,1,1,3,2,0,0,0.0
2026-08-12,S003,SEA0713,0,0,0,3,0,0,0,0.0
2026-08-12,S004,SEA0713,0,1,0,2,1,0,1,417.71
2026-08-12,S005,SEA0713,0,2,1,3,0,0,1,417.71
2026-08-12,S006,SEA0713,1,1,1,3,2,0,1,417.71
2026-08-12,S007,SEA0713,0,1,0,2,1,0,1,417.71
2026-08-12,S008,SEA0713,0,0,0,3,1,0,0,0.0
2026-08-12,S009,SEA0713,1,0,0,1,1,0,1,417.71
2026-08-12,S010,SEA0713,0,7,6,1,1,0,1,417.71
2026-08-12,S001,SEA0714,0,0,0,0,2,0,0,0.0
2026-08-12,S002,SEA0714,0,5,3,0,1,0,2,305.14
2026-08-12,S003,SEA0714,0,0,0,1,0,0,0,0.0
2026-08-12,S004,SEA0714,0,0,0,1,2,0,0,0.0
2026-08-12,S005,SEA0714,1,2,2,1,0,0,1,152.57
2026-08-12,S006,SEA0714,0,0,0,0,3,0,0,0.0
2026-08-12,S007,SEA0714,0,0,0,3,0,0,0,0.0
2026-08-12,S008,SEA0714,1,0,0,1,0,0,1,152.57
2026-08-12,S009,SEA0714,0,0,0,1,3,0,0,0.0
2026-08-12,S010,SEA0714,0,0,0,3,2,0,0,0.0
2026-08-12,S001,SEA0715,0,0,0,2,3,0,0,0.0
2026-08-12,S002,SEA0715,0,0,0,3,0,0,0,0.0
2026-08-12,S003,SEA0715,0,7,5,0,2,0,2,192.74
2026-08-12,S004,SEA0715,2,2,2,0,3,0,2,192.74
2026-08-12,S005,SEA0715,0,1,0,2,2,0,1,96.37
2026-08-12,S006,SEA0715,2,0,0,1,2,0,2,192.74
2026-08-12,S007,SEA0715,0,0,0,3,1,1,0,0.0
2026-08-12,S008,SEA0715,0,2,2,3,3,0,0,0.0
2026-08-12,S009,SEA0715,1,0,0,0,0,0,1,96.37
2026-08-12,S010,SEA0715,0,0,0,2,1,0,0,0.0
2026-08-12,S001,SEA0716,1,0,0,2,2,0,1,105.71
2026-08-12,S002,SEA0716,1,0,0,2,0,0,1,105.71
2026-08-12,S003,SEA0716,0,0,0,2,0,0,0,0.0
2026-08-12,S004,SEA0716,1,1,0,3,1,0,2,211.42
2026-08-12,S005,SEA0716,0,0,0,2,3,0,0,0.0
2026-08-12,S006,SEA0716,0,0,0,3,2,0,0,0.0
2026-08-12,S007,SEA0716,1,0,1,3,0,0,0,0.0
2026-08-12,S008,SEA0716,0,5,4,0,0,1,1,105.71
2026-08-12,S009,SEA0716,1,0,0,1,1,0,1,105.71
2026-08-12,S010,SEA0716,0,0,0,0,1,0,0,0.0
2026-08-12,S001,SEA0717,1,3,3,0,0,0,1,312.49
2026-08-12,S002,SEA0717,1,0,0,1,0,0,1,312.49
2026-08-12,S003,SEA0717,0,0,0,0,2,0,0,0.0
2026-08-12,S004,SEA0717,1,0,1,0,0,0,0,0.0
2026-08-12,S005,SEA0717,1,1,1,2,0,0,1,312.49
2026-08-12,S006,SEA0717,2,1,1,0,1,0,2,624.98
2026-08-12,S007,SEA0717,0,1,0,2,0,0,1,312.49
2026-08-12,S008,SEA0717,1,3,3,3,0,0,1,312.49
2026-08-12,S009,SEA0717,0,1,0,2,1,1,1,312.49
2026-08-12,S010,SEA0717,0,0,0,2,2,0,0,0.0
2026-08-12,S001,SEA0718,0,0,0,2,2,0,0,0.0
2026-08-12,S002,SEA0718,0,7,4,1,3,0,3,1002.87
2026-08-12,S003,SEA0718,0,1,1,3,2,0,0,0.0
2026-08-12,S004,SEA0718,0,0,0,3,2,0,0,0.0
2026-08-12,S005,SEA0718,0,0,0,1,0,0,0,0.0
2026-08-12,S006,SEA0718,1,5,5,2,1,0,1,334.29
2026-08-12,S007,SEA0718,0,10,8,1,0,0,2,668.58
2026-08-12,S008,SEA0718,0,0,0,3,2,0,0,0.0
2026-08-12,S009,SEA0718,0,1,0,2,0,0,1,334.29
2026-08-12,S010,SEA0718,0,0,0,2,1,0,0,0.0
2026-08-12,S001,SEA0719,0,0,0,2,0,0,0,0.0
2026-08-12,S002,SEA0719,1,0,0,1,3,0,1,134.84
2026-08-12,S003,SEA0719,0,1,0,2,0,0,1,134.84
2026-08-12,S004,SEA0719,1,0,0,2,3,0,1,134.84
2026-08-12,S005,SEA0719,1,0,0,3,2,0,1,134.84
2026-08-12,S006,SEA0719,1,0,1,0,3,0,0,0.0
2026-08-12,S007,SEA0719,1,1,1,2,0,0,1,134.84
2026-08-12,S008,SEA0719,0,1,0,1,3,0,1,134.84
2026-08-12,S009,SEA0719,1,4,3,1,2,0,2,269.68
2026-08-12,S010,SEA0719,0,1,0,1,1,0,1,134.84
2026-08-12,S001,SEA0720,0,0,0,1,0,0,0,0.0
2026-08-12,S002,SEA0720,1,0,1,2,1,0,0,0.0
2026-08-12,S003,SEA0720,0,3,1,3,3,0,2,534.42
2026-08-12,S004,SEA0720,0,0,0,1,0,0,0,0.0
2026-08-12,S005,SEA0720,1,0,0,3,3,0,1,267.21
2026-08-12,S006,SEA0720,1,4,4,1,1,0,1,267.21
2026-08-12,S007,SEA0720,0,0,0,2,2,0,0,0.0
2026-08-12,S008,SEA0720,0,1,0,3,3,0,1,267.21
2026-08-12,S009,SEA0720,0,0,0,2,1,0,0,0.0
2026-08-12,S010,SEA0720,0,0,0,3,2,1,0,0.0
2026-08-12,S001,SEA0721,1,1,2,0,0,0,0,0.0
2026-08-12,S002,SEA0721,0,1,1,0,1,0,0,0.0
2026-08-12,S003,SEA0721,1,3,3,1,1,0,1,331.2
2026-08-12,S004,SEA0721,2,0,0,2,3,0,2,662.4
2026-08-12,S005,SEA0721,0,0,0,0,3,0,0,0.0
2026-08-12,S006,SEA0721,0,0,0,0,3,0,0,0.0
2026-08-12,S007,SEA0721,0,0,0,1,0,0,0,0.0
2026-08-12,S008,SEA0721,0,1,0,3,3,0,1,331.2
2026-08-12,S009,SEA0721,0,0,0,1,3,0,0,0.0
2026-08-12,S010,SEA0721,0,0,0,1,3,0,0,0.0
2026-08-12,S001,SEA0722,0,0,0,3,3,0,0,0.0
2026-08-12,S002,SEA0722,0,1,0,1,1,0,1,309.58
2026-08-12,S003,SEA0722,0,0,0,2,3,0,0,0.0
2026-08-12,S004,SEA0722,0,0,0,0,2,0,0,0.0
2026-08-12,S005,SEA0722,0,0,0,1,2,0,0,0.0
2026-08-12,S006,SEA0722,0,0,0,3,3,0,0,0.0
2026-08-12,S007,SEA0722,0,2,2,0,2,0,0,0.0
2026-08-12,S008,SEA0722,1,0,1,1,1,0,0,0.0
2026-08-12,S009,SEA0722,0,0,0,2,3,0,0,0.0
2026-08-12,S010,SEA0722,0,3,2,1,0,0,1,309.58
2026-08-12,S001,SEA0723,1,4,3,2,0,0,2,212.96
2026-08-12,S002,SEA0723,1,0,0,1,3,0,1,106.48
2026-08-12,S003,SEA0723,1,0,0,1,1,0,1,106.48
2026-08-12,S004,SEA0723,2,0,0,0,2,1,2,212.96
2026-08-12,S005,SEA0723,1,1,2,3,1,0,0,0.0
2026-08-12,S006,SEA0723,1,2,2,3,0,0,1,106.48
2026-08-12,S007,SEA0723,0,0,0,0,3,0,0,0.0
2026-08-12,S008,SEA0723,0,3,2,1,3,1,1,106.48
2026-08-12,S009,SEA0723,0,0,0,3,0,0,0,0.0
2026-08-12,S010,SEA0723,0,1,1,0,2,0,0,0.0
2026-08-12,S001,SEA0724,0,1,0,2,1,0,1,124.37
2026-08-12,S002,SEA0724,0,10,6,3,3,0,4,497.48
2026-08-12,S003,SEA0724,0,1,0,0,3,0,1,124.37
2026-08-12,S004,SEA0724,1,0,0,0,2,0,1,124.37
2026-08-12,S005,SEA0724,0,1,0,2,3,0,1,124.37
2026-08-12,S006,SEA0724,0,0,0,0,0,0,0,0.0
2026-08-12,S007,SEA0724,0,1,0,3,3,0,1,124.37
2026-08-12,S008,SEA0724,0,6,4,1,0,0,2,248.74
2026-08-12,S009,SEA0724,0,0,0,2,3,0,0,0.0
2026-08-12,S010,SEA0724,0,1,0,3,3,0,1,124.37
2026-08-12,S001,SEA0725,1,0,0,1,1,0,1,117.35
2026-08-12,S002,SEA0725,1,0,0,3,3,0,1,117.35
2026-08-12,S003,SEA0725,0,1,1,1,3,0,0,0.0
2026-08-12,S004,SEA0725,0,0,0,1,0,0,0,0.0
2026-08-12,S005,SEA0725,1,0,1,2,3,0,0,0.0
2026-08-12,S006,SEA0725,1,0,0,3,3,0,1,117.35
2026-08-12,S007,SEA0725,1,3,3,3,3,0,1,117.35
2026-08-12,S008,SEA0725,0,2,0,3,2,0,2,234.7
2026-08-12,S009,SEA0725,1,4,2,3,1,0,3,352.05
2026-08-12,S010,SEA0725,0,0,0,1,0,0,0,0.0
2026-08-12,S001,SEA0726,0,0,0,3,2,0,0,0.0
2026-08-12,S002,SEA0726,1,6,5,0,3,0,2,170.84
2026-08-12,S003,SEA0726,0,0,0,1,0,0,0,0.0
2026-08-12,S004,SEA0726,1,2,2,2,1,0,1,85.42
2026-08-12,S005,SEA0726,0,0,0,2,1,0,0,0.0
2026-08-12,S006,SEA0726,0,0,0,0,2,0,0,0.0
2026-08-12,S007,SEA0726,0,0,0,3,0,0,0,0.0
2026-08-12,S008,SEA0726,1,3,3,0,2,0,1,85.42
2026-08-12,S009,SEA0726,1,0,0,2,2,0,1,85.42
2026-08-12,S010,SEA0726,2,6,5,2,3,0,3,256.26
2026-08-12,S001,SEA0727,0,0,0,0,3,0,0,0.0
2026-08-12,S002,SEA0727,2,5,5,3,0,0,2,484.66
2026-08-12,S003,SEA0727,1,0,0,1,1,0,1,242.33
2026-08-12,S004,SEA0727,0,0,0,3,1,0,0,0.0
2026-08-12,S005,SEA0727,0,0,0,2,2,0,0,0.0
2026-08-12,S006,SEA0727,1,1,1,0,0,0,1,242.33
2026-08-12,S007,SEA0727,1,6,5,0,3,0,2,484.66
2026-08-12,S008,SEA0727,0,1,0,0,1,0,1,242.33
2026-08-12,S009,SEA0727,0,0,0,0,0,0,0,0.0
2026-08-12,S010,SEA0727,1,0,1,2,2,0,0,0.0
2026-08-12,S001,SEA0728,0,5,4,0,2,0,1,304.71
2026-08-12,S002,SEA0728,0,0,0,2,2,0,0,0.0
2026-08-12,S003,SEA0728,1,0,1,1,0,0,0,0.0
2026-08-12,S004,SEA0728,1,0,1,2,2,0,0,0.0
2026-08-12,S005,SEA0728,0,0,0,0,0,0,0,0.0
2026-08-12,S006,SEA0728,0,0,0,3,3,0,0,0.0
2026-08-12,S007,SEA0728,0,1,0,2,0,0,1,304.71
2026-08-12,S008,SEA0728,0,1,0,1,3,0,1,304.71
2026-08-12,S009,SEA0728,1,0,0,1,0,0,1,304.71
2026-08-12,S010,SEA0728,0,0,0,2,1,0,0,0.0
2026-08-12,S001,SEA0729,1,0,0,2,0,0,1,225.21
2026-08-12,S002,SEA0729,0,2,1,2,3,0,1,225.21
2026-08-12,S003,SEA0729,0,1,0,1,0,0,1,225.21
2026-08-12,S004,SEA0729,0,1,0,2,2,0,1,225.21
2026-08-12,S005,SEA0729,0,0,0,1,2,0,0,0.0
2026-08-12,S006,SEA0729,2,8,6,2,0,0,4,900.84
2026-08-12,S007,SEA0729,2,2,2,1,0,0,2,450.42
2026-08-12,S008,SEA0729,2,2,2,2,1,0,2,450.42
2026-08-12,S009,SEA0729,1,0,1,0,2,0,0,0.0
2026-08-12,S010,SEA0729,0,0,0,1,2,0,0,0.0
2026-08-12,S001,SEA0730,0,0,0,1,1,0,0,0.0
2026-08-12,S002,SEA0730,0,0,0,2,0,1,0,0.0
2026-08-12,S003,SEA0730,1,0,0,2,2,0,1,115.85
2026-08-12,S004,SEA0730,1,0,0,3,0,0,1,115.85
2026-08-12,S005,SEA0730,0,0,0,3,1,0,0,0.0
2026-08-12,S006,SEA0730,1,0,0,2,1,0,1,115.85
2026-08-12,S007,SEA0730,0,0,0,3,3,0,0,0.0
2026-08-12,S008,SEA0730,1,4,3,0,3,0,2,231.7
2026-08-12,S009,SEA0730,1,2,2,0,0,0,1,115.85
2026-08-12,S010,SEA0730,0,1,0,1,0,0,1,115.85
2026-08-12,S001,SEA0731,1,0,0,2,2,0,1,113.2
2026-08-12,S002,SEA0731,0,0,0,1,2,0,0,0.0
2026-08-12,S003,SEA0731,1,0,1,1,3,0,0,0.0
2026-08-12,S004,SEA0731,0,2,1,3,2,0,1,113.2
2026-08-12,S005,SEA0731,1,0,0,2,2,0,1,113.2
2026-08-12,S006,SEA0731,0,0,0,1,1,0,0,0.0
2026-08-12,S007,SEA0731,0,2,0,3,3,0,2,226.4
2026-08-12,S008,SEA0731,0,0,0,3,2,0,0,0.0
2026-08-12,S009,SEA0731,0,1,0,0,0,0,1,113.2
2026-08-12,S010,SEA0731,0,0,0,3,3,0,0,0.0
2026-08-12,S001,SEA0732,1,0,1,1,1,0,0,0.0
2026-08-12,S002,SEA0732,0,4,3,3,0,0,1,266.59
2026-08-12,S003,SEA0732,2,0,0,1,3,0,2,533.18
2026-08-12,S004,SEA0732,0,0,0,3,0,0,0,0.0
2026-08-12,S005,SEA0732,2,1,1,1,3,0,2,533.18
2026-08-12,S006,SEA0732,0,0,0,0,2,0,0,0.0
2026-08-12,S007,SEA0732,1,1,1,2,0,0,1,266.59
2026-08-12,S008,SEA0732,1,0,0,2,1,0,1,266.59
2026-08-12,S009,SEA0732,0,1,0,2,2,0,1,266.59
2026-08-12,S010,SEA0732,1,0,0,0,1,0,1,266.59
2026-08-12,S001,SEA0733,1,1,2,2,1,0,0,0.0
2026-08-12,S002,SEA0733,1,0,0,1,1,0,1,266.16
2026-08-12,S003,SEA0733,0,0,0,1,2,0,0,0.0
2026-08-12,S004,SEA0733,0,2,1,3,3,1,1,266.16
2026-08-12,S005,SEA0733,0,0,0,3,1,0,0,0.0
2026-08-12,S006,SEA0733,0,0,0,1,2,0,0,0.0
2026-08-12,S007,SEA0733,0,0,0,1,3,0,0,0.0
2026-08-12,S008,SEA0733,0,0,0,2,0,0,0,0.0
2026-08-12,S009,SEA0733,0,0,0,2,2,0,0,0.0
2026-08-12,S010,SEA0733,0,0,0,2,1,0,0,0.0
2026-08-12,S001,SEA0734,0,0,0,1,3,1,0,0.0
2026-08-12,S002,SEA0734,0,1,1,3,2,0,0,0.0
2026-08-12,S003,SEA0734,1,0,0,2,2,0,1,124.96
2026-08-12,S004,SEA0734,0,0,0,0,0,0,0,0.0
2026-08-12,S005,SEA0734,0,1,0,3,1,0,1,124.96
2026-08-12,S006,SEA0734,1,0,1,2,0,0,0,0.0
2026-08-12,S007,SEA0734,0,0,0,1,0,0,0,0.0
2026-08-12,S008,SEA0734,1,0,0,3,1,0,1,124.96
2026-08-12,S009,SEA0734,1,1,1,2,0,0,1,124.96
2026-08-12,S010,SEA0734,1,0,1,1,2,0,0,0.0
2026-08-12,S001,SEA0735,0,0,0,0,3,0,0,0.0
2026-08-12,S002,SEA0735,1,0,1,3,1,0,0,0.0
2026-08-12,S003,SEA0735,1,2,3,0,3,0,0,0.0
2026-08-12,S004,SEA0735,0,0,0,3,2,0,0,0.0
2026-08-12,S005,SEA0735,1,0,0,0,2,0,1,115.72
2026-08-12,S006,SEA0735,0,3,2,1,0,0,1,115.72
2026-08-12,S007,SEA0735,0,2,0,1,0,0,2,231.44
2026-08-12,S008,SEA0735,1,1,2,3,3,0,0,0.0
2026-08-12,S009,SEA0735,0,0,0,2,2,0,0,0.0
2026-08-12,S010,SEA0735,1,0,0,0,1,0,1,115.72
2026-08-12,S001,SEA0736,1,0,0,0,1,0,1,286.23
2026-08-12,S002,SEA0736,1,2,2,0,2,0,1,286.23
2026-08-12,S003,SEA0736,1,0,1,1,3,0,0,0.0
2026-08-12,S004,SEA0736,1,0,0,1,1,0,1,286.23
2026-08-12,S005,SEA0736,1,2,2,3,0,0,1,286.23
2026-08-12,S006,SEA0736,0,1,0,1,0,0,1,286.23
2026-08-12,S007,SEA0736,0,1,1,3,1,0,0,0.0
2026-08-12,S008,SEA0736,0,4,2,1,2,0,2,572.46
2026-08-12,S009,SEA0736,0,0,0,3,0,0,0,0.0
2026-08-12,S010,SEA0736,0,3,2,3,0,0,1,286.23
2026-08-12,S001,SEA0737,0,0,0,0,2,0,0,0.0
2026-08-12,S002,SEA0737,0,3,3,1,2,0,0,0.0
2026-08-12,S003,SEA0737,0,3,2,2,0,0,1,79.85
2026-08-12,S004,SEA0737,1,0,0,3,0,0,1,79.85
2026-08-12,S005,SEA0737,0,0,0,1,2,0,0,0.0
2026-08-12,S006,SEA0737,3,9,8,2,1,0,4,319.4
2026-08-12,S007,SEA0737,0,1,1,2,2,0,0,0.0
2026-08-12,S008,SEA0737,0,0,0,3,0,0,0,0.0
2026-08-12,S009,SEA0737,0,0,0,1,1,1,0,0.0
2026-08-12,S010,SEA0737,1,0,0,0,3,0,1,79.85
2026-08-12,S001,SEA0738,0,3,2,0,1,0,1,225.69
2026-08-12,S002,SEA0738,1,2,2,0,1,0,1,225.69
2026-08-12,S003,SEA0738,0,0,0,0,1,0,0,0.0
2026-08-12,S004,SEA0738,1,0,0,1,2,0,1,225.69
2026-08-12,S005,SEA0738,1,0,0,2,3,0,1,225.69
2026-08-12,S006,SEA0738,1,1,2,3,2,0,0,0.0
2026-08-12,S007,SEA0738,0,0,0,0,0,0,0,0.0
2026-08-12,S008,SEA0738,0,7,5,3,2,0,2,451.38
2026-08-12,S009,SEA0738,1,5,3,1,1,0,3,677.07
2026-08-12,S010,SEA0738,0,3,2,2,3,0,1,225.69
2026-08-12,S001,SEA0739,0,0,0,2,2,0,0,0.0
2026-08-12,S002,SEA0739,1,0,1,3,0,0,0,0.0
2026-08-12,S003,SEA0739,1,3,3,3,2,0,1,150.41
2026-08-12,S004,SEA0739,0,0,0,1,2,0,0,0.0
2026-08-12,S005,SEA0739,0,0,0,3,3,1,0,0.0
2026-08-12,S006,SEA0739,1,0,0,2,1,0,1,150.41
2026-08-12,S007,SEA0739,0,0,0,0,1,0,0,0.0
2026-08-12,S008,SEA0739,2,5,4,2,2,0,3,451.23
2026-08-12,S009,SEA0739,1,0,0,0,0,0,1,150.41
2026-08-12,S010,SEA0739,0,1,0,2,3,0,1,150.41
2026-08-12,S001,SEA0740,0,0,0,0,2,0,0,0.0
2026-08-12,S002,SEA0740,0,3,2,2,0,0,1,80.85
2026-08-12,S003,SEA0740,0,0,0,3,0,0,0,0.0
2026-08-12,S004,SEA0740,0,1,0,2,2,0,1,80.85
2026-08-12,S005,SEA0740,0,1,1,2,0,0,0,0.0
2026-08-12,S006,SEA0740,0,4,3,2,3,1,1,80.85
2026-08-12,S007,SEA0740,0,0,0,3,0,0,0,0.0
2026-08-12,S008,SEA0740,0,2,1,1,3,0,1,80.85
2026-08-12,S009,SEA0740,1,3,2,0,1,0,2,161.7
2026-08-12,S010,SEA0740,0,0,0,0,0,0,0,0.0
2026-08-12,S001,SEA0741,0,0,0,1,2,0,0,0.0
2026-08-12,S002,SEA0741,0,6,4,3,2,0,2,455.04
2026-08-12,S003,SEA0741,0,1,0,2,3,0,1,227.52
2026-08-12,S004,SEA0741,0,5,4,3,2,0,1,227.52
2026-08-12,S005,SEA0741,0,0,0,0,3,0,0,0.0
2026-08-12,S006,SEA0741,1,6,6,3,2,0,1,227.52
2026-08-12,S007,SEA0741,1,0,1,3,3,0,0,0.0
2026-08-12,S008,SEA0741,0,0,0,2,1,0,0,0.0
2026-08-12,S009,SEA0741,0,0,0,1,1,0,0,0.0
2026-08-12,S010,SEA0741,0,1,0,2,0,0,1,227.52
2026-08-12,S001,SEA0742,0,1,0,3,3,0,1,276.81
2026-08-12,S002,SEA0742,1,0,0,2,3,0,1,276.81
2026-08-12,S003,SEA0742,1,1,1,2,3,0,1,276.81
2026-08-12,S004,SEA0742,1,0,0,1,2,0,1,276.81
2026-08-12,S005,SEA0742,1,0,0,0,1,0,1,276.81
2026-08-12,S006,SEA0742,0,0,0,3,2,0,0,0.0
2026-08-12,S007,SEA0742,1,1,2,1,3,0,0,0.0
2026-08-12,S008,SEA0742,0,1,0,0,2,0,1,276.81
2026-08-12,S009,SEA0742,1,0,1,3,1,0,0,0.0
2026-08-12,S010,SEA0742,0,0,0,3,3,0,0,0.0
2026-08-12,S001,SEA0743,1,0,0,1,1,0,1,107.85
2026-08-12,S002,SEA0743,0,0,0,1,3,0,0,0.0
2026-08-12,S003,SEA0743,0,1,1,1,1,0,0,0.0
2026-08-12,S004,SEA0743,0,2,1,3,3,0,1,107.85
2026-08-12,S005,SEA0743,2,2,2,2,2,0,2,215.7
2026-08-12,S006,SEA0743,1,1,0,3,2,0,2,215.7
2026-08-12,S007,SEA0743,0,6,4,2,3,0,2,215.7
2026-08-12,S008,SEA0743,0,8,5,2,1,0,3,323.55
2026-08-12,S009,SEA0743,0,0,0,3,2,0,0,0.0
2026-08-12,S010,SEA0743,0,8,5,0,3,0,3,323.55
2026-08-12,S001,SEA0744,0,0,0,3,2,0,0,0.0
2026-08-12,S002,SEA0744,0,1,1,2,1,0,0,0.0
2026-08-12,S003,SEA0744,0,2,1,2,3,0,1,114.05
2026-08-12,S004,SEA0744,1,2,2,1,3,0,1,114.05
2026-08-12,S005,SEA0744,0,1,1,2,3,0,0,0.0
2026-08-12,S006,SEA0744,0,1,0,3,2,0,1,114.05
2026-08-12,S007,SEA0744,1,5,4,0,0,0,2,228.1
2026-08-12,S008,SEA0744,0,3,2,1,3,0,1,114.05
2026-08-12,S009,SEA0744,0,5,3,0,1,0,2,228.1
2026-08-12,S010,SEA0744,0,0,0,0,1,0,0,0.0
2026-08-12,S001,SEA0745,0,0,0,0,3,0,0,0.0
2026-08-12,S002,SEA0745,0,1,0,1,2,0,1,104.09
2026-08-12,S003,SEA0745,0,3,2,2,0,0,1,104.09
2026-08-12,S004,SEA0745,0,0,0,0,2,0,0,0.0
2026-08-12,S005,SEA0745,0,1,0,3,3,0,1,104.09
2026-08-12,S006,SEA0745,2,10,8,2,0,0,4,416.36
2026-08-12,S007,SEA0745,0,0,0,1,3,0,0,0.0
2026-08-12,S008,SEA0745,1,0,1,2,1,0,0,0.0
2026-08-12,S009,SEA0745,0,1,1,3,0,0,0,0.0
2026-08-12,S010,SEA0745,0,1,0,0,1,1,1,104.09
2026-08-12,S001,SEA0746,0,0,0,0,0,0,0,0.0
2026-08-12,S002,SEA0746,0,3,3,2,0,0,0,0.0
2026-08-12,S003,SEA0746,0,0,0,2,3,0,0,0.0
2026-08-12,S004,SEA0746,0,1,1,1,2,0,0,0.0
2026-08-12,S005,SEA0746,0,0,0,0,1,0,0,0.0
2026-08-12,S006,SEA0746,1,2,1,1,1,0,2,144.66
2026-08-12,S007,SEA0746,0,1,0,2,1,0,1,72.33
2026-08-12,S008,SEA0746,1,3,3,3,0,0,1,72.33
2026-08-12,S009,SEA0746,2,5,5,0,3,1,2,144.66
2026-08-12,S010,SEA0746,2,0,0,1,0,0,2,144.66
2026-08-12,S001,SEA0747,0,1,0,3,1,0,1,170.22
2026-08-12,S002,SEA0747,0,1,0,3,2,0,1,170.22
2026-08-12,S003,SEA0747,0,0,0,0,1,0,0,0.0
2026-08-12,S004,SEA0747,0,0,0,3,2,0,0,0.0
2026-08-12,S005,SEA0747,0,1,0,1,2,0,1,170.22
2026-08-12,S006,SEA0747,1,0,0,1,3,0,1,170.22
2026-08-12,S007,SEA0747,0,0,0,3,0,0,0,0.0
2026-08-12,S008,SEA0747,2,1,1,0,0,0,2,340.44
2026-08-12,S009,SEA0747,0,0,0,0,2,0,0,0.0
2026-08-12,S010,SEA0747,2,4,4,2,3,0,2,340.44
2026-08-12,S001,SEA0748,1,2,2,2,2,0,1,87.77
2026-08-12,S002,SEA0748,1,0,1,2,2,0,0,0.0
2026-08-12,S003,SEA0748,0,0,0,2,2,0,0,0.0
2026-08-12,S004,SEA0748,0,0,0,2,3,0,0,0.0
2026-08-12,S005,SEA0748,0,0,0,0,2,0,0,0.0
2026-08-12,S006,SEA0748,0,1,1,3,3,0,0,0.0
2026-08-12,S007,SEA0748,1,1,1,2,3,0,1,87.77
2026-08-12,S008,SEA0748,0,0,0,0,0,0,0,0.0
2026-08-12,S009,SEA0748,1,3,3,2,2,0,1,87.77
2026-08-12,S010,SEA0748,0,0,0,3,0,0,0,0.0
2026-08-12,S001,SEA0749,1,0,0,2,2,0,1,366.83
2026-08-12,S002,SEA0749,2,0,0,1,2,0,2,733.66
2026-08-12,S003,SEA0749,1,0,0,3,0,0,1,366.83
2026-08-12,S004,SEA0749,1,0,0,1,3,0,1,366.83
2026-08-12,S005,SEA0749,0,1,1,3,1,0,0,0.0
2026-08-12,S006,SEA0749,0,0,0,2,3,0,0,0.0
2026-08-12,S007,SEA0749,0,0,0,1,2,0,0,0.0
2026-08-12,S008,SEA0749,2,0,0,3,0,0,2,733.66
2026-08-12,S009,SEA0749,0,1,1,1,3,0,0,0.0
2026-08-12,S010,SEA0749,0,0,0,3,0,0,0,0.0
2026-08-12,S001,SEA0750,1,0,0,0,3,1,1,117.48
2026-08-12,S002,SEA0750,0,0,0,3,3,0,0,0.0
2026-08-12,S003,SEA0750,2,6,5,2,2,0,3,352.44
2026-08-12,S004,SEA0750,1,1,2,0,0,0,0,0.0
2026-08-12,S005,SEA0750,0,4,3,2,3,0,1,117.48
2026-08-12,S006,SEA0750,1,0,1,1,1,0,0,0.0
2026-08-12,S007,SEA0750,0,0,0,2,2,0,0,0.0
2026-08-12,S008,SEA0750,1,0,1,1,2,0,0,0.0
2026-08-12,S009,SEA0750,0,0,0,3,0,0,0,0.0
2026-08-12,S010,SEA0750,1,1,1,1,1,0,1,117.48
2026-08-12,S001,SEA0751,0,0,0,0,2,0,0,0.0
2026-08-12,S002,SEA0751,0,2,1,3,3,0,1,95.58
2026-08-12,S003,SEA0751,0,0,0,3,1,0,0,0.0
2026-08-12,S004,SEA0751,1,1,2,0,2,0,0,0.0
2026-08-12,S005,SEA0751,0,6,4,0,0,0,2,191.16
2026-08-12,S006,SEA0751,1,0,0,2,2,0,1,95.58
2026-08-12,S007,SEA0751,0,0,0,3,3,0,0,0.0
2026-08-12,S008,SEA0751,0,0,0,0,3,0,0,0.0
2026-08-12,S009,SEA0751,0,0,0,3,3,0,0,0.0
2026-08-12,S010,SEA0751,0,4,2,1,1,0,2,191.16
2026-08-12,S001,SEA0752,0,2,1,3,3,0,1,252.27
2026-08-12,S002,SEA0752,0,0,0,2,3,0,0,0.0
2026-08-12,S003,SEA0752,0,1,0,3,1,0,1,252.27
2026-08-12,S004,SEA0752,0,1,1,1,2,0,0,0.0
2026-08-12,S005,SEA0752,0,1,1,0,2,0,0,0.0
2026-08-12,S006,SEA0752,0,0,0,3,2,0,0,0.0
2026-08-12,S007,SEA0752,1,0,1,2,0,0,0,0.0
2026-08-12,S008,SEA0752,1,0,0,0,0,0,1,252.27
2026-08-12,S009,SEA0752,1,1,0,1,2,0,2,504.54
2026-08-12,S010,SEA0752,0,0,0,1,3,0,0,0.0
2026-08-12,S001,SEA0753,1,0,0,0,0,0,1,310.3
2026-08-12,S002,SEA0753,0,2,2,2,2,0,0,0.0
2026-08-12,S003,SEA0753,2,0,0,1,2,0,2,620.6
2026-08-12,S004,SEA0753,2,5,5,0,2,0,2,620.6
2026-08-12,S005,SEA0753,0,1,1,2,1,0,0,0.0
2026-08-12,S006,SEA0753,1,0,1,1,3,0,0,0.0
2026-08-12,S007,SEA0753,0,0,0,1,2,0,0,0.0
2026-08-12,S008,SEA0753,1,0,0,2,2,0,1,310.3
2026-08-12,S009,SEA0753,1,1,2,3,2,0,0,0.0
2026-08-12,S010,SEA0753,1,0,0,1,2,0,1,310.3
2026-08-12,S001,SEA0754,0,1,1,1,1,0,0,0.0
2026-08-12,S002,SEA0754,0,0,0,1,3,0,0,0.0
2026-08-12,S003,SEA0754,1,0,0,0,2,0,1,367.91
2026-08-12,S004,SEA0754,0,0,0,1,2,1,0,0.0
2026-08-12,S005,SEA0754,0,2,0,2,0,0,2,735.82
2026-08-12,S006,SEA0754,0,0,0,2,3,0,0,0.0
2026-08-12,S007,SEA0754,0,0,0,1,0,0,0,0.0
2026-08-12,S008,SEA0754,2,0,0,3,0,0,2,735.82
2026-08-12,S009,SEA0754,1,0,0,2,2,0,1,367.91
2026-08-12,S010,SEA0754,0,0,0,1,3,0,0,0.0
2026-08-12,S001,SEA0755,0,4,3,0,3,0,1,153.29
2026-08-12,S002,SEA0755,0,0,0,0,3,0,0,0.0
2026-08-12,S003,SEA0755,0,0,0,1,3,0,0,0.0
2026-08-12,S004,SEA0755,1,1,2,2,0,0,0,0.0
2026-08-12,S005,SEA0755,1,0,0,1,1,0,1,153.29
2026-08-12,S006,SEA0755,1,1,2,2,3,0,0,0.0
2026-08-12,S007,SEA0755,1,1,1,0,1,0,1,153.29
2026-08-12,S008,SEA0755,1,0,0,1,3,0,1,153.29
2026-08-12,S009,SEA0755,0,0,0,0,2,0,0,0.0
2026-08-12,S010,SEA0755,0,0,0,1,3,0,0,0.0
2026-08-12,S001,SEA0756,0,0,0,0,0,1,0,0.0
2026-08-12,S002,SEA0756,0,0,0,2,2,0,0,0.0
2026-08-12,S003,SEA0756,0,4,2,1,3,0,2,502.3
2026-08-12,S004,SEA0756,0,0,0,3,3,0,0,0.0
2026-08-12,S005,SEA0756,1,0,1,1,2,0,0,0.0
2026-08-12,S006,SEA0756,1,2,2,1,3,0,1,251.15
2026-08-12,S007,SEA0756,0,3,2,3,2,0,1,251.15
2026-08-12,S008,SEA0756,1,3,3,1,1,0,1,251.15
2026-08-12,S009,SEA0756,0,0,0,1,1,0,0,0.0
2026-08-12,S010,SEA0756,2,1,1,2,2,0,2,502.3
2026-08-12,S001,SEA0757,2,0,0,3,0,0,2,338.38
2026-08-12,S002,SEA0757,0,0,0,1,0,0,0,0.0
2026-08-12,S003,SEA0757,0,0,0,1,1,0,0,0.0
2026-08-12,S004,SEA0757,1,0,0,2,1,0,1,169.19
2026-08-12,S005,SEA0757,1,1,1,1,2,0,1,169.19
2026-08-12,S006,SEA0757,1,2,2,0,0,0,1,169.19
2026-08-12,S007,SEA0757,0,2,1,3,0,0,1,169.19
2026-08-12,S008,SEA0757,1,0,0,0,2,0,1,169.19
2026-08-12,S009,SEA0757,1,4,4,3,1,0,1,169.19
2026-08-12,S010,SEA0757,0,0,0,3,3,0,0,0.0
2026-08-12,S001,SEA0758,0,1,1,2,1,0,0,0.0
2026-08-12,S002,SEA0758,0,0,0,3,0,0,0,0.0
2026-08-12,S003,SEA0758,0,1,1,2,3,0,0,0.0
2026-08-12,S004,SEA0758,0,1,0,1,1,1,1,118.27
2026-08-12,S005,SEA0758,1,0,0,0,0,0,1,118.27
2026-08-12,S006,SEA0758,0,3,2,1,1,0,1,118.27
2026-08-12,S007,SEA0758,0,1,1,3,0,0,0,0.0
2026-08-12,S008,SEA0758,0,2,2,2,0,0,0,0.0
2026-08-12,S009,SEA0758,0,1,1,1,2,0,0,0.0
2026-08-12,S010,SEA0758,0,1,1,0,0,0,0,0.0
2026-08-12,S001,SEA0759,0,2,0,1,0,0,2,669.8
2026-08-12,S002,SEA0759,0,0,0,0,1,0,0,0.0
2026-08-12,S003,SEA0759,1,0,0,1,0,0,1,334.9
2026-08-12,S004,SEA0759,0,1,0,2,2,0,1,334.9
2026-08-12,S005,SEA0759,0,0,0,0,3,0,0,0.0
2026-08-12,S006,SEA0759,0,0,0,0,3,0,0,0.0
2026-08-12,S007,SEA0759,1,0,0,1,0,0,1,334.9
2026-08-12,S008,SEA0759,0,1,0,2,2,0,1,334.9
2026-08-12,S009,SEA0759,1,0,0,3,2,0,1,334.9
2026-08-12,S010,SEA0759,0,0,0,3,3,0,0,0.0
2026-08-12,S001,SEA0760,0,1,0,1,3,0,1,401.85
2026-08-12,S002,SEA0760,0,12,9,0,2,0,3,1205.55
2026-08-12,S003,SEA0760,0,4,2,2,1,0,2,803.7
2026-08-12,S004,SEA0760,1,0,0,1,0,0,1,401.85
2026-08-12,S005,SEA0760,2,4,3,2,0,0,3,1205.55
2026-08-12,S006,SEA0760,0,1,0,1,3,0,1,401.85
2026-08-12,S007,SEA0760,1,2,2,3,0,0,1,401.85
2026-08-12,S008,SEA0760,1,0,0,0,0,0,1,401.85
2026-08-12,S009,SEA0760,1,3,3,1,1,0,1,401.85
2026-08-12,S010,SEA0760,0,0,0,1,3,0,0,0.0
2026-08-12,S001,TAB0761,0,0,0,1,2,0,0,0.0
2026-08-12,S002,TAB0761,0,1,1,2,3,0,0,0.0
2026-08-12,S003,TAB0761,0,1,1,0,3,0,0,0.0
2026-08-12,S004,TAB0761,0,1,0,1,1,0,1,147.36
2026-08-12,S005,TAB0761,1,0,0,0,3,0,1,147.36
2026-08-12,S006,TAB0761,2,3,3,2,1,0,2,294.72
2026-08-12,S007,TAB0761,1,0,0,2,1,0,1,147.36
2026-08-12,S008,TAB0761,1,0,0,3,1,0,1,147.36
2026-08-12,S009,TAB0761,0,0,0,3,2,0,0,0.0
2026-08-12,S010,TAB0761,0,0,0,3,3,0,0,0.0
2026-08-12,S001,TAB0762,1,2,1,3,3,0,2,300.56
2026-08-12,S002,TAB0762,0,0,0,3,3,0,0,0.0
2026-08-12,S003,TAB0762,0,0,0,3,1,0,0,0.0
2026-08-12,S004,TAB0762,0,0,0,1,1,0,0,0.0
2026-08-12,S005,TAB0762,0,0,0,1,2,0,0,0.0
2026-08-12,S006,TAB0762,0,1,0,3,3,0,1,150.28
2026-08-12,S007,TAB0762,2,3,3,3,1,0,2,300.56
2026-08-12,S008,TAB0762,0,1,1,2,2,0,0,0.0
2026-08-12,S009,TAB0762,0,0,0,1,2,0,0,0.0
2026-08-12,S010,TAB0762,0,1,1,1,2,0,0,0.0
2026-08-12,S001,TAB0763,1,3,3,2,2,0,1,278.51
2026-08-12,S002,TAB0763,0,0,0,2,2,0,0,0.0
2026-08-12,S003,TAB0763,1,0,1,3,2,0,0,0.0
2026-08-12,S004,TAB0763,1,1,1,1,2,0,1,278.51
2026-08-12,S005,TAB0763,0,0,0,3,2,0,0,0.0
2026-08-12,S006,TAB0763,0,2,0,3,3,0,2,557.02
2026-08-12,S007,TAB0763,1,0,0,3,1,1,1,278.51
2026-08-12,S008,TAB0763,0,0,0,3,0,0,0,0.0
2026-08-12,S009,TAB0763,0,0,0,0,3,0,0,0.0
2026-08-12,S010,TAB0763,0,0,0,2,1,0,0,0.0
2026-08-12,S001,TAB0764,0,0,0,2,0,0,0,0.0
2026-08-12,S002,TAB0764,0,1,0,3,2,0,1,245.52
2026-08-12,S003,TAB0764,0,0,0,0,2,0,0,0.0
2026-08-12,S004,TAB0764,0,1,0,1,3,0,1,245.52
2026-08-12,S005,TAB0764,0,1,0,3,3,0,1,245.52
2026-08-12,S006,TAB0764,0,6,5,0,2,0,1,245.52
2026-08-12,S007,TAB0764,1,0,0,2,1,0,1,245.52
2026-08-12,S008,TAB0764,1,0,1,3,0,0,0,0.0
2026-08-12,S009,TAB0764,1,1,1,3,1,0,1,245.52
2026-08-12,S010,TAB0764,1,1,2,0,3,0,0,0.0
2026-08-12,S001,TAB0765,0,1,1,3,0,0,0,0.0
2026-08-12,S002,TAB0765,0,1,0,0,1,1,1,163.7
2026-08-12,S003,TAB0765,0,1,0,3,2,0,1,163.7
2026-08-12,S004,TAB0765,0,0,0,2,3,0,0,0.0
2026-08-12,S005,TAB0765,1,0,0,3,1,0,1,163.7
2026-08-12,S006,TAB0765,0,0,0,2,2,0,0,0.0
2026-08-12,S007,TAB0765,0,0,0,0,0,0,0,0.0
2026-08-12,S008,TAB0765,0,1,0,1,3,0,1,163.7
2026-08-12,S009,TAB0765,0,0,0,3,3,0,0,0.0
2026-08-12,S010,TAB0765,0,0,0,3,0,0,0,0.0
2026-08-12,S001,TAB0766,0,2,1,1,3,0,1,213.4
2026-08-12,S002,TAB0766,0,3,2,1,0,0,1,213.4
2026-08-12,S003,TAB0766,0,0,0,3,2,0,0,0.0
2026-08-12,S004,TAB0766,0,0,0,2,2,0,0,0.0
2026-08-12,S005,TAB0766,0,0,0,3,1,0,0,0.0
2026-08-12,S006,TAB0766,0,6,5,3,3,0,1,213.4
2026-08-12,S007,TAB0766,0,0,0,1,2,0,0,0.0
2026-08-12,S008,TAB0766,0,0,0,2,1,0,0,0.0
2026-08-12,S009,TAB0766,1,1,1,3,0,0,1,213.4
2026-08-12,S010,TAB0766,0,4,3,3,3,0,1,213.4
2026-08-12,S001,TAB0767,0,0,0,1,0,0,0,0.0
2026-08-12,S002,TAB0767,0,2,1,1,1,0,1,286.07
2026-08-12,S003,TAB0767,0,3,1,1,3,0,2,572.14
2026-08-12,S004,TAB0767,1,0,1,0,2,0,0,0.0
2026-08-12,S005,TAB0767,0,1,0,1,0,0,1,286.07
2026-08-12,S006,TAB0767,0,1,0,2,2,0,1,286.07
2026-08-12,S007,TAB0767,2,10,8,1,2,0,4,1144.28
2026-08-12,S008,TAB0767,0,2,1,0,0,0,1,286.07
2026-08-12,S009,TAB0767,0,0,0,0,0,0,0,0.0
2026-08-12,S010,TAB0767,0,0,0,3,1,0,0,0.0
2026-08-12,S001,TAB0768,1,0,0,3,2,0,1,251.88
2026-08-12,S002,TAB0768,1,1,2,3,3,0,0,0.0
2026-08-12,S003,TAB0768,1,1,1,0,3,0,1,251.88
2026-08-12,S004,TAB0768,0,0,0,0,1,0,0,0.0
2026-08-12,S005,TAB0768,0,0,0,2,3,0,0,0.0
2026-08-12,S006,TAB0768,1,1,1,2,2,0,1,251.88
2026-08-12,S007,TAB0768,0,0,0,2,0,0,0,0.0
2026-08-12,S008,TAB0768,1,0,1,0,1,0,0,0.0
2026-08-12,S009,TAB0768,0,1,0,1,2,0,1,251.88
2026-08-12,S010,TAB0768,0,2,1,0,1,0,1,251.88
2026-08-12,S001,TAB0769,1,0,0,3,1,0,1,83.86
2026-08-12,S002,TAB0769,0,2,1,2,3,0,1,83.86
2026-08-12,S003,TAB0769,1,2,2,1,2,0,1,83.86
2026-08-12,S004,TAB0769,0,0,0,3,0,0,0,0.0
2026-08-12,S005,TAB0769,0,0,0,3,0,0,0,0.0
2026-08-12,S006,TAB0769,0,0,0,2,0,0,0,0.0
2026-08-12,S007,TAB0769,0,0,0,3,2,0,0,0.0
2026-08-12,S008,TAB0769,1,1,1,2,2,0,1,83.86
2026-08-12,S009,TAB0769,0,0,0,3,2,0,0,0.0
2026-08-12,S010,TAB0769,1,3,2,0,0,0,2,167.72
2026-08-12,S001,TAB0770,0,0,0,0,3,0,0,0.0
2026-08-12,S002,TAB0770,0,0,0,3,1,0,0,0.0
2026-08-12,S003,TAB0770,1,1,1,2,0,0,1,305.31
2026-08-12,S004,TAB0770,0,1,0,0,2,0,1,305.31
2026-08-12,S005,TAB0770,0,7,5,0,1,0,2,610.62
2026-08-12,S006,TAB0770,1,0,0,3,1,0,1,305.31
2026-08-12,S007,TAB0770,0,0,0,0,1,0,0,0.0
2026-08-12,S008,TAB0770,0,0,0,3,3,0,0,0.0
2026-08-12,S009,TAB0770,1,0,0,2,3,0,1,305.31
2026-08-12,S010,TAB0770,1,1,0,2,2,0,2,610.62
2026-08-12,S001,TAB0771,1,0,0,2,0,0,1,195.68
2026-08-12,S002,TAB0771,1,0,0,0,0,0,1,195.68
2026-08-12,S003,TAB0771,0,3,2,3,1,0,1,195.68
2026-08-12,S004,TAB0771,1,0,0,0,3,0,1,195.68
2026-08-12,S005,TAB0771,1,1,1,1,3,0,1,195.68
2026-08-12,S006,TAB0771,1,0,1,1,3,0,0,0.0
2026-08-12,S007,TAB0771,0,1,1,0,0,0,0,0.0
2026-08-12,S008,TAB0771,1,1,1,2,2,0,1,195.68
2026-08-12,S009,TAB0771,0,3,2,1,2,0,1,195.68
2026-08-12,S010,TAB0771,1,4,3,0,0,0,2,391.36
2026-08-12,S001,TAB0772,1,3,3,0,0,1,1,332.78
2026-08-12,S002,TAB0772,1,2,2,3,1,0,1,332.78
2026-08-12,S003,TAB0772,1,0,0,1,2,0,1,332.78
2026-08-12,S004,TAB0772,0,4,2,1,0,0,2,665.56
2026-08-12,S005,TAB0772,2,4,4,3,2,1,2,665.56
2026-08-12,S006,TAB0772,1,1,1,2,1,0,1,332.78
2026-08-12,S007,TAB0772,1,7,5,0,2,0,3,998.34
2026-08-12,S008,TAB0772,0,1,1,1,3,0,0,0.0
2026-08-12,S009,TAB0772,0,5,3,0,3,0,2,665.56
2026-08-12,S010,TAB0772,0,0,0,3,2,0,0,0.0
2026-08-12,S001,TAB0773,0,0,0,2,3,0,0,0.0
2026-08-12,S002,TAB0773,0,2,2,2,1,0,0,0.0
2026-08-12,S003,TAB0773,0,0,0,3,2,0,0,0.0
2026-08-12,S004,TAB0773,1,0,0,3,2,0,1,263.04
2026-08-12,S005,TAB0773,1,1,1,2,2,0,1,263.04
2026-08-12,S006,TAB0773,0,0,0,3,2,0,0,0.0
2026-08-12,S007,TAB0773,0,3,2,3,3,0,1,263.04
2026-08-12,S008,TAB0773,0,0,0,3,2,0,0,0.0
2026-08-12,S009,TAB0773,0,5,4,1,0,0,1,263.04
2026-08-12,S010,TAB0773,1,0,0,2,1,0,1,263.04
2026-08-12,S001,TAB0774,0,1,0,1,0,0,1,98.67
2026-08-12,S002,TAB0774,1,10,7,2,3,0,4,394.68
2026-08-12,S003,TAB0774,1,0,0,0,2,0,1,98.67
2026-08-12,S004,TAB0774,0,0,0,0,3,0,0,0.0
2026-08-12,S005,TAB0774,0,0,0,2,0,0,0,0.0
2026-08-12,S006,TAB0774,2,5,4,2,2,0,3,296.01
2026-08-12,S007,TAB0774,1,2,2,0,3,0,1,98.67
2026-08-12,S008,TAB0774,0,0,0,3,3,0,0,0.0
2026-08-12,S009,TAB0774,0,0,0,0,0,0,0,0.0
2026-08-12,S010,TAB0774,0,0,0,0,0,0,0,0.0
2026-08-12,S001,TAB0775,0,3,2,3,0,0,1,229.55
2026-08-12,S002,TAB0775,1,0,0,2,2,0,1,229.55
2026-08-12,S003,TAB0775,1,1,1,0,1,0,1,229.55
2026-08-12,S004,TAB0775,0,1,0,3,1,0,1,229.55
2026-08-12,S005,TAB0775,1,2,2,3,3,0,1,229.55
2026-08-12,S006,TAB0775,0,2,1,0,1,0,1,229.55
2026-08-12,S007,TAB0775,1,3,2,0,3,0,2,459.1
2026-08-12,S008,TAB0775,1,0,1,2,1,0,0,0.0
2026-08-12,S009,TAB0775,0,0,0,2,3,0,0,0.0
2026-08-12,S010,TAB0775,0,0,0,2,1,0,0,0.0
2026-08-12,S001,TAB0776,0,0,0,1,1,0,0,0.0
2026-08-12,S002,TAB0776,0,1,0,3,3,0,1,87.01
2026-08-12,S003,TAB0776,1,2,2,2,0,0,1,87.01
2026-08-12,S004,TAB0776,1,4,4,3,1,0,1,87.01
2026-08-12,S005,TAB0776,0,0,0,1,3,0,0,0.0
2026-08-12,S006,TAB0776,0,0,0,1,0,0,0,0.0
2026-08-12,S007,TAB0776,0,0,0,3,0,0,0,0.0
2026-08-12,S008,TAB0776,0,0,0,1,0,0,0,0.0
2026-08-12,S009,TAB0776,1,0,0,2,3,0,1,87.01
2026-08-12,S010,TAB0776,1,0,0,3,3,0,1,87.01
2026-08-12,S001,TAB0777,0,0,0,0,0,0,0,0.0
2026-08-12,S002,TAB0777,1,1,2,0,1,0,0,0.0
2026-08-12,S003,TAB0777,1,0,0,3,1,0,1,192.78
2026-08-12,S004,TAB0777,0,0,0,1,2,0,0,0.0
2026-08-12,S005,TAB0777,0,0,0,0,2,0,0,0.0
2026-08-12,S006,TAB0777,1,1,2,0,3,0,0,0.0
2026-08-12,S007,TAB0777,0,0,0,1,2,0,0,0.0
2026-08-12,S008,TAB0777,1,1,2,1,0,0,0,0.0
2026-08-12,S009,TAB0777,0,0,0,2,2,0,0,0.0
2026-08-12,S010,TAB0777,1,1,0,0,1,0,2,385.56
2026-08-12,S001,TAB0778,0,1,1,2,1,0,0,0.0
2026-08-12,S002,TAB0778,1,2,2,0,3,0,1,168.23
2026-08-12,S003,TAB0778,0,2,1,1,3,0,1,168.23
2026-08-12,S004,TAB0778,0,0,0,1,0,0,0,0.0
2026-08-12,S005,TAB0778,0,1,0,2,3,0,1,168.23
2026-08-12,S006,TAB0778,1,0,0,2,1,0,1,168.23
2026-08-12,S007,TAB0778,0,5,4,0,2,0,1,168.23
2026-08-12,S008,TAB0778,0,2,1,0,2,0,1,168.23
2026-08-12,S009,TAB0778,1,5,3,2,0,0,3,504.69
2026-08-12,S010,TAB0778,0,3,2,0,3,0,1,168.23
2026-08-12,S001,TAB0779,0,0,0,0,2,0,0,0.0
2026-08-12,S002,TAB0779,0,1,0,3,0,0,1,301.6
2026-08-12,S003,TAB0779,0,4,3,3,1,0,1,301.6
2026-08-12,S004,TAB0779,0,0,0,1,1,0,0,0.0
2026-08-12,S005,TAB0779,0,0,0,3,3,0,0,0.0
2026-08-12,S006,TAB0779,1,0,1,2,3,0,0,0.0
2026-08-12,S007,TAB0779,0,0,0,1,2,0,0,0.0
2026-08-12,S008,TAB0779,1,0,0,3,3,0,1,301.6
2026-08-12,S009,TAB0779,0,0,0,1,1,0,0,0.0
2026-08-12,S010,TAB0779,0,4,3,2,3,0,1,301.6
2026-08-12,S001,TAB0780,0,0,0,0,3,0,0,0.0
2026-08-12,S002,TAB0780,0,2,2,1,3,0,0,0.0
2026-08-12,S003,TAB0780,0,4,2,0,1,0,2,180.18
2026-08-12,S004,TAB0780,1,1,0,0,0,1,2,180.18
2026-08-12,S005,TAB0780,0,1,0,0,0,0,1,90.09
2026-08-12,S006,TAB0780,0,4,3,2,3,0,1,90.09
2026-08-12,S007,TAB0780,0,1,1,3,2,0,0,0.0
2026-08-12,S008,TAB0780,0,0,0,0,2,0,0,0.0
2026-08-12,S009,TAB0780,1,0,1,3,1,0,0,0.0
2026-08-12,S010,TAB0780,0,0,0,0,2,0,0,0.0
2026-08-12,S001,TAB0781,0,2,1,3,0,0,1,155.4
2026-08-12,S002,TAB0781,0,0,0,2,0,0,0,0.0
2026-08-12,S003,TAB0781,0,2,2,2,1,0,0,0.0
2026-08-12,S004,TAB0781,1,0,1,3,2,0,0,0.0
2026-08-12,S005,TAB0781,0,3,2,1,2,0,1,155.4
2026-08-12,S006,TAB0781,0,2,2,2,0,0,0,0.0
2026-08-12,S007,TAB0781,1,0,0,0,2,0,1,155.4
2026-08-12,S008,TAB0781,1,3,2,1,3,0,2,310.8
2026-08-12,S009,TAB0781,1,0,0,2,1,0,1,155.4
2026-08-12,S010,TAB0781,0,1,1,2,0,0,0,0.0
2026-08-12,S001,TAB0782,1,1,0,3,0,0,2,202.7
2026-08-12,S002,TAB0782,1,0,0,1,1,0,1,101.35
2026-08-12,S003,TAB0782,0,1,0,1,3,0,1,101.35
2026-08-12,S004,TAB0782,0,2,1,1,0,0,1,101.35
2026-08-12,S005,TAB0782,0,1,0,3,0,0,1,101.35
2026-08-12,S006,TAB0782,2,1,1,0,0,0,2,202.7
2026-08-12,S007,TAB0782,1,2,2,0,3,0,1,101.35
2026-08-12,S008,TAB0782,0,2,1,3,0,0,1,101.35
2026-08-12,S009,TAB0782,1,0,0,1,0,0,1,101.35
2026-08-12,S010,TAB0782,0,2,1,3,3,0,1,101.35
2026-08-12,S001,TAB0783,1,2,3,0,1,0,0,0.0
2026-08-12,S002,TAB0783,0,2,0,2,0,0,2,229.5
2026-08-12,S003,TAB0783,1,0,1,0,2,0,0,0.0
2026-08-12,S004,TAB0783,0,1,0,0,2,0,1,114.75
2026-08-12,S005,TAB0783,2,1,1,1,2,0,2,229.5
2026-08-12,S006,TAB0783,0,4,3,1,2,0,1,114.75
2026-08-12,S007,TAB0783,0,6,4,0,2,0,2,229.5
2026-08-12,S008,TAB0783,1,1,1,2,2,0,1,114.75
2026-08-12,S009,TAB0783,0,5,3,0,2,0,2,229.5
2026-08-12,S010,TAB0783,0,2,1,1,1,1,1,114.75
2026-08-12,S001,TAB0784,0,0,0,0,0,0,0,0.0
2026-08-12,S002,TAB0784,2,11,10,2,3,0,3,360.93
2026-08-12,S003,TAB0784,0,0,0,0,0,0,0,0.0
2026-08-12,S004,TAB0784,0,0,0,2,0,0,0,0.0
2026-08-12,S005,TAB0784,0,0,0,1,0,0,0,0.0
2026-08-12,S006,TAB0784,0,1,1,1,3,0,0,0.0
2026-08-12,S007,TAB0784,1,1,1,0,0,0,1,120.31
2026-08-12,S008,TAB0784,0,2,1,3,3,0,1,120.31
2026-08-12,S009,TAB0784,1,0,0,1,1,0,1,120.31
2026-08-12,S010,TAB0784,0,3,2,0,1,0,1,120.31
2026-08-12,S001,TAB0785,0,0,0,0,0,0,0,0.0
2026-08-12,S002,TAB0785,0,2,1,3,3,0,1,160.67
2026-08-12,S003,TAB0785,1,0,0,0,3,0,1,160.67
2026-08-12,S004,TAB0785,0,4,3,1,0,0,1,160.67
2026-08-12,S005,TAB0785,1,4,4,2,3,0,1,160.67
2026-08-12,S006,TAB0785,0,5,3,2,1,0,2,321.34
2026-08-12,S007,TAB0785,1,1,1,0,3,0,1,160.67
2026-08-12,S008,TAB0785,1,3,3,2,0,0,1,160.67
2026-08-12,S009,TAB0785,2,6,5,3,1,0,3,482.01
2026-08-12,S010,TAB0785,1,0,0,0,3,0,1,160.67
2026-08-12,S001,TAB0786,0,0,0,2,2,0,0,0.0
2026-08-12,S002,TAB0786,0,6,4,0,2,0,2,492.6
2026-08-12,S003,TAB0786,0,0,0,1,2,0,0,0.0
2026-08-12,S004,TAB0786,0,0,0,3,1,0,0,0.0
2026-08-12,S005,TAB0786,0,0,0,0,3,0,0,0.0
2026-08-12,S006,TAB0786,0,0,0,2,3,0,0,0.0
2026-08-12,S007,TAB0786,1,3,3,2,0,0,1,246.3
2026-08-12,S008,TAB0786,0,3,3,0,3,0,0,0.0
2026-08-12,S009,TAB0786,0,0,0,1,3,0,0,0.0
2026-08-12,S010,TAB0786,0,1,1,1,3,0,0,0.0
2026-08-12,S001,TAB0787,0,4,3,3,1,0,1,168.53
2026-08-12,S002,TAB0787,0,0,0,2,1,0,0,0.0
2026-08-12,S003,TAB0787,0,0,0,2,2,0,0,0.0
2026-08-12,S004,TAB0787,0,0,0,0,2,0,0,0.0
2026-08-12,S005,TAB0787,0,0,0,3,1,0,0,0.0
2026-08-12,S006,TAB0787,1,1,2,1,2,0,0,0.0
2026-08-12,S007,TAB0787,0,2,1,2,0,0,1,168.53
2026-08-12,S008,TAB0787,0,2,1,3,0,0,1,168.53
2026-08-12,S009,TAB0787,0,2,0,1,3,0,2,337.06
2026-08-12,S010,TAB0787,0,1,1,3,3,0,0,0.0
2026-08-12,S001,TAB0788,0,0,0,2,1,0,0,0.0
2026-08-12,S002,TAB0788,0,3,1,0,0,1,2,431.92
2026-08-12,S003,TAB0788,0,1,1,2,2,0,0,0.0
2026-08-12,S004,TAB0788,1,1,2,3,3,0,0,0.0
2026-08-12,S005,TAB0788,0,0,0,0,2,0,0,0.0
2026-08-12,S006,TAB0788,2,4,4,2,2,0,2,431.92
2026-08-12,S007,TAB0788,1,3,2,1,0,0,2,431.92
2026-08-12,S008,TAB0788,0,2,0,0,1,0,2,431.92
2026-08-12,S009,TAB0788,0,2,0,1,1,0,2,431.92
2026-08-12,S010,TAB0788,1,0,0,3,1,0,1,215.96
2026-08-12,S001,TAB0789,0,1,0,2,2,0,1,55.59
2026-08-12,S002,TAB0789,0,1,0,3,3,0,1,55.59
2026-08-12,S003,TAB0789,0,0,0,3,2,0,0,0.0
2026-08-12,S004,TAB0789,1,0,0,0,3,0,1,55.59
2026-08-12,S005,TAB0789,0,0,0,0,0,0,0,0.0
2026-08-12,S006,TAB0789,0,2,1,2,2,0,1,55.59
2026-08-12,S007,TAB0789,0,0,0,2,2,0,0,0.0
2026-08-12,S008,TAB0789,0,1,1,3,1,0,0,0.0
2026-08-12,S009,TAB0789,0,0,0,1,2,0,0,0.0
2026-08-12,S010,TAB0789,0,2,1,2,2,0,1,55.59
2026-08-12,S001,TAB0790,0,1,1,0,0,0,0,0.0
2026-08-12,S002,TAB0790,0,0,0,0,1,0,0,0.0
2026-08-12,S003,TAB0790,1,0,0,0,0,0,1,269.78
2026-08-12,S004,TAB0790,0,0,0,2,1,0,0,0.0
2026-08-12,S005,TAB0790,2,5,5,1,3,0,2,539.56
2026-08-12,S006,TAB0790,0,0,0,2,0,0,0,0.0
2026-08-12,S007,TAB0790,1,1,1,2,1,0,1,269.78
2026-08-12,S008,TAB0790,0,4,2,2,3,0,2,539.56
2026-08-12,S009,TAB0790,0,0,0,2,3,0,0,0.0
2026-08-12,S010,TAB0790,0,2,1,0,3,0,1,269.78
2026-08-12,S001,TAB0791,0,3,2,1,3,0,1,148.29
2026-08-12,S002,TAB0791,0,7,5,3,0,0,2,296.58
2026-08-12,S003,TAB0791,0,0,0,2,1,0,0,0.0
2026-08-12,S004,TAB0791,0,0,0,0,3,0,0,0.0
2026-08-12,S005,TAB0791,0,7,3,3,1,0,4,593.16
2026-08-12,S006,TAB0791,0,2,1,0,3,0,1,148.29
2026-08-12,S007,TAB0791,1,9,7,3,3,0,3,444.87
2026-08-12,S008,TAB0791,0,2,1,2,2,0,1,148.29
2026-08-12,S009,TAB0791,0,2,1,0,2,0,1,148.29
2026-08-12,S010,TAB0791,0,3,2,1,0,0,1,148.29
2026-08-12,S001,TAB0792,0,0,0,1,1,0,0,0.0
2026-08-12,S002,TAB0792,0,2,1,2,1,0,1,321.91
2026-08-12,S003,TAB0792,0,0,0,2,0,0,0,0.0
2026-08-12,S004,TAB0792,0,0,0,0,2,0,0,0.0
2026-08-12,S005,TAB0792,1,1,1,3,2,0,1,321.91
2026-08-12,S006,TAB0792,0,1,1,2,3,0,0,0.0
2026-08-12,S007,TAB0792,2,3,3,3,1,0,2,643.82
2026-08-12,S008,TAB0792,0,0,0,0,0,0,0,0.0
2026-08-12,S009,TAB0792,0,0,0,0,3,0,0,0.0
2026-08-12,S010,TAB0792,0,0,0,2,3,0,0,0.0
2026-08-12,S001,TAB0793,0,0,0,3,3,0,0,0.0
2026-08-12,S002,TAB0793,1,0,0,2,3,0,1,176.29
2026-08-12,S003,TAB0793,0,0,0,0,1,0,0,0.0
2026-08-12,S004,TAB0793,0,0,0,0,1,0,0,0.0
2026-08-12,S005,TAB0793,0,0,0,0,1,0,0,0.0
2026-08-12,S006,TAB0793,2,0,0,3,1,0,2,352.58
2026-08-12,S007,TAB0793,1,3,2,3,0,0,2,352.58
2026-08-12,S008,TAB0793,1,0,1,3,1,0,0,0.0
2026-08-12,S009,TAB0793,0,5,4,1,2,0,1,176.29
2026-08-12,S010,TAB0793,0,2,1,0,2,0,1,176.29
2026-08-12,S001,TAB0794,0,4,2,0,1,0,2,541.12
2026-08-12,S002,TAB0794,0,1,0,2,0,0,1,270.56
2026-08-12,S003,TAB0794,1,2,2,3,3,0,1,270.56
2026-08-12,S004,TAB0794,0,0,0,0,3,0,0,0.0
2026-08-12,S005,TAB0794,0,0,0,0,1,0,0,0.0
2026-08-12,S006,TAB0794,0,1,0,0,2,0,1,270.56
2026-08-12,S007,TAB0794,0,4,3,1,3,0,1,270.56
2026-08-12,S008,TAB0794,0,1,1,2,3,0,0,0.0
2026-08-12,S009,TAB0794,0,1,1,2,0,0,0,0.0
2026-08-12,S010,TAB0794,0,5,4,0,3,0,1,270.56
2026-08-12,S001,TAB0795,0,0,0,2,0,0,0,0.0
2026-08-12,S002,TAB0795,1,0,0,2,3,0,1,229.86
2026-08-12,S003,TAB0795,0,0,0,3,0,0,0,0.0
2026-08-12,S004,TAB0795,0,0,0,1,1,0,0,0.0
2026-08-12,S005,TAB0795,0,0,0,0,1,0,0,0.0
2026-08-12,S006,TAB0795,1,2,2,1,2,0,1,229.86
2026-08-12,S007,TAB0795,0,0,0,0,1,0,0,0.0
2026-08-12,S008,TAB0795,1,3,3,3,0,0,1,229.86
2026-08-12,S009,TAB0795,1,0,0,0,2,0,1,229.86
2026-08-12,S010,TAB0795,0,0,0,3,3,0,0,0.0
2026-08-12,S001,TAB0796,0,0,0,2,3,0,0,0.0
2026-08-12,S002,TAB0796,0,0,0,0,1,0,0,0.0
2026-08-12,S003,TAB0796,0,1,0,1,2,1,1,243.56
2026-08-12,S004,TAB0796,1,0,0,0,0,0,1,243.56
2026-08-12,S005,TAB0796,0,0,0,0,0,1,0,0.0
2026-08-12,S006,TAB0796,1,2,2,0,2,0,1,243.56
2026-08-12,S007,TAB0796,0,2,1,3,2,0,1,243.56
2026-08-12,S008,TAB0796,0,0,0,0,1,0,0,0.0
2026-08-12,S009,TAB0796,0,2,0,3,1,0,2,487.12
2026-08-12,S010,TAB0796,0,0,0,3,0,0,0,0.0
2026-08-12,S001,TAB0797,1,0,0,1,3,0,1,72.58
2026-08-12,S002,TAB0797,0,1,0,3,1,0,1,72.58
2026-08-12,S003,TAB0797,0,0,0,3,0,0,0,0.0
2026-08-12,S004,TAB0797,0,0,0,3,1,0,0,0.0
2026-08-12,S005,TAB0797,0,4,2,0,1,0,2,145.16
2026-08-12,S006,TAB0797,0,0,0,0,3,0,0,0.0
2026-08-12,S007,TAB0797,0,5,3,1,3,0,2,145.16
2026-08-12,S008,TAB0797,0,0,0,0,3,0,0,0.0
2026-08-12,S009,TAB0797,0,0,0,0,0,0,0,0.0
2026-08-12,S010,TAB0797,0,1,0,1,2,0,1,72.58
2026-08-12,S001,TAB0798,0,0,0,3,2,0,0,0.0
2026-08-12,S002,TAB0798,0,4,3,0,1,0,1,272.9
2026-08-12,S003,TAB0798,0,10,7,3,1,0,3,818.7
2026-08-12,S004,TAB0798,0,0,0,3,1,0,0,0.0
2026-08-12,S005,TAB0798,0,0,0,0,1,0,0,0.0
2026-08-12,S006,TAB0798,0,1,0,2,2,0,1,272.9
2026-08-12,S007,TAB0798,0,0,0,0,1,0,0,0.0
2026-08-12,S008,TAB0798,0,0,0,1,1,0,0,0.0
2026-08-12,S009,TAB0798,2,3,3,0,2,0,2,545.8
2026-08-12,S010,TAB0798,0,1,0,3,2,0,1,272.9
2026-08-12,S001,TAB0799,0,0,0,1,3,0,0,0.0
2026-08-12,S002,TAB0799,1,0,0,0,0,0,1,102.98
2026-08-12,S003,TAB0799,0,1,0,2,0,0,1,102.98
2026-08-12,S004,TAB0799,1,1,2,3,2,0,0,0.0
2026-08-12,S005,TAB0799,0,0,0,3,1,0,0,0.0
2026-08-12,S006,TAB0799,0,1,0,1,3,0,1,102.98
2026-08-12,S007,TAB0799,0,0,0,3,3,0,0,0.0
2026-08-12,S008,TAB0799,0,0,0,2,3,0,0,0.0
2026-08-12,S009,TAB0799,0,0,0,0,1,0,0,0.0
2026-08-12,S010,TAB0799,1,0,0,0,2,0,1,102.98
2026-08-12,S001,TAB0800,0,0,0,1,0,0,0,0.0
2026-08-12,S002,TAB0800,1,3,3,2,1,0,1,194.79
2026-08-12,S003,TAB0800,0,1,1,0,0,0,0,0.0
2026-08-12,S004,TAB0800,1,0,0,3,2,0,1,194.79
2026-08-12,S005,TAB0800,0,3,2,1,1,0,1,194.79
2026-08-12,S006,TAB0800,0,0,0,2,0,0,0,0.0
2026-08-12,S007,TAB0800,0,2,1,2,2,0,1,194.79
2026-08-12,S008,TAB0800,0,1,1,3,1,1,0,0.0
2026-08-12,S009,TAB0800,1,3,3,1,2,0,1,194.79
2026-08-12,S010,TAB0800,2,0,0,2,1,0,2,389.58
2026-08-12,S001,TAB0801,0,2,1,3,1,0,1,206.28
2026-08-12,S002,TAB0801,1,0,1,2,1,0,0,0.0
2026-08-12,S003,TAB0801,1,2,2,0,1,0,1,206.28
2026-08-12,S004,TAB0801,0,3,2,2,2,0,1,206.28
2026-08-12,S005,TAB0801,2,2,2,2,2,0,2,412.56
2026-08-12,S006,TAB0801,0,8,5,0,3,0,3,618.84
2026-08-12,S007,TAB0801,0,5,4,3,0,0,1,206.28
2026-08-12,S008,TAB0801,0,6,5,1,2,0,1,206.28
2026-08-12,S009,TAB0801,1,0,1,1,0,0,0,0.0
2026-08-12,S010,TAB0801,0,0,0,2,2,0,0,0.0
2026-08-12,S001,TAB0802,1,0,1,1,3,0,0,0.0
2026-08-12,S002,TAB0802,0,0,0,3,3,0,0,0.0
2026-08-12,S003,TAB0802,0,0,0,3,2,0,0,0.0
2026-08-12,S004,TAB0802,1,2,2,1,0,1,1,143.06
2026-08-12,S005,TAB0802,1,0,0,2,0,0,1,143.06
2026-08-12,S006,TAB0802,0,5,4,2,2,0,1,143.06
2026-08-12,S007,TAB0802,0,3,2,0,2,0,1,143.06
2026-08-12,S008,TAB0802,0,1,1,3,0,0,0,0.0
2026-08-12,S009,TAB0802,1,0,0,0,2,0,1,143.06
2026-08-12,S010,TAB0802,0,0,0,1,0,0,0,0.0
2026-08-12,S001,TAB0803,0,4,4,0,1,0,0,0.0
2026-08-12,S002,TAB0803,0,8,5,1,3,0,3,779.49
2026-08-12,S003,TAB0803,0,2,2,2,2,0,0,0.0
2026-08-12,S004,TAB0803,1,0,0,3,2,0,1,259.83
2026-08-12,S005,TAB0803,1,2,2,3,3,0,1,259.83
2026-08-12,S006,TAB0803,1,0,1,0,2,0,0,0.0
2026-08-12,S007,TAB0803,1,0,1,2,2,0,0,0.0
2026-08-12,S008,TAB0803,0,2,2,1,0,1,0,0.0
2026-08-12,S009,TAB0803,2,4,3,1,1,0,3,779.49
2026-08-12,S010,TAB0803,0,1,0,0,1,0,1,259.83
2026-08-12,S001,TAB0804,0,1,0,2,3,0,1,187.82
2026-08-12,S002,TAB0804,1,0,1,2,3,0,0,0.0
2026-08-12,S003,TAB0804,0,1,0,2,0,0,1,187.82
2026-08-12,S004,TAB0804,0,0,0,3,1,0,0,0.0
2026-08-12,S005,TAB0804,0,0,0,0,2,0,0,0.0
2026-08-12,S006,TAB0804,2,10,8,3,0,0,4,751.28
2026-08-12,S007,TAB0804,0,0,0,0,2,0,0,0.0
2026-08-12,S008,TAB0804,0,2,2,3,3,0,0,0.0
2026-08-12,S009,TAB0804,1,3,1,0,1,0,3,563.46
2026-08-12,S010,TAB0804,0,2,1,2,0,0,1,187.82
2026-08-12,S001,TAB0805,2,0,0,1,0,0,2,433.06
2026-08-12,S002,TAB0805,0,0,0,1,1,0,0,0.0
2026-08-12,S003,TAB0805,1,0,1,1,1,0,0,0.0
2026-08-12,S004,TAB0805,0,0,0,1,0,0,0,0.0
2026-08-12,S005,TAB0805,0,0,0,2,1,0,0,0.0
2026-08-12,S006,TAB0805,0,0,0,2,1,0,0,0.0
2026-08-12,S007,TAB0805,0,1,0,1,0,0,1,216.53
2026-08-12,S008,TAB0805,0,2,1,2,1,0,1,216.53
2026-08-12,S009,TAB0805,0,0,0,2,1,0,0,0.0
2026-08-12,S010,TAB0805,0,1,0,1,2,0,1,216.53
2026-08-12,S001,TAB0806,0,1,0,2,2,0,1,237.43
2026-08-12,S002,TAB0806,2,3,3,2,2,0,2,474.86
2026-08-12,S003,TAB0806,0,0,0,3,2,0,0,0.0
2026-08-12,S004,TAB0806,0,0,0,3,0,0,0,0.0
2026-08-12,S005,TAB0806,1,0,0,2,3,0,1,237.43
2026-08-12,S006,TAB0806,0,0,0,1,3,0,0,0.0
2026-08-12,S007,TAB0806,0,0,0,0,3,0,0,0.0
2026-08-12,S008,TAB0806,1,3,3,2,3,0,1,237.43
2026-08-12,S009,TAB0806,0,0,0,0,2,1,0,0.0
2026-08-12,S010,TAB0806,0,0,0,0,1,0,0,0.0
2026-08-12,S001,TAB0807,0,0,0,0,3,0,0,0.0
2026-08-12,S002,TAB0807,0,0,0,2,2,0,0,0.0
2026-08-12,S003,TAB0807,1,2,2,3,0,0,1,282.3
2026-08-12,S004,TAB0807,0,0,0,0,1,0,0,0.0
2026-08-12,S005,TAB0807,1,2,2,3,2,0,1,282.3
2026-08-12,S006,TAB0807,2,0,0,2,2,0,2,564.6
2026-08-12,S007,TAB0807,2,2,2,0,3,0,2,564.6
2026-08-12,S008,TAB0807,0,0,0,2,1,0,0,0.0
2026-08-12,S009,TAB0807,0,3,2,0,3,0,1,282.3
2026-08-12,S010,TAB0807,1,1,2,1,2,0,0,0.0
2026-08-12,S001,TAB0808,0,0,0,1,0,0,0,0.0
2026-08-12,S002,TAB0808,0,0,0,0,1,0,0,0.0
2026-08-12,S003,TAB0808,0,1,0,1,3,0,1,174.46
2026-08-12,S004,TAB0808,0,0,0,2,1,0,0,0.0
2026-08-12,S005,TAB0808,0,2,1,0,3,0,1,174.46
2026-08-12,S006,TAB0808,1,0,1,0,3,0,0,0.0
2026-08-12,S007,TAB0808,1,2,2,0,3,0,1,174.46
2026-08-12,S008,TAB0808,0,4,2,2,1,1,2,348.92
2026-08-12,S009,TAB0808,1,2,2,3,3,0,1,174.46
2026-08-12,S010,TAB0808,1,0,1,1,1,0,0,0.0
2026-08-12,S001,TAB0809,0,0,0,2,2,0,0,0.0
2026-08-12,S002,TAB0809,0,1,0,1,0,0,1,82.37
2026-08-12,S003,TAB0809,1,5,4,2,1,0,2,164.74
2026-08-12,S004,TAB0809,0,0,0,0,3,0,0,0.0
2026-08-12,S005,TAB0809,0,0,0,0,2,0,0,0.0
2026-08-12,S006,TAB0809,1,0,0,2,3,0,1,82.37
2026-08-12,S007,TAB0809,0,3,2,0,0,0,1,82.37
2026-08-12,S008,TAB0809,0,1,0,1,0,0,1,82.37
2026-08-12,S009,TAB0809,1,3,2,0,1,0,2,164.74
2026-08-12,S010,TAB0809,0,0,0,2,0,0,0,0.0
2026-08-12,S001,TAB0810,0,2,2,1,0,0,0,0.0
2026-08-12,S002,TAB0810,1,1,1,0,2,0,1,207.29
2026-08-12,S003,TAB0810,0,0,0,2,2,0,0,0.0
2026-08-12,S004,TAB0810,0,3,2,0,1,0,1,207.29
2026-08-12,S005,TAB0810,0,3,2,3,3,0,1,207.29
2026-08-12,S006,TAB0810,1,1,2,3,1,0,0,0.0
2026-08-12,S007,TAB0810,0,0,0,0,0,0,0,0.0
2026-08-12,S008,TAB0810,2,6,6,1,0,0,2,414.58
2026-08-12,S009,TAB0810,0,3,2,3,3,0,1,207.29
2026-08-12,S010,TAB0810,2,4,4,0,0,0,2,414.58
2026-08-12,S001,TAB0811,0,0,0,3,1,0,0,0.0
2026-08-12,S002,TAB0811,0,2,1,0,0,0,1,77.68
2026-08-12,S003,TAB0811,0,0,0,2,3,0,0,0.0
2026-08-12,S004,TAB0811,1,2,1,1,3,0,2,155.36
2026-08-12,S005,TAB0811,0,3,2,0,0,0,1,77.68
2026-08-12,S006,TAB0811,1,0,0,0,2,0,1,77.68
2026-08-12,S007,TAB0811,0,0,0,0,3,0,0,0.0
2026-08-12,S008,TAB0811,1,1,0,3,3,0,2,155.36
2026-08-12,S009,TAB0811,0,0,0,2,2,0,0,0.0
2026-08-12,S010,TAB0811,0,2,2,1,1,0,0,0.0
2026-08-12,S001,TAB0812,1,0,1,3,2,0,0,0.0
2026-08-12,S002,TAB0812,0,10,7,3,3,0,3,234.72
2026-08-12,S003,TAB0812,0,0,0,3,2,0,0,0.0
2026-08-12,S004,TAB0812,0,0,0,0,1,0,0,0.0
2026-08-12,S005,TAB0812,1,0,0,0,1,0,1,78.24
2026-08-12,S006,TAB0812,1,1,1,1,0,0,1,78.24
2026-08-12,S007,TAB0812,0,0,0,3,3,0,0,0.0
2026-08-12,S008,TAB0812,2,2,1,2,0,0,3,234.72
2026-08-12,S009,TAB0812,1,0,0,0,3,0,1,78.24
2026-08-12,S010,TAB0812,0,1,0,0,3,0,1,78.24
2026-08-12,S001,TAB0813,0,0,0,0,1,0,0,0.0
2026-08-12,S002,TAB0813,0,1,0,1,0,0,1,362.49
2026-08-12,S003,TAB0813,0,1,0,2,1,0,1,362.49
2026-08-12,S004,TAB0813,0,1,0,1,3,0,1,362.49
2026-08-12,S005,TAB0813,0,1,0,2,0,0,1,362.49
2026-08-12,S006,TAB0813,0,1,0,1,1,0,1,362.49
2026-08-12,S007,TAB0813,1,6,4,3,0,0,3,1087.47
2026-08-12,S008,TAB0813,0,1,0,1,2,0,1,362.49
2026-08-12,S009,TAB0813,1,7,4,2,2,0,4,1449.96
2026-08-12,S010,TAB0813,0,0,0,3,2,0,0,0.0
2026-08-12,S001,TAB0814,0,2,2,2,3,0,0,0.0
2026-08-12,S002,TAB0814,0,0,0,3,3,0,0,0.0
2026-08-12,S003,TAB0814,0,4,2,1,1,0,2,269.74
2026-08-12,S004,TAB0814,0,10,7,2,0,0,3,404.61
2026-08-12,S005,TAB0814,0,0,0,1,1,0,0,0.0
2026-08-12,S006,TAB0814,0,1,0,2,0,0,1,134.87
2026-08-12,S007,TAB0814,0,0,0,2,3,0,0,0.0
2026-08-12,S008,TAB0814,1,5,4,2,1,0,2,269.74
2026-08-12,S009,TAB0814,0,0,0,2,1,0,0,0.0
2026-08-12,S010,TAB0814,0,0,0,3,1,0,0,0.0
2026-08-12,S001,TAB0815,0,1,0,0,3,0,1,200.55
2026-08-12,S002,TAB0815,1,2,2,2,1,0,1,200.55
2026-08-12,S003,TAB0815,1,1,1,2,0,1,1,200.55
2026-08-12,S004,TAB0815,1,0,0,1,1,0,1,200.55
2026-08-12,S005,TAB0815,0,1,0,2,3,0,1,200.55
2026-08-12,S006,TAB0815,2,4,4,3,3,0,2,401.1
2026-08-12,S007,TAB0815,0,3,2,3,3,0,1,200.55
2026-08-12,S008,TAB0815,0,1,1,3,3,0,0,0.0
2026-08-12,S009,TAB0815,0,5,4,0,0,0,1,200.55
2026-08-12,S010,TAB0815,0,1,0,3,3,0,1,200.55
2026-08-12,S001,TAB0816,1,0,0,0,1,0,1,61.23
2026-08-12,S002,TAB0816,1,2,1,3,3,0,2,122.46
2026-08-12,S003,TAB0816,0,0,0,1,0,0,0,0.0
2026-08-12,S004,TAB0816,0,0,0,2,2,0,0,0.0
2026-08-12,S005,TAB0816,0,0,0,3,1,0,0,0.0
2026-08-12,S006,TAB0816,0,0,0,1,0,0,0,0.0
2026-08-12,S007,TAB0816,0,1,0,2,2,0,1,61.23
2026-08-12,S008,TAB0816,0,0,0,1,2,0,0,0.0
2026-08-12,S009,TAB0816,0,0,0,2,3,0,0,0.0
2026-08-12,S010,TAB0816,0,3,3,3,2,0,0,0.0
2026-08-12,S001,TAB0817,0,2,1,3,0,0,1,258.8
2026-08-12,S002,TAB0817,1,2,2,0,2,1,1,258.8
2026-08-12,S003,TAB0817,1,0,0,0,1,0,1,258.8
2026-08-12,S004,TAB0817,0,0,0,2,1,0,0,0.0
2026-08-12,S005,TAB0817,0,0,0,0,1,0,0,0.0
2026-08-12,S006,TAB0817,1,0,0,2,2,0,1,258.8
2026-08-12,S007,TAB0817,0,0,0,2,0,0,0,0.0
2026-08-12,S008,TAB0817,1,7,4,1,1,0,4,1035.2
2026-08-12,S009,TAB0817,0,0,0,1,1,0,0,0.0
2026-08-12,S010,TAB0817,0,0,0,2,1,0,0,0.0
2026-08-12,S001,TAB0818,0,0,0,0,1,0,0,0.0
2026-08-12,S002,TAB0818,0,0,0,2,3,0,0,0.0
2026-08-12,S003,TAB0818,0,0,0,0,3,0,0,0.0
2026-08-12,S004,TAB0818,0,2,1,2,2,0,1,328.25
2026-08-12,S005,TAB0818,1,3,4,2,0,0,0,0.0
2026-08-12,S006,TAB0818,0,2,1,2,2,0,1,328.25
2026-08-12,S007,TAB0818,1,1,1,3,1,0,1,328.25
2026-08-12,S008,TAB0818,0,0,0,2,3,0,0,0.0
2026-08-12,S009,TAB0818,0,0,0,3,3,0,0,0.0
2026-08-12,S010,TAB0818,0,0,0,0,0,0,0,0.0
2026-08-12,S001,TAB0819,0,0,0,0,1,0,0,0.0
2026-08-12,S002,TAB0819,0,0,0,0,0,0,0,0.0
2026-08-12,S003,TAB0819,0,2,2,1,3,0,0,0.0
2026-08-12,S004,TAB0819,1,1,1,3,0,0,1,356.93
2026-08-12,S005,TAB0819,0,1,0,2,3,0,1,356.93
2026-08-12,S006,TAB0819,0,4,3,2,1,0,1,356.93
2026-08-12,S007,TAB0819,1,2,2,0,2,0,1,356.93
2026-08-12,S008,TAB0819,2,4,4,2,2,0,2,713.86
2026-08-12,S009,TAB0819,0,1,1,3,0,0,0,0.0
2026-08-12,S010,TAB0819,0,1,1,1,3,0,0,0.0
2026-08-12,S001,TAB0820,0,2,1,2,2,0,1,182.35
2026-08-12,S002,TAB0820,0,3,2,0,1,0,1,182.35
2026-08-12,S003,TAB0820,1,0,1,2,1,0,0,0.0
2026-08-12,S004,TAB0820,0,0,0,1,0,0,0,0.0
2026-08-12,S005,TAB0820,1,0,1,2,1,0,0,0.0
2026-08-12,S006,TAB0820,0,0,0,0,3,0,0,0.0
2026-08-12,S007,TAB0820,1,0,1,3,2,0,0,0.0
2026-08-12,S008,TAB0820,1,5,3,2,1,0,3,547.05
2026-08-12,S009,TAB0820,0,2,1,1,2,0,1,182.35
2026-08-12,S010,TAB0820,0,0,0,2,0,1,0,0.0
2026-08-12,S001,TAB0821,0,1,0,0,3,0,1,215.51
2026-08-12,S002,TAB0821,1,3,2,2,3,0,2,431.02
2026-08-12,S003,TAB0821,0,1,0,0,3,0,1,215.51
2026-08-12,S004,TAB0821,0,0,0,0,1,0,0,0.0
2026-08-12,S005,TAB0821,0,0,0,2,1,0,0,0.0
2026-08-12,S006,TAB0821,1,2,1,2,2,0,2,431.02
2026-08-12,S007,TAB0821,0,1,0,2,2,0,1,215.51
2026-08-12,S008,TAB0821,0,0,0,3,2,0,0,0.0
2026-08-12,S009,TAB0821,0,2,0,3,2,0,2,431.02
2026-08-12,S010,TAB0821,1,0,0,1,2,0,1,215.51
2026-08-12,S001,TAB0822,0,0,0,1,3,0,0,0.0
2026-08-12,S002,TAB0822,0,0,0,3,1,0,0,0.0
2026-08-12,S003,TAB0822,0,0,0,1,1,0,0,0.0
2026-08-12,S004,TAB0822,0,1,0,3,1,0,1,179.96
2026-08-12,S005,TAB0822,0,0,0,0,1,0,0,0.0
2026-08-12,S006,TAB0822,0,0,0,3,3,0,0,0.0
2026-08-12,S007,TAB0822,2,4,4,2,2,0,2,359.92
2026-08-12,S008,TAB0822,0,5,3,1,0,0,2,359.92
2026-08-12,S009,TAB0822,0,4,3,0,1,0,1,179.96
2026-08-12,S010,TAB0822,0,0,0,0,2,0,0,0.0
2026-08-12,S001,TAB0823,0,1,0,0,2,0,1,200.34
2026-08-12,S002,TAB0823,0,1,0,3,3,0,1,200.34
2026-08-12,S003,TAB0823,0,1,0,3,0,1,1,200.34
2026-08-12,S004,TAB0823,1,3,3,2,3,0,1,200.34
2026-08-12,S005,TAB0823,0,0,0,3,0,0,0,0.0
2026-08-12,S006,TAB0823,0,1,0,1,1,0,1,200.34
2026-08-12,S007,TAB0823,0,1,0,3,0,0,1,200.34
2026-08-12,S008,TAB0823,0,0,0,2,1,0,0,0.0
2026-08-12,S009,TAB0823,0,1,0,2,2,0,1,200.34
2026-08-12,S010,TAB0823,0,0,0,0,2,0,0,0.0
2026-08-12,S001,TAB0824,0,1,1,2,0,0,0,0.0
2026-08-12,S002,TAB0824,0,2,1,1,3,0,1,110.25
2026-08-12,S003,TAB0824,0,1,0,1,1,0,1,110.25
2026-08-12,S004,TAB0824,0,0,0,2,1,0,0,0.0
2026-08-12,S005,TAB0824,0,0,0,1,1,0,0,0.0
2026-08-12,S006,TAB0824,0,0,0,0,1,0,0,0.0
2026-08-12,S007,TAB0824,2,5,5,1,0,0,2,220.5
2026-08-12,S008,TAB0824,0,2,2,2,0,0,0,0.0
2026-08-12,S009,TAB0824,0,0,0,2,0,1,0,0.0
2026-08-12,S010,TAB0824,0,0,0,2,1,0,0,0.0
2026-08-12,S001,TAB0825,0,0,0,0,3,0,0,0.0
2026-08-12,S002,TAB0825,1,0,1,2,1,0,0,0.0
2026-08-12,S003,TAB0825,0,7,5,2,1,0,2,362.3
2026-08-12,S004,TAB0825,0,0,0,0,3,0,0,0.0
2026-08-12,S005,TAB0825,0,0,0,1,0,0,0,0.0
2026-08-12,S006,TAB0825,0,1,1,1,1,0,0,0.0
2026-08-12,S007,TAB0825,2,6,6,1,0,0,2,362.3
2026-08-12,S008,TAB0825,1,0,0,3,1,1,1,181.15
2026-08-12,S009,TAB0825,0,0,0,0,3,0,0,0.0
2026-08-12,S010,TAB0825,0,1,0,3,1,0,1,181.15
2026-08-12,S001,TAB0826,1,0,1,0,2,0,0,0.0
2026-08-12,S002,TAB0826,0,10,7,0,2,0,3,666.63
2026-08-12,S003,TAB0826,1,0,1,1,1,0,0,0.0
2026-08-12,S004,TAB0826,0,1,0,3,0,0,1,222.21
2026-08-12,S005,TAB0826,1,0,0,3,3,0,1,222.21
2026-08-12,S006,TAB0826,1,1,2,1,2,0,0,0.0
2026-08-12,S007,TAB0826,0,2,1,2,1,0,1,222.21
2026-08-12,S008,TAB0826,1,2,2,1,1,0,1,222.21
2026-08-12,S009,TAB0826,0,3,2,3,2,0,1,222.21
2026-08-12,S010,TAB0826,0,0,0,1,3,0,0,0.0
2026-08-12,S001,TAB0827,0,0,0,3,0,0,0,0.0
2026-08-12,S002,TAB0827,1,1,2,0,3,0,0,0.0
2026-08-12,S003,TAB0827,1,0,0,1,0,0,1,112.63
2026-08-12,S004,TAB0827,0,2,2,0,3,0,0,0.0
2026-08-12,S005,TAB0827,1,0,0,0,2,0,1,112.63
2026-08-12,S006,TAB0827,0,1,0,2,3,0,1,112.63
2026-08-12,S007,TAB0827,1,5,4,2,1,0,2,225.26
2026-08-12,S008,TAB0827,2,2,2,0,2,0,2,225.26
2026-08-12,S009,TAB0827,0,3,2,2,0,0,1,112.63
2026-08-12,S010,TAB0827,0,0,0,0,0,0,0,0.0
2026-08-12,S001,TAB0828,0,0,0,1,2,1,0,0.0
2026-08-12,S002,TAB0828,0,0,0,1,0,0,0,0.0
2026-08-12,S003,TAB0828,0,0,0,1,1,0,0,0.0
2026-08-12,S004,TAB0828,1,0,0,3,2,0,1,290.03
2026-08-12,S005,TAB0828,1,6,4,3,1,0,3,870.09
2026-08-12,S006,TAB0828,1,5,5,3,0,0,1,290.03
2026-08-12,S007,TAB0828,1,0,1,0,2,0,0,0.0
2026-08-12,S008,TAB0828,0,2,2,3,2,0,0,0.0
2026-08-12,S009,TAB0828,0,0,0,1,1,1,0,0.0
2026-08-12,S010,TAB0828,0,1,0,2,3,0,1,290.03
2026-08-12,S001,TAB0829,0,0,0,3,0,0,0,0.0
2026-08-12,S002,TAB0829,0,1,0,1,1,0,1,107.32
2026-08-12,S003,TAB0829,0,1,0,3,2,0,1,107.32
2026-08-12,S004,TAB0829,0,2,1,1,1,0,1,107.32
2026-08-12,S005,TAB0829,0,2,2,0,2,0,0,0.0
2026-08-12,S006,TAB0829,2,3,3,1,3,0,2,214.64
2026-08-12,S007,TAB0829,0,0,0,1,2,0,0,0.0
2026-08-12,S008,TAB0829,0,1,0,2,0,0,1,107.32
2026-08-12,S009,TAB0829,1,0,0,2,2,0,1,107.32
2026-08-12,S010,TAB0829,1,4,3,1,1,0,2,214.64
2026-08-12,S001,TAB0830,1,1,1,3,3,0,1,127.91
2026-08-12,S002,TAB0830,1,0,1,3,1,0,0,0.0
2026-08-12,S003,TAB0830,0,0,0,3,3,0,0,0.0
2026-08-12,S004,TAB0830,0,1,1,3,0,0,0,0.0
2026-08-12,S005,TAB0830,1,8,6,1,0,0,3,383.73
2026-08-12,S006,TAB0830,0,0,0,3,3,0,0,0.0
2026-08-12,S007,TAB0830,0,0,0,3,0,0,0,0.0
2026-08-12,S008,TAB0830,0,0,0,1,3,0,0,0.0
2026-08-12,S009,TAB0830,0,6,3,3,3,0,3,383.73
2026-08-12,S010,TAB0830,0,0,0,3,3,0,0,0.0
2026-08-12,S001,TAB0831,0,0,0,0,1,0,0,0.0
2026-08-12,S002,TAB0831,1,0,0,2,2,0,1,219.74
2026-08-12,S003,TAB0831,1,0,1,3,0,0,0,0.0
2026-08-12,S004,TAB0831,0,0,0,3,0,0,0,0.0
2026-08-12,S005,TAB0831,1,0,0,1,0,0,1,219.74
2026-08-12,S006,TAB0831,0,2,0,3,2,0,2,439.48
2026-08-12,S007,TAB0831,0,0,0,3,0,0,0,0.0
2026-08-12,S008,TAB0831,1,0,1,1,3,0,0,0.0
2026-08-12,S009,TAB0831,0,1,0,1,2,0,1,219.74
2026-08-12,S010,TAB0831,0,1,0,2,3,0,1,219.74
2026-08-12,S001,TAB0832,0,2,1,3,0,0,1,198.31
2026-08-12,S002,TAB0832,1,1,2,2,3,0,0,0.0
2026-08-12,S003,TAB0832,1,0,0,3,3,0,1,198.31
2026-08-12,S004,TAB0832,1,0,0,1,3,0,1,198.31
2026-08-12,S005,TAB0832,0,0,0,2,2,0,0,0.0
2026-08-12,S006,TAB0832,0,4,2,3,0,0,2,396.62
2026-08-12,S007,TAB0832,0,1,1,3,3,0,0,0.0
2026-08-12,S008,TAB0832,0,0,0,0,2,0,0,0.0
2026-08-12,S009,TAB0832,0,1,1,1,1,0,0,0.0
2026-08-12,S010,TAB0832,0,2,2,1,1,1,0,0.0
2026-08-12,S001,TAB0833,0,0,0,0,3,0,0,0.0
2026-08-12,S002,TAB0833,0,3,2,0,1,0,1,273.87
2026-08-12,S003,TAB0833,0,3,2,1,2,0,1,273.87
2026-08-12,S004,TAB0833,0,0,0,0,2,0,0,0.0
2026-08-12,S005,TAB0833,0,1,1,2,1,0,0,0.0
2026-08-12,S006,TAB0833,1,0,0,3,1,0,1,273.87
2026-08-12,S007,TAB0833,0,3,1,2,1,0,2,547.74
2026-08-12,S008,TAB0833,1,1,1,2,3,0,1,273.87
2026-08-12,S009,TAB0833,0,0,0,3,0,0,0,0.0
2026-08-12,S010,TAB0833,1,0,0,0,3,0,1,273.87
2026-08-12,S001,TAB0834,2,5,5,2,2,0,2,194.68
2026-08-12,S002,TAB0834,0,1,1,2,3,0,0,0.0
2026-08-12,S003,TAB0834,0,1,1,2,3,0,0,0.0
2026-08-12,S004,TAB0834,0,1,1,0,0,0,0,0.0
2026-08-12,S005,TAB0834,0,2,2,2,3,0,0,0.0
2026-08-12,S006,TAB0834,0,1,1,2,0,0,0,0.0
2026-08-12,S007,TAB0834,0,3,3,3,3,0,0,0.0
2026-08-12,S008,TAB0834,1,1,1,2,3,0,1,97.34
2026-08-12,S009,TAB0834,1,4,4,0,2,0,1,97.34
2026-08-12,S010,TAB0834,0,0,0,2,2,0,0,0.0
2026-08-12,S001,TAB0835,0,0,0,2,2,0,0,0.0
2026-08-12,S002,TAB0835,1,0,0,2,0,0,1,176.95
2026-08-12,S003,TAB0835,0,1,0,2,1,0,1,176.95
2026-08-12,S004,TAB0835,1,0,0,2,1,0,1,176.95
2026-08-12,S005,TAB0835,1,0,0,0,2,0,1,176.95
2026-08-12,S006,TAB0835,1,2,2,2,2,0,1,176.95
2026-08-12,S007,TAB0835,0,1,0,1,0,0,1,176.95
2026-08-12,S008,TAB0835,1,0,0,2,1,0,1,176.95
2026-08-12,S009,TAB0835,0,1,0,1,0,0,1,176.95
2026-08-12,S010,TAB0835,0,5,4,3,1,0,1,176.95
2026-08-12,S001,TAB0836,0,1,0,3,2,0,1,177.87
2026-08-12,S002,TAB0836,0,1,1,3,2,0,0,0.0
2026-08-12,S003,TAB0836,1,2,2,2,1,0,1,177.87
2026-08-12,S004,TAB0836,0,1,0,1,2,0,1,177.87
2026-08-12,S005,TAB0836,0,0,0,0,0,0,0,0.0
2026-08-12,S006,TAB0836,0,2,2,1,3,1,0,0.0
2026-08-12,S007,TAB0836,0,2,2,2,3,0,0,0.0
2026-08-12,S008,TAB0836,1,0,0,1,2,0,1,177.87
2026-08-12,S009,TAB0836,1,1,2,1,3,0,0,0.0
2026-08-12,S010,TAB0836,0,0,0,3,3,0,0,0.0
2026-08-12,S001,TAB0837,0,0,0,3,1,0,0,0.0
2026-08-12,S002,TAB0837,0,1,0,1,1,0,1,179.6
2026-08-12,S003,TAB0837,2,9,8,0,3,0,3,538.8
2026-08-12,S004,TAB0837,1,0,0,3,3,1,1,179.6
2026-08-12,S005,TAB0837,1,0,0,0,2,0,1,179.6
2026-08-12,S006,TAB0837,1,3,3,1,0,0,1,179.6
2026-08-12,S007,TAB0837,0,0,0,2,0,0,0,0.0
2026-08-12,S008,TAB0837,2,1,1,3,2,0,2,359.2
2026-08-12,S009,TAB0837,0,1,0,0,0,0,1,179.6
2026-08-12,S010,TAB0837,0,0,0,1,0,0,0,0.0
2026-08-12,S001,TAB0838,0,0,0,0,2,0,0,0.0
2026-08-12,S002,TAB0838,1,2,2,3,1,0,1,153.19
2026-08-12,S003,TAB0838,1,1,1,0,1,0,1,153.19
2026-08-12,S004,TAB0838,1,0,0,0,3,0,1,153.19
2026-08-12,S005,TAB0838,0,1,0,2,1,0,1,153.19
2026-08-12,S006,TAB0838,1,0,0,3,3,0,1,153.19
2026-08-12,S007,TAB0838,1,2,2,3,3,0,1,153.19
2026-08-12,S008,TAB0838,1,3,3,3,2,0,1,153.19
2026-08-12,S009,TAB0838,0,2,2,1,3,0,0,0.0
2026-08-12,S010,TAB0838,0,2,0,0,1,0,2,306.38
2026-08-12,S001,TAB0839,0,0,0,2,0,1,0,0.0
2026-08-12,S002,TAB0839,2,2,2,1,0,0,2,368.08
2026-08-12,S003,TAB0839,0,0,0,2,2,0,0,0.0
2026-08-12,S004,TAB0839,0,0,0,3,1,0,0,0.0
2026-08-12,S005,TAB0839,0,0,0,0,0,0,0,0.0
2026-08-12,S006,TAB0839,1,1,2,2,0,0,0,0.0
2026-08-12,S007,TAB0839,0,1,0,1,1,0,1,184.04
2026-08-12,S008,TAB0839,0,0,0,0,2,0,0,0.0
2026-08-12,S009,TAB0839,1,0,0,3,2,0,1,184.04
2026-08-12,S010,TAB0839,0,0,0,3,1,0,0,0.0
2026-08-12,S001,TAB0840,0,0,0,1,0,0,0,0.0
2026-08-12,S002,TAB0840,0,1,0,3,0,0,1,186.88
2026-08-12,S003,TAB0840,0,0,0,3,0,0,0,0.0
2026-08-12,S004,TAB0840,1,0,0,2,1,0,1,186.88
2026-08-12,S005,TAB0840,1,0,0,0,2,0,1,186.88
2026-08-12,S006,TAB0840,0,4,3,1,2,0,1,186.88
2026-08-12,S007,TAB0840,0,0,0,2,3,0,0,0.0
2026-08-12,S008,TAB0840,1,0,1,3,3,0,0,0.0
2026-08-12,S009,TAB0840,1,0,1,2,0,0,0,0.0
2026-08-12,S010,TAB0840,0,0,0,2,3,0,0,0.0
2026-08-12,S001,TAB0841,0,2,1,2,0,1,1,155.79
2026-08-12,S002,TAB0841,0,3,2,3,0,0,1,155.79
2026-08-12,S003,TAB0841,0,0,0,1,3,0,0,0.0
2026-08-12,S004,TAB0841,2,2,2,3,1,0,2,311.58
2026-08-12,S005,TAB0841,1,1,1,0,0,0,1,155.79
2026-08-12,S006,TAB0841,0,0,0,2,3,0,0,0.0
2026-08-12,S007,TAB0841,0,0,0,1,0,0,0,0.0
2026-08-12,S008,TAB0841,0,1,0,1,2,0,1,155.79
2026-08-12,S009,TAB0841,0,2,2,0,2,1,0,0.0
2026-08-12,S010,TAB0841,0,0,0,1,3,0,0,0.0
2026-08-12,S001,TAB0842,0,1,0,1,1,0,1,237.6
2026-08-12,S002,TAB0842,0,8,5,2,3,0,3,712.8
2026-08-12,S003,TAB0842,0,0,0,1,1,0,0,0.0
2026-08-12,S004,TAB0842,0,0,0,2,0,0,0,0.0
2026-08-12,S005,TAB0842,1,0,1,3,3,0,0,0.0
2026-08-12,S006,TAB0842,1,0,0,1,0,1,1,237.6
2026-08-12,S007,TAB0842,1,7,5,1,2,0,3,712.8
2026-08-12,S008,TAB0842,2,1,1,1,0,0,2,475.2
2026-08-12,S009,TAB0842,2,1,1,0,3,0,2,475.2
2026-08-12,S010,TAB0842,0,1,0,3,1,0,1,237.6
2026-08-12,S001,TAB0843,0,0,0,2,1,0,0,0.0
2026-08-12,S002,TAB0843,2,3,3,0,3,0,2,670.58
2026-08-12,S003,TAB0843,0,0,0,2,3,0,0,0.0
2026-08-12,S004,TAB0843,0,0,0,1,3,0,0,0.0
2026-08-12,S005,TAB0843,1,1,1,0,1,0,1,335.29
2026-08-12,S006,TAB0843,0,5,3,1,3,0,2,670.58
2026-08-12,S007,TAB0843,1,7,6,3,0,0,2,670.58
2026-08-12,S008,TAB0843,1,7,5,0,3,0,3,1005.87
2026-08-12,S009,TAB0843,1,4,4,0,1,0,1,335.29
2026-08-12,S010,TAB0843,0,1,0,3,0,0,1,335.29
2026-08-12,S001,TAB0844,0,0,0,2,2,0,0,0.0
2026-08-12,S002,TAB0844,0,0,0,3,1,1,0,0.0
2026-08-12,S003,TAB0844,1,1,1,1,0,0,1,94.73
2026-08-12,S004,TAB0844,0,0,0,1,0,0,0,0.0
2026-08-12,S005,TAB0844,1,1,1,0,1,0,1,94.73
2026-08-12,S006,TAB0844,1,0,0,2,2,0,1,94.73
2026-08-12,S007,TAB0844,0,1,0,3,3,0,1,94.73
2026-08-12,S008,TAB0844,0,0,0,0,1,0,0,0.0
2026-08-12,S009,TAB0844,0,0,0,0,0,0,0,0.0
2026-08-12,S010,TAB0844,0,0,0,3,2,0,0,0.0
2026-08-12,S001,TAB0845,0,0,0,1,0,0,0,0.0
2026-08-12,S002,TAB0845,0,0,0,3,2,0,0,0.0
2026-08-12,S003,TAB0845,0,2,2,3,1,0,0,0.0
2026-08-12,S004,TAB0845,0,0,0,2,1,0,0,0.0
2026-08-12,S005,TAB0845,0,1,0,1,2,0,1,229.61
2026-08-12,S006,TAB0845,0,3,1,0,0,0,2,459.22
2026-08-12,S007,TAB0845,0,2,0,0,0,0,2,459.22
2026-08-12,S008,TAB0845,1,1,1,0,2,0,1,229.61
2026-08-12,S009,TAB0845,0,0,0,2,3,0,0,0.0
2026-08-12,S010,TAB0845,0,1,0,3,0,0,1,229.61
2026-08-12,S001,TAB0846,0,0,0,3,2,0,0,0.0
2026-08-12,S002,TAB0846,1,1,1,2,0,0,1,263.13
2026-08-12,S003,TAB0846,0,4,3,0,1,0,1,263.13
2026-08-12,S004,TAB0846,0,4,3,0,1,0,1,263.13
2026-08-12,S005,TAB0846,0,0,0,3,2,0,0,0.0
2026-08-12,S006,TAB0846,0,4,3,1,3,0,1,263.13
2026-08-12,S007,TAB0846,0,1,0,1,0,0,1,263.13
2026-08-12,S008,TAB0846,0,0,0,2,1,0,0,0.0
2026-08-12,S009,TAB0846,1,0,0,1,0,0,1,263.13
2026-08-12,S010,TAB0846,0,9,5,1,1,0,4,1052.52
2026-08-12,S001,TAB0847,1,0,0,1,2,0,1,99.17
2026-08-12,S002,TAB0847,2,3,3,3,0,0,2,198.34
2026-08-12,S003,TAB0847,2,0,0,1,3,0,2,198.34
2026-08-12,S004,TAB0847,1,0,0,3,1,0,1,99.17
2026-08-12,S005,TAB0847,0,0,0,1,0,0,0,0.0
2026-08-12,S006,TAB0847,1,2,1,1,2,0,2,198.34
2026-08-12,S007,TAB0847,1,1,1,2,0,0,1,99.17
2026-08-12,S008,TAB0847,1,0,0,3,1,0,1,99.17
2026-08-12,S009,TAB0847,1,0,0,2,0,0,1,99.17
2026-08-12,S010,TAB0847,0,0,0,3,1,0,0,0.0
2026-08-12,S001,TAB0848,0,0,0,1,2,0,0,0.0
2026-08-12,S002,TAB0848,1,2,2,1,3,0,1,112.97
2026-08-12,S003,TAB0848,0,5,3,0,2,0,2,225.94
2026-08-12,S004,TAB0848,0,3,2,0,2,0,1,112.97
2026-08-12,S005,TAB0848,0,3,2,1,0,0,1,112.97
2026-08-12,S006,TAB0848,1,0,0,2,3,0,1,112.97
2026-08-12,S007,TAB0848,0,1,0,3,1,0,1,112.97
2026-08-12,S008,TAB0848,2,3,3,3,2,0,2,225.94
2026-08-12,S009,TAB0848,1,0,0,3,0,0,1,112.97
2026-08-12,S010,TAB0848,0,1,0,1,1,0,1,112.97
2026-08-12,S001,TAB0849,1,1,1,0,0,0,1,205.59
2026-08-12,S002,TAB0849,0,0,0,0,0,1,0,0.0
2026-08-12,S003,TAB0849,0,1,0,0,3,0,1,205.59
2026-08-12,S004,TAB0849,0,0,0,3,3,0,0,0.0
2026-08-12,S005,TAB0849,0,0,0,1,2,0,0,0.0
2026-08-12,S006,TAB0849,0,0,0,0,3,0,0,0.0
2026-08-12,S007,TAB0849,0,0,0,3,3,0,0,0.0
2026-08-12,S008,TAB0849,1,1,1,0,0,0,1,205.59
2026-08-12,S009,TAB0849,0,0,0,1,1,0,0,0.0
2026-08-12,S010,TAB0849,1,0,0,2,2,0,1,205.59
2026-08-12,S001,TAB0850,2,8,7,3,2,0,3,215.94
2026-08-12,S002,TAB0850,1,3,2,2,3,0,2,143.96
2026-08-12,S003,TAB0850,1,1,1,0,3,0,1,71.98
2026-08-12,S004,TAB0850,0,1,0,2,3,0,1,71.98
2026-08-12,S005,TAB0850,0,4,3,2,2,0,1,71.98
2026-08-12,S006,TAB0850,0,2,1,0,1,0,1,71.98
2026-08-12,S007,TAB0850,1,0,0,1,0,0,1,71.98
2026-08-12,S008,TAB0850,0,3,2,2,2,0,1,71.98
2026-08-12,S009,TAB0850,1,4,4,2,2,0,1,71.98
2026-08-12,S010,TAB0850,1,2,2,0,2,0,1,71.98
2026-08-12,S001,KIT0851,0,2,1,0,2,0,1,27.77
2026-08-12,S002,KIT0851,2,7,7,0,3,0,2,55.54
2026-08-12,S003,KIT0851,1,1,2,0,3,0,0,0.0
2026-08-12,S004,KIT0851,0,6,4,1,2,0,2,55.54
2026-08-12,S005,KIT0851,0,2,1,0,0,0,1,27.77
2026-08-12,S006,KIT0851,1,0,1,1,1,0,0,0.0
2026-08-12,S007,KIT0851,1,0,1,3,0,0,0,0.0
2026-08-12,S008,KIT0851,1,1,1,1,1,0,1,27.77
2026-08-12,S009,KIT0851,0,5,4,1,3,0,1,27.77
2026-08-12,S010,KIT0851,0,1,0,3,1,0,1,27.77
2026-08-12,S001,KIT0852,1,0,0,3,1,0,1,63.13
2026-08-12,S002,KIT0852,1,0,0,1,1,0,1,63.13
2026-08-12,S003,KIT0852,0,0,0,1,1,0,0,0.0
2026-08-12,S004,KIT0852,0,0,0,1,3,0,0,0.0
2026-08-12,S005,KIT0852,1,0,0,1,3,0,1,63.13
2026-08-12,S006,KIT0852,0,1,1,1,3,0,0,0.0
2026-08-12,S007,KIT0852,0,7,5,0,0,0,2,126.26
2026-08-12,S008,KIT0852,1,3,3,3,0,0,1,63.13
2026-08-12,S009,KIT0852,0,1,0,0,3,0,1,63.13
2026-08-12,S010,KIT0852,1,0,1,2,3,1,0,0.0
2026-08-12,S001,KIT0853,1,1,1,0,0,0,1,51.93
2026-08-12,S002,KIT0853,0,6,4,0,2,0,2,103.86
2026-08-12,S003,KIT0853,1,1,2,3,1,0,0,0.0
2026-08-12,S004,KIT0853,0,1,1,1,3,0,0,0.0
2026-08-12,S005,KIT0853,0,1,0,1,1,0,1,51.93
2026-08-12,S006,KIT0853,0,3,2,2,2,0,1,51.93
2026-08-12,S007,KIT0853,1,1,1,0,0,0,1,51.93
2026-08-12,S008,KIT0853,0,7,4,3,2,0,3,155.79
2026-08-12,S009,KIT0853,0,2,1,0,1,0,1,51.93
2026-08-12,S010,KIT0853,1,0,1,0,0,0,0,0.0
2026-08-12,S001,KIT0854,0,2,2,1,3,0,0,0.0
2026-08-12,S002,KIT0854,2,3,3,1,3,0,2,154.02
2026-08-12,S003,KIT0854,0,1,0,0,2,0,1,77.01
2026-08-12,S004,KIT0854,1,2,3,3,2,0,0,0.0
2026-08-12,S005,KIT0854,0,1,0,3,3,0,1,77.01
2026-08-12,S006,KIT0854,0,2,1,3,0,0,1,77.01
2026-08-12,S007,KIT0854,1,2,2,0,0,0,1,77.01
2026-08-12,S008,KIT0854,2,14,12,2,1,0,4,308.04
2026-08-12,S009,KIT0854,0,8,4,3,1,0,4,308.04
2026-08-12,S010,KIT0854,1,1,1,0,1,0,1,77.01
2026-08-12,S001,KIT0855,0,2,1,3,3,0,1,27.07
2026-08-12,S002,KIT0855,1,2,3,1,2,0,0,0.0
2026-08-12,S003,KIT0855,1,0,1,3,1,0,0,0.0
2026-08-12,S004,KIT0855,1,1,2,2,3,0,0,0.0
2026-08-12,S005,KIT0855,0,1,0,1,2,0,1,27.07
2026-08-12,S006,KIT0855,0,0,0,1,0,0,0,0.0
2026-08-12,S007,KIT0855,1,2,2,0,1,0,1,27.07
2026-08-12,S008,KIT0855,0,0,0,0,2,0,0,0.0
2026-08-12,S009,KIT0855,1,0,1,1,3,0,0,0.0
2026-08-12,S010,KIT0855,0,2,1,1,2,0,1,27.07
2026-08-12,S001,KIT0856,0,0,0,0,0,0,0,0.0
2026-08-12,S002,KIT0856,0,3,2,0,1,0,1,64.24
2026-08-12,S003,KIT0856,1,3,3,0,2,0,1,64.24
2026-08-12,S004,KIT0856,0,2,1,1,1,1,1,64.24
2026-08-12,S005,KIT0856,0,0,0,2,0,0,0,0.0
2026-08-12,S006,KIT0856,0,11,7,0,2,0,4,256.96
2026-08-12,S007,KIT0856,0,6,4,2,0,0,2,128.48
2026-08-12,S008,KIT0856,1,1,1,2,1,0,1,64.24
2026-08-12,S009,KIT0856,0,1,1,0,1,0,0,0.0
2026-08-12,S010,KIT0856,0,1,0,1,3,0,1,64.24
2026-08-12,S001,KIT0857,1,0,1,2,2,0,0,0.0
2026-08-12,S002,KIT0857,0,3,2,1,3,0,1,59.69
2026-08-12,S003,KIT0857,1,0,0,0,3,0,1,59.69
2026-08-12,S004,KIT0857,1,2,2,3,0,0,1,59.69
2026-08-12,S005,KIT0857,0,0,0,3,1,0,0,0.0
2026-08-12,S006,KIT0857,0,11,8,3,0,0,3,179.07
2026-08-12,S007,KIT0857,0,1,0,1,2,0,1,59.69
2026-08-12,S008,KIT0857,0,1,1,1,1,0,0,0.0
2026-08-12,S009,KIT0857,0,0,0,0,1,0,0,0.0
2026-08-12,S010,KIT0857,0,0,0,3,0,0,0,0.0
2026-08-12,S001,KIT0858,1,0,0,2,1,0,1,28.1
2026-08-12,S002,KIT0858,1,1,1,1,2,0,1,28.1
2026-08-12,S003,KIT0858,0,1,0,1,0,0,1,28.1
2026-08-12,S004,KIT0858,1,0,0,0,3,0,1,28.1
2026-08-12,S005,KIT0858,2,5,5,0,0,0,2,56.2
2026-08-12,S006,KIT0858,1,0,0,0,2,0,1,28.1
2026-08-12,S007,KIT0858,0,3,3,1,3,0,0,0.0
2026-08-12,S008,KIT0858,0,1,0,1,2,0,1,28.1
2026-08-12,S009,KIT0858,1,4,4,2,0,0,1,28.1
2026-08-12,S010,KIT0858,0,5,4,1,0,0,1,28.1
2026-08-12,S001,KIT0859,0,6,3,2,3,0,3,252.3
2026-08-12,S002,KIT0859,1,0,0,1,0,0,1,84.1
2026-08-12,S003,KIT0859,1,0,1,3,1,1,0,0.0
2026-08-12,S004,KIT0859,0,6,5,3,1,0,1,84.1
2026-08-12,S005,KIT0859,0,8,6,3,3,0,2,168.2
2026-08-12,S006,KIT0859,1,4,5,2,3,0,0,0.0
2026-08-12,S007,KIT0859,0,7,5,3,3,0,2,168.2
2026-08-12,S008,KIT0859,2,4,4,3,3,0,2,168.2
2026-08-12,S009,KIT0859,1,1,2,0,1,0,0,0.0
2026-08-12,S010,KIT0859,0,0,0,2,2,0,0,0.0
2026-08-12,S001,KIT0860,1,0,1,3,2,0,0,0.0
2026-08-12,S002,KIT0860,1,1,1,1,1,0,1,17.76
2026-08-12,S003,KIT0860,1,0,0,3,1,0,1,17.76
2026-08-12,S004,KIT0860,0,0,0,0,2,0,0,0.0
2026-08-12,S005,KIT0860,1,0,1,3,0,0,0,0.0
2026-08-12,S006,KIT0860,0,4,2,1,1,0,2,35.52
2026-08-12,S007,KIT0860,0,7,5,2,1,0,2,35.52
2026-08-12,S008,KIT0860,0,2,1,3,2,0,1,17.76
2026-08-12,S009,KIT0860,0,0,0,0,3,0,0,0.0
2026-08-12,S010,KIT0860,0,1,0,3,2,0,1,17.76
2026-08-12,S001,KIT0861,0,2,0,3,3,0,2,196.12
2026-08-12,S002,KIT0861,0,1,1,0,2,0,0,0.0
2026-08-12,S003,KIT0861,1,0,0,3,1,0,1,98.06
2026-08-12,S004,KIT0861,0,1,0,1,1,0,1,98.06
2026-08-12,S005,KIT0861,1,0,1,3,3,0,0,0.0
2026-08-12,S006,KIT0861,0,0,0,2,1,0,0,0.0
2026-08-12,S007,KIT0861,1,0,0,0,3,0,1,98.06
2026-08-12,S008,KIT0861,0,0,0,0,2,0,0,0.0
2026-08-12,S009,KIT0861,0,0,0,3,1,0,0,0.0
2026-08-12,S010,KIT0861,0,1,0,1,1,0,1,98.06
2026-08-12,S001,KIT0862,1,8,7,0,0,0,2,57.9
2026-08-12,S002,KIT0862,1,15,11,0,2,0,5,144.75
2026-08-12,S003,KIT0862,0,2,1,0,3,0,1,28.95
2026-08-12,S004,KIT0862,1,5,3,0,3,0,3,86.85
2026-08-12,S005,KIT0862,1,1,2,0,1,0,0,0.0
2026-08-12,S006,KIT0862,1,1,2,1,1,0,0,0.0
2026-08-12,S007,KIT0862,0,4,3,1,3,0,1,28.95
2026-08-12,S008,KIT0862,0,1,1,0,2,0,0,0.0
2026-08-12,S009,KIT0862,1,0,0,1,1,0,1,28.95
2026-08-12,S010,KIT0862,3,12,10,3,0,0,5,144.75
2026-08-12,S001,KIT0863,0,1,1,3,0,0,0,0.0
2026-08-12,S002,KIT0863,0,1,0,3,1,0,1,77.06
2026-08-12,S003,KIT0863,1,0,0,0,3,0,1,77.06
2026-08-12,S004,KIT0863,0,0,0,3,1,0,0,0.0
2026-08-12,S005,KIT0863,1,1,2,3,3,0,0,0.0
2026-08-12,S006,KIT0863,2,4,4,0,2,0,2,154.12
2026-08-12,S007,KIT0863,1,3,2,3,1,0,2,154.12
2026-08-12,S008,KIT0863,1,4,4,0,2,0,1,77.06
2026-08-12,S009,KIT0863,0,0,0,1,1,0,0,0.0
2026-08-12,S010,KIT0863,0,0,0,2,3,0,0,0.0
2026-08-12,S001,KIT0864,0,5,4,3,0,0,1,23.15
2026-08-12,S002,KIT0864,0,0,0,2,3,0,0,0.0
2026-08-12,S003,KIT0864,1,4,4,0,1,1,1,23.15
2026-08-12,S004,KIT0864,1,5,5,1,3,0,1,23.15
2026-08-12,S005,KIT0864,0,0,0,3,2,0,0,0.0
2026-08-12,S006,KIT0864,1,1,2,0,0,0,0,0.0
2026-08-12,S007,KIT0864,0,2,1,2,3,0,1,23.15
2026-08-12,S008,KIT0864,1,4,4,3,2,0,1,23.15
2026-08-12,S009,KIT0864,0,0,0,0,0,0,0,0.0
2026-08-12,S010,KIT0864,2,1,1,1,3,0,2,46.3
2026-08-12,S001,KIT0865,0,1,0,0,1,0,1,106.86
2026-08-12,S002,KIT0865,1,3,3,3,1,0,1,106.86
2026-08-12,S003,KIT0865,0,0,0,3,1,0,0,0.0
2026-08-12,S004,KIT0865,0,1,1,1,2,0,0,0.0
2026-08-12,S005,KIT0865,2,3,3,1,3,0,2,213.72
2026-08-12,S006,KIT0865,1,0,1,2,0,0,0,0.0
2026-08-12,S007,KIT0865,0,3,2,0,3,0,1,106.86
2026-08-12,S008,KIT0865,0,0,0,1,2,0,0,0.0
2026-08-12,S009,KIT0865,1,2,2,3,0,0,1,106.86
2026-08-12,S010,KIT0865,1,0,0,2,1,0,1,106.86
2026-08-12,S001,KIT0866,1,0,0,0,3,0,1,37.97
2026-08-12,S002,KIT0866,1,3,3,0,2,0,1,37.97
2026-08-12,S003,KIT0866,0,3,1,0,2,0,2,75.94
2026-08-12,S004,KIT0866,0,0,0,2,0,0,0,0.0
2026-08-12,S005,KIT0866,1,1,2,3,0,0,0,0.0
2026-08-12,S006,KIT0866,0,3,2,1,0,0,1,37.97
2026-08-12,S007,KIT0866,0,2,1,3,2,1,1,37.97
2026-08-12,S008,KIT0866,1,1,1,1,3,0,1,37.97
2026-08-12,S009,KIT0866,0,4,3,1,0,0,1,37.97
2026-08-12,S010,KIT0866,0,0,0,2,3,0,0,0.0
2026-08-12,S001,KIT0867,1,0,0,1,1,0,1,99.46
2026-08-12,S002,KIT0867,0,4,3,0,3,0,1,99.46
2026-08-12,S003,KIT0867,1,0,1,3,1,0,0,0.0
2026-08-12,S004,KIT0867,1,2,2,3,0,0,1,99.46
2026-08-12,S005,KIT0867,1,0,1,3,0,0,0,0.0
2026-08-12,S006,KIT0867,0,3,2,0,3,0,1,99.46
2026-08-12,S007,KIT0867,1,3,4,1,3,0,0,0.0
2026-08-12,S008,KIT0867,0,6,5,0,1,0,1,99.46
2026-08-12,S009,KIT0867,1,3,3,1,1,0,1,99.46
2026-08-12,S010,KIT0867,0,0,0,1,1,0,0,0.0
2026-08-12,S001,KIT0868,1,0,1,0,2,0,0,0.0
2026-08-12,S002,KIT0868,1,5,4,3,3,0,2,62.88
2026-08-12,S003,KIT0868,2,5,5,3,0,0,2,62.88
2026-08-12,S004,KIT0868,0,1,1,3,1,0,0,0.0
2026-08-12,S005,KIT0868,1,3,4,0,1,0,0,0.0
2026-08-12,S006,KIT0868,1,11,9,3,1,0,3,94.32
2026-08-12,S007,KIT0868,0,1,1,0,1,0,0,0.0
2026-08-12,S008,KIT0868,0,2,1,2,1,0,1,31.44
2026-08-12,S009,KIT0868,0,1,1,1,1,0,0,0.0
2026-08-12,S010,KIT0868,1,2,3,0,0,0,0,0.0
2026-08-12,S001,KIT0869,0,0,0,2,0,0,0,0.0
2026-08-12,S002,KIT0869,1,2,2,0,2,0,1,46.77
2026-08-12,S003,KIT0869,0,0,0,2,1,0,0,0.0
2026-08-12,S004,KIT0869,0,0,0,0,3,0,0,0.0
2026-08-12,S005,KIT0869,1,2,2,2,1,0,1,46.77
2026-08-12,S006,KIT0869,0,0,0,1,2,0,0,0.0
2026-08-12,S007,KIT0869,0,0,0,1,2,0,0,0.0
2026-08-12,S008,KIT0869,0,0,0,1,0,0,0,0.0
2026-08-12,S009,KIT0869,0,0,0,0,3,0,0,0.0
2026-08-12,S010,KIT0869,0,0,0,1,0,0,0,0.0
2026-08-12,S001,KIT0870,0,2,2,0,3,0,0,0.0
2026-08-12,S002,KIT0870,1,0,1,3,1,0,0,0.0
2026-08-12,S003,KIT0870,1,0,1,0,0,0,0,0.0
2026-08-12,S004,KIT0870,0,0,0,3,2,0,0,0.0
2026-08-12,S005,KIT0870,0,1,1,3,2,0,0,0.0
2026-08-12,S006,KIT0870,1,1,2,1,1,0,0,0.0
2026-08-12,S007,KIT0870,1,0,0,3,2,0,1,36.98
2026-08-12,S008,KIT0870,2,4,4,2,0,0,2,73.96
2026-08-12,S009,KIT0870,0,0,0,1,1,0,0,0.0
2026-08-12,S010,KIT0870,0,2,2,0,0,0,0,0.0
2026-08-12,S001,KIT0871,1,0,0,3,2,0,1,35.1
2026-08-12,S002,KIT0871,1,7,6,0,0,0,2,70.2
2026-08-12,S003,KIT0871,1,6,5,0,1,0,2,70.2
2026-08-12,S004,KIT0871,0,0,0,2,3,0,0,0.0
2026-08-12,S005,KIT0871,0,7,6,1,1,0,1,35.1
2026-08-12,S006,KIT0871,0,2,1,2,0,0,1,35.1
2026-08-12,S007,KIT0871,1,4,4,3,3,0,1,35.1
2026-08-12,S008,KIT0871,1,2,2,2,2,0,1,35.1
2026-08-12,S009,KIT0871,1,2,3,3,3,0,0,0.0
2026-08-12,S010,KIT0871,0,1,1,1,1,0,0,0.0
2026-08-12,S001,KIT0872,0,0,0,3,1,0,0,0.0
2026-08-12,S002,KIT0872,1,2,2,3,1,0,1,60.95
2026-08-12,S003,KIT0872,0,7,5,3,1,0,2,121.9
2026-08-12,S004,KIT0872,1,1,1,1,0,0,1,60.95
2026-08-12,S005,KIT0872,0,2,0,3,2,0,2,121.9
2026-08-12,S006,KIT0872,0,2,1,3,2,0,1,60.95
2026-08-12,S007,KIT0872,1,6,4,3,2,0,3,182.85
2026-08-12,S008,KIT0872,0,2,2,3,3,0,0,0.0
2026-08-12,S009,KIT0872,1,1,1,1,3,0,1,60.95
2026-08-12,S010,KIT0872,0,1,0,0,0,0,1,60.95
2026-08-12,S001,KIT0873,1,0,0,0,0,0,1,11.0
2026-08-12,S002,KIT0873,1,0,0,0,3,0,1,11.0
2026-08-12,S003,KIT0873,0,0,0,3,1,0,0,0.0
2026-08-12,S004,KIT0873,1,0,0,2,2,0,1,11.0
2026-08-12,S005,KIT0873,1,0,0,3,2,0,1,11.0
2026-08-12,S006,KIT0873,0,12,9,3,1,0,3,33.0
2026-08-12,S007,KIT0873,0,0,0,2,0,0,0,0.0
2026-08-12,S008,KIT0873,0,0,0,3,2,0,0,0.0
2026-08-12,S009,KIT0873,0,1,1,3,0,0,0,0.0
2026-08-12,S010,KIT0873,0,2,2,1,1,0,0,0.0
2026-08-12,S001,KIT0874,0,0,0,1,1,0,0,0.0
2026-08-12,S002,KIT0874,0,1,0,3,0,0,1,89.93
2026-08-12,S003,KIT0874,0,0,0,3,3,0,0,0.0
2026-08-12,S004,KIT0874,0,0,0,2,2,0,0,0.0
2026-08-12,S005,KIT0874,0,0,0,3,0,0,0,0.0
2026-08-12,S006,KIT0874,1,1,1,0,1,0,1,89.93
2026-08-12,S007,KIT0874,1,0,0,1,2,0,1,89.93
2026-08-12,S008,KIT0874,0,7,4,1,1,0,3,269.79
2026-08-12,S009,KIT0874,0,7,4,2,1,0,3,269.79
2026-08-12,S010,KIT0874,0,1,0,0,2,0,1,89.93
2026-08-12,S001,KIT0875,0,0,0,2,3,1,0,0.0
2026-08-12,S002,KIT0875,2,3,3,2,2,0,2,59.2
2026-08-12,S003,KIT0875,1,0,0,3,0,0,1,29.6
2026-08-12,S004,KIT0875,0,0,0,0,2,0,0,0.0
2026-08-12,S005,KIT0875,1,0,0,2,2,0,1,29.6
2026-08-12,S006,KIT0875,0,3,2,3,0,0,1,29.6
2026-08-12,S007,KIT0875,1,5,4,2,3,0,2,59.2
2026-08-12,S008,KIT0875,0,1,0,1,2,0,1,29.6
2026-08-12,S009,KIT0875,1,4,4,0,3,0,1,29.6
2026-08-12,S010,KIT0875,0,0,0,0,2,0,0,0.0
2026-08-12,S001,KIT0876,0,1,1,2,3,0,0,0.0
2026-08-12,S002,KIT0876,1,1,2,1,1,0,0,0.0
2026-08-12,S003,KIT0876,0,3,2,0,3,0,1,76.82
2026-08-12,S004,KIT0876,0,0,0,1,2,0,0,0.0
2026-08-12,S005,KIT0876,1,3,3,3,2,0,1,76.82
2026-08-12,S006,KIT0876,1,1,2,2,1,1,0,0.0
2026-08-12,S007,KIT0876,0,1,0,3,1,0,1,76.82
2026-08-12,S008,KIT0876,2,3,3,1,0,0,2,153.64
2026-08-12,S009,KIT0876,0,0,0,1,3,0,0,0.0
2026-08-12,S010,KIT0876,1,1,0,1,2,0,2,153.64
2026-08-12,S001,KIT0877,1,1,1,1,3,0,1,70.31
2026-08-12,S002,KIT0877,1,0,1,2,0,0,0,0.0
2026-08-12,S003,KIT0877,1,0,0,0,3,0,1,70.31
2026-08-12,S004,KIT0877,0,0,0,0,0,0,0,0.0
2026-08-12,S005,KIT0877,1,0,0,0,0,0,1,70.31
2026-08-12,S006,KIT0877,2,7,6,1,3,0,3,210.93
2026-08-12,S007,KIT0877,0,1,1,0,0,0,0,0.0
2026-08-12,S008,KIT0877,1,4,3,2,2,0,2,140.62
2026-08-12,S009,KIT0877,1,0,1,1,0,0,0,0.0
2026-08-12,S010,KIT0877,0,5,3,0,2,0,2,140.62
2026-08-12,S001,KIT0878,0,0,0,0,2,0,0,0.0
2026-08-12,S002,KIT0878,1,2,0,1,1,0,3,174.9
2026-08-12,S003,KIT0878,1,1,2,1,2,0,0,0.0
2026-08-12,S004,KIT0878,1,3,2,2,3,0,2,116.6
2026-08-12,S005,KIT0878,1,2,2,1,1,0,1,58.3
2026-08-12,S006,KIT0878,1,0,0,3,2,1,1,58.3
2026-08-12,S007,KIT0878,1,5,4,3,3,0,2,116.6
2026-08-12,S008,KIT0878,0,0,0,1,3,0,0,0.0
2026-08-12,S009,KIT0878,0,1,0,0,0,0,1,58.3
2026-08-12,S010,KIT0878,1,0,1,2,0,0,0,0.0
2026-08-12,S001,KIT0879,1,0,0,0,0,0,1,92.19
2026-08-12,S002,KIT0879,2,4,4,2,1,0,2,184.38
2026-08-12,S003,KIT0879,2,1,1,1,1,0,2,184.38
2026-08-12,S004,KIT0879,1,1,2,1,0,0,0,0.0
2026-08-12,S005,KIT0879,0,0,0,0,2,0,0,0.0
2026-08-12,S006,KIT0879,1,4,4,1,0,0,1,92.19
2026-08-12,S007,KIT0879,1,7,6,0,3,0,2,184.38
2026-08-12,S008,KIT0879,1,4,4,3,1,0,1,92.19
2026-08-12,S009,KIT0879,0,1,0,3,3,0,1,92.19
2026-08-12,S010,KIT0879,0,3,2,0,1,0,1,92.19
2026-08-12,S001,KIT0880,0,0,0,2,1,0,0,0.0
2026-08-12,S002,KIT0880,1,3,3,2,3,0,1,61.7
2026-08-12,S003,KIT0880,0,1,1,1,3,0,0,0.0
2026-08-12,S004,KIT0880,0,2,0,0,0,0,2,123.4
2026-08-12,S005,KIT0880,0,5,4,0,2,0,1,61.7
2026-08-12,S006,KIT0880,1,0,0,2,3,0,1,61.7
2026-08-12,S007,KIT0880,1,2,2,0,3,0,1,61.7
2026-08-12,S008,KIT0880,0,0,0,0,0,0,0,0.0
2026-08-12,S009,KIT0880,1,0,0,1,0,0,1,61.7
2026-08-12,S010,KIT0880,0,2,1,1,1,0,1,61.7
2026-08-12,S001,KIT0881,1,5,4,3,2,0,2,114.8
2026-08-12,S002,KIT0881,1,0,0,3,0,0,1,57.4
2026-08-12,S003,KIT0881,0,2,1,2,2,0,1,57.4
2026-08-12,S004,KIT0881,1,1,2,1,2,0,0,0.0
2026-08-12,S005,KIT0881,1,1,2,2,2,0,0,0.0
2026-08-12,S006,KIT0881,0,1,0,3,3,0,1,57.4
2026-08-12,S007,KIT0881,0,1,0,0,2,0,1,57.4
2026-08-12,S008,KIT0881,2,7,6,3,0,0,3,172.2
2026-08-12,S009,KIT0881,0,1,0,0,1,0,1,57.4
2026-08-12,S010,KIT0881,0,0,0,0,3,0,0,0.0
2026-08-12,S001,KIT0882,1,0,1,0,0,1,0,0.0
2026-08-12,S002,KIT0882,1,2,3,3,2,0,0,0.0
2026-08-12,S003,KIT0882,0,0,0,2,0,0,0,0.0
2026-08-12,S004,KIT0882,0,1,0,0,0,0,1,104.81
2026-08-12,S005,KIT0882,1,0,0,1,2,0,1,104.81
2026-08-12,S006,KIT0882,2,0,0,3,0,0,2,209.62
2026-08-12,S007,KIT0882,1,2,2,1,1,0,1,104.81
2026-08-12,S008,KIT0882,1,4,3,0,0,0,2,209.62
2026-08-12,S009,KIT0882,1,1,1,2,1,0,1,104.81
2026-08-12,S010,KIT0882,1,5,4,1,3,0,2,209.62
2026-08-12,S001,KIT0883,1,0,1,0,1,0,0,0.0
2026-08-12,S002,KIT0883,1,0,0,0,3,0,1,75.87
2026-08-12,S003,KIT0883,0,1,1,0,0,0,0,0.0
2026-08-12,S004,KIT0883,0,1,0,0,2,0,1,75.87
2026-08-12,S005,KIT0883,1,2,3,1,0,0,0,0.0
2026-08-12,S006,KIT0883,2,6,5,3,2,0,3,227.61
2026-08-12,S007,KIT0883,0,0,0,3,0,0,0,0.0
2026-08-12,S008,KIT0883,0,3,2,1,0,1,1,75.87
2026-08-12,S009,KIT0883,1,0,0,1,0,0,1,75.87
2026-08-12,S010,KIT0883,0,1,0,3,0,0,1,75.87
2026-08-12,S001,KIT0884,0,0,0,1,3,0,0,0.0
2026-08-12,S002,KIT0884,1,0,1,0,2,0,0,0.0
2026-08-12,S003,KIT0884,0,0,0,1,0,0,0,0.0
2026-08-12,S004,KIT0884,1,0,0,0,1,0,1,17.26
2026-08-12,S005,KIT0884,1,1,2,2,1,0,0,0.0
2026-08-12,S006,KIT0884,1,0,0,2,1,0,1,17.26
2026-08-12,S007,KIT0884,1,6,5,3,0,0,2,34.52
2026-08-12,S008,KIT0884,0,3,2,0,3,0,1,17.26
2026-08-12,S009,KIT0884,0,1,0,3,3,0,1,17.26
2026-08-12,S010,KIT0884,0,2,0,0,1,0,2,34.52
2026-08-12,S001,KIT0885,1,0,1,3,2,0,0,0.0
2026-08-12,S002,KIT0885,1,5,4,0,0,0,2,71.42
2026-08-12,S003,KIT0885,0,2,1,3,3,0,1,35.71
2026-08-12,S004,KIT0885,1,0,1,3,1,0,0,0.0
2026-08-12,S005,KIT0885,0,0,0,1,3,0,0,0.0
2026-08-12,S006,KIT0885,0,1,0,0,3,0,1,35.71
2026-08-12,S007,KIT0885,0,4,3,2,0,0,1,35.71
2026-08-12,S008,KIT0885,0,0,0,0,2,0,0,0.0
2026-08-12,S009,KIT0885,1,0,1,0,2,0,0,0.0
2026-08-12,S010,KIT0885,1,0,1,0,1,0,0,0.0
2026-08-12,S001,KIT0886,1,1,1,2,1,0,1,49.76
2026-08-12,S002,KIT0886,1,1,2,2,3,0,0,0.0
2026-08-12,S003,KIT0886,0,0,0,1,2,0,0,0.0
2026-08-12,S004,KIT0886,0,0,0,0,2,0,0,0.0
2026-08-12,S005,KIT0886,1,0,0,3,0,0,1,49.76
2026-08-12,S006,KIT0886,1,3,3,1,1,0,1,49.76
2026-08-12,S007,KIT0886,1,3,3,2,0,0,1,49.76
2026-08-12,S008,KIT0886,2,2,2,2,3,0,2,99.52
2026-08-12,S009,KIT0886,0,0,0,2,2,0,0,0.0
2026-08-12,S010,KIT0886,1,3,3,0,1,0,1,49.76
2026-08-12,S001,KIT0887,1,4,4,0,1,0,1,78.16
2026-08-12,S002,KIT0887,1,1,1,3,0,0,1,78.16
2026-08-12,S003,KIT0887,0,0,0,1,0,0,0,0.0
2026-08-12,S004,KIT0887,1,4,4,0,1,0,1,78.16
2026-08-12,S005,KIT0887,0,4,2,1,0,0,2,156.32
2026-08-12,S006,KIT0887,1,4,3,2,1,0,2,156.32
2026-08-12,S007,KIT0887,1,2,3,1,3,0,0,0.0
2026-08-12,S008,KIT0887,0,3,2,0,3,0,1,78.16
2026-08-12,S009,KIT0887,1,1,2,3,1,0,0,0.0
2026-08-12,S010,KIT0887,1,0,1,2,1,0,0,0.0
2026-08-12,S001,KIT0888,1,0,0,3,3,0,1,62.59
2026-08-12,S002,KIT0888,2,4,4,3,1,0,2,125.18
2026-08-12,S003,KIT0888,0,4,3,0,3,0,1,62.59
2026-08-12,S004,KIT0888,0,2,2,0,1,0,0,0.0
2026-08-12,S005,KIT0888,0,4,3,1,3,0,1,62.59
2026-08-12,S006,KIT0888,1,1,1,0,2,0,1,62.59
2026-08-12,S007,KIT0888,0,0,0,0,1,0,0,0.0
2026-08-12,S008,KIT0888,0,1,0,3,0,0,1,62.59
2026-08-12,S009,KIT0888,1,0,0,0,2,0,1,62.59
2026-08-12,S010,KIT0888,0,1,0,0,2,0,1,62.59
2026-08-12,S001,KIT0889,2,4,4,3,2,0,2,55.14
2026-08-12,S002,KIT0889,1,0,1,1,3,0,0,0.0
2026-08-12,S003,KIT0889,2,4,4,2,3,0,2,55.14
2026-08-12,S004,KIT0889,0,0,0,3,2,0,0,0.0
2026-08-12,S005,KIT0889,0,1,1,3,2,0,0,0.0
2026-08-12,S006,KIT0889,1,3,3,1,2,0,1,27.57
2026-08-12,S007,KIT0889,1,1,1,3,1,0,1,27.57
2026-08-12,S008,KIT0889,1,5,4,3,3,0,2,55.14
2026-08-12,S009,KIT0889,0,10,7,1,3,0,3,82.71
2026-08-12,S010,KIT0889,0,0,0,2,0,0,0,0.0
2026-08-12,S001,KIT0890,0,5,4,3,1,0,1,23.89
2026-08-12,S002,KIT0890,0,2,2,3,2,0,0,0.0
2026-08-12,S003,KIT0890,1,1,1,3,3,0,1,23.89
2026-08-12,S004,KIT0890,0,0,0,0,1,0,0,0.0
2026-08-12,S005,KIT0890,1,2,2,3,1,0,1,23.89
2026-08-12,S006,KIT0890,0,0,0,2,0,0,0,0.0
2026-08-12,S007,KIT0890,0,5,3,3,2,0,2,47.78
2026-08-12,S008,KIT0890,0,1,0,0,2,0,1,23.89
2026-08-12,S009,KIT0890,0,0,0,1,1,0,0,0.0
2026-08-12,S010,KIT0890,1,0,0,1,2,0,1,23.89
2026-08-12,S001,KIT0891,0,2,1,0,3,0,1,48.33
2026-08-12,S002,KIT0891,1,4,4,0,0,0,1,48.33
2026-08-12,S003,KIT0891,0,3,3,0,3,0,0,0.0
2026-08-12,S004,KIT0891,1,0,0,3,0,0,1,48.33
2026-08-12,S005,KIT0891,0,2,2,3,0,0,0,0.0
2026-08-12,S006,KIT0891,1,4,4,3,0,0,1,48.33
2026-08-12,S007,KIT0891,1,6,6,1,0,0,1,48.33
2026-08-12,S008,KIT0891,0,0,0,0,2,0,0,0.0
2026-08-12,S009,KIT0891,1,0,1,0,2,0,0,0.0
2026-08-12,S010,KIT0891,0,2,2,3,1,0,0,0.0
2026-08-12,S001,KIT0892,1,2,2,2,0,0,1,28.23
2026-08-12,S002,KIT0892,0,0,0,1,0,1,0,0.0
2026-08-12,S003,KIT0892,0,2,1,1,3,0,1,28.23
2026-08-12,S004,KIT0892,1,0,1,0,0,0,0,0.0
2026-08-12,S005,KIT0892,2,2,2,0,0,0,2,56.46
2026-08-12,S006,KIT0892,0,1,1,0,1,0,0,0.0
2026-08-12,S007,KIT0892,1,0,1,2,2,0,0,0.0
2026-08-12,S008,KIT0892,0,0,0,2,1,0,0,0.0
2026-08-12,S009,KIT0892,2,1,1,3,0,0,2,56.46
2026-08-12,S010,KIT0892,0,0,0,3,1,0,0,0.0
2026-08-12,S001,KIT0893,0,4,3,1,2,0,1,45.03
2026-08-12,S002,KIT0893,0,1,1,3,2,0,0,0.0
2026-08-12,S003,KIT0893,0,0,0,0,3,0,0,0.0
2026-08-12,S004,KIT0893,0,3,3,1,0,0,0,0.0
2026-08-12,S005,KIT0893,1,0,0,1,1,0,1,45.03
2026-08-12,S006,KIT0893,0,5,4,2,2,0,1,45.03
2026-08-12,S007,KIT0893,1,1,0,3,0,0,2,90.06
2026-08-12,S008,KIT0893,0,1,0,1,0,0,1,45.03
2026-08-12,S009,KIT0893,2,2,2,2,0,0,2,90.06
2026-08-12,S010,KIT0893,0,1,0,3,2,0,1,45.03
2026-08-12,S001,KIT0894,1,5,5,0,3,0,1,91.2
2026-08-12,S002,KIT0894,0,2,2,2,1,0,0,0.0
2026-08-12,S003,KIT0894,0,1,0,0,1,0,1,91.2
2026-08-12,S004,KIT0894,1,4,4,1,2,0,1,91.2
2026-08-12,S005,KIT0894,1,0,0,3,0,0,1,91.2
2026-08-12,S006,KIT0894,0,0,0,2,0,0,0,0.0
2026-08-12,S007,KIT0894,1,0,0,3,1,0,1,91.2
2026-08-12,S008,KIT0894,2,6,5,2,1,0,3,273.6
2026-08-12,S009,KIT0894,0,7,5,1,0,0,2,182.4
2026-08-12,S010,KIT0894,0,4,3,0,3,0,1,91.2
2026-08-12,S001,KIT0895,0,0,0,0,2,0,0,0.0
2026-08-12,S002,KIT0895,0,0,0,1,3,0,0,0.0
2026-08-12,S003,KIT0895,0,0,0,1,1,0,0,0.0
2026-08-12,S004,KIT0895,1,0,0,0,2,0,1,64.07
2026-08-12,S005,KIT0895,1,0,0,3,2,0,1,64.07
2026-08-12,S006,KIT0895,0,0,0,2,0,0,0,0.0
2026-08-12,S007,KIT0895,0,0,0,3,1,0,0,0.0
2026-08-12,S008,KIT0895,0,1,0,0,0,0,1,64.07
2026-08-12,S009,KIT0895,0,0,0,0,2,0,0,0.0
2026-08-12,S010,KIT0895,1,0,0,0,0,0,1,64.07
2026-08-12,S001,KIT0896,0,1,0,1,0,0,1,17.67
2026-08-12,S002,KIT0896,1,8,6,3,0,0,3,53.01
2026-08-12,S003,KIT0896,0,3,1,0,0,0,2,35.34
2026-08-12,S004,KIT0896,0,0,0,1,3,0,0,0.0
2026-08-12,S005,KIT0896,1,3,3,2,0,0,1,17.67
2026-08-12,S006,KIT0896,1,0,1,0,3,0,0,0.0
2026-08-12,S007,KIT0896,2,0,0,2,3,0,2,35.34
2026-08-12,S008,KIT0896,0,1,0,1,0,0,1,17.67
2026-08-12,S009,KIT0896,1,0,0,2,0,1,1,17.67
2026-08-12,S010,KIT0896,1,1,1,1,1,0,1,17.67
2026-08-12,S001,KIT0897,1,4,4,3,0,0,1,15.71
2026-08-12,S002,KIT0897,1,0,0,0,3,0,1,15.71
2026-08-12,S003,KIT0897,0,3,2,1,3,0,1,15.71
2026-08-12,S004,KIT0897,1,0,1,0,2,0,0,0.0
2026-08-12,S005,KIT0897,0,3,2,2,0,0,1,15.71
2026-08-12,S006,KIT0897,2,6,6,1,0,0,2,31.42
2026-08-12,S007,KIT0897,1,3,3,0,2,0,1,15.71
2026-08-12,S008,KIT0897,0,3,2,0,3,0,1,15.71
2026-08-12,S009,KIT0897,1,0,0,2,2,0,1,15.71
2026-08-12,S010,KIT0897,0,2,2,2,2,0,0,0.0
2026-08-12,S001,KIT0898,0,8,7,3,0,0,1,85.07
2026-08-12,S002,KIT0898,1,2,2,1,3,0,1,85.07
2026-08-12,S003,KIT0898,0,1,1,3,1,0,0,0.0
2026-08-12,S004,KIT0898,0,2,1,2,3,1,1,85.07
2026-08-12,S005,KIT0898,0,1,0,0,0,0,1,85.07
2026-08-12,S006,KIT0898,1,4,4,2,1,0,1,85.07
2026-08-12,S007,KIT0898,0,9,6,3,0,0,3,255.21
2026-08-12,S008,KIT0898,1,0,1,1,0,0,0,0.0
2026-08-12,S009,KIT0898,0,0,0,3,0,0,0,0.0
2026-08-12,S010,KIT0898,1,3,3,2,2,0,1,85.07
2026-08-12,S001,KIT0899,0,0,0,2,0,0,0,0.0
2026-08-12,S002,KIT0899,1,2,2,1,3,0,1,30.52
2026-08-12,S003,KIT0899,0,2,1,1,2,0,1,30.52
2026-08-12,S004,KIT0899,0,1,0,0,1,0,1,30.52
2026-08-12,S005,KIT0899,0,1,0,1,1,0,1,30.52
2026-08-12,S006,KIT0899,0,4,3,2,1,0,1,30.52
2026-08-12,S007,KIT0899,0,0,0,1,0,0,0,0.0
2026-08-12,S008,KIT0899,2,1,1,2,2,0,2,61.04
2026-08-12,S009,KIT0899,0,7,4,1,0,0,3,91.56
2026-08-12,S010,KIT0899,0,2,1,0,1,0,1,30.52
2026-08-12,S001,KIT0900,0,0,0,1,0,0,0,0.0
2026-08-12,S002,KIT0900,0,2,2,1,0,0,0,0.0
2026-08-12,S003,KIT0900,0,2,2,1,3,0,0,0.0
2026-08-12,S004,KIT0900,0,0,0,1,1,0,0,0.0
2026-08-12,S005,KIT0900,0,4,3,2,3,0,1,66.81
2026-08-12,S006,KIT0900,0,2,2,1,0,0,0,0.0
2026-08-12,S007,KIT0900,0,9,8,0,2,0,1,66.81
2026-08-12,S008,KIT0900,0,3,2,3,0,0,1,66.81
2026-08-12,S009,KIT0900,0,0,0,2,3,0,0,0.0
2026-08-12,S010,KIT0900,0,1,0,0,3,0,1,66.81
2026-08-12,S001,KIT0901,1,3,3,3,0,0,1,39.04
2026-08-12,S002,KIT0901,2,3,3,0,3,0,2,78.08
2026-08-12,S003,KIT0901,1,3,4,1,0,0,0,0.0
2026-08-12,S004,KIT0901,0,2,2,1,3,0,0,0.0
2026-08-12,S005,KIT0901,1,1,1,3,2,0,1,39.04
2026-08-12,S006,KIT0901,0,16,11,3,2,0,5,195.2
2026-08-12,S007,KIT0901,0,4,2,1,3,0,2,78.08
2026-08-12,S008,KIT0901,1,1,2,1,2,0,0,0.0
2026-08-12,S009,KIT0901,1,1,1,1,1,0,1,39.04
2026-08-12,S010,KIT0901,1,2,2,0,0,0,1,39.04
2026-08-12,S001,KIT0902,1,1,2,2,0,0,0,0.0
2026-08-12,S002,KIT0902,0,3,2,2,3,1,1,25.44
2026-08-12,S003,KIT0902,0,2,2,1,0,0,0,0.0
2026-08-12,S004,KIT0902,0,3,2,3,3,0,1,25.44
2026-08-12,S005,KIT0902,1,0,1,3,3,0,0,0.0
2026-08-12,S006,KIT0902,1,1,1,0,1,0,1,25.44
2026-08-12,S007,KIT0902,1,0,0,3,0,0,1,25.44
2026-08-12,S008,KIT0902,1,0,0,2,0,0,1,25.44
2026-08-12,S009,KIT0902,1,0,0,0,3,0,1,25.44
2026-08-12,S010,KIT0902,0,0,0,0,0,0,0,0.0
2026-08-12,S001,KIT0903,1,6,5,2,0,0,2,40.54
2026-08-12,S002,KIT0903,0,9,6,0,0,0,3,60.81
2026-08-12,S003,KIT0903,0,2,2,3,1,0,0,0.0
2026-08-12,S004,KIT0903,1,3,3,1,3,0,1,20.27
2026-08-12,S005,KIT0903,1,0,0,0,2,0,1,20.27
2026-08-12,S006,KIT0903,2,7,7,2,0,0,2,40.54
2026-08-12,S007,KIT0903,0,3,2,0,2,0,1,20.27
2026-08-12,S008,KIT0903,0,1,1,3,1,0,0,0.0
2026-08-12,S009,KIT0903,0,1,1,1,0,0,0,0.0
2026-08-12,S010,KIT0903,0,0,0,2,1,0,0,0.0
2026-08-12,S001,KIT0904,1,0,0,0,3,0,1,102.53
2026-08-12,S002,KIT0904,1,1,0,2,3,0,2,205.06
2026-08-12,S003,KIT0904,0,1,0,0,0,0,1,102.53
2026-08-12,S004,KIT0904,0,0,0,1,1,0,0,0.0
2026-08-12,S005,KIT0904,1,1,0,0,2,0,2,205.06
2026-08-12,S006,KIT0904,1,9,7,2,3,0,3,307.59
2026-08-12,S007,KIT0904,0,1,1,1,0,0,0,0.0
2026-08-12,S008,KIT0904,1,1,0,1,3,0,2,205.06
2026-08-12,S009,KIT0904,1,0,1,2,0,0,0,0.0
2026-08-12,S010,KIT0904,0,0,0,1,1,0,0,0.0
2026-08-12,S001,KIT0905,1,0,0,1,2,0,1,69.79
2026-08-12,S002,KIT0905,0,2,1,2,1,0,1,69.79
2026-08-12,S003,KIT0905,0,2,0,3,3,0,2,139.58
2026-08-12,S004,KIT0905,1,7,6,2,2,0,2,139.58
2026-08-12,S005,KIT0905,0,0,0,0,0,0,0,0.0
2026-08-12,S006,KIT0905,0,4,3,2,1,0,1,69.79
2026-08-12,S007,KIT0905,2,1,1,0,3,0,2,139.58
2026-08-12,S008,KIT0905,1,6,5,3,0,0,2,139.58
2026-08-12,S009,KIT0905,1,0,0,3,3,0,1,69.79
2026-08-12,S010,KIT0905,1,0,1,3,3,0,0,0.0
2026-08-12,S001,KIT0906,0,0,0,0,3,0,0,0.0
2026-08-12,S002,KIT0906,0,0,0,0,2,0,0,0.0
2026-08-12,S003,KIT0906,0,0,0,1,2,0,0,0.0
2026-08-12,S004,KIT0906,1,1,1,2,0,0,1,18.33
2026-08-12,S005,KIT0906,0,0,0,2,2,0,0,0.0
2026-08-12,S006,KIT0906,0,1,0,0,3,0,1,18.33
2026-08-12,S007,KIT0906,1,1,2,2,3,0,0,0.0
2026-08-12,S008,KIT0906,0,4,3,1,0,0,1,18.33
2026-08-12,S009,KIT0906,0,1,1,1,1,0,0,0.0
2026-08-12,S010,KIT0906,1,1,1,3,0,0,1,18.33
2026-08-12,S001,KIT0907,2,4,4,0,0,0,2,176.3
2026-08-12,S002,KIT0907,0,2,2,3,1,0,0,0.0
2026-08-12,S003,KIT0907,0,0,0,1,2,0,0,0.0
2026-08-12,S004,KIT0907,0,4,3,1,2,0,1,88.15
2026-08-12,S005,KIT0907,0,4,2,2,0,0,2,176.3
2026-08-12,S006,KIT0907,1,1,2,0,0,0,0,0.0
2026-08-12,S007,KIT0907,1,0,1,2,2,0,0,0.0
2026-08-12,S008,KIT0907,0,1,1,1,1,0,0,0.0
2026-08-12,S009,KIT0907,1,0,0,1,1,0,1,88.15
2026-08-12,S010,KIT0907,1,3,3,1,1,1,1,88.15
2026-08-12,S001,KIT0908,0,0,0,0,1,0,0,0.0
2026-08-12,S002,KIT0908,0,1,0,1,1,0,1,68.61
2026-08-12,S003,KIT0908,0,1,0,1,2,0,1,68.61
2026-08-12,S004,KIT0908,1,5,4,3,3,0,2,137.22
2026-08-12,S005,KIT0908,0,0,0,2,3,0,0,0.0
2026-08-12,S006,KIT0908,0,0,0,2,2,0,0,0.0
2026-08-12,S007,KIT0908,0,1,1,2,1,0,0,0.0
2026-08-12,S008,KIT0908,0,0,0,2,0,0,0,0.0
2026-08-12,S009,KIT0908,0,0,0,1,0,0,0,0.0
2026-08-12,S010,KIT0908,0,0,0,1,3,0,0,0.0
2026-08-12,S001,KIT0909,0,0,0,3,1,0,0,0.0
2026-08-12,S002,KIT0909,0,2,1,0,3,0,1,74.45
2026-08-12,S003,KIT0909,0,0,0,3,2,0,0,0.0
2026-08-12,S004,KIT0909,0,0,0,0,2,0,0,0.0
2026-08-12,S005,KIT0909,0,0,0,1,0,0,0,0.0
2026-08-12,S006,KIT0909,0,1,0,2,1,0,1,74.45
2026-08-12,S007,KIT0909,0,0,0,1,0,0,0,0.0
2026-08-12,S008,KIT0909,0,1,0,1,2,0,1,74.45
2026-08-12,S009,KIT0909,1,2,2,1,0,0,1,74.45
2026-08-12,S010,KIT0909,0,4,3,0,1,0,1,74.45
2026-08-12,S001,KIT0910,0,0,0,2,1,0,0,0.0
2026-08-12,S002,KIT0910,2,5,5,1,3,0,2,75.96
2026-08-12,S003,KIT0910,0,1,1,0,1,0,0,0.0
2026-08-12,S004,KIT0910,0,1,1,0,1,0,0,0.0
2026-08-12,S005,KIT0910,0,1,0,1,3,0,1,37.98
2026-08-12,S006,KIT0910,0,10,6,2,2,0,4,151.92
2026-08-12,S007,KIT0910,0,2,2,3,2,0,0,0.0
2026-08-12,S008,KIT0910,1,0,0,0,1,0,1,37.98
2026-08-12,S009,KIT0910,1,2,2,2,1,0,1,37.98
2026-08-12,S010,KIT0910,1,3,3,3,2,0,1,37.98
2026-08-12,S001,KIT0911,0,4,3,1,3,0,1,53.12
2026-08-12,S002,KIT0911,1,0,1,1,1,0,0,0.0
2026-08-12,S003,KIT0911,0,1,1,0,2,0,0,0.0
2026-08-12,S004,KIT0911,0,1,0,1,0,1,1,53.12
2026-08-12,S005,KIT0911,0,4,3,1,2,0,1,53.12
2026-08-12,S006,KIT0911,1,1,1,0,3,0,1,53.12
2026-08-12,S007,KIT0911,0,1,1,3,0,0,0,0.0
2026-08-12,S008,KIT0911,0,2,2,1,2,1,0,0.0
2026-08-12,S009,KIT0911,0,1,0,0,3,0,1,53.12
2026-08-12,S010,KIT0911,0,0,0,0,3,0,0,0.0
2026-08-12,S001,KIT0912,0,0,0,3,3,0,0,0.0
2026-08-12,S002,KIT0912,0,0,0,2,1,0,0,0.0
2026-08-12,S003,KIT0912,0,1,0,3,1,0,1,69.74
2026-08-12,S004,KIT0912,0,0,0,3,2,0,0,0.0
2026-08-12,S005,KIT0912,0,0,0,1,3,0,0,0.0
2026-08-12,S006,KIT0912,0,4,2,0,0,1,2,139.48
2026-08-12,S007,KIT0912,1,0,1,0,3,0,0,0.0
2026-08-12,S008,KIT0912,0,1,0,3,2,0,1,69.74
2026-08-12,S009,KIT0912,1,0,0,1,2,0,1,69.74
2026-08-12,S010,KIT0912,1,8,6,0,2,0,3,209.22
2026-08-12,S001,KIT0913,2,3,3,1,2,0,2,165.32
2026-08-12,S002,KIT0913,1,7,6,2,3,0,2,165.32
2026-08-12,S003,KIT0913,2,0,0,2,1,0,2,165.32
2026-08-12,S004,KIT0913,0,3,2,1,2,0,1,82.66
2026-08-12,S005,KIT0913,0,0,0,2,1,0,0,0.0
2026-08-12,S006,KIT0913,0,12,8,2,2,0,4,330.64
2026-08-12,S007,KIT0913,0,2,2,3,3,0,0,0.0
2026-08-12,S008,KIT0913,2,2,2,1,2,0,2,165.32
2026-08-12,S009,KIT0913,0,0,0,2,0,0,0,0.0
2026-08-12,S010,KIT0913,0,0,0,1,1,0,0,0.0
2026-08-12,S001,KIT0914,0,2,1,2,0,0,1,89.83
2026-08-12,S002,KIT0914,0,3,2,1,2,0,1,89.83
2026-08-12,S003,KIT0914,2,0,0,2,3,0,2,179.66
2026-08-12,S004,KIT0914,0,0,0,2,0,0,0,0.0
2026-08-12,S005,KIT0914,0,0,0,3,0,0,0,0.0
2026-08-12,S006,KIT0914,0,7,5,3,3,0,2,179.66
2026-08-12,S007,KIT0914,0,0,0,2,2,0,0,0.0
2026-08-12,S008,KIT0914,0,6,4,3,1,0,2,179.66
2026-08-12,S009,KIT0914,1,5,5,3,1,0,1,89.83
2026-08-12,S010,KIT0914,0,1,0,1,2,0,1,89.83
2026-08-12,S001,KIT0915,0,1,0,0,3,0,1,66.37
2026-08-12,S002,KIT0915,0,1,0,1,1,0,1,66.37
2026-08-12,S003,KIT0915,0,1,0,2,0,0,1,66.37
2026-08-12,S004,KIT0915,1,4,4,0,3,0,1,66.37
2026-08-12,S005,KIT0915,2,3,3,1,1,0,2,132.74
2026-08-12,S006,KIT0915,0,2,2,3,1,0,0,0.0
2026-08-12,S007,KIT0915,2,1,1,1,1,0,2,132.74
2026-08-12,S008,KIT0915,0,0,0,0,3,0,0,0.0
2026-08-12,S009,KIT0915,1,0,1,2,2,0,0,0.0
2026-08-12,S010,KIT0915,1,2,2,0,1,0,1,66.37
2026-08-12,S001,KIT0916,0,4,3,0,1,0,1,93.54
2026-08-12,S002,KIT0916,0,8,5,1,3,0,3,280.62
2026-08-12,S003,KIT0916,0,1,0,3,2,0,1,93.54
2026-08-12,S004,KIT0916,1,0,0,0,0,0,1,93.54
2026-08-12,S005,KIT0916,0,2,2,3,0,0,0,0.0
2026-08-12,S006,KIT0916,1,11,9,2,1,0,3,280.62
2026-08-12,S007,KIT0916,0,4,2,0,0,0,2,187.08
2026-08-12,S008,KIT0916,1,0,1,0,1,0,0,0.0
2026-08-12,S009,KIT0916,1,1,1,2,2,0,1,93.54
2026-08-12,S010,KIT0916,0,4,3,2,3,0,1,93.54
2026-08-12,S001,KIT0917,0,0,0,2,3,0,0,0.0
2026-08-12,S002,KIT0917,0,7,5,0,2,0,2,107.6
2026-08-12,S003,KIT0917,0,2,2,1,0,0,0,0.0
2026-08-12,S004,KIT0917,1,2,2,3,1,0,1,53.8
2026-08-12,S005,KIT0917,1,0,0,1,2,1,1,53.8
2026-08-12,S006,KIT0917,1,16,11,1,3,0,6,322.8
2026-08-12,S007,KIT0917,1,4,2,1,3,0,3,161.4
2026-08-12,S008,KIT0917,1,3,4,1,2,0,0,0.0
2026-08-12,S009,KIT0917,0,0,0,3,3,0,0,0.0
2026-08-12,S010,KIT0917,1,0,0,0,1,0,1,53.8
2026-08-12,S001,KIT0918,0,8,6,1,1,0,2,49.16
2026-08-12,S002,KIT0918,1,0,1,3,1,0,0,0.0
2026-08-12,S003,KIT0918,0,1,1,0,0,0,0,0.0
2026-08-12,S004,KIT0918,0,2,2,3,1,0,0,0.0
2026-08-12,S005,KIT0918,1,0,0,0,1,0,1,24.58
2026-08-12,S006,KIT0918,2,7,6,2,1,0,3,73.74
2026-08-12,S007,KIT0918,0,2,1,0,0,1,1,24.58
2026-08-12,S008,KIT0918,2,3,3,2,1,0,2,49.16
2026-08-12,S009,KIT0918,0,2,2,3,0,0,0,0.0
2026-08-12,S010,KIT0918,0,0,0,3,0,0,0,0.0
2026-08-12,S001,KIT0919,1,0,0,0,2,0,1,20.41
2026-08-12,S002,KIT0919,2,7,6,1,2,0,3,61.23
2026-08-12,S003,KIT0919,1,4,4,2,3,0,1,20.41
2026-08-12,S004,KIT0919,0,1,1,0,0,0,0,0.0
2026-08-12,S005,KIT0919,1,3,3,3,0,0,1,20.41
2026-08-12,S006,KIT0919,0,7,5,0,2,0,2,40.82
2026-08-12,S007,KIT0919,0,3,2,0,0,0,1,20.41
2026-08-12,S008,KIT0919,0,4,3,3,3,0,1,20.41
2026-08-12,S009,KIT0919,0,5,4,2,3,0,1,20.41
2026-08-12,S010,KIT0919,1,0,1,2,2,0,0,0.0
2026-08-12,S001,KIT0920,0,5,4,3,0,0,1,74.65
2026-08-12,S002,KIT0920,0,0,0,0,2,0,0,0.0
2026-08-12,S003,KIT0920,1,0,0,0,0,0,1,74.65
2026-08-12,S004,KIT0920,0,1,1,0,1,0,0,0.0
2026-08-12,S005,KIT0920,1,1,2,1,3,0,0,0.0
2026-08-12,S006,KIT0920,0,0,0,0,2,0,0,0.0
2026-08-12,S007,KIT0920,1,5,5,1,2,0,1,74.65
2026-08-12,S008,KIT0920,1,4,3,2,0,1,2,149.3
2026-08-12,S009,KIT0920,0,0,0,3,2,0,0,0.0
2026-08-12,S010,KIT0920,0,4,3,1,1,0,1,74.65
2026-08-12,S001,KIT0921,1,0,0,3,1,0,1,67.36
2026-08-12,S002,KIT0921,0,3,1,0,1,0,2,134.72
2026-08-12,S003,KIT0921,1,1,1,2,2,0,1,67.36
2026-08-12,S004,KIT0921,2,2,2,3,0,0,2,134.72
2026-08-12,S005,KIT0921,1,0,0,2,3,1,1,67.36
2026-08-12,S006,KIT0921,0,1,0,1,3,0,1,67.36
2026-08-12,S007,KIT0921,1,0,1,2,2,0,0,0.0
2026-08-12,S008,KIT0921,0,3,2,2,2,0,1,67.36
2026-08-12,S009,KIT0921,0,3,2,3,3,0,1,67.36
2026-08-12,S010,KIT0921,0,1,0,2,3,0,1,67.36
2026-08-12,S001,KIT0922,0,0,0,3,1,0,0,0.0
2026-08-12,S002,KIT0922,1,0,1,2,0,0,0,0.0
2026-08-12,S003,KIT0922,0,0,0,0,1,0,0,0.0
2026-08-12,S004,KIT0922,0,4,3,2,2,0,1,35.75
2026-08-12,S005,KIT0922,0,1,1,1,3,0,0,0.0
2026-08-12,S006,KIT0922,0,1,0,3,1,0,1,35.75
2026-08-12,S007,KIT0922,0,8,7,0,3,0,1,35.75
2026-08-12,S008,KIT0922,1,0,0,2,3,0,1,35.75
2026-08-12,S009,KIT0922,0,0,0,2,0,0,0,0.0
2026-08-12,S010,KIT0922,0,1,1,3,0,0,0,0.0
2026-08-12,S001,KIT0923,0,2,2,1,3,0,0,0.0
2026-08-12,S002,KIT0923,0,1,0,1,1,0,1,38.24
2026-08-12,S003,KIT0923,0,1,0,2,2,0,1,38.24
2026-08-12,S004,KIT0923,0,0,0,0,3,0,0,0.0
2026-08-12,S005,KIT0923,0,0,0,2,0,0,0,0.0
2026-08-12,S006,KIT0923,1,2,1,2,3,0,2,76.48
2026-08-12,S007,KIT0923,0,8,5,3,1,0,3,114.72
2026-08-12,S008,KIT0923,0,4,2,0,3,0,2,76.48
2026-08-12,S009,KIT0923,0,0,0,3,3,0,0,0.0
2026-08-12,S010,KIT0923,0,1,0,3,1,0,1,38.24
2026-08-12,S001,KIT0924,0,2,1,0,2,0,1,52.17
2026-08-12,S002,KIT0924,1,1,1,0,2,0,1,52.17
2026-08-12,S003,KIT0924,0,0,0,2,1,0,0,0.0
2026-08-12,S004,KIT0924,2,3,2,2,0,0,3,156.51
2026-08-12,S005,KIT0924,0,0,0,2,2,0,0,0.0
2026-08-12,S006,KIT0924,1,3,3,1,2,0,1,52.17
2026-08-12,S007,KIT0924,0,8,6,0,2,0,2,104.34
2026-08-12,S008,KIT0924,1,0,0,1,2,0,1,52.17
2026-08-12,S009,KIT0924,1,0,1,2,1,0,0,0.0
2026-08-12,S010,KIT0924,1,2,2,3,3,0,1,52.17
2026-08-12,S001,KIT0925,1,1,1,2,0,0,1,15.67
2026-08-12,S002,KIT0925,0,1,0,0,2,0,1,15.67
2026-08-12,S003,KIT0925,1,3,3,2,0,0,1,15.67
2026-08-12,S004,KIT0925,1,1,1,2,2,0,1,15.67
2026-08-12,S005,KIT0925,0,1,1,1,3,0,0,0.0
2026-08-12,S006,KIT0925,1,2,2,1,3,0,1,15.67
2026-08-12,S007,KIT0925,0,2,1,1,3,0,1,15.67
2026-08-12,S008,KIT0925,0,1,1,3,3,0,0,0.0
2026-08-12,S009,KIT0925,0,0,0,2,2,0,0,0.0
2026-08-12,S010,KIT0925,0,1,0,1,1,0,1,15.67
2026-08-12,S001,KIT0926,0,0,0,2,1,1,0,0.0
2026-08-12,S002,KIT0926,0,4,4,2,3,0,0,0.0
2026-08-12,S003,KIT0926,1,0,1,1,0,0,0,0.0
2026-08-12,S004,KIT0926,1,0,0,3,2,0,1,29.18
2026-08-12,S005,KIT0926,0,1,1,3,2,0,0,0.0
2026-08-12,S006,KIT0926,0,1,1,2,3,0,0,0.0
2026-08-12,S007,KIT0926,1,1,1,2,3,0,1,29.18
2026-08-12,S008,KIT0926,0,1,0,1,0,0,1,29.18
2026-08-12,S009,KIT0926,2,0,0,1,3,0,2,58.36
2026-08-12,S010,KIT0926,0,1,1,3,0,0,0,0.0
2026-08-12,S001,KIT0927,1,2,2,3,2,0,1,22.72
2026-08-12,S002,KIT0927,0,1,1,3,2,0,0,0.0
2026-08-12,S003,KIT0927,0,1,0,2,0,0,1,22.72
2026-08-12,S004,KIT0927,1,1,1,2,3,0,1,22.72
2026-08-12,S005,KIT0927,1,0,0,1,0,0,1,22.72
2026-08-12,S006,KIT0927,2,5,4,0,2,0,3,68.16
2026-08-12,S007,KIT0927,0,1,1,1,2,0,0,0.0
2026-08-12,S008,KIT0927,1,0,0,1,3,0,1,22.72
2026-08-12,S009,KIT0927,1,0,1,1,2,0,0,0.0
2026-08-12,S010,KIT0927,0,0,0,2,3,0,0,0.0
2026-08-12,S001,KIT0928,0,0,0,0,2,1,0,0.0
2026-08-12,S002,KIT0928,1,2,3,1,1,0,0,0.0
2026-08-12,S003,KIT0928,0,3,2,1,3,0,1,49.32
2026-08-12,S004,KIT0928,0,0,0,2,0,0,0,0.0
2026-08-12,S005,KIT0928,0,0,0,0,1,0,0,0.0
2026-08-12,S006,KIT0928,0,4,3,0,2,0,1,49.32
2026-08-12,S007,KIT0928,1,0,0,2,1,0,1,49.32
2026-08-12,S008,KIT0928,1,0,1,2,2,1,0,0.0
2026-08-12,S009,KIT0928,1,1,2,2,1,0,0,0.0
2026-08-12,S010,KIT0928,1,0,0,0,0,0,1,49.32
2026-08-12,S001,KIT0929,0,0,0,2,3,0,0,0.0
2026-08-12,S002,KIT0929,0,2,2,0,2,1,0,0.0
2026-08-12,S003,KIT0929,1,1,0,3,1,0,2,116.3
2026-08-12,S004,KIT0929,0,2,1,2,1,0,1,58.15
2026-08-12,S005,KIT0929,0,1,0,3,0,0,1,58.15
2026-08-12,S006,KIT0929,0,0,0,3,0,0,0,0.0
2026-08-12,S007,KIT0929,0,1,0,2,1,1,1,58.15
2026-08-12,S008,KIT0929,0,1,1,1,2,0,0,0.0
2026-08-12,S009,KIT0929,1,4,3,0,1,0,2,116.3
2026-08-12,S010,KIT0929,0,1,1,1,2,0,0,0.0
2026-08-12,S001,KIT0930,0,1,0,0,0,0,1,14.63
2026-08-12,S002,KIT0930,0,3,1,3,2,0,2,29.26
2026-08-12,S003,KIT0930,0,1,0,2,3,0,1,14.63
2026-08-12,S004,KIT0930,0,0,0,3,3,0,0,0.0
2026-08-12,S005,KIT0930,1,2,1,3,2,0,2,29.26
2026-08-12,S006,KIT0930,0,1,1,0,3,0,0,0.0
2026-08-12,S007,KIT0930,0,0,0,2,1,0,0,0.0
2026-08-12,S008,KIT0930,1,0,0,2,3,0,1,14.63
2026-08-12,S009,KIT0930,0,0,0,2,0,0,0,0.0
2026-08-12,S010,KIT0930,0,0,0,3,3,0,0,0.0
2026-08-12,S001,KIT0931,1,1,2,2,0,0,0,0.0
2026-08-12,S002,KIT0931,0,0,0,3,1,0,0,0.0
2026-08-12,S003,KIT0931,1,0,0,1,0,0,1,35.27
2026-08-12,S004,KIT0931,0,9,6,1,3,0,3,105.81
2026-08-12,S005,KIT0931,0,3,2,1,0,0,1,35.27
2026-08-12,S006,KIT0931,0,4,3,2,1,0,1,35.27
2026-08-12,S007,KIT0931,0,3,2,3,3,0,1,35.27
2026-08-12,S008,KIT0931,0,0,0,2,0,0,0,0.0
2026-08-12,S009,KIT0931,1,2,2,3,2,0,1,35.27
2026-08-12,S010,KIT0931,0,2,2,2,0,0,0,0.0
2026-08-12,S001,KIT0932,0,0,0,2,1,0,0,0.0
2026-08-12,S002,KIT0932,0,4,3,3,3,0,1,106.98
2026-08-12,S003,KIT0932,0,3,1,2,0,0,2,213.96
2026-08-12,S004,KIT0932,2,6,5,0,1,0,3,320.94
2026-08-12,S005,KIT0932,0,1,1,1,1,0,0,0.0
2026-08-12,S006,KIT0932,0,2,2,3,3,0,0,0.0
2026-08-12,S007,KIT0932,0,2,2,1,3,0,0,0.0
2026-08-12,S008,KIT0932,0,1,0,2,1,0,1,106.98
2026-08-12,S009,KIT0932,0,2,2,1,3,0,0,0.0
2026-08-12,S010,KIT0932,0,0,0,2,1,0,0,0.0
2026-08-12,S001,KIT0933,0,0,0,2,2,0,0,0.0
2026-08-12,S002,KIT0933,1,1,2,1,2,0,0,0.0
2026-08-12,S003,KIT0933,0,1,0,3,2,0,1,42.06
2026-08-12,S004,KIT0933,0,0,0,2,3,0,0,0.0
2026-08-12,S005,KIT0933,0,0,0,2,2,0,0,0.0
2026-08-12,S006,KIT0933,1,1,0,1,2,0,2,84.12
2026-08-12,S007,KIT0933,1,0,1,3,1,0,0,0.0
2026-08-12,S008,KIT0933,1,2,2,2,1,0,1,42.06
2026-08-12,S009,KIT0933,0,3,2,1,1,1,1,42.06
2026-08-12,S010,KIT0933,1,1,2,1,1,0,0,0.0
2026-08-12,S001,KIT0934,0,3,2,2,3,0,1,75.52
2026-08-12,S002,KIT0934,0,2,1,0,0,0,1,75.52
2026-08-12,S003,KIT0934,1,0,1,0,3,0,0,0.0
2026-08-12,S004,KIT0934,1,0,1,1,0,0,0,0.0
2026-08-12,S005,KIT0934,1,5,5,3,2,0,1,75.52
2026-08-12,S006,KIT0934,2,9,7,1,1,0,4,302.08
2026-08-12,S007,KIT0934,1,0,0,0,1,0,1,75.52
2026-08-12,S008,KIT0934,0,1,0,3,0,0,1,75.52
2026-08-12,S009,KIT0934,0,0,0,0,2,0,0,0.0
2026-08-12,S010,KIT0934,0,1,0,2,3,0,1,75.52
2026-08-12,S001,KIT0935,0,8,5,2,0,0,3,150.84
2026-08-12,S002,KIT0935,0,2,1,2,3,0,1,50.28
2026-08-12,S003,KIT0935,0,1,0,0,2,0,1,50.28
2026-08-12,S004,KIT0935,0,0,0,3,3,0,0,0.0
2026-08-12,S005,KIT0935,0,0,0,1,2,0,0,0.0
2026-08-12,S006,KIT0935,0,1,1,2,0,0,0,0.0
2026-08-12,S007,KIT0935,0,1,0,0,1,0,1,50.28
2026-08-12,S008,KIT0935,0,1,0,0,3,0,1,50.28
2026-08-12,S009,KIT0935,0,3,2,2,1,0,1,50.28
2026-08-12,S010,KIT0935,0,1,0,2,0,0,1,50.28
2026-08-12,S001,KIT0936,0,0,0,3,0,0,0,0.0
2026-08-12,S002,KIT0936,1,1,1,3,2,0,1,92.99
2026-08-12,S003,KIT0936,0,0,0,1,1,0,0,0.0
2026-08-12,S004,KIT0936,0,0,0,3,3,0,0,0.0
2026-08-12,S005,KIT0936,1,0,0,0,0,0,1,92.99
2026-08-12,S006,KIT0936,1,1,1,0,3,0,1,92.99
2026-08-12,S007,KIT0936,0,0,0,0,2,0,0,0.0
2026-08-12,S008,KIT0936,2,1,1,1,2,0,2,185.98
2026-08-12,S009,KIT0936,1,0,0,3,2,0,1,92.99
2026-08-12,S010,KIT0936,0,0,0,0,0,0,0,0.0
2026-08-12,S001,KIT0937,2,2,2,1,1,0,2,45.14
2026-08-12,S002,KIT0937,0,1,0,0,3,0,1,22.57
2026-08-12,S003,KIT0937,0,0,0,1,0,0,0,0.0
2026-08-12,S004,KIT0937,1,2,2,3,2,0,1,22.57
2026-08-12,S005,KIT0937,1,4,3,0,3,0,2,45.14
2026-08-12,S006,KIT0937,2,14,10,3,1,0,6,135.42
2026-08-12,S007,KIT0937,0,2,0,2,3,0,2,45.14
2026-08-12,S008,KIT0937,0,0,0,0,0,0,0,0.0
2026-08-12,S009,KIT0937,2,3,3,2,1,0,2,45.14
2026-08-12,S010,KIT0937,0,0,0,2,1,0,0,0.0
2026-08-12,S001,KIT0938,1,1,2,3,0,0,0,0.0
2026-08-12,S002,KIT0938,0,0,0,1,2,0,0,0.0
2026-08-12,S003,KIT0938,1,7,5,3,3,0,3,39.75
2026-08-12,S004,KIT0938,1,1,1,2,0,0,1,13.25
2026-08-12,S005,KIT0938,0,0,0,3,3,0,0,0.0
2026-08-12,S006,KIT0938,0,6,3,3,1,0,3,39.75
2026-08-12,S007,KIT0938,0,3,2,1,1,0,1,13.25
2026-08-12,S008,KIT0938,1,2,3,3,2,0,0,0.0
2026-08-12,S009,KIT0938,0,0,0,0,3,0,0,0.0
2026-08-12,S010,KIT0938,1,1,2,1,3,0,0,0.0
2026-08-12,S001,KIT0939,1,1,2,3,2,0,0,0.0
2026-08-12,S002,KIT0939,1,1,2,2,0,0,0,0.0
2026-08-12,S003,KIT0939,1,2,2,0,1,0,1,73.53
2026-08-12,S004,KIT0939,0,0,0,2,0,0,0,0.0
2026-08-12,S005,KIT0939,1,0,0,0,0,0,1,73.53
2026-08-12,S006,KIT0939,0,1,1,0,1,0,0,0.0
2026-08-12,S007,KIT0939,0,2,1,3,2,0,1,73.53
2026-08-12,S008,KIT0939,2,4,4,1,1,0,2,147.06
2026-08-12,S009,KIT0939,1,0,0,1,3,0,1,73.53
2026-08-12,S010,KIT0939,0,2,1,1,0,0,1,73.53
2026-08-12,S001,KIT0940,0,0,0,2,2,0,0,0.0
2026-08-12,S002,KIT0940,1,0,1,3,1,0,0,0.0
2026-08-12,S003,KIT0940,0,0,0,3,1,0,0,0.0
2026-08-12,S004,KIT0940,1,2,2,3,2,0,1,37.88
2026-08-12,S005,KIT0940,0,0,0,3,1,0,0,0.0
2026-08-12,S006,KIT0940,2,2,2,0,1,0,2,75.76
2026-08-12,S007,KIT0940,1,5,5,1,1,0,1,37.88
2026-08-12,S008,KIT0940,0,8,7,3,3,0,1,37.88
2026-08-12,S009,KIT0940,0,0,0,3,3,0,0,0.0
2026-08-12,S010,KIT0940,0,0,0,0,0,0,0,0.0
2026-08-12,S001,KIT0941,1,0,1,0,3,0,0,0.0
2026-08-12,S002,KIT0941,0,1,1,0,3,0,0,0.0
2026-08-12,S003,KIT0941,2,6,5,2,2,0,3,277.11
2026-08-12,S004,KIT0941,0,0,0,3,2,0,0,0.0
2026-08-12,S005,KIT0941,1,0,0,3,2,0,1,92.37
2026-08-12,S006,KIT0941,0,0,0,2,2,0,0,0.0
2026-08-12,S007,KIT0941,2,4,4,1,3,0,2,184.74
2026-08-12,S008,KIT0941,0,0,0,1,2,0,0,0.0
2026-08-12,S009,KIT0941,0,0,0,3,0,0,0,0.0
2026-08-12,S010,KIT0941,1,0,0,0,3,0,1,92.37
2026-08-12,S001,KIT0942,0,0,0,1,0,0,0,0.0
2026-08-12,S002,KIT0942,0,2,2,1,1,0,0,0.0
2026-08-12,S003,KIT0942,1,6,4,1,3,0,3,137.94
2026-08-12,S004,KIT0942,2,3,3,3,0,0,2,91.96
2026-08-12,S005,KIT0942,0,2,1,1,2,0,1,45.98
2026-08-12,S006,KIT0942,0,3,2,3,0,0,1,45.98
2026-08-12,S007,KIT0942,2,3,3,0,0,0,2,91.96
2026-08-12,S008,KIT0942,2,3,3,1,0,0,2,91.96
2026-08-12,S009,KIT0942,0,2,0,0,2,0,2,91.96
2026-08-12,S010,KIT0942,1,7,5,2,3,0,3,137.94
2026-08-12,S001,KIT0943,0,0,0,1,0,0,0,0.0
2026-08-12,S002,KIT0943,1,5,4,2,1,0,2,99.54
2026-08-12,S003,KIT0943,1,0,1,1,0,0,0,0.0
2026-08-12,S004,KIT0943,2,5,5,2,1,0,2,99.54
2026-08-12,S005,KIT0943,1,2,2,1,1,0,1,49.77
2026-08-12,S006,KIT0943,1,0,0,3,3,0,1,49.77
2026-08-12,S007,KIT0943,0,0,0,2,2,0,0,0.0
2026-08-12,S008,KIT0943,0,2,2,3,0,0,0,0.0
2026-08-12,S009,KIT0943,0,3,2,0,0,0,1,49.77
2026-08-12,S010,KIT0943,0,0,0,1,3,0,0,0.0
2026-08-12,S001,KIT0944,2,5,5,2,3,0,2,40.06
2026-08-12,S002,KIT0944,1,1,2,3,3,0,0,0.0
2026-08-12,S003,KIT0944,1,4,3,3,3,0,2,40.06
2026-08-12,S004,KIT0944,1,1,2,2,0,0,0,0.0
2026-08-12,S005,KIT0944,0,0,0,2,2,0,0,0.0
2026-08-12,S006,KIT0944,1,5,4,0,2,0,2,40.06
2026-08-12,S007,KIT0944,1,8,7,0,0,0,2,40.06
2026-08-12,S008,KIT0944,0,0,0,1,0,0,0,0.0
2026-08-12,S009,KIT0944,1,0,0,1,3,0,1,20.03
2026-08-12,S010,KIT0944,0,3,1,3,3,0,2,40.06
2026-08-12,S001,KIT0945,1,0,0,0,3,0,1,29.25
2026-08-12,S002,KIT0945,0,10,8,2,1,0,2,58.5
2026-08-12,S003,KIT0945,1,0,0,1,0,0,1,29.25
2026-08-12,S004,KIT0945,0,2,1,2,0,0,1,29.25
2026-08-12,S005,KIT0945,1,1,1,3,0,0,1,29.25
2026-08-12,S006,KIT0945,1,4,3,3,2,0,2,58.5
2026-08-12,S007,KIT0945,0,0,0,0,3,0,0,0.0
2026-08-12,S008,KIT0945,3,12,9,2,2,0,6,175.5
2026-08-12,S009,KIT0945,1,0,0,0,3,0,1,29.25
2026-08-12,S010,KIT0945,0,2,2,0,3,0,0,0.0
2026-08-12,S001,KIT0946,0,0,0,2,2,0,0,0.0
2026-08-12,S002,KIT0946,0,5,3,1,0,0,2,207.4
2026-08-12,S003,KIT0946,0,1,1,2,0,0,0,0.0
2026-08-12,S004,KIT0946,2,0,0,1,2,0,2,207.4
2026-08-12,S005,KIT0946,0,1,1,0,2,0,0,0.0
2026-08-12,S006,KIT0946,0,5,4,0,3,0,1,103.7
2026-08-12,S007,KIT0946,1,1,1,1,0,0,1,103.7
2026-08-12,S008,KIT0946,1,1,1,3,0,0,1,103.7
2026-08-12,S009,KIT0946,1,5,3,3,3,1,3,311.1
2026-08-12,S010,KIT0946,0,1,0,3,0,0,1,103.7
2026-08-12,S001,KIT0947,0,6,4,1,2,0,2,115.12
2026-08-12,S002,KIT0947,1,2,2,1,1,0,1,57.56
2026-08-12,S003,KIT0947,1,0,0,0,2,0,1,57.56
2026-08-12,S004,KIT0947,1,3,3,3,1,0,1,57.56
2026-08-12,S005,KIT0947,1,3,3,0,0,0,1,57.56
2026-08-12,S006,KIT0947,0,9,6,3,1,0,3,172.68
2026-08-12,S007,KIT0947,1,1,0,3,3,0,2,115.12
2026-08-12,S008,KIT0947,0,0,0,3,1,0,0,0.0
2026-08-12,S009,KIT0947,0,2,2,1,2,0,0,0.0
2026-08-12,S010,KIT0947,1,3,3,1,0,0,1,57.56
2026-08-12,S001,KIT0948,0,2,2,1,1,0,0,0.0
2026-08-12,S002,KIT0948,0,1,0,2,3,0,1,34.48
2026-08-12,S003,KIT0948,0,1,0,2,2,0,1,34.48
2026-08-12,S004,KIT0948,0,0,0,2,1,0,0,0.0
2026-08-12,S005,KIT0948,1,2,2,3,0,0,1,34.48
2026-08-12,S006,KIT0948,0,10,7,1,1,0,3,103.44
2026-08-12,S007,KIT0948,1,0,1,1,2,0,0,0.0
2026-08-12,S008,KIT0948,1,0,1,3,0,0,0,0.0
2026-08-12,S009,KIT0948,1,2,2,2,1,0,1,34.48
2026-08-12,S010,KIT0948,0,0,0,0,3,0,0,0.0
2026-08-12,S001,KIT0949,0,0,0,3,1,0,0,0.0
2026-08-12,S002,KIT0949,0,1,0,1,0,0,1,78.53
2026-08-12,S003,KIT0949,0,0,0,3,2,0,0,0.0
2026-08-12,S004,KIT0949,1,0,0,3,0,0,1,78.53
2026-08-12,S005,KIT0949,1,0,0,0,2,0,1,78.53
2026-08-12,S006,KIT0949,1,6,4,3,0,0,3,235.59
2026-08-12,S007,KIT0949,0,0,0,3,0,0,0,0.0
2026-08-12,S008,KIT0949,1,0,0,1,0,0,1,78.53
2026-08-12,S009,KIT0949,0,4,3,0,0,0,1,78.53
2026-08-12,S010,KIT0949,0,1,1,2,3,0,0,0.0
2026-08-12,S001,KIT0950,1,0,0,0,0,0,1,77.4
2026-08-12,S002,KIT0950,2,5,4,0,2,0,3,232.2
2026-08-12,S003,KIT0950,0,1,0,3,0,0,1,77.4
2026-08-12,S004,KIT0950,0,0,0,3,0,0,0,0.0
2026-08-12,S005,KIT0950,1,0,0,2,1,0,1,77.4
2026-08-12,S006,KIT0950,1,1,2,0,1,0,0,0.0
2026-08-12,S007,KIT0950,1,2,2,0,1,0,1,77.4
2026-08-12,S008,KIT0950,0,2,1,3,1,0,1,77.4
2026-08-12,S009,KIT0950,0,2,2,0,1,0,0,0.0
2026-08-12,S010,KIT0950,0,5,3,3,0,0,2,154.8
2026-08-12,S001,KIT0951,0,1,0,3,0,0,1,14.96
2026-08-12,S002,KIT0951,1,0,1,0,1,0,0,0.0
2026-08-12,S003,KIT0951,0,0,0,1,3,0,0,0.0
2026-08-12,S004,KIT0951,1,6,4,1,0,0,3,44.88
2026-08-12,S005,KIT0951,1,0,1,1,1,0,0,0.0
2026-08-12,S006,KIT0951,0,3,2,2,2,0,1,14.96
2026-08-12,S007,KIT0951,1,2,3,1,1,0,0,0.0
2026-08-12,S008,KIT0951,0,0,0,3,1,0,0,0.0
2026-08-12,S009,KIT0951,1,0,1,2,3,0,0,0.0
2026-08-12,S010,KIT0951,1,5,4,1,1,0,2,29.92
2026-08-12,S001,KIT0952,1,2,2,3,1,0,1,80.7
2026-08-12,S002,KIT0952,0,0,0,0,1,0,0,0.0
2026-08-12,S003,KIT0952,0,2,2,0,2,0,0,0.0
2026-08-12,S004,KIT0952,1,0,1,3,0,0,0,0.0
2026-08-12,S005,KIT0952,1,1,1,0,2,0,1,80.7
2026-08-12,S006,KIT0952,0,7,5,0,3,0,2,161.4
2026-08-12,S007,KIT0952,2,7,6,2,2,0,3,242.1
2026-08-12,S008,KIT0952,1,0,1,1,3,0,0,0.0
2026-08-12,S009,KIT0952,1,0,0,2,3,0,1,80.7
2026-08-12,S010,KIT0952,0,2,0,3,0,0,2,161.4
2026-08-12,S001,KIT0953,0,0,0,1,1,0,0,0.0
2026-08-12,S002,KIT0953,0,3,3,3,0,0,0,0.0
2026-08-12,S003,KIT0953,1,3,3,1,0,0,1,50.32
2026-08-12,S004,KIT0953,0,0,0,1,1,0,0,0.0
2026-08-12,S005,KIT0953,0,2,0,3,0,0,2,100.64
2026-08-12,S006,KIT0953,1,2,2,2,2,0,1,50.32
2026-08-12,S007,KIT0953,1,0,1,3,3,0,0,0.0
2026-08-12,S008,KIT0953,0,3,1,3,2,0,2,100.64
2026-08-12,S009,KIT0953,1,0,1,3,2,0,0,0.0
2026-08-12,S010,KIT0953,0,0,0,0,3,0,0,0.0
2026-08-12,S001,KIT0954,1,2,2,1,1,0,1,14.88
2026-08-12,S002,KIT0954,0,0,0,3,0,0,0,0.0
2026-08-12,S003,KIT0954,0,1,1,2,1,0,0,0.0
2026-08-12,S004,KIT0954,0,0,0,1,1,0,0,0.0
2026-08-12,S005,KIT0954,2,3,3,2,0,0,2,29.76
2026-08-12,S006,KIT0954,1,3,3,0,2,0,1,14.88
2026-08-12,S007,KIT0954,0,0,0,2,2,0,0,0.0
2026-08-12,S008,KIT0954,0,0,0,0,3,0,0,0.0
2026-08-12,S009,KIT0954,0,3,1,0,3,0,2,29.76
2026-08-12,S010,KIT0954,0,4,2,1,0,0,2,29.76
2026-08-12,S001,KIT0955,0,0,0,1,3,0,0,0.0
2026-08-12,S002,KIT0955,0,0,0,1,0,0,0,0.0
2026-08-12,S003,KIT0955,0,1,0,0,3,0,1,69.76
2026-08-12,S004,KIT0955,0,1,0,1,1,0,1,69.76
2026-08-12,S005,KIT0955,0,1,0,1,3,0,1,69.76
2026-08-12,S006,KIT0955,0,0,0,1,0,0,0,0.0
2026-08-12,S007,KIT0955,0,1,1,2,3,0,0,0.0
2026-08-12,S008,KIT0955,1,6,4,3,2,1,3,209.28
2026-08-12,S009,KIT0955,0,4,3,0,3,0,1,69.76
2026-08-12,S010,KIT0955,0,0,0,3,0,0,0,0.0
2026-08-12,S001,KIT0956,0,1,0,3,1,0,1,37.23
2026-08-12,S002,KIT0956,0,0,0,2,0,0,0,0.0
2026-08-12,S003,KIT0956,0,1,1,2,2,0,0,0.0
2026-08-12,S004,KIT0956,1,0,0,0,1,0,1,37.23
2026-08-12,S005,KIT0956,0,0,0,3,0,0,0,0.0
2026-08-12,S006,KIT0956,0,1,0,2,1,0,1,37.23
2026-08-12,S007,KIT0956,1,0,1,2,2,0,0,0.0
2026-08-12,S008,KIT0956,0,0,0,2,1,0,0,0.0
2026-08-12,S009,KIT0956,1,0,0,1,1,0,1,37.23
2026-08-12,S010,KIT0956,2,0,0,3,1,0,2,74.46
2026-08-12,S001,KIT0957,0,0,0,0,1,0,0,0.0
2026-08-12,S002,KIT0957,0,0,0,0,3,0,0,0.0
2026-08-12,S003,KIT0957,1,1,1,3,1,0,1,69.56
2026-08-12,S004,KIT0957,0,0,0,1,1,0,0,0.0
2026-08-12,S005,KIT0957,0,0,0,2,2,0,0,0.0
2026-08-12,S006,KIT0957,1,0,0,3,2,0,1,69.56
2026-08-12,S007,KIT0957,0,2,2,1,0,0,0,0.0
2026-08-12,S008,KIT0957,0,2,2,1,1,0,0,0.0
2026-08-12,S009,KIT0957,0,0,0,2,1,0,0,0.0
2026-08-12,S010,KIT0957,0,1,1,1,3,0,0,0.0
2026-08-12,S001,KIT0958,0,1,1,2,0,0,0,0.0
2026-08-12,S002,KIT0958,0,0,0,0,0,0,0,0.0
2026-08-12,S003,KIT0958,1,0,1,1,3,0,0,0.0
2026-08-12,S004,KIT0958,0,0,0,3,2,0,0,0.0
2026-08-12,S005,KIT0958,0,0,0,3,1,0,0,0.0
2026-08-12,S006,KIT0958,1,1,0,3,2,0,2,62.16
2026-08-12,S007,KIT0958,0,0,0,0,3,0,0,0.0
2026-08-12,S008,KIT0958,0,2,2,3,3,0,0,0.0
2026-08-12,S009,KIT0958,1,0,0,0,1,0,1,31.08
2026-08-12,S010,KIT0958,1,0,0,3,3,0,1,31.08
2026-08-12,S001,KIT0959,1,3,3,1,0,0,1,41.62
2026-08-12,S002,KIT0959,0,4,3,0,2,0,1,41.62
2026-08-12,S003,KIT0959,1,1,1,0,0,0,1,41.62
2026-08-12,S004,KIT0959,0,2,1,2,3,1,1,41.62
2026-08-12,S005,KIT0959,1,0,0,1,0,0,1,41.62
2026-08-12,S006,KIT0959,0,1,1,0,3,0,0,0.0
2026-08-12,S007,KIT0959,0,0,0,2,0,0,0,0.0
2026-08-12,S008,KIT0959,1,0,0,1,3,0,1,41.62
2026-08-12,S009,KIT0959,1,0,0,2,2,0,1,41.62
2026-08-12,S010,KIT0959,1,0,0,3,3,0,1,41.62
2026-08-12,S001,KIT0960,1,0,0,0,2,0,1,73.28
2026-08-12,S002,KIT0960,0,2,2,3,3,0,0,0.0
2026-08-12,S003,KIT0960,0,0,0,2,1,0,0,0.0
2026-08-12,S004,KIT0960,1,2,3,2,3,0,0,0.0
2026-08-12,S005,KIT0960,0,0,0,0,0,0,0,0.0
2026-08-12,S006,KIT0960,1,5,4,1,3,0,2,146.56
2026-08-12,S007,KIT0960,1,0,0,0,3,0,1,73.28
2026-08-12,S008,KIT0960,0,4,3,2,2,0,1,73.28
2026-08-12,S009,KIT0960,0,3,2,2,2,0,1,73.28
2026-08-12,S010,KIT0960,0,0,0,2,2,0,0,0.0
2026-08-12,S001,KIT0961,0,0,0,1,0,0,0,0.0
2026-08-12,S002,KIT0961,2,0,0,1,2,0,2,100.1
2026-08-12,S003,KIT0961,1,0,0,2,3,0,1,50.05
2026-08-12,S004,KIT0961,0,6,3,2,0,0,3,150.15
2026-08-12,S005,KIT0961,0,1,1,2,0,0,0,0.0
2026-08-12,S006,KIT0961,0,0,0,3,2,0,0,0.0
2026-08-12,S007,KIT0961,0,0,0,2,3,0,0,0.0
2026-08-12,S008,KIT0961,1,3,2,0,1,0,2,100.1
2026-08-12,S009,KIT0961,0,1,1,0,2,0,0,0.0
2026-08-12,S010,KIT0961,0,2,2,1,1,0,0,0.0
2026-08-12,S001,KIT0962,0,2,1,3,2,0,1,110.31
2026-08-12,S002,KIT0962,0,3,2,2,3,0,1,110.31
2026-08-12,S003,KIT0962,0,3,1,1,2,0,2,220.62
2026-08-12,S004,KIT0962,0,1,1,2,1,0,0,0.0
2026-08-12,S005,KIT0962,3,7,6,2,1,0,4,441.24
2026-08-12,S006,KIT0962,0,6,4,2,0,0,2,220.62
2026-08-12,S007,KIT0962,0,4,2,1,3,0,2,220.62
2026-08-12,S008,KIT0962,0,5,4,1,2,0,1,110.31
2026-08-12,S009,KIT0962,0,4,2,1,2,0,2,220.62
2026-08-12,S010,KIT0962,1,1,1,1,1,0,1,110.31
2026-08-12,S001,KIT0963,0,2,2,0,2,0,0,0.0
2026-08-12,S002,KIT0963,0,0,0,2,0,0,0,0.0
2026-08-12,S003,KIT0963,1,3,3,1,0,0,1,47.39
2026-08-12,S004,KIT0963,0,2,0,3,2,0,2,94.78
2026-08-12,S005,KIT0963,0,1,1,1,1,0,0,0.0
2026-08-12,S006,KIT0963,0,4,3,1,1,0,1,47.39
2026-08-12,S007,KIT0963,0,13,9,2,2,0,4,189.56
2026-08-12,S008,KIT0963,1,1,2,1,3,0,0,0.0
2026-08-12,S009,KIT0963,0,1,0,3,3,0,1,47.39
2026-08-12,S010,KIT0963,0,0,0,1,0,0,0,0.0
2026-08-12,S001,KIT0964,1,0,1,3,2,0,0,0.0
2026-08-12,S002,KIT0964,2,7,6,3,0,0,3,149.79
2026-08-12,S003,KIT0964,1,2,2,2,2,0,1,49.93
2026-08-12,S004,KIT0964,0,0,0,1,0,0,0,0.0
2026-08-12,S005,KIT0964,0,0,0,0,1,0,0,0.0
2026-08-12,S006,KIT0964,0,0,0,3,1,0,0,0.0
2026-08-12,S007,KIT0964,2,4,4,0,0,0,2,99.86
2026-08-12,S008,KIT0964,0,1,0,3,1,0,1,49.93
2026-08-12,S009,KIT0964,0,0,0,3,0,0,0,0.0
2026-08-12,S010,KIT0964,1,1,2,3,2,0,0,0.0
2026-08-12,S001,KIT0965,0,2,1,2,2,0,1,34.43
2026-08-12,S002,KIT0965,1,0,0,2,0,0,1,34.43
2026-08-12,S003,KIT0965,0,0,0,1,3,0,0,0.0
2026-08-12,S004,KIT0965,1,3,3,0,0,0,1,34.43
2026-08-12,S005,KIT0965,0,0,0,1,2,0,0,0.0
2026-08-12,S006,KIT0965,0,3,1,1,0,0,2,68.86
2026-08-12,S007,KIT0965,0,0,0,3,2,0,0,0.0
2026-08-12,S008,KIT0965,1,4,4,0,1,0,1,34.43
2026-08-12,S009,KIT0965,0,0,0,1,1,1,0,0.0
2026-08-12,S010,KIT0965,1,3,2,0,2,0,2,68.86
2026-08-12,S001,KIT0966,1,0,0,1,1,0,1,50.09
2026-08-12,S002,KIT0966,1,0,0,3,3,1,1,50.09
2026-08-12,S003,KIT0966,0,5,4,2,1,0,1,50.09
2026-08-12,S004,KIT0966,1,0,0,1,2,0,1,50.09
2026-08-12,S005,KIT0966,0,0,0,3,3,0,0,0.0
2026-08-12,S006,KIT0966,0,0,0,3,3,0,0,0.0
2026-08-12,S007,KIT0966,0,3,2,1,0,0,1,50.09
2026-08-12,S008,KIT0966,1,5,4,2,2,0,2,100.18
2026-08-12,S009,KIT0966,0,2,1,2,2,0,1,50.09
2026-08-12,S010,KIT0966,2,7,6,2,0,0,3,150.27
2026-08-12,S001,KIT0967,0,1,0,3,0,0,1,59.83
2026-08-12,S002,KIT0967,0,0,0,2,2,0,0,0.0
2026-08-12,S003,KIT0967,0,0,0,0,1,0,0,0.0
2026-08-12,S004,KIT0967,0,1,1,1,2,0,0,0.0
2026-08-12,S005,KIT0967,0,2,1,1,2,0,1,59.83
2026-08-12,S006,KIT0967,1,1,1,3,3,0,1,59.83
2026-08-12,S007,KIT0967,1,0,1,3,3,0,0,0.0
2026-08-12,S008,KIT0967,0,1,0,2,0,1,1,59.83
2026-08-12,S009,KIT0967,0,1,1,2,2,0,0,0.0
2026-08-12,S010,KIT0967,0,0,0,3,1,0,0,0.0
2026-08-12,S001,KIT0968,2,3,3,1,0,0,2,32.48
2026-08-12,S002,KIT0968,1,4,3,0,0,0,2,32.48
2026-08-12,S003,KIT0968,1,7,6,3,1,0,2,32.48
2026-08-12,S004,KIT0968,0,1,1,2,2,0,0,0.0
2026-08-12,S005,KIT0968,1,3,3,0,0,0,1,16.24
2026-08-12,S006,KIT0968,1,1,0,2,0,0,2,32.48
2026-08-12,S007,KIT0968,0,8,6,0,1,0,2,32.48
2026-08-12,S008,KIT0968,1,8,6,3,2,0,3,48.72
2026-08-12,S009,KIT0968,0,8,6,2,3,0,2,32.48
2026-08-12,S010,KIT0968,0,1,0,2,2,0,1,16.24
2026-08-12,S001,KIT0969,0,1,0,3,3,0,1,34.92
2026-08-12,S002,KIT0969,1,7,6,1,0,0,2,69.84
2026-08-12,S003,KIT0969,0,0,0,2,1,0,0,0.0
2026-08-12,S004,KIT0969,0,2,1,3,0,0,1,34.92
2026-08-12,S005,KIT0969,0,3,2,0,0,0,1,34.92
2026-08-12,S006,KIT0969,1,1,1,1,0,0,1,34.92
2026-08-12,S007,KIT0969,1,2,2,2,0,0,1,34.92
2026-08-12,S008,KIT0969,1,3,3,0,1,0,1,34.92
2026-08-12,S009,KIT0969,1,7,6,0,3,1,2,69.84
2026-08-12,S010,KIT0969,1,0,1,2,2,0,0,0.0
2026-08-12,S001,KIT0970,1,2,2,3,1,0,1,80.17
2026-08-12,S002,KIT0970,0,0,0,1,1,0,0,0.0
2026-08-12,S003,KIT0970,0,0,0,2,1,0,0,0.0
2026-08-12,S004,KIT0970,0,0,0,0,1,0,0,0.0
2026-08-12,S005,KIT0970,1,1,1,1,2,0,1,80.17
2026-08-12,S006,KIT0970,0,0,0,0,1,0,0,0.0
2026-08-12,S007,KIT0970,1,2,3,2,2,0,0,0.0
2026-08-12,S008,KIT0970,1,0,1,0,2,0,0,0.0
2026-08-12,S009,KIT0970,1,0,0,3,1,0,1,80.17
2026-08-12,S010,KIT0970,2,0,0,2,2,0,2,160.34
2026-08-12,S001,SRV0971,0,2,1,1,1,0,1,34.5
2026-08-12,S002,SRV0971,0,0,0,3,1,0,0,0.0
2026-08-12,S003,SRV0971,2,6,6,0,0,0,2,69.0
2026-08-12,S004,SRV0971,0,0,0,0,0,0,0,0.0
2026-08-12,S005,SRV0971,0,0,0,2,2,0,0,0.0
2026-08-12,S006,SRV0971,2,1,1,1,3,0,2,69.0
2026-08-12,S007,SRV0971,0,2,1,2,3,0,1,34.5
2026-08-12,S008,SRV0971,0,0,0,1,2,0,0,0.0
2026-08-12,S009,SRV0971,0,3,3,2,2,0,0,0.0
2026-08-12,S010,SRV0971,0,0,0,1,3,0,0,0.0
2026-08-12,S001,SRV0972,0,0,0,3,3,0,0,0.0
2026-08-12,S002,SRV0972,2,3,3,2,2,0,2,71.8
2026-08-12,S003,SRV0972,1,1,1,0,0,0,1,35.9
2026-08-12,S004,SRV0972,0,4,3,0,1,0,1,35.9
2026-08-12,S005,SRV0972,1,0,1,2,3,0,0,0.0
2026-08-12,S006,SRV0972,1,1,2,1,3,0,0,0.0
2026-08-12,S007,SRV0972,0,0,0,1,3,0,0,0.0
2026-08-12,S008,SRV0972,0,4,3,1,3,0,1,35.9
2026-08-12,S009,SRV0972,0,0,0,1,0,0,0,0.0
2026-08-12,S010,SRV0972,0,5,4,2,2,0,1,35.9
2026-08-12,S001,SRV0973,0,2,2,1,1,0,0,0.0
2026-08-12,S002,SRV0973,0,0,0,0,1,1,0,0.0
2026-08-12,S003,SRV0973,0,2,2,2,1,0,0,0.0
2026-08-12,S004,SRV0973,0,0,0,2,1,0,0,0.0
2026-08-12,S005,SRV0973,2,1,1,2,1,0,2,58.82
2026-08-12,S006,SRV0973,1,3,3,1,1,0,1,29.41
2026-08-12,S007,SRV0973,2,1,1,3,2,0,2,58.82
2026-08-12,S008,SRV0973,0,0,0,1,3,0,0,0.0
2026-08-12,S009,SRV0973,0,0,0,1,1,0,0,0.0
2026-08-12,S010,SRV0973,1,0,0,0,2,0,1,29.41
2026-08-12,S001,SRV0974,0,3,2,2,1,0,1,27.73
2026-08-12,S002,SRV0974,1,0,0,3,2,0,1,27.73
2026-08-12,S003,SRV0974,0,1,0,0,1,0,1,27.73
2026-08-12,S004,SRV0974,1,1,2,0,2,0,0,0.0
2026-08-12,S005,SRV0974,0,1,1,1,0,0,0,0.0
2026-08-12,S006,SRV0974,1,4,3,3,3,0,2,55.46
2026-08-12,S007,SRV0974,1,0,0,1,1,0,1,27.73
2026-08-12,S008,SRV0974,0,4,3,3,2,0,1,27.73
2026-08-12,S009,SRV0974,1,1,1,0,3,0,1,27.73
2026-08-12,S010,SRV0974,1,4,4,0,3,0,1,27.73
2026-08-12,S001,SRV0975,0,2,1,3,0,0,1,36.02
2026-08-12,S002,SRV0975,0,0,0,3,3,0,0,0.0
2026-08-12,S003,SRV0975,0,0,0,0,1,0,0,0.0
2026-08-12,S004,SRV0975,0,1,1,3,1,0,0,0.0
2026-08-12,S005,SRV0975,0,1,1,1,2,0,0,0.0
2026-08-12,S006,SRV0975,2,3,3,0,3,0,2,72.04
2026-08-12,S007,SRV0975,0,2,1,1,0,0,1,36.02
2026-08-12,S008,SRV0975,1,1,2,0,1,0,0,0.0
2026-08-12,S009,SRV0975,0,1,1,1,1,0,0,0.0
2026-08-12,S010,SRV0975,0,1,1,3,3,0,0,0.0
2026-08-12,S001,SRV0976,1,4,4,2,0,0,1,43.93
2026-08-12,S002,SRV0976,0,0,0,2,3,0,0,0.0
2026-08-12,S003,SRV0976,0,3,2,1,2,0,1,43.93
2026-08-12,S004,SRV0976,1,0,0,2,1,0,1,43.93
2026-08-12,S005,SRV0976,0,1,0,2,2,0,1,43.93
2026-08-12,S006,SRV0976,1,0,0,2,2,0,1,43.93
2026-08-12,S007,SRV0976,0,14,8,1,2,0,6,263.58
2026-08-12,S008,SRV0976,1,1,1,0,2,0,1,43.93
2026-08-12,S009,SRV0976,0,0,0,2,3,0,0,0.0
2026-08-12,S010,SRV0976,1,3,3,1,3,0,1,43.93
2026-08-12,S001,SRV0977,0,0,0,1,2,0,0,0.0
2026-08-12,S002,SRV0977,1,0,0,0,0,0,1,46.56
2026-08-12,S003,SRV0977,0,0,0,0,2,0,0,0.0
2026-08-12,S004,SRV0977,0,0,0,1,1,0,0,0.0
2026-08-12,S005,SRV0977,1,0,0,0,0,0,1,46.56
2026-08-12,S006,SRV0977,1,0,1,3,2,0,0,0.0
2026-08-12,S007,SRV0977,0,0,0,0,2,0,0,0.0
2026-08-12,S008,SRV0977,1,4,3,3,1,0,2,93.12
2026-08-12,S009,SRV0977,0,0,0,3,3,0,0,0.0
2026-08-12,S010,SRV0977,0,3,2,0,0,0,1,46.56
2026-08-12,S001,SRV0978,3,8,7,0,1,0,4,66.72
2026-08-12,S002,SRV0978,2,14,11,3,0,0,5,83.4
2026-08-12,S003,SRV0978,1,3,3,3,2,0,1,16.68
2026-08-12,S004,SRV0978,1,0,0,2,3,0,1,16.68
2026-08-12,S005,SRV0978,0,4,3,0,1,0,1,16.68
2026-08-12,S006,SRV0978,0,9,7,3,2,0,2,33.36
2026-08-12,S007,SRV0978,1,2,2,1,3,0,1,16.68
2026-08-12,S008,SRV0978,2,11,10,3,2,0,3,50.04
2026-08-12,S009,SRV0978,2,6,6,2,3,0,2,33.36
2026-08-12,S010,SRV0978,0,5,4,3,2,0,1,16.68
2026-08-12,S001,SRV0979,0,0,0,3,2,0,0,0.0
2026-08-12,S002,SRV0979,2,6,5,1,3,0,3,156.9
2026-08-12,S003,SRV0979,1,5,5,2,1,0,1,52.3
2026-08-12,S004,SRV0979,0,0,0,3,3,0,0,0.0
2026-08-12,S005,SRV0979,1,3,2,1,3,0,2,104.6
2026-08-12,S006,SRV0979,1,1,2,3,2,0,0,0.0
2026-08-12,S007,SRV0979,2,5,5,0,3,0,2,104.6
2026-08-12,S008,SRV0979,0,4,3,3,2,0,1,52.3
2026-08-12,S009,SRV0979,1,5,4,1,3,0,2,104.6
2026-08-12,S010,SRV0979,0,2,2,1,1,0,0,0.0
2026-08-12,S001,SRV0980,0,0,0,1,0,0,0,0.0
2026-08-12,S002,SRV0980,1,3,2,1,1,1,2,101.64
2026-08-12,S003,SRV0980,1,3,2,3,0,0,2,101.64
2026-08-12,S004,SRV0980,1,1,1,0,3,0,1,50.82
2026-08-12,S005,SRV0980,0,0,0,3,2,0,0,0.0
2026-08-12,S006,SRV0980,2,5,4,3,1,0,3,152.46
2026-08-12,S007,SRV0980,0,3,2,1,3,0,1,50.82
2026-08-12,S008,SRV0980,1,1,2,2,3,0,0,0.0
2026-08-12,S009,SRV0980,0,0,0,0,2,0,0,0.0
2026-08-12,S010,SRV0980,0,4,3,2,2,0,1,50.82
2026-08-12,S001,SRV0981,0,1,0,3,3,0,1,12.16
2026-08-12,S002,SRV0981,0,2,2,2,0,0,0,0.0
2026-08-12,S003,SRV0981,1,0,0,0,0,0,1,12.16
2026-08-12,S004,SRV0981,2,3,3,3,1,0,2,24.32
2026-08-12,S005,SRV0981,1,1,2,0,3,0,0,0.0
2026-08-12,S006,SRV0981,1,7,5,2,0,0,3,36.48
2026-08-12,S007,SRV0981,0,3,3,0,2,0,0,0.0
2026-08-12,S008,SRV0981,0,8,6,3,1,1,2,24.32
2026-08-12,S009,SRV0981,0,1,1,0,3,0,0,0.0
2026-08-12,S010,SRV0981,0,2,0,1,2,0,2,24.32
2026-08-12,S001,SRV0982,1,0,1,2,3,0,0,0.0
2026-08-12,S002,SRV0982,1,1,1,2,2,0,1,12.61
2026-08-12,S003,SRV0982,0,0,0,2,2,0,0,0.0
2026-08-12,S004,SRV0982,1,0,1,1,1,0,0,0.0
2026-08-12,S005,SRV0982,1,3,3,3,2,0,1,12.61
2026-08-12,S006,SRV0982,0,3,2,1,1,0,1,12.61
2026-08-12,S007,SRV0982,0,0,0,3,1,0,0,0.0
2026-08-12,S008,SRV0982,1,1,2,2,0,0,0,0.0
2026-08-12,S009,SRV0982,1,0,1,3,3,0,0,0.0
2026-08-12,S010,SRV0982,1,1,1,0,2,0,1,12.61
2026-08-12,S001,SRV0983,0,0,0,2,0,0,0,0.0
2026-08-12,S002,SRV0983,2,2,2,3,2,0,2,78.5
2026-08-12,S003,SRV0983,1,0,1,2,2,0,0,0.0
2026-08-12,S004,SRV0983,0,1,0,3,3,0,1,39.25
2026-08-12,S005,SRV0983,0,0,0,2,3,0,0,0.0
2026-08-12,S006,SRV0983,0,0,0,0,2,0,0,0.0
2026-08-12,S007,SRV0983,1,3,3,0,2,0,1,39.25
2026-08-12,S008,SRV0983,1,0,1,3,0,0,0,0.0
2026-08-12,S009,SRV0983,0,4,3,3,2,0,1,39.25
2026-08-12,S010,SRV0983,0,0,0,2,1,0,0,0.0
2026-08-12,S001,SRV0984,0,1,0,1,0,0,1,26.37
2026-08-12,S002,SRV0984,0,12,8,3,3,0,4,105.48
2026-08-12,S003,SRV0984,1,0,1,2,3,0,0,0.0
2026-08-12,S004,SRV0984,0,0,0,2,2,0,0,0.0
2026-08-12,S005,SRV0984,0,0,0,3,1,0,0,0.0
2026-08-12,S006,SRV0984,0,2,2,2,2,0,0,0.0
2026-08-12,S007,SRV0984,0,2,1,2,2,0,1,26.37
2026-08-12,S008,SRV0984,2,2,2,1,3,0,2,52.74
2026-08-12,S009,SRV0984,0,0,0,0,3,0,0,0.0
2026-08-12,S010,SRV0984,0,5,3,1,2,0,2,52.74
2026-08-12,S001,SRV0985,0,1,0,0,3,0,1,8.21
2026-08-12,S002,SRV0985,2,10,9,1,1,0,3,24.63
2026-08-12,S003,SRV0985,0,1,0,0,2,0,1,8.21
2026-08-12,S004,SRV0985,1,3,3,3,0,0,1,8.21
2026-08-12,S005,SRV0985,1,0,0,2,0,0,1,8.21
2026-08-12,S006,SRV0985,1,5,4,2,2,0,2,16.42
2026-08-12,S007,SRV0985,0,11,7,1,1,0,4,32.84
2026-08-12,S008,SRV0985,1,0,0,3,3,0,1,8.21
2026-08-12,S009,SRV0985,0,2,2,0,2,0,0,0.0
2026-08-12,S010,SRV0985,1,7,5,2,3,0,3,24.63
2026-08-12,S001,SRV0986,0,1,1,0,1,0,0,0.0
2026-08-12,S002,SRV0986,0,2,2,0,2,0,0,0.0
2026-08-12,S003,SRV0986,0,2,2,1,2,0,0,0.0
2026-08-12,S004,SRV0986,0,0,0,2,1,0,0,0.0
2026-08-12,S005,SRV0986,0,12,11,3,3,0,1,16.62
2026-08-12,S006,SRV0986,1,1,2,3,0,0,0,0.0
2026-08-12,S007,SRV0986,0,3,2,2,2,0,1,16.62
2026-08-12,S008,SRV0986,1,0,1,1,2,0,0,0.0
2026-08-12,S009,SRV0986,0,3,2,3,0,0,1,16.62
2026-08-12,S010,SRV0986,1,0,0,2,3,0,1,16.62
2026-08-12,S001,SRV0987,0,2,2,2,0,0,0,0.0
2026-08-12,S002,SRV0987,0,1,1,2,1,0,0,0.0
2026-08-12,S003,SRV0987,0,0,0,2,3,0,0,0.0
2026-08-12,S004,SRV0987,0,0,0,3,0,0,0,0.0
2026-08-12,S005,SRV0987,0,1,1,2,0,0,0,0.0
2026-08-12,S006,SRV0987,0,0,0,1,1,0,0,0.0
2026-08-12,S007,SRV0987,1,0,1,1,1,0,0,0.0
2026-08-12,S008,SRV0987,0,1,0,3,3,1,1,16.11
2026-08-12,S009,SRV0987,1,0,0,0,0,0,1,16.11
2026-08-12,S010,SRV0987,0,0,0,2,3,0,0,0.0
2026-08-12,S001,SRV0988,0,0,0,1,2,0,0,0.0
2026-08-12,S002,SRV0988,0,0,0,0,1,0,0,0.0
2026-08-12,S003,SRV0988,0,0,0,2,1,0,0,0.0
2026-08-12,S004,SRV0988,0,2,2,1,2,0,0,0.0
2026-08-12,S005,SRV0988,0,0,0,1,1,0,0,0.0
2026-08-12,S006,SRV0988,0,0,0,3,1,0,0,0.0
2026-08-12,S007,SRV0988,0,2,2,3,2,0,0,0.0
2026-08-12,S008,SRV0988,0,2,1,3,0,0,1,31.04
2026-08-12,S009,SRV0988,1,0,1,0,3,0,0,0.0
2026-08-12,S010,SRV0988,1,0,0,0,3,0,1,31.04
2026-08-12,S001,SRV0989,1,0,1,0,0,0,0,0.0
2026-08-12,S002,SRV0989,0,1,1,1,1,0,0,0.0
2026-08-12,S003,SRV0989,0,2,2,2,0,0,0,0.0
2026-08-12,S004,SRV0989,0,0,0,3,2,0,0,0.0
2026-08-12,S005,SRV0989,2,5,5,2,2,0,2,17.34
2026-08-12,S006,SRV0989,0,1,1,2,0,0,0,0.0
2026-08-12,S007,SRV0989,0,4,3,3,2,0,1,8.67
2026-08-12,S008,SRV0989,2,6,5,2,2,0,3,26.01
2026-08-12,S009,SRV0989,1,5,4,0,0,0,2,17.34
2026-08-12,S010,SRV0989,2,1,1,2,3,0,2,17.34
2026-08-12,S001,SRV0990,0,0,0,0,0,0,0,0.0
2026-08-12,S002,SRV0990,0,0,0,2,3,0,0,0.0
2026-08-12,S003,SRV0990,0,0,0,2,1,0,0,0.0
2026-08-12,S004,SRV0990,1,0,0,3,3,1,1,68.52
2026-08-12,S005,SRV0990,0,2,1,3,0,0,1,68.52
2026-08-12,S006,SRV0990,0,5,3,1,2,0,2,137.04
2026-08-12,S007,SRV0990,1,1,2,2,1,1,0,0.0
2026-08-12,S008,SRV0990,1,1,2,2,0,0,0,0.0
2026-08-12,S009,SRV0990,0,6,4,1,0,0,2,137.04
2026-08-12,S010,SRV0990,1,2,2,0,0,0,1,68.52
2026-08-12,S001,SRV0991,1,0,0,0,0,0,1,14.28
2026-08-12,S002,SRV0991,1,0,0,1,1,0,1,14.28
2026-08-12,S003,SRV0991,0,0,0,2,1,0,0,0.0
2026-08-12,S004,SRV0991,0,0,0,2,2,0,0,0.0
2026-08-12,S005,SRV0991,1,3,3,2,3,0,1,14.28
2026-08-12,S006,SRV0991,0,0,0,0,2,0,0,0.0
2026-08-12,S007,SRV0991,1,0,0,1,0,0,1,14.28
2026-08-12,S008,SRV0991,0,0,0,2,2,0,0,0.0
2026-08-12,S009,SRV0991,0,0,0,1,0,0,0,0.0
2026-08-12,S010,SRV0991,0,0,0,2,0,0,0,0.0
2026-08-12,S001,SRV0992,0,2,2,3,3,0,0,0.0
2026-08-12,S002,SRV0992,0,6,4,1,1,0,2,70.22
2026-08-12,S003,SRV0992,1,3,2,1,1,0,2,70.22
2026-08-12,S004,SRV0992,1,0,0,2,3,0,1,35.11
2026-08-12,S005,SRV0992,1,0,0,0,3,0,1,35.11
2026-08-12,S006,SRV0992,1,1,2,0,2,0,0,0.0
2026-08-12,S007,SRV0992,1,3,3,3,1,0,1,35.11
2026-08-12,S008,SRV0992,1,0,0,2,2,0,1,35.11
2026-08-12,S009,SRV0992,0,2,1,1,3,0,1,35.11
2026-08-12,S010,SRV0992,1,5,5,3,0,0,1,35.11
2026-08-12,S001,SRV0993,0,1,1,2,3,0,0,0.0
2026-08-12,S002,SRV0993,0,5,3,1,3,0,2,44.86
2026-08-12,S003,SRV0993,1,14,11,3,2,0,4,89.72
2026-08-12,S004,SRV0993,0,1,1,1,0,0,0,0.0
2026-08-12,S005,SRV0993,2,11,8,1,3,0,5,112.15
2026-08-12,S006,SRV0993,2,10,9,0,1,0,3,67.29
2026-08-12,S007,SRV0993,1,6,6,1,0,0,1,22.43
2026-08-12,S008,SRV0993,3,9,8,2,2,0,4,89.72
2026-08-12,S009,SRV0993,0,3,2,3,3,0,1,22.43
2026-08-12,S010,SRV0993,1,0,0,2,3,0,1,22.43
2026-08-12,S001,SRV0994,0,0,0,2,1,0,0,0.0
2026-08-12,S002,SRV0994,0,4,2,0,2,0,2,78.92
2026-08-12,S003,SRV0994,2,2,2,1,0,0,2,78.92
2026-08-12,S004,SRV0994,1,0,0,3,3,0,1,39.46
2026-08-12,S005,SRV0994,0,0,0,0,3,0,0,0.0
2026-08-12,S006,SRV0994,0,1,1,0,1,0,0,0.0
2026-08-12,S007,SRV0994,1,0,0,1,1,0,1,39.46
2026-08-12,S008,SRV0994,0,1,0,1,2,1,1,39.46
2026-08-12,S009,SRV0994,0,3,1,0,1,0,2,78.92
2026-08-12,S010,SRV0994,0,3,2,0,0,0,1,39.46
2026-08-12,S001,SRV0995,0,0,0,3,0,0,0,0.0
2026-08-12,S002,SRV0995,0,1,0,3,0,0,1,41.8
2026-08-12,S003,SRV0995,1,2,2,1,1,0,1,41.8
2026-08-12,S004,SRV0995,1,7,5,3,1,0,3,125.4
2026-08-12,S005,SRV0995,0,1,0,0,1,0,1,41.8
2026-08-12,S006,SRV0995,0,1,0,1,2,0,1,41.8
2026-08-12,S007,SRV0995,0,0,0,0,3,0,0,0.0
2026-08-12,S008,SRV0995,0,3,2,0,0,0,1,41.8
2026-08-12,S009,SRV0995,0,3,2,1,0,0,1,41.8
2026-08-12,S010,SRV0995,1,0,0,1,3,0,1,41.8
2026-08-12,S001,SRV0996,0,0,0,1,2,0,0,0.0
2026-08-12,S002,SRV0996,1,0,1,1,1,1,0,0.0
2026-08-12,S003,SRV0996,1,0,0,2,2,0,1,31.24
2026-08-12,S004,SRV0996,0,0,0,0,0,0,0,0.0
2026-08-12,S005,SRV0996,0,1,0,2,3,0,1,31.24
2026-08-12,S006,SRV0996,1,1,2,3,1,0,0,0.0
2026-08-12,S007,SRV0996,0,0,0,0,3,0,0,0.0
2026-08-12,S008,SRV0996,0,3,2,0,1,0,1,31.24
2026-08-12,S009,SRV0996,1,2,2,0,3,0,1,31.24
2026-08-12,S010,SRV0996,0,0,0,0,0,0,0,0.0
2026-08-12,S001,SRV0997,1,2,3,2,3,0,0,0.0
2026-08-12,S002,SRV0997,1,2,2,1,1,0,1,47.38
2026-08-12,S003,SRV0997,1,3,3,2,0,0,1,47.38
2026-08-12,S004,SRV0997,0,1,0,2,0,0,1,47.38
2026-08-12,S005,SRV0997,0,0,0,1,1,0,0,0.0
2026-08-12,S006,SRV0997,1,2,2,1,2,0,1,47.38
2026-08-12,S007,SRV0997,1,1,1,1,0,0,1,47.38
2026-08-12,S008,SRV0997,0,0,0,1,3,0,0,0.0
2026-08-12,S009,SRV0997,1,0,0,3,2,0,1,47.38
2026-08-12,S010,SRV0997,1,1,1,0,2,1,1,47.38
2026-08-12,S001,SRV0998,0,1,0,2,0,0,1,9.74
2026-08-12,S002,SRV0998,0,4,3,0,1,0,1,9.74
2026-08-12,S003,SRV0998,0,0,0,0,3,0,0,0.0
2026-08-12,S004,SRV0998,1,1,1,3,2,0,1,9.74
2026-08-12,S005,SRV0998,2,2,2,2,1,0,2,19.48
2026-08-12,S006,SRV0998,0,2,2,0,1,0,0,0.0
2026-08-12,S007,SRV0998,0,0,0,3,2,0,0,0.0
2026-08-12,S008,SRV0998,1,1,2,0,0,0,0,0.0
2026-08-12,S009,SRV0998,0,1,0,1,2,0,1,9.74
2026-08-12,S010,SRV0998,0,0,0,0,1,0,0,0.0
2026-08-12,S001,SRV0999,0,0,0,0,2,1,0,0.0
2026-08-12,S002,SRV0999,0,1,1,3,1,0,0,0.0
2026-08-12,S003,SRV0999,1,0,1,0,0,0,0,0.0
2026-08-12,S004,SRV0999,0,0,0,3,3,0,0,0.0
2026-08-12,S005,SRV0999,0,3,1,3,3,0,2,38.32
2026-08-12,S006,SRV0999,1,1,2,2,1,0,0,0.0
2026-08-12,S007,SRV0999,0,2,1,2,2,0,1,19.16
2026-08-12,S008,SRV0999,0,1,1,0,2,0,0,0.0
2026-08-12,S009,SRV0999,0,0,0,3,0,0,0,0.0
2026-08-12,S010,SRV0999,0,0,0,2,3,0,0,0.0
2026-08-12,S001,SRV1000,1,0,0,3,0,0,1,40.45
2026-08-12,S002,SRV1000,1,0,0,2,1,0,1,40.45
2026-08-12,S003,SRV1000,1,7,6,1,2,0,2,80.9
2026-08-12,S004,SRV1000,0,0,0,2,1,0,0,0.0
2026-08-12,S005,SRV1000,2,5,5,2,3,0,2,80.9
2026-08-12,S006,SRV1000,0,0,0,2,0,0,0,0.0
2026-08-12,S007,SRV1000,0,1,1,2,2,0,0,0.0
2026-08-12,S008,SRV1000,0,0,0,2,1,0,0,0.0
2026-08-12,S009,SRV1000,0,0,0,3,3,0,0,0.0
2026-08-12,S010,SRV1000,0,0,0,1,2,0,0,0.0
2026-08-12,S001,SRV1001,0,5,3,2,0,0,2,108.94
2026-08-12,S002,SRV1001,0,2,1,2,1,0,1,54.47
2026-08-12,S003,SRV1001,0,1,1,0,1,0,0,0.0
2026-08-12,S004,SRV1001,1,4,4,1,2,0,1,54.47
2026-08-12,S005,SRV1001,0,0,0,0,0,0,0,0.0
2026-08-12,S006,SRV1001,3,10,8,0,3,0,5,272.35
2026-08-12,S007,SRV1001,0,0,0,2,0,0,0,0.0
2026-08-12,S008,SRV1001,2,8,7,2,3,0,3,163.41
2026-08-12,S009,SRV1001,0,0,0,3,1,0,0,0.0
2026-08-12,S010,SRV1001,0,1,0,0,2,0,1,54.47
2026-08-12,S001,SRV1002,0,0,0,0,0,0,0,0.0
2026-08-12,S002,SRV1002,1,1,1,0,2,0,1,42.86
2026-08-12,S003,SRV1002,1,0,0,0,3,0,1,42.86
2026-08-12,S004,SRV1002,1,0,1,2,0,0,0,0.0
2026-08-12,S005,SRV1002,1,3,3,2,3,0,1,42.86
2026-08-12,S006,SRV1002,1,0,1,3,3,0,0,0.0
2026-08-12,S007,SRV1002,0,0,0,0,1,0,0,0.0
2026-08-12,S008,SRV1002,0,1,1,2,0,0,0,0.0
2026-08-12,S009,SRV1002,1,0,0,0,2,0,1,42.86
2026-08-12,S010,SRV1002,1,0,0,1,2,0,1,42.86
2026-08-12,S001,SRV1003,1,0,0,0,3,0,1,39.5
2026-08-12,S002,SRV1003,1,0,0,2,1,0,1,39.5
2026-08-12,S003,SRV1003,0,3,2,3,1,0,1,39.5
2026-08-12,S004,SRV1003,0,2,0,0,1,0,2,79.0
2026-08-12,S005,SRV1003,1,0,0,3,0,0,1,39.5
2026-08-12,S006,SRV1003,2,5,5,3,2,0,2,79.0
2026-08-12,S007,SRV1003,0,1,0,1,1,0,1,39.5
2026-08-12,S008,SRV1003,1,1,2,0,0,0,0,0.0
2026-08-12,S009,SRV1003,2,7,7,0,3,0,2,79.0
2026-08-12,S010,SRV1003,1,1,2,3,0,0,0,0.0
2026-08-12,S001,SRV1004,0,3,2,2,3,0,1,13.26
2026-08-12,S002,SRV1004,0,3,2,0,3,0,1,13.26
2026-08-12,S003,SRV1004,0,0,0,2,0,0,0,0.0
2026-08-12,S004,SRV1004,1,1,1,3,2,0,1,13.26
2026-08-12,S005,SRV1004,1,1,1,0,0,0,1,13.26
2026-08-12,S006,SRV1004,0,2,1,0,1,0,1,13.26
2026-08-12,S007,SRV1004,1,0,1,1,2,0,0,0.0
2026-08-12,S008,SRV1004,2,17,14,2,2,0,5,66.3
2026-08-12,S009,SRV1004,1,3,2,2,1,0,2,26.52
2026-08-12,S010,SRV1004,0,1,1,1,3,0,0,0.0
2026-08-12,S001,SRV1005,0,0,0,2,0,0,0,0.0
2026-08-12,S002,SRV1005,0,0,0,0,1,0,0,0.0
2026-08-12,S003,SRV1005,1,0,0,2,3,0,1,26.99
2026-08-12,S004,SRV1005,1,0,1,2,2,0,0,0.0
2026-08-12,S005,SRV1005,0,1,1,1,1,0,0,0.0
2026-08-12,S006,SRV1005,1,2,2,0,0,0,1,26.99
2026-08-12,S007,SRV1005,1,1,1,2,0,0,1,26.99
2026-08-12,S008,SRV1005,0,2,1,2,1,0,1,26.99
2026-08-12,S009,SRV1005,0,0,0,0,1,0,0,0.0
2026-08-12,S010,SRV1005,1,2,2,0,1,0,1,26.99
2026-08-12,S001,SRV1006,0,2,2,2,1,0,0,0.0
2026-08-12,S002,SRV1006,1,8,6,0,1,0,3,170.28
2026-08-12,S003,SRV1006,1,2,2,0,0,0,1,56.76
2026-08-12,S004,SRV1006,1,0,0,0,0,0,1,56.76
2026-08-12,S005,SRV1006,0,4,2,1,0,1,2,113.52
2026-08-12,S006,SRV1006,1,1,2,0,1,0,0,0.0
2026-08-12,S007,SRV1006,0,15,11,3,1,0,4,227.04
2026-08-12,S008,SRV1006,1,13,10,0,0,0,4,227.04
2026-08-12,S009,SRV1006,0,1,1,0,3,0,0,0.0
2026-08-12,S010,SRV1006,0,2,2,2,0,0,0,0.0
2026-08-12,S001,SRV1007,0,0,0,0,1,0,0,0.0
2026-08-12,S002,SRV1007,1,1,1,3,0,0,1,41.39
2026-08-12,S003,SRV1007,0,0,0,0,3,0,0,0.0
2026-08-12,S004,SRV1007,0,0,0,3,1,0,0,0.0
2026-08-12,S005,SRV1007,1,9,6,2,2,0,4,165.56
2026-08-12,S006,SRV1007,0,5,4,1,3,0,1,41.39
2026-08-12,S007,SRV1007,1,1,1,3,1,0,1,41.39
2026-08-12,S008,SRV1007,0,6,4,0,3,0,2,82.78
2026-08-12,S009,SRV1007,1,1,1,1,1,0,1,41.39
2026-08-12,S010,SRV1007,0,3,3,0,3,0,0,0.0
2026-08-12,S001,SRV1008,1,0,0,1,3,0,1,9.55
2026-08-12,S002,SRV1008,0,0,0,2,1,0,0,0.0
2026-08-12,S003,SRV1008,0,0,0,0,3,0,0,0.0
2026-08-12,S004,SRV1008,0,1,0,1,2,0,1,9.55
2026-08-12,S005,SRV1008,0,0,0,0,3,0,0,0.0
2026-08-12,S006,SRV1008,0,0,0,1,0,0,0,0.0
2026-08-12,S007,SRV1008,0,4,3,0,0,0,1,9.55
2026-08-12,S008,SRV1008,0,4,3,0,1,0,1,9.55
2026-08-12,S009,SRV1008,0,1,1,1,2,0,0,0.0
2026-08-12,S010,SRV1008,0,0,0,1,0,0,0,0.0
2026-08-12,S001,SRV1009,1,2,2,2,1,0,1,25.93
2026-08-12,S002,SRV1009,2,7,6,3,0,0,3,77.79
2026-08-12,S003,SRV1009,1,0,1,2,2,0,0,0.0
2026-08-12,S004,SRV1009,1,0,0,2,0,0,1,25.93
2026-08-12,S005,SRV1009,0,0,0,2,3,0,0,0.0
2026-08-12,S006,SRV1009,0,3,2,1,0,0,1,25.93
2026-08-12,S007,SRV1009,1,1,1,2,0,0,1,25.93
2026-08-12,S008,SRV1009,1,0,0,0,2,0,1,25.93
2026-08-12,S009,SRV1009,0,0,0,1,1,0,0,0.0
2026-08-12,S010,SRV1009,1,2,2,0,1,0,1,25.93
2026-08-12,S001,SRV1010,2,0,0,1,0,0,2,109.78
2026-08-12,S002,SRV1010,2,4,4,2,2,0,2,109.78
2026-08-12,S003,SRV1010,1,1,2,0,2,0,0,0.0
2026-08-12,S004,SRV1010,0,2,1,2,0,0,1,54.89
2026-08-12,S005,SRV1010,0,1,0,1,3,0,1,54.89
2026-08-12,S006,SRV1010,2,3,3,0,3,0,2,109.78
2026-08-12,S007,SRV1010,1,0,1,2,2,0,0,0.0
2026-08-12,S008,SRV1010,0,8,6,3,2,0,2,109.78
2026-08-12,S009,SRV1010,0,4,3,0,3,0,1,54.89
2026-08-12,S010,SRV1010,0,2,2,2,1,0,0,0.0
2026-08-12,S001,SRV1011,0,0,0,1,2,0,0,0.0
2026-08-12,S002,SRV1011,0,0,0,3,3,0,0,0.0
2026-08-12,S003,SRV1011,0,0,0,1,3,0,0,0.0
2026-08-12,S004,SRV1011,0,0,0,1,1,0,0,0.0
2026-08-12,S005,SRV1011,0,0,0,1,2,0,0,0.0
2026-08-12,S006,SRV1011,0,1,1,1,1,0,0,0.0
2026-08-12,S007,SRV1011,0,0,0,2,2,0,0,0.0
2026-08-12,S008,SRV1011,0,1,1,3,1,0,0,0.0
2026-08-12,S009,SRV1011,0,0,0,1,1,0,0,0.0
2026-08-12,S010,SRV1011,0,0,0,2,0,0,0,0.0
2026-08-12,S001,SRV1012,0,1,0,3,2,0,1,34.13
2026-08-12,S002,SRV1012,2,1,1,1,2,0,2,68.26
2026-08-12,S003,SRV1012,0,0,0,3,0,0,0,0.0
2026-08-12,S004,SRV1012,0,1,0,1,3,1,1,34.13
2026-08-12,S005,SRV1012,1,0,1,2,0,0,0,0.0
2026-08-12,S006,SRV1012,1,2,3,0,2,0,0,0.0
2026-08-12,S007,SRV1012,0,0,0,2,1,1,0,0.0
2026-08-12,S008,SRV1012,0,0,0,0,3,0,0,0.0
2026-08-12,S009,SRV1012,0,0,0,2,3,0,0,0.0
2026-08-12,S010,SRV1012,0,0,0,2,1,1,0,0.0
2026-08-12,S001,SRV1013,1,0,0,1,1,0,1,18.96
2026-08-12,S002,SRV1013,1,0,0,2,3,0,1,18.96
2026-08-12,S003,SRV1013,0,0,0,0,0,0,0,0.0
2026-08-12,S004,SRV1013,0,1,0,3,3,0,1,18.96
2026-08-12,S005,SRV1013,0,6,4,1,3,0,2,37.92
2026-08-12,S006,SRV1013,1,1,1,3,1,0,1,18.96
2026-08-12,S007,SRV1013,0,1,1,3,1,0,0,0.0
2026-08-12,S008,SRV1013,2,5,5,3,1,0,2,37.92
2026-08-12,S009,SRV1013,1,4,4,2,0,0,1,18.96
2026-08-12,S010,SRV1013,1,4,4,3,3,0,1,18.96
2026-08-12,S001,SRV1014,0,8,6,2,0,0,2,121.2
2026-08-12,S002,SRV1014,0,1,0,0,2,0,1,60.6
2026-08-12,S003,SRV1014,1,3,3,0,3,0,1,60.6
2026-08-12,S004,SRV1014,0,4,3,3,2,0,1,60.6
2026-08-12,S005,SRV1014,1,1,2,0,1,0,0,0.0
2026-08-12,S006,SRV1014,0,13,8,0,3,0,5,303.0
2026-08-12,S007,SRV1014,1,5,3,3,1,0,3,181.8
2026-08-12,S008,SRV1014,0,8,5,3,1,0,3,181.8
2026-08-12,S009,SRV1014,1,8,6,1,3,0,3,181.8
2026-08-12,S010,SRV1014,1,3,2,2,3,0,2,121.2
2026-08-12,S001,SRV1015,0,6,5,2,3,0,1,43.98
2026-08-12,S002,SRV1015,0,1,1,0,1,0,0,0.0
2026-08-12,S003,SRV1015,1,1,1,1,0,0,1,43.98
2026-08-12,S004,SRV1015,0,0,0,3,1,0,0,0.0
2026-08-12,S005,SRV1015,1,2,3,2,3,0,0,0.0
2026-08-12,S006,SRV1015,0,4,3,1,1,0,1,43.98
2026-08-12,S007,SRV1015,1,0,1,0,3,0,0,0.0
2026-08-12,S008,SRV1015,1,1,1,0,3,0,1,43.98
2026-08-12,S009,SRV1015,0,3,2,0,0,0,1,43.98
2026-08-12,S010,SRV1015,0,10,8,3,2,0,2,87.96
2026-08-12,S001,SRV1016,0,0,0,1,2,0,0,0.0
2026-08-12,S002,SRV1016,1,1,2,2,2,0,0,0.0
2026-08-12,S003,SRV1016,0,0,0,3,3,0,0,0.0
2026-08-12,S004,SRV1016,1,2,2,1,0,0,1,45.27
2026-08-12,S005,SRV1016,0,0,0,1,1,0,0,0.0
2026-08-12,S006,SRV1016,0,0,0,3,0,0,0,0.0
2026-08-12,S007,SRV1016,0,0,0,2,2,0,0,0.0
2026-08-12,S008,SRV1016,1,1,1,0,2,0,1,45.27
2026-08-12,S009,SRV1016,0,0,0,2,1,0,0,0.0
2026-08-12,S010,SRV1016,0,0,0,1,0,0,0,0.0
2026-08-12,S001,SRV1017,0,3,2,2,0,0,1,24.49
2026-08-12,S002,SRV1017,1,2,2,1,1,0,1,24.49
2026-08-12,S003,SRV1017,0,0,0,0,2,0,0,0.0
2026-08-12,S004,SRV1017,0,0,0,2,0,0,0,0.0
2026-08-12,S005,SRV1017,1,1,1,1,0,0,1,24.49
2026-08-12,S006,SRV1017,0,1,1,0,2,0,0,0.0
2026-08-12,S007,SRV1017,1,2,2,0,1,0,1,24.49
2026-08-12,S008,SRV1017,0,1,1,0,0,0,0,0.0
2026-08-12,S009,SRV1017,0,0,0,3,0,0,0,0.0
2026-08-12,S010,SRV1017,0,0,0,0,1,0,0,0.0
2026-08-12,S001,SRV1018,0,0,0,2,1,0,0,0.0
2026-08-12,S002,SRV1018,0,4,3,3,3,0,1,56.34
2026-08-12,S003,SRV1018,0,2,2,1,2,0,0,0.0
2026-08-12,S004,SRV1018,1,0,0,3,0,0,1,56.34
2026-08-12,S005,SRV1018,1,3,3,3,3,0,1,56.34
2026-08-12,S006,SRV1018,0,0,0,1,2,0,0,0.0
2026-08-12,S007,SRV1018,0,0,0,2,3,0,0,0.0
2026-08-12,S008,SRV1018,0,1,1,0,1,0,0,0.0
2026-08-12,S009,SRV1018,0,1,0,0,0,0,1,56.34
2026-08-12,S010,SRV1018,0,8,6,0,2,0,2,112.68
2026-08-12,S001,SRV1019,0,0,0,3,0,0,0,0.0
2026-08-12,S002,SRV1019,1,7,5,3,2,0,3,75.33
2026-08-12,S003,SRV1019,0,3,2,3,3,1,1,25.11
2026-08-12,S004,SRV1019,1,0,0,3,3,0,1,25.11
2026-08-12,S005,SRV1019,0,0,0,1,1,0,0,0.0
2026-08-12,S006,SRV1019,0,0,0,3,1,0,0,0.0
2026-08-12,S007,SRV1019,1,5,5,0,1,0,1,25.11
2026-08-12,S008,SRV1019,1,2,1,2,3,0,2,50.22
2026-08-12,S009,SRV1019,0,4,3,3,2,0,1,25.11
2026-08-12,S010,SRV1019,0,0,0,1,3,1,0,0.0
2026-08-12,S001,SRV1020,0,0,0,2,3,0,0,0.0
2026-08-12,S002,SRV1020,0,0,0,0,0,0,0,0.0
2026-08-12,S003,SRV1020,0,0,0,1,2,0,0,0.0
2026-08-12,S004,SRV1020,0,0,0,3,0,0,0,0.0
2026-08-12,S005,SRV1020,0,0,0,3,2,0,0,0.0
2026-08-12,S006,SRV1020,1,2,2,3,3,0,1,50.23
2026-08-12,S007,SRV1020,0,0,0,2,0,0,0,0.0
2026-08-12,S008,SRV1020,1,1,2,0,1,0,0,0.0
2026-08-12,S009,SRV1020,0,0,0,1,1,0,0,0.0
2026-08-12,S010,SRV1020,0,0,0,3,0,0,0,0.0
2026-08-12,S001,SRV1021,0,0,0,1,1,0,0,0.0
2026-08-12,S002,SRV1021,1,0,1,1,3,0,0,0.0
2026-08-12,S003,SRV1021,2,2,2,1,2,0,2,111.2
2026-08-12,S004,SRV1021,1,0,0,2,2,0,1,55.6
2026-08-12,S005,SRV1021,0,2,1,3,0,0,1,55.6
2026-08-12,S006,SRV1021,0,6,5,3,0,0,1,55.6
2026-08-12,S007,SRV1021,0,0,0,1,1,0,0,0.0
2026-08-12,S008,SRV1021,0,2,1,3,0,0,1,55.6
2026-08-12,S009,SRV1021,0,3,2,1,3,1,1,55.6
2026-08-12,S010,SRV1021,0,1,0,0,2,0,1,55.6
2026-08-12,S001,SRV1022,1,3,2,2,2,0,2,56.3
2026-08-12,S002,SRV1022,2,5,4,2,3,0,3,84.45
2026-08-12,S003,SRV1022,0,6,5,2,0,0,1,28.15
2026-08-12,S004,SRV1022,2,2,2,0,3,0,2,56.3
2026-08-12,S005,SRV1022,1,0,1,1,1,0,0,0.0
2026-08-12,S006,SRV1022,1,3,3,0,3,0,1,28.15
2026-08-12,S007,SRV1022,2,3,3,0,3,0,2,56.3
2026-08-12,S008,SRV1022,0,12,8,0,2,0,4,112.6
2026-08-12,S009,SRV1022,2,6,5,0,0,0,3,84.45
2026-08-12,S010,SRV1022,1,0,0,1,0,0,1,28.15
2026-08-12,S001,SRV1023,0,1,1,3,2,0,0,0.0
2026-08-12,S002,SRV1023,1,7,6,2,1,0,2,15.08
2026-08-12,S003,SRV1023,1,0,0,3,0,0,1,7.54
2026-08-12,S004,SRV1023,0,2,2,3,0,0,0,0.0
2026-08-12,S005,SRV1023,0,4,3,3,2,0,1,7.54
2026-08-12,S006,SRV1023,0,0,0,1,3,0,0,0.0
2026-08-12,S007,SRV1023,1,0,1,2,2,0,0,0.0
2026-08-12,S008,SRV1023,0,4,3,2,2,0,1,7.54
2026-08-12,S009,SRV1023,2,5,4,1,1,0,3,22.62
2026-08-12,S010,SRV1023,0,1,0,3,3,0,1,7.54
2026-08-12,S001,SRV1024,0,5,4,0,2,0,1,29.01
2026-08-12,S002,SRV1024,1,7,5,1,0,0,3,87.03
2026-08-12,S003,SRV1024,0,1,0,2,0,0,1,29.01
2026-08-12,S004,SRV1024,0,0,0,0,1,0,0,0.0
2026-08-12,S005,SRV1024,1,0,1,1,0,0,0,0.0
2026-08-12,S006,SRV1024,0,2,1,0,0,0,1,29.01
2026-08-12,S007,SRV1024,0,1,0,0,2,0,1,29.01
2026-08-12,S008,SRV1024,0,0,0,3,0,0,0,0.0
2026-08-12,S009,SRV1024,0,0,0,2,3,0,0,0.0
2026-08-12,S010,SRV1024,0,3,2,1,0,0,1,29.01
2026-08-12,S001,SRV1025,0,2,1,1,3,0,1,29.29
2026-08-12,S002,SRV1025,0,0,0,1,3,1,0,0.0
2026-08-12,S003,SRV1025,0,1,0,3,0,0,1,29.29
2026-08-12,S004,SRV1025,0,0,0,2,1,0,0,0.0
2026-08-12,S005,SRV1025,1,2,3,2,0,0,0,0.0
2026-08-12,S006,SRV1025,0,0,0,2,2,0,0,0.0
2026-08-12,S007,SRV1025,0,0,0,2,3,0,0,0.0
2026-08-12,S008,SRV1025,0,0,0,1,3,0,0,0.0
2026-08-12,S009,SRV1025,0,2,2,1,3,0,0,0.0
2026-08-12,S010,SRV1025,0,2,1,3,3,0,1,29.29
2026-08-12,S001,SRV1026,0,0,0,2,3,0,0,0.0
2026-08-12,S002,SRV1026,2,0,0,1,0,0,2,90.0
2026-08-12,S003,SRV1026,2,0,0,2,3,0,2,90.0
2026-08-12,S004,SRV1026,1,0,1,1,3,0,0,0.0
2026-08-12,S005,SRV1026,0,0,0,0,3,0,0,0.0
2026-08-12,S006,SRV1026,1,1,1,2,2,0,1,45.0
2026-08-12,S007,SRV1026,1,0,0,0,2,0,1,45.0
2026-08-12,S008,SRV1026,0,7,5,3,3,0,2,90.0
2026-08-12,S009,SRV1026,0,0,0,1,1,0,0,0.0
2026-08-12,S010,SRV1026,1,3,3,3,0,0,1,45.0
2026-08-12,S001,SRV1027,0,0,0,2,2,0,0,0.0
2026-08-12,S002,SRV1027,0,5,4,2,2,0,1,63.36
2026-08-12,S003,SRV1027,2,2,1,2,1,0,3,190.08
2026-08-12,S004,SRV1027,0,0,0,1,1,0,0,0.0
2026-08-12,S005,SRV1027,0,3,2,0,3,0,1,63.36
2026-08-12,S006,SRV1027,0,9,7,2,3,0,2,126.72
2026-08-12,S007,SRV1027,0,3,3,3,3,0,0,0.0
2026-08-12,S008,SRV1027,0,2,1,3,3,0,1,63.36
2026-08-12,S009,SRV1027,1,5,4,2,0,0,2,126.72
2026-08-12,S010,SRV1027,0,7,6,0,1,0,1,63.36
2026-08-12,S001,SRV1028,1,1,2,2,2,0,0,0.0
2026-08-12,S002,SRV1028,1,5,4,2,3,0,2,63.16
2026-08-12,S003,SRV1028,0,1,1,0,1,0,0,0.0
2026-08-12,S004,SRV1028,1,2,2,1,2,0,1,31.58
2026-08-12,S005,SRV1028,2,3,2,3,3,0,3,94.74
2026-08-12,S006,SRV1028,0,7,4,2,2,0,3,94.74
2026-08-12,S007,SRV1028,0,2,1,1,0,0,1,31.58
2026-08-12,S008,SRV1028,0,3,2,0,2,0,1,31.58
2026-08-12,S009,SRV1028,1,6,5,1,2,0,2,63.16
2026-08-12,S010,SRV1028,0,3,2,2,3,0,1,31.58
2026-08-12,S001,SRV1029,0,0,0,2,1,0,0,0.0
2026-08-12,S002,SRV1029,0,0,0,3,1,0,0,0.0
2026-08-12,S003,SRV1029,0,1,1,1,3,0,0,0.0
2026-08-12,S004,SRV1029,0,0,0,1,1,0,0,0.0
2026-08-12,S005,SRV1029,0,0,0,1,3,0,0,0.0
2026-08-12,S006,SRV1029,1,6,5,2,3,0,2,58.28
2026-08-12,S007,SRV1029,0,3,2,2,1,0,1,29.14
2026-08-12,S008,SRV1029,1,0,1,3,1,0,0,0.0
2026-08-12,S009,SRV1029,1,0,0,2,1,0,1,29.14
2026-08-12,S010,SRV1029,0,3,1,1,2,0,2,58.28
2026-08-12,S001,SRV1030,0,0,0,2,0,0,0,0.0
2026-08-12,S002,SRV1030,0,4,3,2,0,0,1,14.1
2026-08-12,S003,SRV1030,1,1,2,3,3,0,0,0.0
2026-08-12,S004,SRV1030,0,1,0,1,2,0,1,14.1
2026-08-12,S005,SRV1030,0,1,1,0,1,0,0,0.0
2026-08-12,S006,SRV1030,0,1,0,3,1,0,1,14.1
2026-08-12,S007,SRV1030,0,3,2,3,1,0,1,14.1
2026-08-12,S008,SRV1030,0,2,0,2,0,0,2,28.2
2026-08-12,S009,SRV1030,0,5,4,0,2,0,1,14.1
2026-08-12,S010,SRV1030,0,1,1,1,1,0,0,0.0
2026-08-12,S001,SRV1031,0,0,0,1,3,0,0,0.0
2026-08-12,S002,SRV1031,1,0,1,0,1,0,0,0.0
2026-08-12,S003,SRV1031,1,3,3,0,0,0,1,33.2
2026-08-12,S004,SRV1031,0,0,0,3,3,0,0,0.0
2026-08-12,S005,SRV1031,0,0,0,3,3,0,0,0.0
2026-08-12,S006,SRV1031,0,2,2,0,0,0,0,0.0
2026-08-12,S007,SRV1031,1,0,0,2,0,0,1,33.2
2026-08-12,S008,SRV1031,1,2,2,0,3,0,1,33.2
2026-08-12,S009,SRV1031,1,5,4,2,0,0,2,66.4
2026-08-12,S010,SRV1031,0,2,2,2,0,0,0,0.0
2026-08-12,S001,SRV1032,0,1,0,2,2,0,1,16.69
2026-08-12,S002,SRV1032,0,2,1,3,3,0,1,16.69
2026-08-12,S003,SRV1032,0,0,0,2,3,0,0,0.0
2026-08-12,S004,SRV1032,0,1,1,3,1,0,0,0.0
2026-08-12,S005,SRV1032,0,6,4,1,0,0,2,33.38
2026-08-12,S006,SRV1032,0,2,2,1,0,0,0,0.0
2026-08-12,S007,SRV1032,1,0,1,0,1,0,0,0.0
2026-08-12,S008,SRV1032,1,0,1,3,1,0,0,0.0
2026-08-12,S009,SRV1032,2,3,3,0,3,0,2,33.38
2026-08-12,S010,SRV1032,0,0,0,1,3,0,0,0.0
2026-08-12,S001,SRV1033,0,0,0,2,1,0,0,0.0
2026-08-12,S002,SRV1033,0,3,2,0,1,0,1,46.92
2026-08-12,S003,SRV1033,1,1,2,0,3,0,0,0.0
2026-08-12,S004,SRV1033,0,0,0,2,0,0,0,0.0
2026-08-12,S005,SRV1033,0,1,1,3,2,0,0,0.0
2026-08-12,S006,SRV1033,1,0,0,2,3,0,1,46.92
2026-08-12,S007,SRV1033,1,6,5,0,2,0,2,93.84
2026-08-12,S008,SRV1033,0,1,1,2,3,0,0,0.0
2026-08-12,S009,SRV1033,0,0,0,3,2,0,0,0.0
2026-08-12,S010,SRV1033,0,3,3,1,0,0,0,0.0
2026-08-12,S001,SRV1034,1,2,3,3,2,0,0,0.0
2026-08-12,S002,SRV1034,0,1,1,3,0,0,0,0.0
2026-08-12,S003,SRV1034,0,0,0,0,2,0,0,0.0
2026-08-12,S004,SRV1034,1,0,1,1,3,0,0,0.0
2026-08-12,S005,SRV1034,0,8,5,1,2,0,3,124.62
2026-08-12,S006,SRV1034,0,1,0,3,0,0,1,41.54
2026-08-12,S007,SRV1034,1,2,2,2,0,0,1,41.54
2026-08-12,S008,SRV1034,0,1,0,0,0,0,1,41.54
2026-08-12,S009,SRV1034,0,2,1,2,3,0,1,41.54
2026-08-12,S010,SRV1034,0,1,0,0,2,0,1,41.54
2026-08-12,S001,SRV1035,0,0,0,3,0,0,0,0.0
2026-08-12,S002,SRV1035,1,0,1,0,2,0,0,0.0
2026-08-12,S003,SRV1035,0,0,0,1,2,0,0,0.0
2026-08-12,S004,SRV1035,0,1,0,0,3,0,1,33.93
2026-08-12,S005,SRV1035,0,0,0,3,3,0,0,0.0
2026-08-12,S006,SRV1035,0,4,3,1,0,0,1,33.93
2026-08-12,S007,SRV1035,0,4,3,2,1,0,1,33.93
2026-08-12,S008,SRV1035,0,1,1,1,3,0,0,0.0
2026-08-12,S009,SRV1035,0,1,1,2,2,0,0,0.0
2026-08-12,S010,SRV1035,1,3,3,3,1,0,1,33.93
2026-08-12,S001,SRV1036,0,0,0,0,1,0,0,0.0
2026-08-12,S002,SRV1036,1,1,0,0,2,0,2,100.56
2026-08-12,S003,SRV1036,1,2,2,0,2,0,1,50.28
2026-08-12,S004,SRV1036,1,0,0,3,2,0,1,50.28
2026-08-12,S005,SRV1036,0,3,3,3,2,0,0,0.0
2026-08-12,S006,SRV1036,2,4,4,2,3,0,2,100.56
2026-08-12,S007,SRV1036,1,0,0,0,0,0,1,50.28
2026-08-12,S008,SRV1036,0,0,0,1,1,0,0,0.0
2026-08-12,S009,SRV1036,0,0,0,1,2,0,0,0.0
2026-08-12,S010,SRV1036,0,0,0,1,0,0,0,0.0
2026-08-12,S001,SRV1037,0,0,0,0,0,0,0,0.0
2026-08-12,S002,SRV1037,0,0,0,3,2,0,0,0.0
2026-08-12,S003,SRV1037,0,0,0,0,1,0,0,0.0
2026-08-12,S004,SRV1037,0,6,4,1,0,0,2,73.52
2026-08-12,S005,SRV1037,1,3,4,2,0,0,0,0.0
2026-08-12,S006,SRV1037,0,1,1,0,1,0,0,0.0
2026-08-12,S007,SRV1037,1,4,2,1,3,0,3,110.28
2026-08-12,S008,SRV1037,0,1,1,2,2,0,0,0.0
2026-08-12,S009,SRV1037,1,1,0,1,0,0,2,73.52
2026-08-12,S010,SRV1037,0,0,0,3,1,0,0,0.0
2026-08-12,S001,SRV1038,0,0,0,3,3,0,0,0.0
2026-08-12,S002,SRV1038,0,6,4,2,0,0,2,56.42
2026-08-12,S003,SRV1038,1,1,2,0,3,0,0,0.0
2026-08-12,S004,SRV1038,0,0,0,1,1,0,0,0.0
2026-08-12,S005,SRV1038,0,0,0,2,1,0,0,0.0
2026-08-12,S006,SRV1038,1,0,1,0,2,0,0,0.0
2026-08-12,S007,SRV1038,1,0,0,3,1,0,1,28.21
2026-08-12,S008,SRV1038,1,1,2,2,2,0,0,0.0
2026-08-12,S009,SRV1038,0,0,0,3,1,0,0,0.0
2026-08-12,S010,SRV1038,1,0,1,0,1,0,0,0.0
2026-08-12,S001,SRV1039,0,1,0,0,0,0,1,38.32
2026-08-12,S002,SRV1039,0,2,1,3,1,0,1,38.32
2026-08-12,S003,SRV1039,1,5,4,2,0,0,2,76.64
2026-08-12,S004,SRV1039,0,0,0,1,3,0,0,0.0
2026-08-12,S005,SRV1039,0,5,3,0,0,0,2,76.64
2026-08-12,S006,SRV1039,0,0,0,0,0,0,0,0.0
2026-08-12,S007,SRV1039,0,0,0,3,0,0,0,0.0
2026-08-12,S008,SRV1039,1,2,2,1,0,0,1,38.32
2026-08-12,S009,SRV1039,0,0,0,3,0,0,0,0.0
2026-08-12,S010,SRV1039,0,0,0,2,1,0,0,0.0
2026-08-12,S001,SRV1040,1,3,2,2,1,0,2,115.46
2026-08-12,S002,SRV1040,0,4,3,1,3,0,1,57.73
2026-08-12,S003,SRV1040,1,0,0,0,2,0,1,57.73
2026-08-12,S004,SRV1040,0,1,1,0,0,0,0,0.0
2026-08-12,S005,SRV1040,1,0,0,2,1,0,1,57.73
2026-08-12,S006,SRV1040,1,5,4,1,1,0,2,115.46
2026-08-12,S007,SRV1040,0,0,0,3,1,0,0,0.0
2026-08-12,S008,SRV1040,0,6,4,0,1,0,2,115.46
2026-08-12,S009,SRV1040,0,1,0,0,3,0,1,57.73
2026-08-12,S010,SRV1040,0,8,5,3,3,0,3,173.19
2026-08-12,S001,SRV1041,0,0,0,0,3,0,0,0.0
2026-08-12,S002,SRV1041,1,2,1,1,3,0,2,119.66
2026-08-12,S003,SRV1041,0,0,0,2,0,0,0,0.0
2026-08-12,S004,SRV1041,1,2,2,3,0,0,1,59.83
2026-08-12,S005,SRV1041,0,0,0,0,2,0,0,0.0
2026-08-12,S006,SRV1041,0,4,3,2,2,0,1,59.83
2026-08-12,S007,SRV1041,0,1,0,0,1,0,1,59.83
2026-08-12,S008,SRV1041,2,2,2,0,3,0,2,119.66
2026-08-12,S009,SRV1041,0,0,0,1,3,0,0,0.0
2026-08-12,S010,SRV1041,0,2,1,2,0,0,1,59.83
2026-08-12,S001,SRV1042,1,2,1,3,0,1,2,73.38
2026-08-12,S002,SRV1042,0,5,3,2,2,0,2,73.38
2026-08-12,S003,SRV1042,0,1,0,0,2,0,1,36.69
2026-08-12,S004,SRV1042,0,1,1,1,0,0,0,0.0
2026-08-12,S005,SRV1042,1,3,3,1,2,0,1,36.69
2026-08-12,S006,SRV1042,0,3,2,2,2,0,1,36.69
2026-08-12,S007,SRV1042,1,0,0,1,2,0,1,36.69
2026-08-12,S008,SRV1042,0,1,0,2,0,0,1,36.69
2026-08-12,S009,SRV1042,0,1,0,0,0,0,1,36.69
2026-08-12,S010,SRV1042,0,1,0,1,0,0,1,36.69
2026-08-12,S001,SRV1043,1,2,3,1,2,0,0,0.0
2026-08-12,S002,SRV1043,0,1,0,2,3,0,1,33.44
2026-08-12,S003,SRV1043,0,2,1,2,2,1,1,33.44
2026-08-12,S004,SRV1043,0,1,1,0,3,0,0,0.0
2026-08-12,S005,SRV1043,0,0,0,1,0,0,0,0.0
2026-08-12,S006,SRV1043,2,4,4,0,0,0,2,66.88
2026-08-12,S007,SRV1043,1,7,5,0,1,1,3,100.32
2026-08-12,S008,SRV1043,0,2,1,0,3,0,1,33.44
2026-08-12,S009,SRV1043,0,0,0,3,3,0,0,0.0
2026-08-12,S010,SRV1043,1,1,2,2,2,0,0,0.0
2026-08-12,S001,SRV1044,0,0,0,2,0,0,0,0.0
2026-08-12,S002,SRV1044,0,0,0,2,0,0,0,0.0
2026-08-12,S003,SRV1044,0,0,0,3,3,0,0,0.0
2026-08-12,S004,SRV1044,0,0,0,1,0,0,0,0.0
2026-08-12,S005,SRV1044,0,0,0,0,1,0,0,0.0
2026-08-12,S006,SRV1044,1,2,2,2,2,0,1,13.58
2026-08-12,S007,SRV1044,0,4,2,3,3,0,2,27.16
2026-08-12,S008,SRV1044,0,0,0,3,2,0,0,0.0
2026-08-12,S009,SRV1044,0,3,2,2,0,0,1,13.58
2026-08-12,S010,SRV1044,0,0,0,1,0,0,0,0.0
2026-08-12,S001,SRV1045,0,0,0,1,1,0,0,0.0
2026-08-12,S002,SRV1045,0,1,1,0,3,0,0,0.0
2026-08-12,S003,SRV1045,0,0,0,0,3,0,0,0.0
2026-08-12,S004,SRV1045,1,3,3,2,2,0,1,13.45
2026-08-12,S005,SRV1045,1,0,1,0,1,1,0,0.0
2026-08-12,S006,SRV1045,0,2,1,2,2,0,1,13.45
2026-08-12,S007,SRV1045,1,1,1,0,0,0,1,13.45
2026-08-12,S008,SRV1045,1,7,6,0,0,1,2,26.9
2026-08-12,S009,SRV1045,0,0,0,3,1,0,0,0.0
2026-08-12,S010,SRV1045,0,2,1,2,1,0,1,13.45
2026-08-12,S001,SRV1046,1,6,5,1,0,0,2,24.24
2026-08-12,S002,SRV1046,0,3,2,3,2,0,1,12.12
2026-08-12,S003,SRV1046,0,3,2,3,0,0,1,12.12
2026-08-12,S004,SRV1046,1,1,0,1,0,0,2,24.24
2026-08-12,S005,SRV1046,0,1,1,0,0,0,0,0.0
2026-08-12,S006,SRV1046,0,1,1,0,1,0,0,0.0
2026-08-12,S007,SRV1046,1,15,11,2,0,0,5,60.6
2026-08-12,S008,SRV1046,1,7,5,3,0,0,3,36.36
2026-08-12,S009,SRV1046,0,3,2,1,1,0,1,12.12
2026-08-12,S010,SRV1046,0,0,0,3,3,0,0,0.0
2026-08-12,S001,SRV1047,1,2,2,1,0,0,1,56.95
2026-08-12,S002,SRV1047,0,0,0,1,2,0,0,0.0
2026-08-12,S003,SRV1047,0,0,0,0,1,0,0,0.0
2026-08-12,S004,SRV1047,1,2,1,2,3,0,2,113.9
2026-08-12,S005,SRV1047,0,4,2,1,0,0,2,113.9
2026-08-12,S006,SRV1047,0,4,3,3,1,0,1,56.95
2026-08-12,S007,SRV1047,0,0,0,2,2,0,0,0.0
2026-08-12,S008,SRV1047,0,3,1,0,1,0,2,113.9
2026-08-12,S009,SRV1047,0,1,1,3,3,0,0,0.0
2026-08-12,S010,SRV1047,0,0,0,3,2,0,0,0.0
2026-08-12,S001,SRV1048,0,1,0,2,3,0,1,57.27
2026-08-12,S002,SRV1048,0,2,1,1,2,0,1,57.27
2026-08-12,S003,SRV1048,0,1,0,2,1,0,1,57.27
2026-08-12,S004,SRV1048,0,0,0,3,3,0,0,0.0
2026-08-12,S005,SRV1048,1,4,4,3,3,0,1,57.27
2026-08-12,S006,SRV1048,0,0,0,1,2,0,0,0.0
2026-08-12,S007,SRV1048,1,3,3,3,2,1,1,57.27
2026-08-12,S008,SRV1048,2,7,7,3,1,0,2,114.54
2026-08-12,S009,SRV1048,1,4,3,1,2,0,2,114.54
2026-08-12,S010,SRV1048,0,0,0,0,2,0,0,0.0
2026-08-12,S001,SRV1049,0,0,0,2,3,0,0,0.0
2026-08-12,S002,SRV1049,0,4,3,2,0,1,1,37.91
2026-08-12,S003,SRV1049,0,1,0,3,0,0,1,37.91
2026-08-12,S004,SRV1049,1,2,1,0,3,0,2,75.82
2026-08-12,S005,SRV1049,0,0,0,3,1,1,0,0.0
2026-08-12,S006,SRV1049,0,1,0,2,3,0,1,37.91
2026-08-12,S007,SRV1049,0,0,0,2,2,0,0,0.0
2026-08-12,S008,SRV1049,0,0,0,0,3,0,0,0.0
2026-08-12,S009,SRV1049,0,4,3,0,1,0,1,37.91
2026-08-12,S010,SRV1049,1,6,5,0,0,0,2,75.82
2026-08-12,S001,SRV1050,0,1,1,0,3,0,0,0.0
2026-08-12,S002,SRV1050,0,2,0,1,0,0,2,74.68
2026-08-12,S003,SRV1050,0,1,0,2,3,0,1,37.34
2026-08-12,S004,SRV1050,1,9,7,2,0,0,3,112.02
2026-08-12,S005,SRV1050,0,0,0,2,2,0,0,0.0
2026-08-12,S006,SRV1050,0,2,2,1,2,0,0,0.0
2026-08-12,S007,SRV1050,0,4,4,2,0,0,0,0.0
2026-08-12,S008,SRV1050,1,11,8,1,3,0,4,149.36
2026-08-12,S009,SRV1050,1,0,1,3,3,0,0,0.0
2026-08-12,S010,SRV1050,0,3,2,0,0,0,1,37.34
2026-08-12,S001,SRV1051,1,0,1,1,0,0,0,0.0
2026-08-12,S002,SRV1051,2,6,6,1,1,0,2,72.68
2026-08-12,S003,SRV1051,0,2,0,2,2,0,2,72.68
2026-08-12,S004,SRV1051,0,0,0,1,2,0,0,0.0
2026-08-12,S005,SRV1051,0,5,4,1,0,0,1,36.34
2026-08-12,S006,SRV1051,0,2,2,3,1,0,0,0.0
2026-08-12,S007,SRV1051,0,6,4,0,3,0,2,72.68
2026-08-12,S008,SRV1051,1,2,2,0,0,0,1,36.34
2026-08-12,S009,SRV1051,0,1,1,3,3,0,0,0.0
2026-08-12,S010,SRV1051,0,2,2,3,3,0,0,0.0
2026-08-12,S001,SRV1052,0,1,0,1,1,0,1,55.14
2026-08-12,S002,SRV1052,0,1,1,3,0,0,0,0.0
2026-08-12,S003,SRV1052,1,4,4,2,1,0,1,55.14
2026-08-12,S004,SRV1052,0,0,0,1,3,0,0,0.0
2026-08-12,S005,SRV1052,0,7,5,0,3,0,2,110.28
2026-08-12,S006,SRV1052,0,2,1,1,0,0,1,55.14
2026-08-12,S007,SRV1052,1,0,0,3,2,0,1,55.14
2026-08-12,S008,SRV1052,1,0,1,3,3,0,0,0.0
2026-08-12,S009,SRV1052,0,3,3,1,2,0,0,0.0
2026-08-12,S010,SRV1052,0,0,0,1,3,0,0,0.0
2026-08-12,S001,SRV1053,0,0,0,3,2,0,0,0.0
2026-08-12,S002,SRV1053,0,2,2,1,2,0,0,0.0
2026-08-12,S003,SRV1053,0,1,0,3,0,0,1,15.87
2026-08-12,S004,SRV1053,0,0,0,1,0,0,0,0.0
2026-08-12,S005,SRV1053,0,2,1,3,0,0,1,15.87
2026-08-12,S006,SRV1053,0,3,2,3,0,0,1,15.87
2026-08-12,S007,SRV1053,0,2,2,0,1,0,0,0.0
2026-08-12,S008,SRV1053,1,2,2,3,1,0,1,15.87
2026-08-12,S009,SRV1053,0,5,4,0,1,0,1,15.87
2026-08-12,S010,SRV1053,1,3,4,3,2,0,0,0.0
2026-08-12,S001,SRV1054,0,5,4,3,1,0,1,22.23
2026-08-12,S002,SRV1054,0,3,3,3,2,0,0,0.0
2026-08-12,S003,SRV1054,0,0,0,0,2,0,0,0.0
2026-08-12,S004,SRV1054,0,1,0,2,3,0,1,22.23
2026-08-12,S005,SRV1054,1,0,0,3,1,0,1,22.23
2026-08-12,S006,SRV1054,0,1,1,1,3,0,0,0.0
2026-08-12,S007,SRV1054,0,7,6,1,0,0,1,22.23
2026-08-12,S008,SRV1054,2,6,6,1,0,0,2,44.46
2026-08-12,S009,SRV1054,0,5,3,0,2,0,2,44.46
2026-08-12,S010,SRV1054,2,3,3,3,1,0,2,44.46
2026-08-12,S001,SRV1055,0,1,1,0,2,0,0,0.0
2026-08-12,S002,SRV1055,1,2,0,2,0,0,3,129.36
2026-08-12,S003,SRV1055,1,5,4,0,2,0,2,86.24
2026-08-12,S004,SRV1055,0,2,2,3,1,0,0,0.0
2026-08-12,S005,SRV1055,1,1,2,2,1,0,0,0.0
2026-08-12,S006,SRV1055,0,2,2,1,2,0,0,0.0
2026-08-12,S007,SRV1055,1,4,3,3,3,0,2,86.24
2026-08-12,S008,SRV1055,0,1,0,0,0,0,1,43.12
2026-08-12,S009,SRV1055,1,0,1,1,2,0,0,0.0
2026-08-12,S010,SRV1055,0,0,0,1,1,0,0,0.0
2026-08-12,S001,SRV1056,1,6,5,3,2,0,2,25.64
2026-08-12,S002,SRV1056,1,1,1,0,3,0,1,12.82
2026-08-12,S003,SRV1056,1,4,3,3,1,0,2,25.64
2026-08-12,S004,SRV1056,1,1,1,1,0,0,1,12.82
2026-08-12,S005,SRV1056,0,0,0,1,2,0,0,0.0
2026-08-12,S006,SRV1056,1,2,2,2,1,0,1,12.82
2026-08-12,S007,SRV1056,0,3,3,1,2,0,0,0.0
2026-08-12,S008,SRV1056,1,5,4,1,3,0,2,25.64
2026-08-12,S009,SRV1056,1,4,3,2,0,0,2,25.64
2026-08-12,S010,SRV1056,0,1,1,1,1,0,0,0.0
2026-08-12,S001,SRV1057,0,0,0,1,0,0,0,0.0
2026-08-12,S002,SRV1057,1,0,1,2,0,0,0,0.0
2026-08-12,S003,SRV1057,0,0,0,3,2,0,0,0.0
2026-08-12,S004,SRV1057,0,2,0,2,1,0,2,32.12
2026-08-12,S005,SRV1057,0,1,1,3,3,0,0,0.0
2026-08-12,S006,SRV1057,0,2,1,2,1,0,1,16.06
2026-08-12,S007,SRV1057,1,7,5,1,2,0,3,48.18
2026-08-12,S008,SRV1057,0,3,2,0,2,0,1,16.06
2026-08-12,S009,SRV1057,1,6,5,1,3,0,2,32.12
2026-08-12,S010,SRV1057,0,0,0,0,2,0,0,0.0
2026-08-12,S001,SRV1058,0,0,0,2,2,0,0,0.0
2026-08-12,S002,SRV1058,1,5,4,1,3,0,2,95.32
2026-08-12,S003,SRV1058,0,1,0,3,0,0,1,47.66
2026-08-12,S004,SRV1058,0,2,2,2,2,0,0,0.0
2026-08-12,S005,SRV1058,0,3,2,0,1,0,1,47.66
2026-08-12,S006,SRV1058,2,0,0,2,1,0,2,95.32
2026-08-12,S007,SRV1058,1,1,1,1,1,0,1,47.66
2026-08-12,S008,SRV1058,0,2,0,2,3,0,2,95.32
2026-08-12,S009,SRV1058,0,4,3,0,0,0,1,47.66
2026-08-12,S010,SRV1058,0,3,3,1,2,0,0,0.0
2026-08-12,S001,SRV1059,0,2,1,1,2,0,1,15.84
2026-08-12,S002,SRV1059,1,1,2,0,3,0,0,0.0
2026-08-12,S003,SRV1059,2,4,4,3,1,0,2,31.68
2026-08-12,S004,SRV1059,0,1,0,1,2,0,1,15.84
2026-08-12,S005,SRV1059,0,1,1,3,0,0,0,0.0
2026-08-12,S006,SRV1059,0,1,1,0,2,0,0,0.0
2026-08-12,S007,SRV1059,0,3,2,3,3,0,1,15.84
2026-08-12,S008,SRV1059,0,1,0,2,2,0,1,15.84
2026-08-12,S009,SRV1059,0,4,3,1,1,0,1,15.84
2026-08-12,S010,SRV1059,0,9,7,2,3,0,2,31.68
2026-08-12,S001,SRV1060,1,4,4,3,0,0,1,6.35
2026-08-12,S002,SRV1060,0,11,8,0,1,0,3,19.05
2026-08-12,S003,SRV1060,1,1,1,0,2,0,1,6.35
2026-08-12,S004,SRV1060,0,0,0,3,0,0,0,0.0
2026-08-12,S005,SRV1060,0,5,3,1,0,0,2,12.7
2026-08-12,S006,SRV1060,0,1,0,1,1,0,1,6.35
2026-08-12,S007,SRV1060,0,2,1,0,2,0,1,6.35
2026-08-12,S008,SRV1060,1,0,1,3,2,0,0,0.0
2026-08-12,S009,SRV1060,1,0,1,2,1,0,0,0.0
2026-08-12,S010,SRV1060,1,0,0,1,0,0,1,6.35
2026-08-12,S001,SRV1061,1,1,2,2,0,0,0,0.0
2026-08-12,S002,SRV1061,0,2,2,3,1,0,0,0.0
2026-08-12,S003,SRV1061,0,0,0,1,0,0,0,0.0
2026-08-12,S004,SRV1061,0,0,0,3,3,0,0,0.0
2026-08-12,S005,SRV1061,0,10,7,2,1,0,3,26.79
2026-08-12,S006,SRV1061,0,1,0,0,1,0,1,8.93
2026-08-12,S007,SRV1061,0,1,0,3,0,0,1,8.93
2026-08-12,S008,SRV1061,0,1,0,2,0,0,1,8.93
2026-08-12,S009,SRV1061,0,0,0,0,3,0,0,0.0
2026-08-12,S010,SRV1061,0,0,0,0,2,0,0,0.0
2026-08-12,S001,SRV1062,0,0,0,0,2,0,0,0.0
2026-08-12,S002,SRV1062,1,2,2,3,3,0,1,36.84
2026-08-12,S003,SRV1062,0,2,1,3,3,0,1,36.84
2026-08-12,S004,SRV1062,1,0,0,2,2,0,1,36.84
2026-08-12,S005,SRV1062,0,2,2,3,0,0,0,0.0
2026-08-12,S006,SRV1062,1,2,2,1,3,0,1,36.84
2026-08-12,S007,SRV1062,0,0,0,3,0,1,0,0.0
2026-08-12,S008,SRV1062,1,8,6,0,0,0,3,110.52
2026-08-12,S009,SRV1062,0,8,5,0,1,0,3,110.52
2026-08-12,S010,SRV1062,0,1,1,3,3,0,0,0.0
2026-08-12,S001,SRV1063,0,2,1,1,0,0,1,39.48
2026-08-12,S002,SRV1063,0,4,3,1,2,0,1,39.48
2026-08-12,S003,SRV1063,0,1,1,2,3,0,0,0.0
2026-08-12,S004,SRV1063,1,2,2,1,2,0,1,39.48
2026-08-12,S005,SRV1063,0,0,0,3,0,0,0,0.0
2026-08-12,S006,SRV1063,0,2,1,0,3,0,1,39.48
2026-08-12,S007,SRV1063,1,6,5,2,0,0,2,78.96
2026-08-12,S008,SRV1063,0,5,4,0,1,0,1,39.48
2026-08-12,S009,SRV1063,0,3,3,0,1,0,0,0.0
2026-08-12,S010,SRV1063,0,2,2,0,1,0,0,0.0
2026-08-12,S001,SRV1064,0,0,0,1,1,0,0,0.0
2026-08-12,S002,SRV1064,0,2,1,0,3,0,1,17.63
2026-08-12,S003,SRV1064,1,4,4,2,1,0,1,17.63
2026-08-12,S004,SRV1064,0,0,0,2,2,0,0,0.0
2026-08-12,S005,SRV1064,0,0,0,2,3,0,0,0.0
2026-08-12,S006,SRV1064,1,1,2,2,3,0,0,0.0
2026-08-12,S007,SRV1064,2,6,6,2,1,1,2,35.26
2026-08-12,S008,SRV1064,0,7,6,3,0,0,1,17.63
2026-08-12,S009,SRV1064,0,0,0,1,0,0,0,0.0
2026-08-12,S010,SRV1064,0,6,4,0,3,0,2,35.26
2026-08-12,S001,SRV1065,1,4,4,2,0,0,1,26.57
2026-08-12,S002,SRV1065,0,4,2,2,3,0,2,53.14
2026-08-12,S003,SRV1065,0,2,1,2,1,0,1,26.57
2026-08-12,S004,SRV1065,0,5,3,0,0,0,2,53.14
2026-08-12,S005,SRV1065,1,0,0,3,2,0,1,26.57
2026-08-12,S006,SRV1065,1,1,1,3,2,0,1,26.57
2026-08-12,S007,SRV1065,2,3,3,0,0,0,2,53.14
2026-08-12,S008,SRV1065,1,0,1,3,1,0,0,0.0
2026-08-12,S009,SRV1065,0,2,1,2,2,0,1,26.57
2026-08-12,S010,SRV1065,1,1,2,0,0,0,0,0.0
2026-08-12,S001,SRV1066,0,0,0,3,3,0,0,0.0
2026-08-12,S002,SRV1066,0,5,2,3,2,0,3,95.61
2026-08-12,S003,SRV1066,0,2,1,1,3,0,1,31.87
2026-08-12,S004,SRV1066,1,6,5,3,0,0,2,63.74
2026-08-12,S005,SRV1066,1,0,1,3,2,0,0,0.0
2026-08-12,S006,SRV1066,0,1,0,2,2,0,1,31.87
2026-08-12,S007,SRV1066,0,0,0,3,0,0,0,0.0
2026-08-12,S008,SRV1066,0,1,1,3,0,0,0,0.0
2026-08-12,S009,SRV1066,0,1,0,1,1,0,1,31.87
2026-08-12,S010,SRV1066,0,1,0,3,1,0,1,31.87
2026-08-12,S001,SRV1067,0,0,0,1,2,0,0,0.0
2026-08-12,S002,SRV1067,1,1,1,3,0,0,1,33.54
2026-08-12,S003,SRV1067,0,1,1,2,1,0,0,0.0
2026-08-12,S004,SRV1067,0,0,0,1,0,0,0,0.0
2026-08-12,S005,SRV1067,1,0,0,2,0,0,1,33.54
2026-08-12,S006,SRV1067,2,12,9,2,1,0,5,167.7
2026-08-12,S007,SRV1067,1,2,2,0,1,0,1,33.54
2026-08-12,S008,SRV1067,1,1,1,2,2,0,1,33.54
2026-08-12,S009,SRV1067,0,0,0,0,3,0,0,0.0
2026-08-12,S010,SRV1067,0,0,0,2,3,0,0,0.0
2026-08-12,S001,SRV1068,0,0,0,3,3,0,0,0.0
2026-08-12,S002,SRV1068,2,2,2,1,3,0,2,64.76
2026-08-12,S003,SRV1068,0,0,0,3,0,0,0,0.0
2026-08-12,S004,SRV1068,1,0,0,0,2,0,1,32.38
2026-08-12,S005,SRV1068,1,4,4,0,3,0,1,32.38
2026-08-12,S006,SRV1068,2,3,3,2,2,0,2,64.76
2026-08-12,S007,SRV1068,1,2,2,0,1,0,1,32.38
2026-08-12,S008,SRV1068,1,0,1,0,3,0,0,0.0
2026-08-12,S009,SRV1068,1,0,0,1,2,0,1,32.38
2026-08-12,S010,SRV1068,0,0,0,0,2,0,0,0.0
2026-08-12,S001,SRV1069,1,0,1,3,1,0,0,0.0
2026-08-12,S002,SRV1069,0,0,0,2,0,0,0,0.0
2026-08-12,S003,SRV1069,0,5,3,0,1,0,2,115.02
2026-08-12,S004,SRV1069,2,3,3,1,1,0,2,115.02
2026-08-12,S005,SRV1069,1,3,3,1,2,0,1,57.51
2026-08-12,S006,SRV1069,0,1,1,3,1,0,0,0.0
2026-08-12,S007,SRV1069,0,0,0,1,3,0,0,0.0
2026-08-12,S008,SRV1069,1,1,2,2,1,1,0,0.0
2026-08-12,S009,SRV1069,1,0,0,0,3,0,1,57.51
2026-08-12,S010,SRV1069,0,1,0,3,2,0,1,57.51
2026-08-12,S001,SRV1070,0,0,0,3,2,0,0,0.0
2026-08-12,S002,SRV1070,0,4,3,2,1,0,1,25.3
2026-08-12,S003,SRV1070,1,7,5,3,0,0,3,75.9
2026-08-12,S004,SRV1070,1,0,0,1,0,0,1,25.3
2026-08-12,S005,SRV1070,2,15,13,2,0,0,4,101.2
2026-08-12,S006,SRV1070,0,15,11,2,0,0,4,101.2
2026-08-12,S007,SRV1070,0,2,2,1,3,0,0,0.0
2026-08-12,S008,SRV1070,0,4,3,1,3,0,1,25.3
2026-08-12,S009,SRV1070,0,3,2,0,0,0,1,25.3
2026-08-12,S010,SRV1070,1,5,3,0,1,0,3,75.9
2026-08-12,S001,SRV1071,1,0,0,0,0,0,1,65.35
2026-08-12,S002,SRV1071,0,3,2,1,1,0,1,65.35
2026-08-12,S003,SRV1071,0,0,0,0,1,0,0,0.0
2026-08-12,S004,SRV1071,1,2,2,0,0,0,1,65.35
2026-08-12,S005,SRV1071,1,1,2,0,0,0,0,0.0
2026-08-12,S006,SRV1071,0,0,0,0,1,0,0,0.0
2026-08-12,S007,SRV1071,1,1,1,2,0,0,1,65.35
2026-08-12,S008,SRV1071,0,2,2,1,0,0,0,0.0
2026-08-12,S009,SRV1071,1,2,2,3,1,0,1,65.35
2026-08-12,S010,SRV1071,2,5,5,2,2,0,2,130.7
2026-08-12,S001,SRV1072,0,1,0,3,1,0,1,60.66
2026-08-12,S002,SRV1072,2,5,4,2,3,0,3,181.98
2026-08-12,S003,SRV1072,0,6,4,3,1,0,2,121.32
2026-08-12,S004,SRV1072,0,0,0,0,0,0,0,0.0
2026-08-12,S005,SRV1072,1,0,0,1,0,0,1,60.66
2026-08-12,S006,SRV1072,0,7,4,3,1,0,3,181.98
2026-08-12,S007,SRV1072,1,0,1,1,2,0,0,0.0
2026-08-12,S008,SRV1072,0,3,2,1,3,0,1,60.66
2026-08-12,S009,SRV1072,2,4,4,0,0,0,2,121.32
2026-08-12,S010,SRV1072,0,0,0,3,0,0,0,0.0
2026-08-12,S001,SRV1073,0,0,0,1,1,0,0,0.0
2026-08-12,S002,SRV1073,0,1,1,3,1,0,0,0.0
2026-08-12,S003,SRV1073,0,0,0,1,1,0,0,0.0
2026-08-12,S004,SRV1073,1,0,1,1,3,0,0,0.0
2026-08-12,S005,SRV1073,1,3,3,1,2,0,1,25.41
2026-08-12,S006,SRV1073,1,8,6,1,0,0,3,76.23
2026-08-12,S007,SRV1073,0,0,0,0,2,0,0,0.0
2026-08-12,S008,SRV1073,0,0,0,1,0,0,0,0.0
2026-08-12,S009,SRV1073,0,1,0,1,0,0,1,25.41
2026-08-12,S010,SRV1073,0,4,2,2,0,0,2,50.82
2026-08-12,S001,SRV1074,0,0,0,2,1,0,0,0.0
2026-08-12,S002,SRV1074,1,0,0,1,0,0,1,55.25
2026-08-12,S003,SRV1074,2,6,6,2,0,0,2,110.5
2026-08-12,S004,SRV1074,0,0,0,2,3,0,0,0.0
2026-08-12,S005,SRV1074,0,10,7,2,2,0,3,165.75
2026-08-12,S006,SRV1074,0,0,0,2,1,0,0,0.0
2026-08-12,S007,SRV1074,0,5,4,2,1,0,1,55.25
2026-08-12,S008,SRV1074,0,1,0,1,1,0,1,55.25
2026-08-12,S009,SRV1074,0,0,0,2,3,0,0,0.0
2026-08-12,S010,SRV1074,0,0,0,2,3,0,0,0.0
2026-08-12,S001,SRV1075,0,0,0,3,0,0,0,0.0
2026-08-12,S002,SRV1075,0,0,0,1,0,0,0,0.0
2026-08-12,S003,SRV1075,0,3,3,3,3,0,0,0.0
2026-08-12,S004,SRV1075,0,1,1,1,2,0,0,0.0
2026-08-12,S005,SRV1075,1,0,0,1,0,1,1,60.29
2026-08-12,S006,SRV1075,1,3,2,0,3,0,2,120.58
2026-08-12,S007,SRV1075,2,7,6,2,3,0,3,180.87
2026-08-12,S008,SRV1075,0,2,2,2,1,0,0,0.0
2026-08-12,S009,SRV1075,1,3,3,2,2,0,1,60.29
2026-08-12,S010,SRV1075,0,0,0,2,0,0,0,0.0
2026-08-12,S001,SRV1076,0,2,2,1,0,0,0,0.0
2026-08-12,S002,SRV1076,1,0,0,1,2,0,1,25.17
2026-08-12,S003,SRV1076,0,0,0,1,0,0,0,0.0
2026-08-12,S004,SRV1076,0,3,2,0,0,0,1,25.17
2026-08-12,S005,SRV1076,0,0,0,2,0,0,0,0.0
2026-08-12,S006,SRV1076,0,5,4,3,2,0,1,25.17
2026-08-12,S007,SRV1076,2,7,7,3,1,0,2,50.34
2026-08-12,S008,SRV1076,0,1,0,2,2,0,1,25.17
2026-08-12,S009,SRV1076,1,3,3,2,3,0,1,25.17
2026-08-12,S010,SRV1076,1,2,2,3,2,0,1,25.17
2026-08-12,S001,SRV1077,0,3,3,2,1,0,0,0.0
2026-08-12,S002,SRV1077,0,5,4,3,2,0,1,10.84
2026-08-12,S003,SRV1077,0,0,0,0,3,0,0,0.0
2026-08-12,S004,SRV1077,0,0,0,1,2,0,0,0.0
2026-08-12,S005,SRV1077,0,0,0,1,0,0,0,0.0
2026-08-12,S006,SRV1077,2,4,4,2,3,0,2,21.68
2026-08-12,S007,SRV1077,2,0,0,0,2,0,2,21.68
2026-08-12,S008,SRV1077,1,0,1,0,1,0,0,0.0
2026-08-12,S009,SRV1077,0,1,0,0,3,0,1,10.84
2026-08-12,S010,SRV1077,1,0,1,3,0,0,0,0.0
2026-08-12,S001,SRV1078,0,2,1,1,1,0,1,25.42
2026-08-12,S002,SRV1078,0,1,0,1,1,0,1,25.42
2026-08-12,S003,SRV1078,0,2,1,1,1,0,1,25.42
2026-08-12,S004,SRV1078,0,0,0,2,1,0,0,0.0
2026-08-12,S005,SRV1078,0,1,0,3,2,1,1,25.42
2026-08-12,S006,SRV1078,0,1,0,1,1,0,1,25.42
2026-08-12,S007,SRV1078,1,0,0,1,1,0,1,25.42
2026-08-12,S008,SRV1078,1,3,3,3,0,0,1,25.42
2026-08-12,S009,SRV1078,0,0,0,1,3,0,0,0.0
2026-08-12,S010,SRV1078,1,1,1,1,0,0,1,25.42
2026-08-12,S001,SRV1079,0,0,0,3,1,0,0,0.0
2026-08-12,S002,SRV1079,0,1,1,3,0,0,0,0.0
2026-08-12,S003,SRV1079,1,0,0,3,2,0,1,46.65
2026-08-12,S004,SRV1079,1,4,3,1,0,0,2,93.3
2026-08-12,S005,SRV1079,0,1,0,1,2,0,1,46.65
2026-08-12,S006,SRV1079,0,0,0,0,0,0,0,0.0
2026-08-12,S007,SRV1079,0,2,0,1,3,0,2,93.3
2026-08-12,S008,SRV1079,0,4,3,2,3,0,1,46.65
2026-08-12,S009,SRV1079,0,3,2,0,0,0,1,46.65
2026-08-12,S010,SRV1079,0,0,0,1,1,0,0,0.0
2026-08-12,S001,SRV1080,0,0,0,1,0,0,0,0.0
2026-08-12,S002,SRV1080,1,0,1,2,1,0,0,0.0
2026-08-12,S003,SRV1080,2,3,3,1,3,0,2,48.2
2026-08-12,S004,SRV1080,0,0,0,1,2,0,0,0.0
2026-08-12,S005,SRV1080,0,0,0,0,1,0,0,0.0
2026-08-12,S006,SRV1080,1,2,2,0,2,0,1,24.1
2026-08-12,S007,SRV1080,2,6,5,1,3,0,3,72.3
2026-08-12,S008,SRV1080,1,1,1,0,0,0,1,24.1
2026-08-12,S009,SRV1080,1,3,3,0,0,0,1,24.1
2026-08-12,S010,SRV1080,0,0,0,0,3,0,0,0.0
2026-08-12,S001,UTL1081,0,2,1,0,1,0,1,25.31
2026-08-12,S002,UTL1081,0,6,4,2,2,0,2,50.62
2026-08-12,S003,UTL1081,1,1,1,0,2,0,1,25.31
2026-08-12,S004,UTL1081,1,8,6,1,3,0,3,75.93
2026-08-12,S005,UTL1081,0,14,10,1,0,0,4,101.24
2026-08-12,S006,UTL1081,1,3,3,3,0,0,1,25.31
2026-08-12,S007,UTL1081,0,4,4,1,3,0,0,0.0
2026-08-12,S008,UTL1081,1,2,2,2,3,0,1,25.31
2026-08-12,S009,UTL1081,2,4,4,1,3,0,2,50.62
2026-08-12,S010,UTL1081,2,4,4,1,0,0,2,50.62
2026-08-12,S001,UTL1082,0,1,1,3,0,0,0,0.0
2026-08-12,S002,UTL1082,0,0,0,2,3,0,0,0.0
2026-08-12,S003,UTL1082,0,7,5,2,1,0,2,32.34
2026-08-12,S004,UTL1082,1,0,0,2,1,0,1,16.17
2026-08-12,S005,UTL1082,0,0,0,1,2,0,0,0.0
2026-08-12,S006,UTL1082,0,1,0,1,2,0,1,16.17
2026-08-12,S007,UTL1082,1,3,3,3,0,0,1,16.17
2026-08-12,S008,UTL1082,1,8,7,3,0,0,2,32.34
2026-08-12,S009,UTL1082,1,1,1,3,0,0,1,16.17
2026-08-12,S010,UTL1082,0,1,0,2,3,0,1,16.17
2026-08-12,S001,UTL1083,0,1,1,2,2,0,0,0.0
2026-08-12,S002,UTL1083,0,0,0,1,0,0,0,0.0
2026-08-12,S003,UTL1083,1,0,0,3,0,0,1,28.85
2026-08-12,S004,UTL1083,1,0,0,2,1,0,1,28.85
2026-08-12,S005,UTL1083,0,8,6,3,3,0,2,57.7
2026-08-12,S006,UTL1083,0,1,0,3,0,0,1,28.85
2026-08-12,S007,UTL1083,1,4,5,2,0,0,0,0.0
2026-08-12,S008,UTL1083,0,1,1,0,2,0,0,0.0
2026-08-12,S009,UTL1083,1,2,2,3,3,0,1,28.85
2026-08-12,S010,UTL1083,1,1,1,2,1,0,1,28.85
2026-08-12,S001,UTL1084,2,4,4,1,1,0,2,52.42
2026-08-12,S002,UTL1084,0,3,2,3,1,0,1,26.21
2026-08-12,S003,UTL1084,0,2,1,3,1,0,1,26.21
2026-08-12,S004,UTL1084,0,0,0,0,0,0,0,0.0
2026-08-12,S005,UTL1084,1,1,1,0,2,0,1,26.21
2026-08-12,S006,UTL1084,0,0,0,3,2,0,0,0.0
2026-08-12,S007,UTL1084,1,9,8,0,2,0,2,52.42
2026-08-12,S008,UTL1084,2,3,3,3,0,0,2,52.42
2026-08-12,S009,UTL1084,0,0,0,0,3,0,0,0.0
2026-08-12,S010,UTL1084,0,0,0,1,1,0,0,0.0
2026-08-12,S001,UTL1085,0,1,1,3,0,0,0,0.0
2026-08-12,S002,UTL1085,1,3,3,2,0,0,1,16.22
2026-08-12,S003,UTL1085,0,1,0,1,0,0,1,16.22
2026-08-12,S004,UTL1085,0,4,2,2,3,0,2,32.44
2026-08-12,S005,UTL1085,0,0,0,3,3,0,0,0.0
2026-08-12,S006,UTL1085,0,0,0,1,3,0,0,0.0
2026-08-12,S007,UTL1085,0,1,0,2,1,0,1,16.22
2026-08-12,S008,UTL1085,0,7,6,1,0,0,1,16.22
2026-08-12,S009,UTL1085,2,2,2,1,3,0,2,32.44
2026-08-12,S010,UTL1085,0,0,0,0,2,0,0,0.0
2026-08-12,S001,UTL1086,1,8,6,1,1,1,3,63.63
2026-08-12,S002,UTL1086,0,0,0,3,3,0,0,0.0
2026-08-12,S003,UTL1086,0,4,3,0,3,0,1,21.21
2026-08-12,S004,UTL1086,0,1,0,3,2,0,1,21.21
2026-08-12,S005,UTL1086,0,0,0,2,0,0,0,0.0
2026-08-12,S006,UTL1086,1,5,5,0,2,0,1,21.21
2026-08-12,S007,UTL1086,0,1,0,1,3,0,1,21.21
2026-08-12,S008,UTL1086,1,4,4,2,3,0,1,21.21
2026-08-12,S009,UTL1086,1,2,3,2,2,0,0,0.0
2026-08-12,S010,UTL1086,1,0,0,3,0,0,1,21.21
2026-08-12,S001,UTL1087,0,4,3,2,3,0,1,30.8
2026-08-12,S002,UTL1087,1,1,0,1,2,0,2,61.6
2026-08-12,S003,UTL1087,1,1,1,2,3,0,1,30.8
2026-08-12,S004,UTL1087,1,4,4,2,1,0,1,30.8
2026-08-12,S005,UTL1087,1,7,5,2,1,0,3,92.4
2026-08-12,S006,UTL1087,2,7,6,1,3,0,3,92.4
2026-08-12,S007,UTL1087,2,2,2,0,0,0,2,61.6
2026-08-12,S008,UTL1087,0,3,2,3,2,0,1,30.8
2026-08-12,S009,UTL1087,1,0,1,2,1,0,0,0.0
2026-08-12,S010,UTL1087,0,9,6,2,0,0,3,92.4
2026-08-12,S001,UTL1088,1,3,3,2,1,0,1,14.65
2026-08-12,S002,UTL1088,0,0,0,3,1,0,0,0.0
2026-08-12,S003,UTL1088,0,2,0,3,2,0,2,29.3
2026-08-12,S004,UTL1088,0,0,0,1,2,0,0,0.0
2026-08-12,S005,UTL1088,0,0,0,1,0,0,0,0.0
2026-08-12,S006,UTL1088,0,2,1,3,2,0,1,14.65
2026-08-12,S007,UTL1088,1,0,0,0,0,0,1,14.65
2026-08-12,S008,UTL1088,1,0,0,3,1,0,1,14.65
2026-08-12,S009,UTL1088,1,0,1,0,1,0,0,0.0
2026-08-12,S010,UTL1088,2,5,5,0,0,0,2,29.3
2026-08-12,S001,UTL1089,1,6,6,0,3,0,1,26.73
2026-08-12,S002,UTL1089,2,9,9,0,1,0,2,53.46
2026-08-12,S003,UTL1089,0,2,2,1,3,0,0,0.0
2026-08-12,S004,UTL1089,0,0,0,3,3,0,0,0.0
2026-08-12,S005,UTL1089,2,5,5,0,1,0,2,53.46
2026-08-12,S006,UTL1089,2,9,8,2,2,0,3,80.19
2026-08-12,S007,UTL1089,1,1,1,1,3,0,1,26.73
2026-08-12,S008,UTL1089,0,3,2,2,2,0,1,26.73
2026-08-12,S009,UTL1089,0,0,0,2,0,0,0,0.0
2026-08-12,S010,UTL1089,0,3,2,0,0,0,1,26.73
2026-08-12,S001,UTL1090,1,0,0,2,3,0,1,11.27
2026-08-12,S002,UTL1090,0,13,9,3,1,0,4,45.08
2026-08-12,S003,UTL1090,1,0,1,3,3,0,0,0.0
2026-08-12,S004,UTL1090,0,5,3,0,0,0,2,22.54
2026-08-12,S005,UTL1090,1,6,4,2,3,0,3,33.81
2026-08-12,S006,UTL1090,1,7,6,0,3,0,2,22.54
2026-08-12,S007,UTL1090,1,0,0,0,1,0,1,11.27
2026-08-12,S008,UTL1090,0,0,0,3,0,0,0,0.0
2026-08-12,S009,UTL1090,1,3,4,2,3,0,0,0.0
2026-08-12,S010,UTL1090,0,1,0,3,0,0,1,11.27
2026-08-12,S001,UTL1091,0,3,2,2,1,0,1,10.83
2026-08-12,S002,UTL1091,1,0,0,1,3,0,1,10.83
2026-08-12,S003,UTL1091,1,1,1,3,2,0,1,10.83
2026-08-12,S004,UTL1091,1,2,2,2,1,0,1,10.83
2026-08-12,S005,UTL1091,0,1,0,2,1,0,1,10.83
2026-08-12,S006,UTL1091,0,6,4,1,2,0,2,21.66
2026-08-12,S007,UTL1091,2,3,3,1,3,0,2,21.66
2026-08-12,S008,UTL1091,0,0,0,3,1,0,0,0.0
2026-08-12,S009,UTL1091,0,0,0,1,0,0,0,0.0
2026-08-12,S010,UTL1091,0,1,1,3,1,0,0,0.0
2026-08-12,S001,UTL1092,0,2,1,0,3,0,1,29.68
2026-08-12,S002,UTL1092,0,0,0,3,1,0,0,0.0
2026-08-12,S003,UTL1092,0,1,0,2,2,0,1,29.68
2026-08-12,S004,UTL1092,0,1,0,0,1,0,1,29.68
2026-08-12,S005,UTL1092,0,1,0,1,0,0,1,29.68
2026-08-12,S006,UTL1092,1,1,2,0,2,0,0,0.0
2026-08-12,S007,UTL1092,2,4,4,0,0,0,2,59.36
2026-08-12,S008,UTL1092,0,0,0,1,1,0,0,0.0
2026-08-12,S009,UTL1092,0,0,0,1,0,0,0,0.0
2026-08-12,S010,UTL1092,0,2,1,3,3,0,1,29.68
2026-08-12,S001,UTL1093,1,4,4,3,0,0,1,7.0
2026-08-12,S002,UTL1093,1,5,4,1,3,0,2,14.0
2026-08-12,S003,UTL1093,1,7,6,1,2,0,2,14.0
2026-08-12,S004,UTL1093,1,1,2,3,1,0,0,0.0
2026-08-12,S005,UTL1093,1,0,1,2,0,0,0,0.0
2026-08-12,S006,UTL1093,1,3,4,3,3,0,0,0.0
2026-08-12,S007,UTL1093,2,7,6,1,3,0,3,21.0
2026-08-12,S008,UTL1093,1,1,1,0,0,0,1,7.0
2026-08-12,S009,UTL1093,0,3,2,0,1,0,1,7.0
2026-08-12,S010,UTL1093,1,0,0,0,2,0,1,7.0
2026-08-12,S001,UTL1094,0,1,0,3,0,0,1,12.51
2026-08-12,S002,UTL1094,0,0,0,1,3,0,0,0.0
2026-08-12,S003,UTL1094,1,9,7,1,1,0,3,37.53
2026-08-12,S004,UTL1094,0,0,0,1,2,0,0,0.0
2026-08-12,S005,UTL1094,0,0,0,0,0,0,0,0.0
2026-08-12,S006,UTL1094,2,1,1,0,3,0,2,25.02
2026-08-12,S007,UTL1094,0,1,1,3,2,0,0,0.0
2026-08-12,S008,UTL1094,1,3,2,2,2,0,2,25.02
2026-08-12,S009,UTL1094,1,0,1,3,1,0,0,0.0
2026-08-12,S010,UTL1094,0,9,7,0,1,0,2,25.02
2026-08-12,S001,UTL1095,1,2,2,1,0,0,1,28.48
2026-08-12,S002,UTL1095,0,0,0,3,3,0,0,0.0
2026-08-12,S003,UTL1095,0,4,3,1,2,0,1,28.48
2026-08-12,S004,UTL1095,0,0,0,2,2,0,0,0.0
2026-08-12,S005,UTL1095,0,0,0,2,1,0,0,0.0
2026-08-12,S006,UTL1095,1,2,2,0,3,0,1,28.48
2026-08-12,S007,UTL1095,1,4,4,3,3,0,1,28.48
2026-08-12,S008,UTL1095,0,1,0,1,1,0,1,28.48
2026-08-12,S009,UTL1095,0,3,3,3,1,0,0,0.0
2026-08-12,S010,UTL1095,0,0,0,3,3,0,0,0.0
2026-08-12,S001,UTL1096,0,1,1,0,2,0,0,0.0
2026-08-12,S002,UTL1096,2,7,7,0,3,0,2,52.16
2026-08-12,S003,UTL1096,0,7,4,0,3,0,3,78.24
2026-08-12,S004,UTL1096,0,1,1,1,2,0,0,0.0
2026-08-12,S005,UTL1096,1,0,0,2,0,0,1,26.08
2026-08-12,S006,UTL1096,0,1,1,0,2,0,0,0.0
2026-08-12,S007,UTL1096,1,1,2,2,1,0,0,0.0
2026-08-12,S008,UTL1096,1,4,4,0,2,0,1,26.08
2026-08-12,S009,UTL1096,1,0,1,1,3,0,0,0.0
2026-08-12,S010,UTL1096,1,2,2,0,2,0,1,26.08
2026-08-12,S001,UTL1097,0,1,1,2,2,0,0,0.0
2026-08-12,S002,UTL1097,0,8,6,0,2,0,2,39.94
2026-08-12,S003,UTL1097,1,3,2,1,3,0,2,39.94
2026-08-12,S004,UTL1097,2,4,3,2,2,0,3,59.91
2026-08-12,S005,UTL1097,1,0,1,3,2,0,0,0.0
2026-08-12,S006,UTL1097,0,5,4,1,2,0,1,19.97
2026-08-12,S007,UTL1097,0,13,10,2,2,0,3,59.91
2026-08-12,S008,UTL1097,0,2,2,1,2,0,0,0.0
2026-08-12,S009,UTL1097,0,1,1,2,3,0,0,0.0
2026-08-12,S010,UTL1097,1,3,3,3,3,0,1,19.97
2026-08-12,S001,UTL1098,1,0,0,3,0,0,1,11.98
2026-08-12,S002,UTL1098,0,2,2,0,0,0,0,0.0
2026-08-12,S003,UTL1098,1,0,0,0,1,0,1,11.98
2026-08-12,S004,UTL1098,0,0,0,1,3,0,0,0.0
2026-08-12,S005,UTL1098,1,0,0,3,3,0,1,11.98
2026-08-12,S006,UTL1098,0,1,0,1,1,0,1,11.98
2026-08-12,S007,UTL1098,1,4,4,2,0,0,1,11.98
2026-08-12,S008,UTL1098,0,4,3,0,1,0,1,11.98
2026-08-12,S009,UTL1098,1,3,3,3,1,1,1,11.98
2026-08-12,S010,UTL1098,0,1,1,2,2,0,0,0.0
2026-08-12,S001,UTL1099,1,2,2,3,1,0,1,15.1
2026-08-12,S002,UTL1099,0,1,1,1,2,0,0,0.0
2026-08-12,S003,UTL1099,1,0,1,3,0,0,0,0.0
2026-08-12,S004,UTL1099,2,5,5,0,2,0,2,30.2
2026-08-12,S005,UTL1099,1,2,2,3,0,0,1,15.1
2026-08-12,S006,UTL1099,0,3,2,1,3,0,1,15.1
2026-08-12,S007,UTL1099,2,6,6,2,2,0,2,30.2
2026-08-12,S008,UTL1099,1,2,2,2,0,0,1,15.1
2026-08-12,S009,UTL1099,0,5,4,3,3,0,1,15.1
2026-08-12,S010,UTL1099,0,0,0,3,1,0,0,0.0
2026-08-12,S001,UTL1100,1,0,1,3,2,0,0,0.0
2026-08-12,S002,UTL1100,0,2,1,1,2,0,1,22.95
2026-08-12,S003,UTL1100,0,0,0,3,2,0,0,0.0
2026-08-12,S004,UTL1100,1,0,1,3,0,0,0,0.0
2026-08-12,S005,UTL1100,1,4,4,2,0,0,1,22.95
2026-08-12,S006,UTL1100,0,4,3,0,3,0,1,22.95
2026-08-12,S007,UTL1100,0,0,0,0,3,0,0,0.0
2026-08-12,S008,UTL1100,0,0,0,1,1,0,0,0.0
2026-08-12,S009,UTL1100,0,0,0,3,0,0,0,0.0
2026-08-12,S010,UTL1100,0,0,0,0,3,0,0,0.0
2026-08-12,S001,UTL1101,0,0,0,2,3,0,0,0.0
2026-08-12,S002,UTL1101,0,5,3,1,0,0,2,37.24
2026-08-12,S003,UTL1101,0,4,3,1,0,0,1,18.62
2026-08-12,S004,UTL1101,0,2,0,2,2,0,2,37.24
2026-08-12,S005,UTL1101,2,7,7,1,3,0,2,37.24
2026-08-12,S006,UTL1101,0,7,5,1,0,0,2,37.24
2026-08-12,S007,UTL1101,1,4,4,1,3,0,1,18.62
2026-08-12,S008,UTL1101,0,9,7,1,3,0,2,37.24
2026-08-12,S009,UTL1101,0,5,4,3,3,0,1,18.62
2026-08-12,S010,UTL1101,1,0,0,0,2,0,1,18.62
2026-08-12,S001,UTL1102,0,14,11,2,2,0,3,27.72
2026-08-12,S002,UTL1102,1,2,2,2,3,0,1,9.24
2026-08-12,S003,UTL1102,1,1,2,2,1,0,0,0.0
2026-08-12,S004,UTL1102,0,5,4,3,3,0,1,9.24
2026-08-12,S005,UTL1102,1,1,2,1,0,0,0,0.0
2026-08-12,S006,UTL1102,0,3,3,1,0,0,0,0.0
2026-08-12,S007,UTL1102,0,0,0,3,3,0,0,0.0
2026-08-12,S008,UTL1102,2,6,6,2,1,0,2,18.48
2026-08-12,S009,UTL1102,0,2,1,3,3,0,1,9.24
2026-08-12,S010,UTL1102,0,1,0,1,0,0,1,9.24
2026-08-12,S001,UTL1103,0,0,0,2,1,0,0,0.0
2026-08-12,S002,UTL1103,0,2,1,1,3,0,1,27.54
2026-08-12,S003,UTL1103,1,0,1,1,1,0,0,0.0
2026-08-12,S004,UTL1103,0,3,2,1,3,0,1,27.54
2026-08-12,S005,UTL1103,0,0,0,1,2,0,0,0.0
2026-08-12,S006,UTL1103,0,2,1,3,1,0,1,27.54
2026-08-12,S007,UTL1103,1,1,2,1,0,0,0,0.0
2026-08-12,S008,UTL1103,0,0,0,3,0,0,0,0.0
2026-08-12,S009,UTL1103,0,2,1,3,2,0,1,27.54
2026-08-12,S010,UTL1103,1,1,1,0,3,0,1,27.54
2026-08-12,S001,UTL1104,0,0,0,0,1,0,0,0.0
2026-08-12,S002,UTL1104,0,1,1,0,0,0,0,0.0
2026-08-12,S003,UTL1104,0,0,0,0,3,0,0,0.0
2026-08-12,S004,UTL1104,2,0,0,1,0,0,2,18.78
2026-08-12,S005,UTL1104,0,7,5,3,0,0,2,18.78
2026-08-12,S006,UTL1104,0,2,1,3,0,0,1,9.39
2026-08-12,S007,UTL1104,0,10,7,2,2,0,3,28.17
2026-08-12,S008,UTL1104,0,0,0,3,3,0,0,0.0
2026-08-12,S009,UTL1104,0,1,0,3,1,0,1,9.39
2026-08-12,S010,UTL1104,0,0,0,3,2,0,0,0.0
2026-08-12,S001,UTL1105,1,0,1,3,2,0,0,0.0
2026-08-12,S002,UTL1105,1,10,8,2,2,0,3,76.44
2026-08-12,S003,UTL1105,0,0,0,3,1,0,0,0.0
2026-08-12,S004,UTL1105,1,0,1,0,2,0,0,0.0
2026-08-12,S005,UTL1105,2,5,5,0,2,0,2,50.96
2026-08-12,S006,UTL1105,0,2,2,3,1,0,0,0.0
2026-08-12,S007,UTL1105,1,0,0,2,3,0,1,25.48
2026-08-12,S008,UTL1105,1,0,0,3,1,0,1,25.48
2026-08-12,S009,UTL1105,0,3,1,3,3,0,2,50.96
2026-08-12,S010,UTL1105,2,0,0,3,0,0,2,50.96
2026-08-12,S001,UTL1106,1,1,2,0,3,0,0,0.0
2026-08-12,S002,UTL1106,0,3,3,3,2,0,0,0.0
2026-08-12,S003,UTL1106,0,4,3,3,3,0,1,7.97
2026-08-12,S004,UTL1106,1,1,1,0,2,0,1,7.97
2026-08-12,S005,UTL1106,1,0,0,0,0,0,1,7.97
2026-08-12,S006,UTL1106,1,3,2,1,3,0,2,15.94
2026-08-12,S007,UTL1106,0,1,1,0,0,0,0,0.0
2026-08-12,S008,UTL1106,0,0,0,1,3,0,0,0.0
2026-08-12,S009,UTL1106,0,0,0,1,2,0,0,0.0
2026-08-12,S010,UTL1106,0,0,0,3,0,0,0,0.0
2026-08-12,S001,UTL1107,0,0,0,1,1,0,0,0.0
2026-08-12,S002,UTL1107,2,5,5,1,2,0,2,22.26
2026-08-12,S003,UTL1107,0,0,0,2,0,1,0,0.0
2026-08-12,S004,UTL1107,0,2,1,1,2,0,1,11.13
2026-08-12,S005,UTL1107,0,1,1,3,1,0,0,0.0
2026-08-12,S006,UTL1107,1,0,0,0,2,0,1,11.13
2026-08-12,S007,UTL1107,0,15,11,1,0,0,4,44.52
2026-08-12,S008,UTL1107,0,4,3,1,2,0,1,11.13
2026-08-12,S009,UTL1107,1,0,0,2,0,0,1,11.13
2026-08-12,S010,UTL1107,0,3,2,2,1,0,1,11.13
2026-08-12,S001,UTL1108,0,0,0,1,0,1,0,0.0
2026-08-12,S002,UTL1108,0,0,0,2,0,0,0,0.0
2026-08-12,S003,UTL1108,1,0,0,2,3,0,1,14.08
2026-08-12,S004,UTL1108,0,0,0,0,2,0,0,0.0
2026-08-12,S005,UTL1108,0,0,0,0,3,0,0,0.0
2026-08-12,S006,UTL1108,0,0,0,0,3,0,0,0.0
2026-08-12,S007,UTL1108,0,0,0,2,2,0,0,0.0
2026-08-12,S008,UTL1108,0,1,1,2,3,0,0,0.0
2026-08-12,S009,UTL1108,0,0,0,0,2,0,0,0.0
2026-08-12,S010,UTL1108,2,0,0,1,0,0,2,28.16
2026-08-12,S001,UTL1109,1,0,1,2,3,0,0,0.0
2026-08-12,S002,UTL1109,1,11,8,0,3,0,4,98.48
2026-08-12,S003,UTL1109,0,7,7,3,1,0,0,0.0
2026-08-12,S004,UTL1109,0,1,0,1,3,0,1,24.62
2026-08-12,S005,UTL1109,0,3,2,3,2,0,1,24.62
2026-08-12,S006,UTL1109,1,16,13,3,2,0,4,98.48
2026-08-12,S007,UTL1109,1,0,1,3,0,0,0,0.0
2026-08-12,S008,UTL1109,0,2,2,0,3,0,0,0.0
2026-08-12,S009,UTL1109,0,0,0,2,1,0,0,0.0
2026-08-12,S010,UTL1109,1,0,1,3,2,0,0,0.0
2026-08-12,S001,UTL1110,1,4,4,2,0,0,1,16.77
2026-08-12,S002,UTL1110,0,1,1,2,0,0,0,0.0
2026-08-12,S003,UTL1110,2,7,6,0,2,0,3,50.31
2026-08-12,S004,UTL1110,0,0,0,3,2,0,0,0.0
2026-08-12,S005,UTL1110,1,2,2,2,3,0,1,16.77
2026-08-12,S006,UTL1110,1,4,3,1,1,0,2,33.54
2026-08-12,S007,UTL1110,1,4,4,0,0,0,1,16.77
2026-08-12,S008,UTL1110,0,5,4,2,3,0,1,16.77
2026-08-12,S009,UTL1110,1,0,0,3,1,0,1,16.77
2026-08-12,S010,UTL1110,0,3,3,3,0,0,0,0.0
2026-08-12,S001,UTL1111,0,0,0,2,1,0,0,0.0
2026-08-12,S002,UTL1111,1,4,3,2,3,0,2,14.22
2026-08-12,S003,UTL1111,0,2,1,2,3,0,1,7.11
2026-08-12,S004,UTL1111,0,3,2,3,3,0,1,7.11
2026-08-12,S005,UTL1111,0,0,0,0,1,0,0,0.0
2026-08-12,S006,UTL1111,1,1,2,0,3,0,0,0.0
2026-08-12,S007,UTL1111,0,5,3,3,1,0,2,14.22
2026-08-12,S008,UTL1111,0,1,0,2,0,0,1,7.11
2026-08-12,S009,UTL1111,1,0,0,0,1,0,1,7.11
2026-08-12,S010,UTL1111,1,6,5,2,2,0,2,14.22
2026-08-12,S001,UTL1112,0,0,0,2,3,0,0,0.0
2026-08-12,S002,UTL1112,0,2,1,2,1,0,1,13.66
2026-08-12,S003,UTL1112,0,0,0,3,3,0,0,0.0
2026-08-12,S004,UTL1112,0,1,0,1,0,0,1,13.66
2026-08-12,S005,UTL1112,1,2,1,1,2,0,2,27.32
2026-08-12,S006,UTL1112,0,2,1,1,0,0,1,13.66
2026-08-12,S007,UTL1112,1,0,1,0,0,0,0,0.0
2026-08-12,S008,UTL1112,0,0,0,3,1,0,0,0.0
2026-08-12,S009,UTL1112,0,1,1,3,1,0,0,0.0
2026-08-12,S010,UTL1112,1,0,0,3,0,0,1,13.66
2026-08-12,S001,UTL1113,1,0,1,1,3,1,0,0.0
2026-08-12,S002,UTL1113,1,0,0,3,3,0,1,9.98
2026-08-12,S003,UTL1113,0,0,0,0,2,0,0,0.0
2026-08-12,S004,UTL1113,0,0,0,2,0,0,0,0.0
2026-08-12,S005,UTL1113,0,1,0,0,1,0,1,9.98
2026-08-12,S006,UTL1113,0,1,1,1,0,0,0,0.0
2026-08-12,S007,UTL1113,0,3,2,0,1,0,1,9.98
2026-08-12,S008,UTL1113,0,0,0,3,0,0,0,0.0
2026-08-12,S009,UTL1113,0,1,1,0,2,0,0,0.0
2026-08-12,S010,UTL1113,0,0,0,3,0,0,0,0.0
2026-08-12,S001,UTL1114,1,0,0,3,0,0,1,20.64
2026-08-12,S002,UTL1114,0,0,0,0,2,0,0,0.0
2026-08-12,S003,UTL1114,1,2,2,3,1,1,1,20.64
2026-08-12,S004,UTL1114,1,0,1,3,0,0,0,0.0
2026-08-12,S005,UTL1114,2,3,3,3,2,0,2,41.28
2026-08-12,S006,UTL1114,0,2,1,0,0,0,1,20.64
2026-08-12,S007,UTL1114,1,1,2,0,3,1,0,0.0
2026-08-12,S008,UTL1114,0,0,0,0,2,0,0,0.0
2026-08-12,S009,UTL1114,1,2,2,3,3,0,1,20.64
2026-08-12,S010,UTL1114,0,4,3,3,1,0,1,20.64
2026-08-12,S001,UTL1115,0,3,3,0,3,0,0,0.0
2026-08-12,S002,UTL1115,2,3,3,1,1,0,2,40.66
2026-08-12,S003,UTL1115,2,5,5,2,2,0,2,40.66
2026-08-12,S004,UTL1115,0,0,0,2,1,0,0,0.0
2026-08-12,S005,UTL1115,2,7,7,2,3,0,2,40.66
2026-08-12,S006,UTL1115,1,0,0,1,3,0,1,20.33
2026-08-12,S007,UTL1115,1,3,2,1,2,0,2,40.66
2026-08-12,S008,UTL1115,1,0,1,1,2,0,0,0.0
2026-08-12,S009,UTL1115,0,4,3,2,1,0,1,20.33
2026-08-12,S010,UTL1115,0,4,3,1,3,0,1,20.33
2026-08-12,S001,UTL1116,0,2,2,3,0,0,0,0.0
2026-08-12,S002,UTL1116,0,1,0,2,3,0,1,27.04
2026-08-12,S003,UTL1116,0,0,0,1,3,0,0,0.0
2026-08-12,S004,UTL1116,0,0,0,0,3,0,0,0.0
2026-08-12,S005,UTL1116,0,0,0,1,3,0,0,0.0
2026-08-12,S006,UTL1116,1,0,1,3,3,0,0,0.0
2026-08-12,S007,UTL1116,0,4,2,3,2,0,2,54.08
2026-08-12,S008,UTL1116,1,0,0,0,3,0,1,27.04
2026-08-12,S009,UTL1116,0,0,0,2,0,0,0,0.0
2026-08-12,S010,UTL1116,2,0,0,2,1,0,2,54.08
2026-08-12,S001,UTL1117,0,1,0,3,1,0,1,22.57
2026-08-12,S002,UTL1117,1,1,1,2,0,0,1,22.57
2026-08-12,S003,UTL1117,0,2,1,1,1,0,1,22.57
2026-08-12,S004,UTL1117,1,1,1,0,0,0,1,22.57
2026-08-12,S005,UTL1117,0,0,0,1,0,0,0,0.0
2026-08-12,S006,UTL1117,0,6,4,3,0,0,2,45.14
2026-08-12,S007,UTL1117,1,1,2,3,2,0,0,0.0
2026-08-12,S008,UTL1117,0,0,0,1,0,0,0,0.0
2026-08-12,S009,UTL1117,0,0,0,0,3,0,0,0.0
2026-08-12,S010,UTL1117,1,0,0,2,2,0,1,22.57
2026-08-12,S001,UTL1118,0,2,2,2,2,0,0,0.0
2026-08-12,S002,UTL1118,0,1,1,3,3,0,0,0.0
2026-08-12,S003,UTL1118,0,0,0,2,3,0,0,0.0
2026-08-12,S004,UTL1118,0,0,0,2,0,0,0,0.0
2026-08-12,S005,UTL1118,0,0,0,1,0,0,0,0.0
2026-08-12,S006,UTL1118,1,0,0,1,0,0,1,15.35
2026-08-12,S007,UTL1118,0,2,1,3,1,0,1,15.35
2026-08-12,S008,UTL1118,1,3,2,0,1,0,2,30.7
2026-08-12,S009,UTL1118,1,2,1,3,0,0,2,30.7
2026-08-12,S010,UTL1118,0,2,2,2,3,0,0,0.0
2026-08-12,S001,UTL1119,1,0,0,3,1,0,1,5.85
2026-08-12,S002,UTL1119,0,0,0,0,2,0,0,0.0
2026-08-12,S003,UTL1119,0,0,0,1,1,0,0,0.0
2026-08-12,S004,UTL1119,1,0,0,2,1,0,1,5.85
2026-08-12,S005,UTL1119,0,0,0,0,0,0,0,0.0
2026-08-12,S006,UTL1119,0,6,4,3,2,0,2,11.7
2026-08-12,S007,UTL1119,1,6,5,3,1,0,2,11.7
2026-08-12,S008,UTL1119,0,0,0,0,1,0,0,0.0
2026-08-12,S009,UTL1119,0,0,0,3,2,0,0,0.0
2026-08-12,S010,UTL1119,0,0,0,1,0,0,0,0.0
2026-08-12,S001,UTL1120,0,3,1,2,0,0,2,49.4
2026-08-12,S002,UTL1120,1,4,4,1,3,0,1,24.7
2026-08-12,S003,UTL1120,1,0,0,0,2,0,1,24.7
2026-08-12,S004,UTL1120,1,1,1,0,0,0,1,24.7
2026-08-12,S005,UTL1120,0,3,2,3,2,0,1,24.7
2026-08-12,S006,UTL1120,1,2,2,0,3,0,1,24.7
2026-08-12,S007,UTL1120,0,1,0,3,2,0,1,24.7
2026-08-12,S008,UTL1120,0,0,0,3,2,0,0,0.0
2026-08-12,S009,UTL1120,0,6,4,0,0,0,2,49.4
2026-08-12,S010,UTL1120,1,0,1,1,1,0,0,0.0
2026-08-12,S001,UTL1121,1,1,0,3,0,0,2,30.1
2026-08-12,S002,UTL1121,1,1,1,3,0,0,1,15.05
2026-08-12,S003,UTL1121,0,2,2,0,3,0,0,0.0
2026-08-12,S004,UTL1121,0,3,2,2,2,0,1,15.05
2026-08-12,S005,UTL1121,2,4,4,3,1,0,2,30.1
2026-08-12,S006,UTL1121,2,5,5,0,1,0,2,30.1
2026-08-12,S007,UTL1121,2,1,1,1,0,0,2,30.1
2026-08-12,S008,UTL1121,0,1,0,1,3,0,1,15.05
2026-08-12,S009,UTL1121,0,0,0,1,3,0,0,0.0
2026-08-12,S010,UTL1121,1,2,2,3,3,0,1,15.05
2026-08-12,S001,UTL1122,0,0,0,3,3,0,0,0.0
2026-08-12,S002,UTL1122,0,0,0,1,0,0,0,0.0
2026-08-12,S003,UTL1122,0,0,0,1,3,0,0,0.0
2026-08-12,S004,UTL1122,2,0,0,1,3,0,2,28.92
2026-08-12,S005,UTL1122,1,0,1,1,2,0,0,0.0
2026-08-12,S006,UTL1122,0,0,0,2,1,0,0,0.0
2026-08-12,S007,UTL1122,0,0,0,1,3,0,0,0.0
2026-08-12,S008,UTL1122,0,1,1,1,2,0,0,0.0
2026-08-12,S009,UTL1122,0,2,2,2,3,0,0,0.0
2026-08-12,S010,UTL1122,0,1,1,3,2,0,0,0.0
2026-08-12,S001,UTL1123,0,0,0,1,0,0,0,0.0
2026-08-12,S002,UTL1123,2,6,6,2,3,0,2,39.7
2026-08-12,S003,UTL1123,0,4,3,1,0,0,1,19.85
2026-08-12,S004,UTL1123,1,0,0,2,1,0,1,19.85
2026-08-12,S005,UTL1123,1,0,0,1,3,0,1,19.85
2026-08-12,S006,UTL1123,1,2,3,2,3,0,0,0.0
2026-08-12,S007,UTL1123,1,7,6,3,1,0,2,39.7
2026-08-12,S008,UTL1123,0,2,1,1,1,0,1,19.85
2026-08-12,S009,UTL1123,0,1,0,2,2,0,1,19.85
2026-08-12,S010,UTL1123,0,2,1,3,2,0,1,19.85
2026-08-12,S001,UTL1124,0,0,0,1,1,0,0,0.0
2026-08-12,S002,UTL1124,0,0,0,3,0,0,0,0.0
2026-08-12,S003,UTL1124,0,0,0,1,2,0,0,0.0
2026-08-12,S004,UTL1124,0,1,0,3,2,0,1,26.35
2026-08-12,S005,UTL1124,0,1,0,1,0,0,1,26.35
2026-08-12,S006,UTL1124,1,1,1,1,2,0,1,26.35
2026-08-12,S007,UTL1124,0,2,1,1,0,0,1,26.35
2026-08-12,S008,UTL1124,2,11,9,3,0,0,4,105.4
2026-08-12,S009,UTL1124,0,2,1,2,1,0,1,26.35
2026-08-12,S010,UTL1124,1,5,5,3,0,0,1,26.35
2026-08-12,S001,UTL1125,0,1,1,3,0,0,0,0.0
2026-08-12,S002,UTL1125,1,0,1,0,2,0,0,0.0
2026-08-12,S003,UTL1125,2,5,4,0,1,0,3,85.02
2026-08-12,S004,UTL1125,0,3,2,3,0,0,1,28.34
2026-08-12,S005,UTL1125,0,7,5,0,3,0,2,56.68
2026-08-12,S006,UTL1125,1,3,3,3,0,0,1,28.34
2026-08-12,S007,UTL1125,2,6,5,2,1,0,3,85.02
2026-08-12,S008,UTL1125,1,1,2,0,0,0,0,0.0
2026-08-12,S009,UTL1125,0,5,3,3,0,0,2,56.68
2026-08-12,S010,UTL1125,1,0,0,2,1,0,1,28.34
2026-08-12,S001,UTL1126,0,0,0,0,3,0,0,0.0
2026-08-12,S002,UTL1126,1,4,4,0,0,0,1,10.49
2026-08-12,S003,UTL1126,0,1,0,1,1,0,1,10.49
2026-08-12,S004,UTL1126,1,3,4,0,2,0,0,0.0
2026-08-12,S005,UTL1126,1,1,1,3,2,0,1,10.49
2026-08-12,S006,UTL1126,2,7,6,0,0,0,3,31.47
2026-08-12,S007,UTL1126,3,11,10,0,0,0,4,41.96
2026-08-12,S008,UTL1126,1,5,5,1,1,0,1,10.49
2026-08-12,S009,UTL1126,0,5,4,2,3,1,1,10.49
2026-08-12,S010,UTL1126,0,3,2,3,3,1,1,10.49
2026-08-12,S001,UTL1127,0,3,2,1,2,0,1,27.4
2026-08-12,S002,UTL1127,0,1,0,0,0,0,1,27.4
2026-08-12,S003,UTL1127,0,1,0,1,3,0,1,27.4
2026-08-12,S004,UTL1127,1,1,0,2,2,0,2,54.8
2026-08-12,S005,UTL1127,0,0,0,1,0,0,0,0.0
2026-08-12,S006,UTL1127,1,4,3,2,0,0,2,54.8
2026-08-12,S007,UTL1127,1,0,0,1,2,1,1,27.4
2026-08-12,S008,UTL1127,1,6,6,2,2,0,1,27.4
2026-08-12,S009,UTL1127,0,1,0,0,2,0,1,27.4
2026-08-12,S010,UTL1127,0,0,0,3,0,0,0,0.0
2026-08-12,S001,UTL1128,0,1,0,1,0,0,1,14.92
2026-08-12,S002,UTL1128,0,0,0,2,3,0,0,0.0
2026-08-12,S003,UTL1128,1,2,2,3,2,0,1,14.92
2026-08-12,S004,UTL1128,0,0,0,3,2,0,0,0.0
2026-08-12,S005,UTL1128,0,0,0,1,2,0,0,0.0
2026-08-12,S006,UTL1128,0,0,0,2,1,0,0,0.0
2026-08-12,S007,UTL1128,1,0,1,0,1,0,0,0.0
2026-08-12,S008,UTL1128,0,1,0,2,0,1,1,14.92
2026-08-12,S009,UTL1128,0,0,0,2,1,0,0,0.0
2026-08-12,S010,UTL1128,0,0,0,2,0,0,0,0.0
2026-08-12,S001,UTL1129,0,4,3,2,2,0,1,24.69
2026-08-12,S002,UTL1129,0,8,6,0,1,0,2,49.38
2026-08-12,S003,UTL1129,0,8,6,3,0,0,2,49.38
2026-08-12,S004,UTL1129,0,7,5,0,3,0,2,49.38
2026-08-12,S005,UTL1129,0,3,2,1,1,0,1,24.69
2026-08-12,S006,UTL1129,1,4,4,1,3,0,1,24.69
2026-08-12,S007,UTL1129,0,6,5,0,1,0,1,24.69
2026-08-12,S008,UTL1129,0,7,5,3,2,0,2,49.38
2026-08-12,S009,UTL1129,1,4,3,0,3,0,2,49.38
2026-08-12,S010,UTL1129,0,0,0,0,0,0,0,0.0
2026-08-12,S001,UTL1130,1,0,0,1,2,0,1,22.84
2026-08-12,S002,UTL1130,1,0,0,2,3,0,1,22.84
2026-08-12,S003,UTL1130,0,1,0,3,3,0,1,22.84
2026-08-12,S004,UTL1130,0,0,0,0,3,0,0,0.0
2026-08-12,S005,UTL1130,0,2,1,0,1,0,1,22.84
2026-08-12,S006,UTL1130,1,1,2,2,0,0,0,0.0
2026-08-12,S007,UTL1130,0,1,0,3,0,0,1,22.84
2026-08-12,S008,UTL1130,0,3,2,0,0,0,1,22.84
2026-08-12,S009,UTL1130,0,0,0,2,0,0,0,0.0
2026-08-12,S010,UTL1130,0,0,0,2,1,0,0,0.0
2026-08-12,S001,UTL1131,0,1,0,3,3,0,1,16.63
2026-08-12,S002,UTL1131,0,1,0,1,3,0,1,16.63
2026-08-12,S003,UTL1131,1,4,4,0,1,0,1,16.63
2026-08-12,S004,UTL1131,1,10,9,1,1,0,2,33.26
2026-08-12,S005,UTL1131,1,2,2,2,3,0,1,16.63
2026-08-12,S006,UTL1131,0,3,2,1,1,0,1,16.63
2026-08-12,S007,UTL1131,0,0,0,0,1,0,0,0.0
2026-08-12,S008,UTL1131,2,5,5,1,3,0,2,33.26
2026-08-12,S009,UTL1131,0,5,4,1,1,0,1,16.63
2026-08-12,S010,UTL1131,1,3,3,1,1,0,1,16.63
2026-08-12,S001,UTL1132,0,0,0,3,1,0,0,0.0
2026-08-12,S002,UTL1132,0,4,4,0,2,0,0,0.0
2026-08-12,S003,UTL1132,0,0,0,0,0,0,0,0.0
2026-08-12,S004,UTL1132,1,0,0,0,2,0,1,28.7
2026-08-12,S005,UTL1132,1,3,4,2,3,0,0,0.0
2026-08-12,S006,UTL1132,0,4,2,2,0,0,2,57.4
2026-08-12,S007,UTL1132,0,2,1,3,3,0,1,28.7
2026-08-12,S008,UTL1132,1,0,0,3,1,0,1,28.7
2026-08-12,S009,UTL1132,0,2,2,1,0,0,0,0.0
2026-08-12,S010,UTL1132,1,0,1,1,0,0,0,0.0
2026-08-12,S001,UTL1133,0,2,2,2,1,0,0,0.0
2026-08-12,S002,UTL1133,0,1,1,3,1,0,0,0.0
2026-08-12,S003,UTL1133,0,0,0,2,0,0,0,0.0
2026-08-12,S004,UTL1133,1,4,4,0,1,0,1,5.4
2026-08-12,S005,UTL1133,0,1,0,1,1,0,1,5.4
2026-08-12,S006,UTL1133,0,5,3,3,2,0,2,10.8
2026-08-12,S007,UTL1133,1,3,4,2,2,0,0,0.0
2026-08-12,S008,UTL1133,1,1,2,0,2,0,0,0.0
2026-08-12,S009,UTL1133,0,4,3,0,2,0,1,5.4
2026-08-12,S010,UTL1133,2,8,7,0,2,0,3,16.2
2026-08-12,S001,UTL1134,1,2,2,3,3,0,1,29.96
2026-08-12,S002,UTL1134,0,1,0,3,0,0,1,29.96
2026-08-12,S003,UTL1134,0,1,0,3,0,0,1,29.96
2026-08-12,S004,UTL1134,1,0,0,0,2,0,1,29.96
2026-08-12,S005,UTL1134,0,2,2,1,2,0,0,0.0
2026-08-12,S006,UTL1134,0,0,0,3,3,0,0,0.0
2026-08-12,S007,UTL1134,1,1,2,1,3,0,0,0.0
2026-08-12,S008,UTL1134,0,3,2,2,2,0,1,29.96
2026-08-12,S009,UTL1134,0,2,2,2,0,0,0,0.0
2026-08-12,S010,UTL1134,0,1,1,3,1,0,0,0.0
2026-08-12,S001,UTL1135,2,4,4,2,2,0,2,14.46
2026-08-12,S002,UTL1135,0,7,5,1,3,0,2,14.46
2026-08-12,S003,UTL1135,0,0,0,1,2,0,0,0.0
2026-08-12,S004,UTL1135,0,5,3,2,2,0,2,14.46
2026-08-12,S005,UTL1135,0,0,0,2,0,0,0,0.0
2026-08-12,S006,UTL1135,0,2,2,1,2,0,0,0.0
2026-08-12,S007,UTL1135,1,6,5,2,2,0,2,14.46
2026-08-12,S008,UTL1135,0,8,7,2,1,0,1,7.23
2026-08-12,S009,UTL1135,1,0,1,0,0,0,0,0.0
2026-08-12,S010,UTL1135,0,0,0,0,1,0,0,0.0
2026-08-12,S001,UTL1136,0,2,0,2,1,0,2,8.32
2026-08-12,S002,UTL1136,0,0,0,1,2,0,0,0.0
2026-08-12,S003,UTL1136,0,0,0,1,0,0,0,0.0
2026-08-12,S004,UTL1136,0,0,0,2,3,0,0,0.0
2026-08-12,S005,UTL1136,0,3,2,3,3,0,1,4.16
2026-08-12,S006,UTL1136,0,0,0,2,3,0,0,0.0
2026-08-12,S007,UTL1136,0,3,2,3,3,0,1,4.16
2026-08-12,S008,UTL1136,0,8,6,2,1,0,2,8.32
2026-08-12,S009,UTL1136,0,0,0,1,1,0,0,0.0
2026-08-12,S010,UTL1136,0,0,0,3,1,0,0,0.0
2026-08-12,S001,UTL1137,0,0,0,2,3,1,0,0.0
2026-08-12,S002,UTL1137,0,2,1,3,0,0,1,7.0
2026-08-12,S003,UTL1137,0,0,0,1,3,0,0,0.0
2026-08-12,S004,UTL1137,0,3,2,2,2,0,1,7.0
2026-08-12,S005,UTL1137,0,7,4,1,0,0,3,21.0
2026-08-12,S006,UTL1137,0,0,0,2,3,0,0,0.0
2026-08-12,S007,UTL1137,1,0,1,3,1,0,0,0.0
2026-08-12,S008,UTL1137,2,7,6,1,3,0,3,21.0
2026-08-12,S009,UTL1137,1,2,2,0,3,0,1,7.0
2026-08-12,S010,UTL1137,0,1,0,3,3,0,1,7.0
2026-08-12,S001,UTL1138,0,0,0,3,0,0,0,0.0
2026-08-12,S002,UTL1138,0,13,10,3,3,0,3,75.33
2026-08-12,S003,UTL1138,0,2,2,1,1,0,0,0.0
2026-08-12,S004,UTL1138,1,1,1,0,0,0,1,25.11
2026-08-12,S005,UTL1138,0,1,1,2,3,0,0,0.0
2026-08-12,S006,UTL1138,1,1,1,2,1,0,1,25.11
2026-08-12,S007,UTL1138,1,0,0,1,3,0,1,25.11
2026-08-12,S008,UTL1138,0,0,0,1,2,0,0,0.0
2026-08-12,S009,UTL1138,0,0,0,1,0,1,0,0.0
2026-08-12,S010,UTL1138,1,0,1,1,2,0,0,0.0
2026-08-12,S001,UTL1139,1,1,1,2,3,0,1,9.97
2026-08-12,S002,UTL1139,2,14,11,1,0,0,5,49.85
2026-08-12,S003,UTL1139,0,6,4,1,1,0,2,19.94
2026-08-12,S004,UTL1139,1,0,1,2,1,0,0,0.0
2026-08-12,S005,UTL1139,1,5,4,0,0,0,2,19.94
2026-08-12,S006,UTL1139,1,4,4,1,2,0,1,9.97
2026-08-12,S007,UTL1139,0,0,0,3,3,0,0,0.0
2026-08-12,S008,UTL1139,1,2,2,1,3,0,1,9.97
2026-08-12,S009,UTL1139,2,10,9,0,1,0,3,29.91
2026-08-12,S010,UTL1139,1,2,2,1,0,0,1,9.97
2026-08-12,S001,UTL1140,1,0,0,3,1,0,1,6.07
2026-08-12,S002,UTL1140,1,1,0,3,3,0,2,12.14
2026-08-12,S003,UTL1140,1,0,1,0,2,0,0,0.0
2026-08-12,S004,UTL1140,0,0,0,2,3,0,0,0.0
2026-08-12,S005,UTL1140,0,0,0,3,3,0,0,0.0
2026-08-12,S006,UTL1140,0,1,0,2,0,0,1,6.07
2026-08-12,S007,UTL1140,0,0,0,3,2,0,0,0.0
2026-08-12,S008,UTL1140,0,5,4,0,1,0,1,6.07
2026-08-12,S009,UTL1140,0,0,0,1,1,0,0,0.0
2026-08-12,S010,UTL1140,0,0,0,0,2,0,0,0.0
2026-08-12,S001,UTL1141,1,5,5,2,3,0,1,8.15
2026-08-12,S002,UTL1141,1,3,3,2,1,0,1,8.15
2026-08-12,S003,UTL1141,0,10,6,3,3,0,4,32.6
2026-08-12,S004,UTL1141,2,6,6,0,1,0,2,16.3
2026-08-12,S005,UTL1141,1,1,2,3,2,0,0,0.0
2026-08-12,S006,UTL1141,1,0,0,3,2,0,1,8.15
2026-08-12,S007,UTL1141,0,3,2,2,3,0,1,8.15
2026-08-12,S008,UTL1141,0,6,4,0,3,0,2,16.3
2026-08-12,S009,UTL1141,1,0,1,2,2,0,0,0.0
2026-08-12,S010,UTL1141,0,1,0,0,0,0,1,8.15
2026-08-12,S001,UTL1142,0,0,0,2,2,0,0,0.0
2026-08-12,S002,UTL1142,0,3,1,3,0,0,2,29.86
2026-08-12,S003,UTL1142,1,2,2,1,2,0,1,14.93
2026-08-12,S004,UTL1142,0,0,0,2,1,0,0,0.0
2026-08-12,S005,UTL1142,0,0,0,1,1,0,0,0.0
2026-08-12,S006,UTL1142,1,7,6,3,3,0,2,29.86
2026-08-12,S007,UTL1142,0,0,0,0,2,0,0,0.0
2026-08-12,S008,UTL1142,0,0,0,1,2,0,0,0.0
2026-08-12,S009,UTL1142,0,0,0,0,0,0,0,0.0
2026-08-12,S010,UTL1142,0,0,0,1,1,0,0,0.0
2026-08-12,S001,UTL1143,1,0,0,1,3,0,1,11.99
2026-08-12,S002,UTL1143,0,1,0,1,0,0,1,11.99
2026-08-12,S003,UTL1143,0,2,0,1,1,0,2,23.98
2026-08-12,S004,UTL1143,1,0,0,2,3,0,1,11.99
2026-08-12,S005,UTL1143,0,0,0,3,2,0,0,0.0
2026-08-12,S006,UTL1143,1,7,6,2,2,0,2,23.98
2026-08-12,S007,UTL1143,0,0,0,0,0,0,0,0.0
2026-08-12,S008,UTL1143,1,8,7,2,3,0,2,23.98
2026-08-12,S009,UTL1143,0,1,0,3,1,1,1,11.99
2026-08-12,S010,UTL1143,1,1,1,1,2,0,1,11.99
2026-08-12,S001,UTL1144,0,4,2,0,0,0,2,50.02
2026-08-12,S002,UTL1144,0,1,0,3,2,0,1,25.01
2026-08-12,S003,UTL1144,0,0,0,1,2,0,0,0.0
2026-08-12,S004,UTL1144,0,0,0,3,1,0,0,0.0
2026-08-12,S005,UTL1144,0,0,0,2,2,0,0,0.0
2026-08-12,S006,UTL1144,1,0,1,3,0,0,0,0.0
2026-08-12,S007,UTL1144,0,0,0,0,2,0,0,0.0
2026-08-12,S008,UTL1144,0,0,0,2,1,0,0,0.0
2026-08-12,S009,UTL1144,0,0,0,0,0,0,0,0.0
2026-08-12,S010,UTL1144,0,1,0,2,3,0,1,25.01
2026-08-12,S001,UTL1145,1,0,0,2,0,0,1,10.53
2026-08-12,S002,UTL1145,1,3,3,3,3,0,1,10.53
2026-08-12,S003,UTL1145,0,5,3,0,0,0,2,21.06
2026-08-12,S004,UTL1145,1,3,3,0,2,0,1,10.53
2026-08-12,S005,UTL1145,0,0,0,3,3,0,0,0.0
2026-08-12,S006,UTL1145,1,9,8,1,2,0,2,21.06
2026-08-12,S007,UTL1145,1,2,2,1,2,0,1,10.53
2026-08-12,S008,UTL1145,0,6,4,3,0,1,2,21.06
2026-08-12,S009,UTL1145,1,0,0,3,3,0,1,10.53
2026-08-12,S010,UTL1145,3,9,8,0,1,0,4,42.12
2026-08-12,S001,UTL1146,1,4,4,2,2,0,1,18.0
2026-08-12,S002,UTL1146,0,4,3,3,2,0,1,18.0
2026-08-12,S003,UTL1146,0,1,0,1,1,0,1,18.0
2026-08-12,S004,UTL1146,0,0,0,1,2,0,0,0.0
2026-08-12,S005,UTL1146,0,6,5,0,1,0,1,18.0
2026-08-12,S006,UTL1146,0,13,9,1,2,0,4,72.0
2026-08-12,S007,UTL1146,1,0,1,1,2,0,0,0.0
2026-08-12,S008,UTL1146,1,5,4,1,3,0,2,36.0
2026-08-12,S009,UTL1146,1,3,4,1,1,0,0,0.0
2026-08-12,S010,UTL1146,0,0,0,2,2,0,0,0.0
2026-08-12,S001,UTL1147,0,0,0,2,2,0,0,0.0
2026-08-12,S002,UTL1147,1,0,1,0,3,0,0,0.0
2026-08-12,S003,UTL1147,0,1,1,3,3,0,0,0.0
2026-08-12,S004,UTL1147,1,1,2,2,2,0,0,0.0
2026-08-12,S005,UTL1147,0,2,1,2,2,0,1,29.46
2026-08-12,S006,UTL1147,0,5,4,0,2,0,1,29.46
2026-08-12,S007,UTL1147,2,0,0,0,0,0,2,58.92
2026-08-12,S008,UTL1147,0,2,2,2,3,0,0,0.0
2026-08-12,S009,UTL1147,1,4,4,1,3,0,1,29.46
2026-08-12,S010,UTL1147,0,1,1,1,0,0,0,0.0
2026-08-12,S001,UTL1148,0,2,2,1,3,0,0,0.0
2026-08-12,S002,UTL1148,1,0,1,0,2,0,0,0.0
2026-08-12,S003,UTL1148,1,1,0,1,1,0,2,50.56
2026-08-12,S004,UTL1148,2,8,8,1,1,0,2,50.56
2026-08-12,S005,UTL1148,0,5,4,0,2,0,1,25.28
2026-08-12,S006,UTL1148,0,6,5,0,0,0,1,25.28
2026-08-12,S007,UTL1148,0,1,1,3,0,0,0,0.0
2026-08-12,S008,UTL1148,0,15,11,1,0,1,4,101.12
2026-08-12,S009,UTL1148,0,13,8,2,3,0,5,126.4
2026-08-12,S010,UTL1148,1,0,1,0,1,0,0,0.0
2026-08-12,S001,UTL1149,0,2,2,3,1,0,0,0.0
2026-08-12,S002,UTL1149,0,1,1,2,1,0,0,0.0
2026-08-12,S003,UTL1149,1,1,2,2,2,0,0,0.0
2026-08-12,S004,UTL1149,2,4,4,1,2,0,2,53.02
2026-08-12,S005,UTL1149,1,3,4,3,3,0,0,0.0
2026-08-12,S006,UTL1149,1,4,4,1,1,0,1,26.51
2026-08-12,S007,UTL1149,1,3,3,1,2,0,1,26.51
2026-08-12,S008,UTL1149,0,2,1,0,1,0,1,26.51
2026-08-12,S009,UTL1149,0,11,8,1,0,0,3,79.53
2026-08-12,S010,UTL1149,1,6,4,2,0,0,3,79.53
2026-08-12,S001,UTL1150,0,0,0,1,3,0,0,0.0
2026-08-12,S002,UTL1150,0,0,0,2,3,1,0,0.0
2026-08-12,S003,UTL1150,1,0,0,3,1,0,1,27.03
2026-08-12,S004,UTL1150,0,4,2,0,2,0,2,54.06
2026-08-12,S005,UTL1150,0,2,0,0,0,0,2,54.06
2026-08-12,S006,UTL1150,1,2,2,1,3,0,1,27.03
2026-08-12,S007,UTL1150,1,1,1,2,2,0,1,27.03
2026-08-12,S008,UTL1150,0,1,1,3,1,0,0,0.0
2026-08-12,S009,UTL1150,0,0,0,1,3,0,0,0.0
2026-08-12,S010,UTL1150,0,0,0,3,1,0,0,0.0
2026-08-12,S001,DUV1151,0,0,0,2,0,0,0,0.0
2026-08-12,S002,DUV1151,0,3,2,1,0,0,1,97.41
2026-08-12,S003,DUV1151,0,0,0,1,1,0,0,0.0
2026-08-12,S004,DUV1151,1,1,0,0,2,0,2,194.82
2026-08-12,S005,DUV1151,0,1,1,3,2,0,0,0.0
2026-08-12,S006,DUV1151,1,0,0,3,1,0,1,97.41
2026-08-12,S007,DUV1151,0,13,10,2,3,0,3,292.23
2026-08-12,S008,DUV1151,0,1,0,2,0,0,1,97.41
2026-08-12,S009,DUV1151,0,2,1,2,1,0,1,97.41
2026-08-12,S010,DUV1151,0,1,0,0,2,0,1,97.41
2026-08-12,S001,DUV1152,0,2,1,2,2,0,1,102.37
2026-08-12,S002,DUV1152,1,1,1,2,2,0,1,102.37
2026-08-12,S003,DUV1152,0,1,1,2,2,0,0,0.0
2026-08-12,S004,DUV1152,1,6,5,0,1,0,2,204.74
2026-08-12,S005,DUV1152,1,0,0,3,2,0,1,102.37
2026-08-12,S006,DUV1152,0,1,0,2,0,0,1,102.37
2026-08-12,S007,DUV1152,2,3,3,3,3,0,2,204.74
2026-08-12,S008,DUV1152,1,3,3,1,2,0,1,102.37
2026-08-12,S009,DUV1152,0,2,0,1,1,1,2,204.74
2026-08-12,S010,DUV1152,0,0,0,2,0,0,0,0.0
2026-08-12,S001,DUV1153,0,0,0,1,0,0,0,0.0
2026-08-12,S002,DUV1153,0,0,0,2,3,0,0,0.0
2026-08-12,S003,DUV1153,0,5,3,3,0,0,2,99.96
2026-08-12,S004,DUV1153,0,0,0,3,3,0,0,0.0
2026-08-12,S005,DUV1153,1,3,2,1,3,0,2,99.96
2026-08-12,S006,DUV1153,0,5,3,2,1,0,2,99.96
2026-08-12,S007,DUV1153,0,5,3,0,1,0,2,99.96
2026-08-12,S008,DUV1153,1,7,5,0,1,0,3,149.94
2026-08-12,S009,DUV1153,1,1,1,2,1,0,1,49.98
2026-08-12,S010,DUV1153,1,1,2,2,1,0,0,0.0
2026-08-12,S001,DUV1154,1,1,2,2,2,0,0,0.0
2026-08-12,S002,DUV1154,1,0,0,0,1,0,1,52.5
2026-08-12,S003,DUV1154,1,0,0,0,1,0,1,52.5
2026-08-12,S004,DUV1154,0,0,0,0,2,0,0,0.0
2026-08-12,S005,DUV1154,0,0,0,0,3,0,0,0.0
2026-08-12,S006,DUV1154,0,4,2,2,0,0,2,105.0
2026-08-12,S007,DUV1154,1,0,0,0,2,0,1,52.5
2026-08-12,S008,DUV1154,0,2,1,1,0,0,1,52.5
2026-08-12,S009,DUV1154,0,1,1,1,2,0,0,0.0
2026-08-12,S010,DUV1154,1,1,2,1,2,0,0,0.0
2026-08-12,S001,DUV1155,0,2,2,0,2,0,0,0.0
2026-08-12,S002,DUV1155,0,0,0,3,3,0,0,0.0
2026-08-12,S003,DUV1155,0,0,0,3,1,0,0,0.0
2026-08-12,S004,DUV1155,0,0,0,1,3,0,0,0.0
2026-08-12,S005,DUV1155,0,1,0,3,1,0,1,113.66
2026-08-12,S006,DUV1155,1,1,2,2,2,0,0,0.0
2026-08-12,S007,DUV1155,1,0,0,3,0,0,1,113.66
2026-08-12,S008,DUV1155,0,0,0,1,3,0,0,0.0
2026-08-12,S009,DUV1155,0,1,1,3,3,0,0,0.0
2026-08-12,S010,DUV1155,0,0,0,1,0,0,0,0.0
2026-08-12,S001,DUV1156,0,0,0,2,2,0,0,0.0
2026-08-12,S002,DUV1156,0,0,0,1,0,0,0,0.0
2026-08-12,S003,DUV1156,1,3,3,2,2,0,1,35.56
2026-08-12,S004,DUV1156,1,2,1,3,3,0,2,71.12
2026-08-12,S005,DUV1156,1,2,2,1,0,0,1,35.56
2026-08-12,S006,DUV1156,2,2,2,1,3,0,2,71.12
2026-08-12,S007,DUV1156,0,0,0,1,3,0,0,0.0
2026-08-12,S008,DUV1156,0,0,0,1,0,0,0,0.0
2026-08-12,S009,DUV1156,0,0,0,1,2,1,0,0.0
2026-08-12,S010,DUV1156,0,1,0,1,3,0,1,35.56
2026-08-12,S001,DUV1157,0,2,1,3,1,0,1,39.97
2026-08-12,S002,DUV1157,1,0,1,3,1,0,0,0.0
2026-08-12,S003,DUV1157,0,5,3,1,3,0,2,79.94
2026-08-12,S004,DUV1157,0,0,0,1,2,0,0,0.0
2026-08-12,S005,DUV1157,1,2,3,3,2,0,0,0.0
2026-08-12,S006,DUV1157,2,7,6,0,3,0,3,119.91
2026-08-12,S007,DUV1157,1,0,1,0,3,0,0,0.0
2026-08-12,S008,DUV1157,0,1,0,1,0,0,1,39.97
2026-08-12,S009,DUV1157,1,2,2,3,0,1,1,39.97
2026-08-12,S010,DUV1157,1,0,0,1,0,0,1,39.97
2026-08-12,S001,DUV1158,0,0,0,2,1,0,0,0.0
2026-08-12,S002,DUV1158,0,3,2,0,2,0,1,59.26
2026-08-12,S003,DUV1158,0,0,0,2,2,0,0,0.0
2026-08-12,S004,DUV1158,0,0,0,1,3,0,0,0.0
2026-08-12,S005,DUV1158,0,0,0,3,2,0,0,0.0
2026-08-12,S006,DUV1158,0,3,2,3,3,0,1,59.26
2026-08-12,S007,DUV1158,1,0,1,2,0,0,0,0.0
2026-08-12,S008,DUV1158,0,0,0,2,3,0,0,0.0
2026-08-12,S009,DUV1158,0,0,0,0,3,0,0,0.0
2026-08-12,S010,DUV1158,1,0,0,2,3,0,1,59.26
2026-08-12,S001,DUV1159,1,0,0,1,2,0,1,41.49
2026-08-12,S002,DUV1159,1,3,3,2,1,0,1,41.49
2026-08-12,S003,DUV1159,2,6,5,2,2,0,3,124.47
2026-08-12,S004,DUV1159,0,2,2,3,2,0,0,0.0
2026-08-12,S005,DUV1159,0,0,0,3,0,0,0,0.0
2026-08-12,S006,DUV1159,1,1,1,2,1,0,1,41.49
2026-08-12,S007,DUV1159,0,3,2,1,2,0,1,41.49
2026-08-12,S008,DUV1159,0,0,0,2,3,0,0,0.0
2026-08-12,S009,DUV1159,0,0,0,0,2,0,0,0.0
2026-08-12,S010,DUV1159,1,2,3,3,0,0,0,0.0
2026-08-12,S001,DUV1160,1,2,2,2,3,0,1,47.53
2026-08-12,S002,DUV1160,2,4,3,0,1,0,3,142.59
2026-08-12,S003,DUV1160,0,0,0,3,1,0,0,0.0
2026-08-12,S004,DUV1160,0,1,0,1,3,0,1,47.53
2026-08-12,S005,DUV1160,1,0,0,2,0,0,1,47.53
2026-08-12,S006,DUV1160,0,6,4,2,0,0,2,95.06
2026-08-12,S007,DUV1160,1,0,0,3,3,0,1,47.53
2026-08-12,S008,DUV1160,0,7,4,1,2,0,3,142.59
2026-08-12,S009,DUV1160,1,3,3,1,3,0,1,47.53
2026-08-12,S010,DUV1160,0,0,0,2,2,0,0,0.0
2026-08-12,S001,DUV1161,1,0,0,2,1,0,1,80.61
2026-08-12,S002,DUV1161,0,6,4,0,2,0,2,161.22
2026-08-12,S003,DUV1161,0,0,0,1,3,0,0,0.0
2026-08-12,S004,DUV1161,0,0,0,3,3,0,0,0.0
2026-08-12,S005,DUV1161,0,2,1,1,3,0,1,80.61
2026-08-12,S006,DUV1161,0,0,0,2,2,0,0,0.0
2026-08-12,S007,DUV1161,0,1,1,1,1,0,0,0.0
2026-08-12,S008,DUV1161,0,2,2,2,2,1,0,0.0
2026-08-12,S009,DUV1161,0,0,0,2,0,0,0,0.0
2026-08-12,S010,DUV1161,0,0,0,3,1,0,0,0.0
2026-08-12,S001,DUV1162,0,0,0,0,3,0,0,0.0
2026-08-12,S002,DUV1162,0,0,0,3,1,0,0,0.0
2026-08-12,S003,DUV1162,1,0,0,2,0,0,1,97.42
2026-08-12,S004,DUV1162,0,1,1,2,1,0,0,0.0
2026-08-12,S005,DUV1162,2,0,0,3,1,0,2,194.84
2026-08-12,S006,DUV1162,2,4,4,0,0,0,2,194.84
2026-08-12,S007,DUV1162,0,0,0,0,1,0,0,0.0
2026-08-12,S008,DUV1162,0,1,1,3,0,0,0,0.0
2026-08-12,S009,DUV1162,0,0,0,1,3,0,0,0.0
2026-08-12,S010,DUV1162,0,0,0,3,3,0,0,0.0
2026-08-12,S001,DUV1163,0,2,1,2,3,0,1,59.34
2026-08-12,S002,DUV1163,0,2,1,1,2,0,1,59.34
2026-08-12,S003,DUV1163,0,0,0,1,0,0,0,0.0
2026-08-12,S004,DUV1163,0,2,1,2,2,0,1,59.34
2026-08-12,S005,DUV1163,0,6,4,2,2,0,2,118.68
2026-08-12,S006,DUV1163,0,2,1,1,1,0,1,59.34
2026-08-12,S007,DUV1163,0,2,1,2,0,0,1,59.34
2026-08-12,S008,DUV1163,0,1,0,1,3,0,1,59.34
2026-08-12,S009,DUV1163,0,2,2,1,2,0,0,0.0
2026-08-12,S010,DUV1163,1,0,1,0,1,0,0,0.0
2026-08-12,S001,DUV1164,1,3,4,2,2,0,0,0.0
2026-08-12,S002,DUV1164,1,0,1,1,3,0,0,0.0
2026-08-12,S003,DUV1164,1,1,0,1,1,0,2,241.34
2026-08-12,S004,DUV1164,0,2,1,0,1,0,1,120.67
2026-08-12,S005,DUV1164,1,2,2,0,2,0,1,120.67
2026-08-12,S006,DUV1164,1,8,6,3,0,0,3,362.01
2026-08-12,S007,DUV1164,0,1,1,2,0,1,0,0.0
2026-08-12,S008,DUV1164,2,0,0,0,1,0,2,241.34
2026-08-12,S009,DUV1164,0,4,3,2,0,0,1,120.67
2026-08-12,S010,DUV1164,0,3,2,0,1,0,1,120.67
2026-08-12,S001,DUV1165,0,5,3,2,2,0,2,257.64
2026-08-12,S002,DUV1165,0,1,0,1,1,0,1,128.82
2026-08-12,S003,DUV1165,1,0,0,0,1,0,1,128.82
2026-08-12,S004,DUV1165,1,0,1,2,1,0,0,0.0
2026-08-12,S005,DUV1165,0,1,0,1,0,1,1,128.82
2026-08-12,S006,DUV1165,0,0,0,1,2,0,0,0.0
2026-08-12,S007,DUV1165,0,0,0,2,3,0,0,0.0
2026-08-12,S008,DUV1165,0,4,3,2,2,0,1,128.82
2026-08-12,S009,DUV1165,1,4,3,3,1,0,2,257.64
2026-08-12,S010,DUV1165,1,0,0,0,1,0,1,128.82
2026-08-12,S001,DUV1166,0,0,0,0,0,0,0,0.0
2026-08-12,S002,DUV1166,0,2,1,0,0,0,1,88.46
2026-08-12,S003,DUV1166,0,0,0,1,2,0,0,0.0
2026-08-12,S004,DUV1166,0,0,0,0,2,0,0,0.0
2026-08-12,S005,DUV1166,0,0,0,0,0,0,0,0.0
2026-08-12,S006,DUV1166,0,0,0,0,3,0,0,0.0
2026-08-12,S007,DUV1166,0,0,0,0,1,1,0,0.0
2026-08-12,S008,DUV1166,0,1,0,1,3,0,1,88.46
2026-08-12,S009,DUV1166,0,0,0,3,2,0,0,0.0
2026-08-12,S010,DUV1166,0,0,0,2,0,0,0,0.0
2026-08-12,S001,DUV1167,0,6,5,3,1,0,1,103.49
2026-08-12,S002,DUV1167,2,7,6,0,3,0,3,310.47
2026-08-12,S003,DUV1167,1,3,3,0,1,0,1,103.49
2026-08-12,S004,DUV1167,1,0,1,2,3,0,0,0.0
2026-08-12,S005,DUV1167,0,6,4,1,1,0,2,206.98
2026-08-12,S006,DUV1167,0,6,5,2,3,0,1,103.49
2026-08-12,S007,DUV1167,1,1,2,3,0,0,0,0.0
2026-08-12,S008,DUV1167,1,0,1,0,0,0,0,0.0
2026-08-12,S009,DUV1167,1,0,0,1,3,0,1,103.49
2026-08-12,S010,DUV1167,1,0,0,2,2,0,1,103.49
2026-08-12,S001,DUV1168,1,0,0,2,3,0,1,93.84
2026-08-12,S002,DUV1168,1,0,0,1,1,0,1,93.84
2026-08-12,S003,DUV1168,0,2,0,2,2,0,2,187.68
2026-08-12,S004,DUV1168,0,0,0,3,3,0,0,0.0
2026-08-12,S005,DUV1168,1,0,0,3,0,0,1,93.84
2026-08-12,S006,DUV1168,0,0,0,0,3,1,0,0.0
2026-08-12,S007,DUV1168,1,0,1,1,2,0,0,0.0
2026-08-12,S008,DUV1168,0,1,1,3,3,0,0,0.0
2026-08-12,S009,DUV1168,0,2,1,3,1,0,1,93.84
2026-08-12,S010,DUV1168,0,1,0,0,2,0,1,93.84
2026-08-12,S001,DUV1169,1,2,2,0,3,1,1,103.09
2026-08-12,S002,DUV1169,0,0,0,1,1,0,0,0.0
2026-08-12,S003,DUV1169,0,1,0,3,0,0,1,103.09
2026-08-12,S004,DUV1169,0,0,0,2,0,0,0,0.0
2026-08-12,S005,DUV1169,0,0,0,2,2,0,0,0.0
2026-08-12,S006,DUV1169,0,1,1,2,0,0,0,0.0
2026-08-12,S007,DUV1169,0,0,0,1,3,0,0,0.0
2026-08-12,S008,DUV1169,0,2,2,3,3,0,0,0.0
2026-08-12,S009,DUV1169,0,2,2,2,1,0,0,0.0
2026-08-12,S010,DUV1169,0,0,0,0,1,0,0,0.0
2026-08-12,S001,DUV1170,0,1,0,3,1,0,1,110.34
2026-08-12,S002,DUV1170,0,2,2,2,0,0,0,0.0
2026-08-12,S003,DUV1170,0,1,1,0,0,0,0,0.0
2026-08-12,S004,DUV1170,0,0,0,0,0,0,0,0.0
2026-08-12,S005,DUV1170,0,0,0,2,2,0,0,0.0
2026-08-12,S006,DUV1170,1,3,2,3,1,0,2,220.68
2026-08-12,S007,DUV1170,0,0,0,2,0,0,0,0.0
2026-08-12,S008,DUV1170,0,0,0,1,2,0,0,0.0
2026-08-12,S009,DUV1170,1,2,2,2,2,0,1,110.34
2026-08-12,S010,DUV1170,0,0,0,1,0,0,0,0.0
2026-08-12,S001,DUV1171,1,1,1,1,3,0,1,131.25
2026-08-12,S002,DUV1171,0,0,0,1,3,0,0,0.0
2026-08-12,S003,DUV1171,1,0,0,3,1,0,1,131.25
2026-08-12,S004,DUV1171,0,1,0,2,0,0,1,131.25
2026-08-12,S005,DUV1171,0,0,0,3,1,0,0,0.0
2026-08-12,S006,DUV1171,0,0,0,1,1,0,0,0.0
2026-08-12,S007,DUV1171,1,4,3,3,1,0,2,262.5
2026-08-12,S008,DUV1171,0,5,3,3,0,0,2,262.5
2026-08-12,S009,DUV1171,0,0,0,0,2,0,0,0.0
2026-08-12,S010,DUV1171,0,2,1,3,0,0,1,131.25
2026-08-12,S001,DUV1172,1,0,0,2,3,0,1,96.26
2026-08-12,S002,DUV1172,0,0,0,2,2,0,0,0.0
2026-08-12,S003,DUV1172,1,0,0,3,1,0,1,96.26
2026-08-12,S004,DUV1172,0,0,0,1,1,0,0,0.0
2026-08-12,S005,DUV1172,0,1,0,0,3,0,1,96.26
2026-08-12,S006,DUV1172,0,1,0,0,2,0,1,96.26
2026-08-12,S007,DUV1172,0,1,1,2,3,0,0,0.0
2026-08-12,S008,DUV1172,0,0,0,3,3,0,0,0.0
2026-08-12,S009,DUV1172,0,0,0,1,2,0,0,0.0
2026-08-12,S010,DUV1172,1,2,2,1,0,0,1,96.26
2026-08-12,S001,DUV1173,0,0,0,3,3,0,0,0.0
2026-08-12,S002,DUV1173,1,0,0,0,3,0,1,71.66
2026-08-12,S003,DUV1173,0,0,0,1,3,0,0,0.0
2026-08-12,S004,DUV1173,0,0,0,1,1,0,0,0.0
2026-08-12,S005,DUV1173,0,0,0,2,0,0,0,0.0
2026-08-12,S006,DUV1173,0,3,2,2,1,0,1,71.66
2026-08-12,S007,DUV1173,0,0,0,1,0,0,0,0.0
2026-08-12,S008,DUV1173,0,10,7,2,3,0,3,214.98
2026-08-12,S009,DUV1173,0,2,1,1,1,0,1,71.66
2026-08-12,S010,DUV1173,0,0,0,2,3,0,0,0.0
2026-08-12,S001,DUV1174,2,4,4,2,2,0,2,140.84
2026-08-12,S002,DUV1174,0,0,0,3,0,0,0,0.0
2026-08-12,S003,DUV1174,1,0,1,2,3,0,0,0.0
2026-08-12,S004,DUV1174,0,0,0,2,2,0,0,0.0
2026-08-12,S005,DUV1174,0,1,0,0,0,0,1,70.42
2026-08-12,S006,DUV1174,0,0,0,2,3,0,0,0.0
2026-08-12,S007,DUV1174,1,1,2,1,3,0,0,0.0
2026-08-12,S008,DUV1174,0,1,1,2,0,0,0,0.0
2026-08-12,S009,DUV1174,0,0,0,1,2,0,0,0.0
2026-08-12,S010,DUV1174,0,0,0,2,1,0,0,0.0
2026-08-12,S001,DUV1175,0,1,1,1,1,0,0,0.0
2026-08-12,S002,DUV1175,2,2,2,2,0,0,2,162.8
2026-08-12,S003,DUV1175,0,0,0,2,2,0,0,0.0
2026-08-12,S004,DUV1175,1,0,0,2,3,0,1,81.4
2026-08-12,S005,DUV1175,0,4,2,3,3,0,2,162.8
2026-08-12,S006,DUV1175,0,2,1,3,0,0,1,81.4
2026-08-12,S007,DUV1175,0,2,2,2,0,0,0,0.0
2026-08-12,S008,DUV1175,1,11,9,2,0,0,3,244.2
2026-08-12,S009,DUV1175,0,1,0,0,1,0,1,81.4
2026-08-12,S010,DUV1175,1,0,1,2,1,0,0,0.0
2026-08-12,S001,DUV1176,1,0,0,2,0,0,1,43.47
2026-08-12,S002,DUV1176,0,0,0,3,0,0,0,0.0
2026-08-12,S003,DUV1176,0,5,3,3,3,0,2,86.94
2026-08-12,S004,DUV1176,0,0,0,3,0,0,0,0.0
2026-08-12,S005,DUV1176,0,1,0,3,1,0,1,43.47
2026-08-12,S006,DUV1176,0,4,3,1,0,0,1,43.47
2026-08-12,S007,DUV1176,0,0,0,1,3,0,0,0.0
2026-08-12,S008,DUV1176,0,0,0,3,2,0,0,0.0
2026-08-12,S009,DUV1176,0,2,1,2,3,0,1,43.47
2026-08-12,S010,DUV1176,0,1,0,1,1,0,1,43.47
2026-08-12,S001,DUV1177,1,0,0,2,1,0,1,135.32
2026-08-12,S002,DUV1177,0,1,0,1,1,0,1,135.32
2026-08-12,S003,DUV1177,0,0,0,0,2,0,0,0.0
2026-08-12,S004,DUV1177,1,1,2,2,1,0,0,0.0
2026-08-12,S005,DUV1177,1,0,1,1,1,0,0,0.0
2026-08-12,S006,DUV1177,1,0,0,1,0,1,1,135.32
2026-08-12,S007,DUV1177,1,6,5,3,3,0,2,270.64
2026-08-12,S008,DUV1177,0,4,2,0,2,0,2,270.64
2026-08-12,S009,DUV1177,1,0,0,1,2,0,1,135.32
2026-08-12,S010,DUV1177,1,0,1,0,1,0,0,0.0
2026-08-12,S001,DUV1178,1,5,4,2,0,0,2,146.46
2026-08-12,S002,DUV1178,0,1,0,3,0,0,1,73.23
2026-08-12,S003,DUV1178,1,5,4,1,1,0,2,146.46
2026-08-12,S004,DUV1178,0,0,0,0,2,0,0,0.0
2026-08-12,S005,DUV1178,2,0,0,1,0,0,2,146.46
2026-08-12,S006,DUV1178,1,10,7,1,3,0,4,292.92
2026-08-12,S007,DUV1178,0,6,4,2,3,0,2,146.46
2026-08-12,S008,DUV1178,0,0,0,1,2,0,0,0.0
2026-08-12,S009,DUV1178,0,0,0,0,0,0,0,0.0
2026-08-12,S010,DUV1178,1,2,2,3,3,0,1,73.23
2026-08-12,S001,DUV1179,2,0,0,1,0,0,2,126.58
2026-08-12,S002,DUV1179,1,2,1,1,2,0,2,126.58
2026-08-12,S003,DUV1179,0,3,3,1,0,0,0,0.0
2026-08-12,S004,DUV1179,0,5,3,3,1,0,2,126.58
2026-08-12,S005,DUV1179,0,0,0,3,0,0,0,0.0
2026-08-12,S006,DUV1179,2,5,5,2,2,0,2,126.58
2026-08-12,S007,DUV1179,1,0,0,3,3,0,1,63.29
2026-08-12,S008,DUV1179,0,5,4,2,1,0,1,63.29
2026-08-12,S009,DUV1179,1,9,7,3,3,0,3,189.87
2026-08-12,S010,DUV1179,0,0,0,3,1,0,0,0.0
2026-08-12,S001,DUV1180,1,0,1,2,0,0,0,0.0
2026-08-12,S002,DUV1180,1,0,1,3,3,0,0,0.0
2026-08-12,S003,DUV1180,1,0,1,0,1,0,0,0.0
2026-08-12,S004,DUV1180,1,2,2,3,3,0,1,50.21
2026-08-12,S005,DUV1180,1,2,2,1,0,0,1,50.21
2026-08-12,S006,DUV1180,1,1,2,0,0,0,0,0.0
2026-08-12,S007,DUV1180,0,0,0,0,3,0,0,0.0
2026-08-12,S008,DUV1180,0,0,0,0,3,0,0,0.0
2026-08-12,S009,DUV1180,1,2,2,1,1,0,1,50.21
2026-08-12,S010,DUV1180,2,0,0,0,3,0,2,100.42
2026-08-12,S001,DUV1181,0,0,0,0,2,0,0,0.0
2026-08-12,S002,DUV1181,0,8,6,0,3,0,2,221.72
2026-08-12,S003,DUV1181,1,3,2,3,2,0,2,221.72
2026-08-12,S004,DUV1181,1,1,1,3,0,0,1,110.86
2026-08-12,S005,DUV1181,0,5,3,3,2,0,2,221.72
2026-08-12,S006,DUV1181,1,2,2,3,2,0,1,110.86
2026-08-12,S007,DUV1181,1,4,4,2,1,0,1,110.86
2026-08-12,S008,DUV1181,0,4,4,2,1,0,0,0.0
2026-08-12,S009,DUV1181,0,0,0,3,0,0,0,0.0
2026-08-12,S010,DUV1181,1,1,2,3,2,0,0,0.0
2026-08-12,S001,DUV1182,1,0,0,2,0,0,1,58.79
2026-08-12,S002,DUV1182,0,0,0,3,0,0,0,0.0
2026-08-12,S003,DUV1182,0,0,0,2,1,0,0,0.0
2026-08-12,S004,DUV1182,0,1,1,1,3,0,0,0.0
2026-08-12,S005,DUV1182,0,1,1,3,1,0,0,0.0
2026-08-12,S006,DUV1182,0,0,0,0,1,0,0,0.0
2026-08-12,S007,DUV1182,0,0,0,2,2,0,0,0.0
2026-08-12,S008,DUV1182,0,3,2,1,1,0,1,58.79
2026-08-12,S009,DUV1182,0,2,1,0,1,0,1,58.79
2026-08-12,S010,DUV1182,1,0,0,1,2,0,1,58.79
2026-08-12,S001,DUV1183,0,0,0,3,0,0,0,0.0
2026-08-12,S002,DUV1183,0,0,0,3,0,0,0,0.0
2026-08-12,S003,DUV1183,0,0,0,1,0,0,0,0.0
2026-08-12,S004,DUV1183,0,0,0,3,3,0,0,0.0
2026-08-12,S005,DUV1183,0,2,1,3,3,0,1,106.98
2026-08-12,S006,DUV1183,1,0,1,3,2,0,0,0.0
2026-08-12,S007,DUV1183,0,2,0,1,2,0,2,213.96
2026-08-12,S008,DUV1183,1,6,5,2,1,0,2,213.96
2026-08-12,S009,DUV1183,2,1,1,2,0,0,2,213.96
2026-08-12,S010,DUV1183,1,1,2,1,0,0,0,0.0
2026-08-12,S001,DUV1184,1,0,1,3,0,0,0,0.0
2026-08-12,S002,DUV1184,0,0,0,0,3,0,0,0.0
2026-08-12,S003,DUV1184,0,0,0,3,2,0,0,0.0
2026-08-12,S004,DUV1184,0,1,0,3,1,0,1,73.93
2026-08-12,S005,DUV1184,0,0,0,3,1,0,0,0.0
2026-08-12,S006,DUV1184,2,0,0,3,2,0,2,147.86
2026-08-12,S007,DUV1184,0,1,1,2,3,0,0,0.0
2026-08-12,S008,DUV1184,0,0,0,0,0,0,0,0.0
2026-08-12,S009,DUV1184,0,0,0,0,1,0,0,0.0
2026-08-12,S010,DUV1184,1,0,1,0,0,0,0,0.0
2026-08-12,S001,DUV1185,0,0,0,0,3,0,0,0.0
2026-08-12,S002,DUV1185,0,0,0,0,0,0,0,0.0
2026-08-12,S003,DUV1185,0,0,0,0,1,0,0,0.0
2026-08-12,S004,DUV1185,0,0,0,0,3,0,0,0.0
2026-08-12,S005,DUV1185,0,2,1,3,3,0,1,48.13
2026-08-12,S006,DUV1185,0,5,4,0,3,0,1,48.13
2026-08-12,S007,DUV1185,0,0,0,2,3,0,0,0.0
2026-08-12,S008,DUV1185,0,1,0,0,2,0,1,48.13
2026-08-12,S009,DUV1185,0,2,1,1,2,0,1,48.13
2026-08-12,S010,DUV1185,0,0,0,0,1,0,0,0.0
2026-08-12,S001,DUV1186,1,11,10,3,2,0,2,182.24
2026-08-12,S002,DUV1186,1,3,2,3,3,0,2,182.24
2026-08-12,S003,DUV1186,0,4,3,0,2,0,1,91.12
2026-08-12,S004,DUV1186,2,6,5,3,2,0,3,273.36
2026-08-12,S005,DUV1186,0,0,0,3,3,0,0,0.0
2026-08-12,S006,DUV1186,1,4,3,3,3,0,2,182.24
2026-08-12,S007,DUV1186,1,0,0,1,2,0,1,91.12
2026-08-12,S008,DUV1186,0,13,8,2,2,0,5,455.6
2026-08-12,S009,DUV1186,0,1,0,1,1,0,1,91.12
2026-08-12,S010,DUV1186,1,2,2,0,2,0,1,91.12
2026-08-12,S001,DUV1187,0,1,1,0,3,0,0,0.0
2026-08-12,S002,DUV1187,0,0,0,2,1,0,0,0.0
2026-08-12,S003,DUV1187,1,0,0,2,3,0,1,70.6
2026-08-12,S004,DUV1187,1,5,4,2,0,0,2,141.2
2026-08-12,S005,DUV1187,0,0,0,0,0,0,0,0.0
2026-08-12,S006,DUV1187,2,6,5,1,0,0,3,211.8
2026-08-12,S007,DUV1187,0,0,0,1,0,0,0,0.0
2026-08-12,S008,DUV1187,2,0,0,3,1,0,2,141.2
2026-08-12,S009,DUV1187,1,4,4,2,3,0,1,70.6
2026-08-12,S010,DUV1187,2,6,5,3,1,0,3,211.8
2026-08-12,S001,DUV1188,0,0,0,1,3,0,0,0.0
2026-08-12,S002,DUV1188,0,0,0,2,3,0,0,0.0
2026-08-12,S003,DUV1188,0,0,0,2,1,0,0,0.0
2026-08-12,S004,DUV1188,0,0,0,3,3,0,0,0.0
2026-08-12,S005,DUV1188,1,0,0,3,0,0,1,40.38
2026-08-12,S006,DUV1188,0,1,0,1,0,0,1,40.38
2026-08-12,S007,DUV1188,0,1,0,2,2,0,1,40.38
2026-08-12,S008,DUV1188,0,4,2,0,0,0,2,80.76
2026-08-12,S009,DUV1188,0,1,0,2,1,0,1,40.38
2026-08-12,S010,DUV1188,0,0,0,3,3,0,0,0.0
2026-08-12,S001,DUV1189,0,0,0,2,1,0,0,0.0
2026-08-12,S002,DUV1189,0,0,0,2,0,0,0,0.0
2026-08-12,S003,DUV1189,0,1,0,2,2,0,1,131.29
2026-08-12,S004,DUV1189,0,0,0,2,2,0,0,0.0
2026-08-12,S005,DUV1189,0,0,0,3,3,0,0,0.0
2026-08-12,S006,DUV1189,1,3,2,3,0,0,2,262.58
2026-08-12,S007,DUV1189,0,4,2,2,0,0,2,262.58
2026-08-12,S008,DUV1189,0,1,1,2,3,0,0,0.0
2026-08-12,S009,DUV1189,0,1,0,0,3,0,1,131.29
2026-08-12,S010,DUV1189,1,0,0,3,0,0,1,131.29
2026-08-12,S001,DUV1190,1,3,2,2,1,0,2,124.2
2026-08-12,S002,DUV1190,1,1,0,2,0,0,2,124.2
2026-08-12,S003,DUV1190,0,0,0,3,3,0,0,0.0
2026-08-12,S004,DUV1190,0,0,0,2,2,0,0,0.0
2026-08-12,S005,DUV1190,0,0,0,0,2,0,0,0.0
2026-08-12,S006,DUV1190,0,1,0,1,0,0,1,62.1
2026-08-12,S007,DUV1190,0,0,0,2,1,0,0,0.0
2026-08-12,S008,DUV1190,0,0,0,1,3,0,0,0.0
2026-08-12,S009,DUV1190,1,0,1,0,3,0,0,0.0
2026-08-12,S010,DUV1190,1,0,0,3,0,0,1,62.1
2026-08-12,S001,DUV1191,0,1,0,1,0,0,1,45.27
2026-08-12,S002,DUV1191,1,0,1,2,0,0,0,0.0
2026-08-12,S003,DUV1191,1,2,2,3,1,0,1,45.27
2026-08-12,S004,DUV1191,1,0,0,3,1,0,1,45.27
2026-08-12,S005,DUV1191,1,2,2,0,3,0,1,45.27
2026-08-12,S006,DUV1191,1,2,2,1,1,0,1,45.27
2026-08-12,S007,DUV1191,0,2,2,3,1,0,0,0.0
2026-08-12,S008,DUV1191,1,9,7,2,3,0,3,135.81
2026-08-12,S009,DUV1191,0,1,0,1,3,0,1,45.27
2026-08-12,S010,DUV1191,0,1,1,2,1,0,0,0.0
2026-08-12,S001,DUV1192,0,1,1,2,3,0,0,0.0
2026-08-12,S002,DUV1192,1,1,2,1,2,0,0,0.0
2026-08-12,S003,DUV1192,0,0,0,2,1,0,0,0.0
2026-08-12,S004,DUV1192,0,0,0,3,1,0,0,0.0
2026-08-12,S005,DUV1192,0,4,3,0,1,0,1,76.51
2026-08-12,S006,DUV1192,0,1,0,3,3,0,1,76.51
2026-08-12,S007,DUV1192,2,3,3,2,3,0,2,153.02
2026-08-12,S008,DUV1192,1,1,2,2,3,0,0,0.0
2026-08-12,S009,DUV1192,0,0,0,1,1,0,0,0.0
2026-08-12,S010,DUV1192,0,0,0,2,2,0,0,0.0
2026-08-12,S001,DUV1193,0,0,0,0,2,0,0,0.0
2026-08-12,S002,DUV1193,0,2,1,2,2,0,1,46.71
2026-08-12,S003,DUV1193,2,0,0,3,1,0,2,93.42
2026-08-12,S004,DUV1193,0,1,0,3,0,0,1,46.71
2026-08-12,S005,DUV1193,0,6,4,1,1,0,2,93.42
2026-08-12,S006,DUV1193,1,5,4,3,1,0,2,93.42
2026-08-12,S007,DUV1193,1,3,3,2,3,0,1,46.71
2026-08-12,S008,DUV1193,1,3,3,1,2,0,1,46.71
2026-08-12,S009,DUV1193,1,2,2,3,0,0,1,46.71
2026-08-12,S010,DUV1193,2,6,6,1,0,1,2,93.42
2026-08-12,S001,DUV1194,1,1,2,1,1,0,0,0.0
2026-08-12,S002,DUV1194,0,2,2,3,0,0,0,0.0
2026-08-12,S003,DUV1194,1,0,0,1,0,0,1,103.48
2026-08-12,S004,DUV1194,0,1,1,0,3,0,0,0.0
2026-08-12,S005,DUV1194,0,3,2,0,1,0,1,103.48
2026-08-12,S006,DUV1194,0,1,1,1,1,0,0,0.0
2026-08-12,S007,DUV1194,2,1,1,3,0,0,2,206.96
2026-08-12,S008,DUV1194,1,2,2,2,2,0,1,103.48
2026-08-12,S009,DUV1194,0,0,0,1,1,0,0,0.0
2026-08-12,S010,DUV1194,1,0,0,1,3,0,1,103.48
2026-08-12,S001,DUV1195,0,1,0,3,1,0,1,46.26
2026-08-12,S002,DUV1195,0,0,0,2,0,0,0,0.0
2026-08-12,S003,DUV1195,1,0,1,0,3,0,0,0.0
2026-08-12,S004,DUV1195,1,1,1,1,2,0,1,46.26
2026-08-12,S005,DUV1195,0,3,2,3,0,0,1,46.26
2026-08-12,S006,DUV1195,3,10,8,2,3,0,5,231.3
2026-08-12,S007,DUV1195,1,0,0,2,3,0,1,46.26
2026-08-12,S008,DUV1195,1,0,1,3,2,0,0,0.0
2026-08-12,S009,DUV1195,0,0,0,0,0,0,0,0.0
2026-08-12,S010,DUV1195,0,0,0,3,0,0,0,0.0
2026-08-12,S001,DUV1196,2,3,3,2,0,0,2,211.32
2026-08-12,S002,DUV1196,1,2,2,3,1,0,1,105.66
2026-08-12,S003,DUV1196,0,0,0,0,3,0,0,0.0
2026-08-12,S004,DUV1196,0,0,0,2,1,0,0,0.0
2026-08-12,S005,DUV1196,1,0,0,3,0,0,1,105.66
2026-08-12,S006,DUV1196,0,1,1,1,3,0,0,0.0
2026-08-12,S007,DUV1196,1,0,1,1,2,0,0,0.0
2026-08-12,S008,DUV1196,0,2,1,3,3,0,1,105.66
2026-08-12,S009,DUV1196,0,0,0,3,0,0,0,0.0
2026-08-12,S010,DUV1196,0,1,0,3,3,0,1,105.66
2026-08-12,S001,DUV1197,1,1,1,1,1,0,1,65.19
2026-08-12,S002,DUV1197,0,2,1,1,0,0,1,65.19
2026-08-12,S003,DUV1197,1,0,1,1,0,0,0,0.0
2026-08-12,S004,DUV1197,0,0,0,0,0,0,0,0.0
2026-08-12,S005,DUV1197,0,1,0,1,1,0,1,65.19
2026-08-12,S006,DUV1197,0,3,3,0,1,0,0,0.0
2026-08-12,S007,DUV1197,1,0,0,1,1,0,1,65.19
2026-08-12,S008,DUV1197,0,0,0,3,1,0,0,0.0
2026-08-12,S009,DUV1197,0,0,0,2,1,0,0,0.0
2026-08-12,S010,DUV1197,0,0,0,2,3,0,0,0.0
2026-08-12,S001,DUV1198,0,2,1,2,3,0,1,104.43
2026-08-12,S002,DUV1198,1,2,3,3,2,0,0,0.0
2026-08-12,S003,DUV1198,1,0,0,3,0,0,1,104.43
2026-08-12,S004,DUV1198,0,5,4,0,3,0,1,104.43
2026-08-12,S005,DUV1198,0,0,0,0,0,0,0,0.0
2026-08-12,S006,DUV1198,1,1,1,0,3,0,1,104.43
2026-08-12,S007,DUV1198,0,2,0,2,0,0,2,208.86
2026-08-12,S008,DUV1198,0,3,2,1,2,0,1,104.43
2026-08-12,S009,DUV1198,0,2,2,3,3,0,0,0.0
2026-08-12,S010,DUV1198,0,11,6,3,0,0,5,522.15
2026-08-12,S001,DUV1199,0,1,0,0,0,0,1,52.76
2026-08-12,S002,DUV1199,1,4,4,3,1,0,1,52.76
2026-08-12,S003,DUV1199,0,1,0,3,3,0,1,52.76
2026-08-12,S004,DUV1199,0,0,0,0,2,0,0,0.0
2026-08-12,S005,DUV1199,1,1,1,2,1,0,1,52.76
2026-08-12,S006,DUV1199,1,2,2,1,3,0,1,52.76
2026-08-12,S007,DUV1199,1,0,0,3,1,0,1,52.76
2026-08-12,S008,DUV1199,0,5,3,1,0,0,2,105.52
2026-08-12,S009,DUV1199,0,4,2,1,1,0,2,105.52
2026-08-12,S010,DUV1199,1,0,0,1,0,0,1,52.76
2026-08-12,S001,DUV1200,0,0,0,0,2,0,0,0.0
2026-08-12,S002,DUV1200,0,1,0,0,3,0,1,46.21
2026-08-12,S003,DUV1200,1,1,1,1,3,0,1,46.21
2026-08-12,S004,DUV1200,0,1,0,3,3,0,1,46.21
2026-08-12,S005,DUV1200,0,1,0,2,2,0,1,46.21
2026-08-12,S006,DUV1200,0,1,0,0,3,0,1,46.21
2026-08-12,S007,DUV1200,0,4,3,1,1,0,1,46.21
2026-08-12,S008,DUV1200,1,0,0,3,1,0,1,46.21
2026-08-12,S009,DUV1200,2,4,3,0,3,0,3,138.63
2026-08-12,S010,DUV1200,1,0,1,1,0,0,0,0.0
2026-08-12,S001,DUV1201,0,0,0,3,0,0,0,0.0
2026-08-12,S002,DUV1201,1,6,4,2,2,0,3,209.01
2026-08-12,S003,DUV1201,0,1,0,3,0,0,1,69.67
2026-08-12,S004,DUV1201,0,2,1,2,3,0,1,69.67
2026-08-12,S005,DUV1201,0,4,3,2,1,0,1,69.67
2026-08-12,S006,DUV1201,1,0,0,0,1,0,1,69.67
2026-08-12,S007,DUV1201,1,0,0,1,3,0,1,69.67
2026-08-12,S008,DUV1201,0,2,1,3,0,0,1,69.67
2026-08-12,S009,DUV1201,1,0,1,0,3,0,0,0.0
2026-08-12,S010,DUV1201,0,4,3,1,2,0,1,69.67
2026-08-12,S001,DUV1202,0,1,1,2,1,0,0,0.0
2026-08-12,S002,DUV1202,0,2,1,1,1,0,1,44.64
2026-08-12,S003,DUV1202,0,0,0,3,1,0,0,0.0
2026-08-12,S004,DUV1202,0,3,1,2,1,0,2,89.28
2026-08-12,S005,DUV1202,0,0,0,1,1,0,0,0.0
2026-08-12,S006,DUV1202,0,2,0,0,3,0,2,89.28
2026-08-12,S007,DUV1202,1,0,0,0,1,0,1,44.64
2026-08-12,S008,DUV1202,1,0,1,2,0,0,0,0.0
2026-08-12,S009,DUV1202,0,0,0,1,0,0,0,0.0
2026-08-12,S010,DUV1202,1,0,1,0,0,0,0,0.0
2026-08-12,S001,DUV1203,1,0,1,3,1,0,0,0.0
2026-08-12,S002,DUV1203,1,1,1,0,2,0,1,39.66
2026-08-12,S003,DUV1203,1,0,1,0,3,0,0,0.0
2026-08-12,S004,DUV1203,0,0,0,1,1,0,0,0.0
2026-08-12,S005,DUV1203,0,0,0,1,1,0,0,0.0
2026-08-12,S006,DUV1203,0,0,0,3,3,0,0,0.0
2026-08-12,S007,DUV1203,1,1,1,1,3,0,1,39.66
2026-08-12,S008,DUV1203,0,5,4,3,2,0,1,39.66
2026-08-12,S009,DUV1203,0,1,0,1,2,0,1,39.66
2026-08-12,S010,DUV1203,0,1,0,2,0,0,1,39.66
2026-08-12,S001,DUV1204,1,0,1,3,0,0,0,0.0
2026-08-12,S002,DUV1204,0,2,0,0,2,0,2,235.22
2026-08-12,S003,DUV1204,2,2,2,3,2,0,2,235.22
2026-08-12,S004,DUV1204,1,0,1,0,2,0,0,0.0
2026-08-12,S005,DUV1204,0,6,4,3,1,0,2,235.22
2026-08-12,S006,DUV1204,1,1,0,3,0,0,2,235.22
2026-08-12,S007,DUV1204,0,8,4,0,0,0,4,470.44
2026-08-12,S008,DUV1204,2,7,5,0,0,0,4,470.44
2026-08-12,S009,DUV1204,0,3,3,2,2,0,0,0.0
2026-08-12,S010,DUV1204,1,0,0,1,0,0,1,117.61
2026-08-12,S001,DUV1205,0,0,0,0,0,0,0,0.0
2026-08-12,S002,DUV1205,1,9,8,0,2,0,2,87.66
2026-08-12,S003,DUV1205,0,0,0,1,2,0,0,0.0
2026-08-12,S004,DUV1205,0,2,2,2,0,0,0,0.0
2026-08-12,S005,DUV1205,0,1,0,2,0,0,1,43.83
2026-08-12,S006,DUV1205,0,3,2,2,1,0,1,43.83
2026-08-12,S007,DUV1205,1,0,1,0,0,0,0,0.0
2026-08-12,S008,DUV1205,1,0,1,2,0,0,0,0.0
2026-08-12,S009,DUV1205,0,1,0,2,3,0,1,43.83
2026-08-12,S010,DUV1205,1,0,1,3,3,0,0,0.0
2026-08-12,S001,DUV1206,0,0,0,0,2,0,0,0.0
2026-08-12,S002,DUV1206,0,0,0,3,3,0,0,0.0
2026-08-12,S003,DUV1206,0,0,0,0,3,0,0,0.0
2026-08-12,S004,DUV1206,0,0,0,0,0,0,0,0.0
2026-08-12,S005,DUV1206,0,0,0,2,0,0,0,0.0
2026-08-12,S006,DUV1206,0,0,0,0,2,0,0,0.0
2026-08-12,S007,DUV1206,0,0,0,2,3,0,0,0.0
2026-08-12,S008,DUV1206,0,0,0,0,1,0,0,0.0
2026-08-12,S009,DUV1206,0,1,1,0,3,0,0,0.0
2026-08-12,S010,DUV1206,0,0,0,3,3,0,0,0.0
2026-08-12,S001,DUV1207,0,0,0,0,3,0,0,0.0
2026-08-12,S002,DUV1207,0,2,1,0,2,0,1,42.84
2026-08-12,S003,DUV1207,1,0,0,3,1,0,1,42.84
2026-08-12,S004,DUV1207,0,0,0,0,3,0,0,0.0
2026-08-12,S005,DUV1207,2,3,3,3,0,0,2,85.68
2026-08-12,S006,DUV1207,0,1,1,3,1,1,0,0.0
2026-08-12,S007,DUV1207,1,1,1,2,2,0,1,42.84
2026-08-12,S008,DUV1207,0,1,0,2,1,0,1,42.84
2026-08-12,S009,DUV1207,0,0,0,1,0,0,0,0.0
2026-08-12,S010,DUV1207,0,3,3,3,1,0,0,0.0
2026-08-12,S001,DUV1208,0,4,3,3,3,0,1,122.24
2026-08-12,S002,DUV1208,1,1,0,0,3,0,2,244.48
2026-08-12,S003,DUV1208,1,3,3,1,3,0,1,122.24
2026-08-12,S004,DUV1208,0,7,4,0,3,0,3,366.72
2026-08-12,S005,DUV1208,0,0,0,3,1,0,0,0.0
2026-08-12,S006,DUV1208,0,10,6,3,2,0,4,488.96
2026-08-12,S007,DUV1208,2,6,6,1,0,0,2,244.48
2026-08-12,S008,DUV1208,1,3,3,1,1,0,1,122.24
2026-08-12,S009,DUV1208,0,0,0,1,2,0,0,0.0
2026-08-12,S010,DUV1208,0,0,0,3,2,0,0,0.0
2026-08-12,S001,DUV1209,1,2,2,2,2,0,1,132.7
2026-08-12,S002,DUV1209,0,0,0,3,2,0,0,0.0
2026-08-12,S003,DUV1209,0,0,0,1,3,0,0,0.0
2026-08-12,S004,DUV1209,1,0,0,0,3,0,1,132.7
2026-08-12,S005,DUV1209,2,4,4,1,3,0,2,265.4
2026-08-12,S006,DUV1209,0,1,0,1,1,0,1,132.7
2026-08-12,S007,DUV1209,1,0,0,1,3,0,1,132.7
2026-08-12,S008,DUV1209,0,1,1,0,3,1,0,0.0
2026-08-12,S009,DUV1209,1,1,1,0,2,0,1,132.7
2026-08-12,S010,DUV1209,0,0,0,0,0,0,0,0.0
2026-08-12,S001,DUV1210,1,3,3,1,1,0,1,42.34
2026-08-12,S002,DUV1210,0,0,0,0,0,0,0,0.0
2026-08-12,S003,DUV1210,0,0,0,2,1,0,0,0.0
2026-08-12,S004,DUV1210,0,0,0,3,3,0,0,0.0
2026-08-12,S005,DUV1210,0,2,2,1,2,0,0,0.0
2026-08-12,S006,DUV1210,0,0,0,3,2,0,0,0.0
2026-08-12,S007,DUV1210,0,3,2,0,3,0,1,42.34
2026-08-12,S008,DUV1210,0,1,0,3,1,0,1,42.34
2026-08-12,S009,DUV1210,0,2,1,1,2,0,1,42.34
2026-08-12,S010,DUV1210,0,1,0,0,2,0,1,42.34
2026-08-12,S001,DUV1211,0,0,0,3,0,0,0,0.0
2026-08-12,S002,DUV1211,0,0,0,0,0,0,0,0.0
2026-08-12,S003,DUV1211,0,0,0,2,1,0,0,0.0
2026-08-12,S004,DUV1211,1,0,0,2,1,0,1,125.65
2026-08-12,S005,DUV1211,1,0,0,2,1,0,1,125.65
2026-08-12,S006,DUV1211,1,1,1,1,3,0,1,125.65
2026-08-12,S007,DUV1211,1,1,2,0,0,0,0,0.0
2026-08-12,S008,DUV1211,1,0,1,2,2,0,0,0.0
2026-08-12,S009,DUV1211,0,0,0,2,3,0,0,0.0
2026-08-12,S010,DUV1211,0,0,0,3,2,0,0,0.0
2026-08-12,S001,DUV1212,1,0,0,0,2,0,1,129.39
2026-08-12,S002,DUV1212,1,1,1,1,0,0,1,129.39
2026-08-12,S003,DUV1212,0,1,0,0,0,0,1,129.39
2026-08-12,S004,DUV1212,2,3,2,1,1,0,3,388.17
2026-08-12,S005,DUV1212,1,1,1,1,2,0,1,129.39
2026-08-12,S006,DUV1212,0,3,2,3,3,0,1,129.39
2026-08-12,S007,DUV1212,1,0,1,2,2,0,0,0.0
2026-08-12,S008,DUV1212,0,0,0,2,3,0,0,0.0
2026-08-12,S009,DUV1212,1,1,1,1,1,0,1,129.39
2026-08-12,S010,DUV1212,0,1,0,1,1,0,1,129.39
2026-08-12,S001,DUV1213,1,0,1,2,0,0,0,0.0
2026-08-12,S002,DUV1213,1,2,2,3,1,0,1,73.87
2026-08-12,S003,DUV1213,0,1,0,1,3,0,1,73.87
2026-08-12,S004,DUV1213,0,1,0,1,1,0,1,73.87
2026-08-12,S005,DUV1213,1,1,1,2,0,0,1,73.87
2026-08-12,S006,DUV1213,1,2,3,2,0,0,0,0.0
2026-08-12,S007,DUV1213,0,10,6,0,3,0,4,295.48
2026-08-12,S008,DUV1213,0,5,4,1,3,0,1,73.87
2026-08-12,S009,DUV1213,0,2,1,1,0,0,1,73.87
2026-08-12,S010,DUV1213,2,6,5,3,1,0,3,221.61
2026-08-12,S001,DUV1214,0,2,2,3,1,0,0,0.0
2026-08-12,S002,DUV1214,1,0,0,2,1,0,1,127.93
2026-08-12,S003,DUV1214,0,0,0,0,3,0,0,0.0
2026-08-12,S004,DUV1214,0,0,0,3,2,0,0,0.0
2026-08-12,S005,DUV1214,1,2,2,1,2,0,1,127.93
2026-08-12,S006,DUV1214,2,2,2,2,0,0,2,255.86
2026-08-12,S007,DUV1214,1,0,0,1,1,0,1,127.93
2026-08-12,S008,DUV1214,0,0,0,0,3,0,0,0.0
2026-08-12,S009,DUV1214,0,0,0,1,2,0,0,0.0
2026-08-12,S010,DUV1214,0,4,3,3,1,0,1,127.93
2026-08-12,S001,DUV1215,0,0,0,3,3,0,0,0.0
2026-08-12,S002,DUV1215,0,0,0,2,1,0,0,0.0
2026-08-12,S003,DUV1215,1,4,3,2,1,0,2,133.46
2026-08-12,S004,DUV1215,0,1,0,1,2,0,1,66.73
2026-08-12,S005,DUV1215,1,0,0,3,0,0,1,66.73
2026-08-12,S006,DUV1215,0,0,0,3,2,0,0,0.0
2026-08-12,S007,DUV1215,0,0,0,0,1,0,0,0.0
2026-08-12,S008,DUV1215,1,1,2,3,3,0,0,0.0
2026-08-12,S009,DUV1215,0,0,0,1,2,1,0,0.0
2026-08-12,S010,DUV1215,0,3,2,1,1,0,1,66.73
2026-08-12,S001,DUV1216,0,1,1,2,0,0,0,0.0
2026-08-12,S002,DUV1216,0,2,1,2,1,0,1,62.29
2026-08-12,S003,DUV1216,0,4,3,0,1,0,1,62.29
2026-08-12,S004,DUV1216,2,4,4,2,3,0,2,124.58
2026-08-12,S005,DUV1216,1,0,0,3,0,0,1,62.29
2026-08-12,S006,DUV1216,0,4,3,0,3,0,1,62.29
2026-08-12,S007,DUV1216,0,2,1,2,1,0,1,62.29
2026-08-12,S008,DUV1216,0,1,0,3,2,0,1,62.29
2026-08-12,S009,DUV1216,1,0,1,3,3,0,0,0.0
2026-08-12,S010,DUV1216,1,2,3,1,0,0,0,0.0
2026-08-12,S001,DUV1217,0,0,0,1,3,0,0,0.0
2026-08-12,S002,DUV1217,0,0,0,0,0,0,0,0.0
2026-08-12,S003,DUV1217,1,0,1,2,0,0,0,0.0
2026-08-12,S004,DUV1217,1,1,2,2,3,0,0,0.0
2026-08-12,S005,DUV1217,2,13,10,1,1,0,5,218.5
2026-08-12,S006,DUV1217,0,1,0,2,0,0,1,43.7
2026-08-12,S007,DUV1217,1,0,0,1,1,0,1,43.7
2026-08-12,S008,DUV1217,0,1,0,1,2,0,1,43.7
2026-08-12,S009,DUV1217,1,3,2,3,0,0,2,87.4
2026-08-12,S010,DUV1217,0,0,0,0,0,0,0,0.0
2026-08-12,S001,DUV1218,1,0,1,3,3,0,0,0.0
2026-08-12,S002,DUV1218,0,1,1,3,3,0,0,0.0
2026-08-12,S003,DUV1218,1,0,0,2,2,0,1,137.74
2026-08-12,S004,DUV1218,0,0,0,3,0,0,0,0.0
2026-08-12,S005,DUV1218,1,1,2,2,1,0,0,0.0
2026-08-12,S006,DUV1218,0,0,0,2,3,0,0,0.0
2026-08-12,S007,DUV1218,2,5,5,3,0,0,2,275.48
2026-08-12,S008,DUV1218,0,2,1,3,1,0,1,137.74
2026-08-12,S009,DUV1218,1,2,2,2,3,0,1,137.74
2026-08-12,S010,DUV1218,0,0,0,3,1,0,0,0.0
2026-08-12,S001,DUV1219,1,0,1,2,0,0,0,0.0
2026-08-12,S002,DUV1219,2,4,4,0,0,0,2,167.86
2026-08-12,S003,DUV1219,0,1,0,2,0,0,1,83.93
2026-08-12,S004,DUV1219,0,0,0,3,2,0,0,0.0
2026-08-12,S005,DUV1219,0,0,0,3,2,0,0,0.0
2026-08-12,S006,DUV1219,0,0,0,2,2,0,0,0.0
2026-08-12,S007,DUV1219,0,3,2,0,0,0,1,83.93
2026-08-12,S008,DUV1219,1,3,3,2,2,0,1,83.93
2026-08-12,S009,DUV1219,1,2,2,2,2,0,1,83.93
2026-08-12,S010,DUV1219,1,0,0,2,3,0,1,83.93
2026-08-12,S001,DUV1220,0,0,0,1,0,0,0,0.0
2026-08-12,S002,DUV1220,1,0,1,0,1,0,0,0.0
2026-08-12,S003,DUV1220,0,0,0,1,1,0,0,0.0
2026-08-12,S004,DUV1220,0,0,0,3,1,0,0,0.0
2026-08-12,S005,DUV1220,0,0,0,3,0,0,0,0.0
2026-08-12,S006,DUV1220,0,0,0,1,2,0,0,0.0
2026-08-12,S007,DUV1220,0,0,0,2,3,0,0,0.0
2026-08-12,S008,DUV1220,0,0,0,3,0,0,0,0.0
2026-08-12,S009,DUV1220,0,0,0,0,0,0,0,0.0
2026-08-12,S010,DUV1220,0,0,0,1,2,0,0,0.0
2026-08-12,S001,DUV1221,0,0,0,2,1,0,0,0.0
2026-08-12,S002,DUV1221,0,2,2,3,0,0,0,0.0
2026-08-12,S003,DUV1221,0,0,0,1,1,0,0,0.0
2026-08-12,S004,DUV1221,1,1,1,2,2,0,1,52.24
2026-08-12,S005,DUV1221,0,0,0,2,2,0,0,0.0
2026-08-12,S006,DUV1221,0,1,1,3,0,0,0,0.0
2026-08-12,S007,DUV1221,1,0,0,2,3,0,1,52.24
2026-08-12,S008,DUV1221,0,2,2,2,2,0,0,0.0
2026-08-12,S009,DUV1221,2,4,4,0,2,0,2,104.48
2026-08-12,S010,DUV1221,0,2,1,1,2,0,1,52.24
2026-08-12,S001,DUV1222,0,0,0,0,3,0,0,0.0
2026-08-12,S002,DUV1222,0,1,0,2,1,0,1,93.59
2026-08-12,S003,DUV1222,0,0,0,0,0,0,0,0.0
2026-08-12,S004,DUV1222,0,0,0,3,3,0,0,0.0
2026-08-12,S005,DUV1222,0,0,0,0,3,0,0,0.0
2026-08-12,S006,DUV1222,0,0,0,0,3,0,0,0.0
2026-08-12,S007,DUV1222,0,0,0,0,2,0,0,0.0
2026-08-12,S008,DUV1222,1,1,2,2,0,0,0,0.0
2026-08-12,S009,DUV1222,1,0,0,3,3,0,1,93.59
2026-08-12,S010,DUV1222,0,4,2,3,0,1,2,187.18
2026-08-12,S001,DUV1223,0,4,3,3,3,0,1,97.85
2026-08-12,S002,DUV1223,0,0,0,0,1,0,0,0.0
2026-08-12,S003,DUV1223,0,0,0,2,2,0,0,0.0
2026-08-12,S004,DUV1223,0,0,0,1,0,0,0,0.0
2026-08-12,S005,DUV1223,0,0,0,3,2,0,0,0.0
2026-08-12,S006,DUV1223,0,0,0,3,1,0,0,0.0
2026-08-12,S007,DUV1223,1,0,0,0,2,0,1,97.85
2026-08-12,S008,DUV1223,0,2,1,1,2,0,1,97.85
2026-08-12,S009,DUV1223,0,0,0,0,2,0,0,0.0
2026-08-12,S010,DUV1223,1,0,1,0,3,0,0,0.0
2026-08-12,S001,DUV1224,0,1,1,2,1,0,0,0.0
2026-08-12,S002,DUV1224,0,4,3,2,0,0,1,82.4
2026-08-12,S003,DUV1224,1,0,1,0,2,0,0,0.0
2026-08-12,S004,DUV1224,1,0,0,3,1,0,1,82.4
2026-08-12,S005,DUV1224,0,1,0,1,1,0,1,82.4
2026-08-12,S006,DUV1224,2,17,14,2,1,0,5,412.0
2026-08-12,S007,DUV1224,0,1,1,0,2,0,0,0.0
2026-08-12,S008,DUV1224,0,5,3,0,2,0,2,164.8
2026-08-12,S009,DUV1224,1,1,1,0,3,0,1,82.4
2026-08-12,S010,DUV1224,1,0,1,1,1,0,0,0.0
2026-08-12,S001,DUV1225,0,1,0,1,1,0,1,138.75
2026-08-12,S002,DUV1225,0,5,4,2,0,0,1,138.75
2026-08-12,S003,DUV1225,1,0,1,3,1,0,0,0.0
2026-08-12,S004,DUV1225,0,1,0,0,1,0,1,138.75
2026-08-12,S005,DUV1225,0,0,0,2,2,0,0,0.0
2026-08-12,S006,DUV1225,0,0,0,2,1,0,0,0.0
2026-08-12,S007,DUV1225,0,3,2,2,0,0,1,138.75
2026-08-12,S008,DUV1225,0,0,0,0,2,0,0,0.0
2026-08-12,S009,DUV1225,0,1,0,3,1,0,1,138.75
2026-08-12,S010,DUV1225,0,0,0,0,1,0,0,0.0
2026-08-12,S001,DUV1226,0,0,0,0,3,0,0,0.0
2026-08-12,S002,DUV1226,1,0,0,2,0,0,1,136.1
2026-08-12,S003,DUV1226,2,2,2,1,0,0,2,272.2
2026-08-12,S004,DUV1226,0,0,0,2,1,0,0,0.0
2026-08-12,S005,DUV1226,0,1,0,1,2,0,1,136.1
2026-08-12,S006,DUV1226,2,0,0,1,1,0,2,272.2
2026-08-12,S007,DUV1226,1,0,1,3,0,0,0,0.0
2026-08-12,S008,DUV1226,2,1,1,1,1,0,2,272.2
2026-08-12,S009,DUV1226,2,2,2,3,3,0,2,272.2
2026-08-12,S010,DUV1226,0,1,1,1,3,0,0,0.0
2026-08-12,S001,DUV1227,1,1,1,0,1,0,1,104.05
2026-08-12,S002,DUV1227,2,1,1,1,0,0,2,208.1
2026-08-12,S003,DUV1227,0,4,3,2,2,0,1,104.05
2026-08-12,S004,DUV1227,1,0,0,2,1,0,1,104.05
2026-08-12,S005,DUV1227,0,0,0,3,3,0,0,0.0
2026-08-12,S006,DUV1227,3,6,5,1,1,0,4,416.2
2026-08-12,S007,DUV1227,0,3,2,3,0,0,1,104.05
2026-08-12,S008,DUV1227,1,10,7,1,1,0,4,416.2
2026-08-12,S009,DUV1227,1,3,3,1,1,0,1,104.05
2026-08-12,S010,DUV1227,1,0,0,0,3,0,1,104.05
2026-08-12,S001,DUV1228,0,0,0,1,0,0,0,0.0
2026-08-12,S002,DUV1228,0,9,7,1,3,0,2,104.9
2026-08-12,S003,DUV1228,0,0,0,2,0,0,0,0.0
2026-08-12,S004,DUV1228,0,0,0,1,3,0,0,0.0
2026-08-12,S005,DUV1228,1,2,3,0,3,0,0,0.0
2026-08-12,S006,DUV1228,1,3,3,1,1,0,1,52.45
2026-08-12,S007,DUV1228,1,0,0,1,3,0,1,52.45
2026-08-12,S008,DUV1228,0,1,0,1,1,0,1,52.45
2026-08-12,S009,DUV1228,0,1,1,0,0,0,0,0.0
2026-08-12,S010,DUV1228,0,0,0,2,3,0,0,0.0
2026-08-12,S001,DUV1229,1,1,0,3,1,0,2,118.9
2026-08-12,S002,DUV1229,0,0,0,2,1,0,0,0.0
2026-08-12,S003,DUV1229,0,1,1,0,1,0,0,0.0
2026-08-12,S004,DUV1229,1,0,1,1,1,0,0,0.0
2026-08-12,S005,DUV1229,1,0,1,0,2,0,0,0.0
2026-08-12,S006,DUV1229,1,0,0,2,1,0,1,59.45
2026-08-12,S007,DUV1229,0,2,1,1,1,0,1,59.45
2026-08-12,S008,DUV1229,0,1,0,1,3,0,1,59.45
2026-08-12,S009,DUV1229,1,0,1,0,1,0,0,0.0
2026-08-12,S010,DUV1229,1,3,3,2,3,0,1,59.45
2026-08-12,S001,DUV1230,0,0,0,3,0,0,0,0.0
2026-08-12,S002,DUV1230,0,2,1,1,3,0,1,66.88
2026-08-12,S003,DUV1230,0,1,0,3,3,0,1,66.88
2026-08-12,S004,DUV1230,0,0,0,0,3,0,0,0.0
2026-08-12,S005,DUV1230,0,0,0,1,0,0,0,0.0
2026-08-12,S006,DUV1230,0,5,3,0,2,0,2,133.76
2026-08-12,S007,DUV1230,0,1,1,0,0,0,0,0.0
2026-08-12,S008,DUV1230,1,2,2,3,2,0,1,66.88
2026-08-12,S009,DUV1230,0,1,0,1,3,0,1,66.88
2026-08-12,S010,DUV1230,0,0,0,1,3,0,0,0.0
2026-08-12,S001,SHT1231,0,13,10,2,1,0,3,110.49
2026-08-12,S002,SHT1231,0,7,4,1,2,0,3,110.49
2026-08-12,S003,SHT1231,0,0,0,1,1,0,0,0.0
2026-08-12,S004,SHT1231,0,0,0,0,0,0,0,0.0
2026-08-12,S005,SHT1231,0,5,4,2,0,1,1,36.83
2026-08-12,S006,SHT1231,1,1,1,2,2,0,1,36.83
2026-08-12,S007,SHT1231,2,10,10,2,0,0,2,73.66
2026-08-12,S008,SHT1231,1,0,0,3,1,0,1,36.83
2026-08-12,S009,SHT1231,0,1,0,2,0,0,1,36.83
2026-08-12,S010,SHT1231,0,0,0,2,3,0,0,0.0
2026-08-12,S001,SHT1232,0,2,1,1,1,0,1,33.46
2026-08-12,S002,SHT1232,1,0,0,0,0,0,1,33.46
2026-08-12,S003,SHT1232,1,2,2,1,2,0,1,33.46
2026-08-12,S004,SHT1232,1,2,2,3,2,0,1,33.46
2026-08-12,S005,SHT1232,0,8,5,2,1,0,3,100.38
2026-08-12,S006,SHT1232,1,1,2,0,1,0,0,0.0
2026-08-12,S007,SHT1232,0,1,0,2,1,0,1,33.46
2026-08-12,S008,SHT1232,0,4,3,1,1,0,1,33.46
2026-08-12,S009,SHT1232,0,3,2,0,2,0,1,33.46
2026-08-12,S010,SHT1232,1,8,6,2,1,0,3,100.38
2026-08-12,S001,SHT1233,0,0,0,1,2,0,0,0.0
2026-08-12,S002,SHT1233,1,0,1,2,2,0,0,0.0
2026-08-12,S003,SHT1233,0,0,0,3,0,0,0,0.0
2026-08-12,S004,SHT1233,0,0,0,0,0,0,0,0.0
2026-08-12,S005,SHT1233,0,6,4,1,2,0,2,79.32
2026-08-12,S006,SHT1233,2,5,4,0,3,0,3,118.98
2026-08-12,S007,SHT1233,0,1,0,3,3,0,1,39.66
2026-08-12,S008,SHT1233,1,6,5,1,3,0,2,79.32
2026-08-12,S009,SHT1233,0,2,2,2,3,0,0,0.0
2026-08-12,S010,SHT1233,0,2,2,2,2,0,0,0.0
2026-08-12,S001,SHT1234,1,0,0,1,3,0,1,96.47
2026-08-12,S002,SHT1234,0,5,3,3,2,0,2,192.94
2026-08-12,S003,SHT1234,1,0,0,0,3,0,1,96.47
2026-08-12,S004,SHT1234,0,1,0,0,1,0,1,96.47
2026-08-12,S005,SHT1234,0,0,0,2,3,1,0,0.0
2026-08-12,S006,SHT1234,1,3,2,1,2,0,2,192.94
2026-08-12,S007,SHT1234,0,1,0,2,2,0,1,96.47
2026-08-12,S008,SHT1234,1,10,8,0,3,0,3,289.41
2026-08-12,S009,SHT1234,2,7,6,2,2,0,3,289.41
2026-08-12,S010,SHT1234,0,0,0,0,1,0,0,0.0
2026-08-12,S001,SHT1235,0,0,0,3,0,0,0,0.0
2026-08-12,S002,SHT1235,0,2,1,0,0,0,1,34.39
2026-08-12,S003,SHT1235,0,15,10,0,2,0,5,171.95
2026-08-12,S004,SHT1235,1,0,1,3,3,0,0,0.0
2026-08-12,S005,SHT1235,1,2,1,2,2,0,2,68.78
2026-08-12,S006,SHT1235,0,4,2,2,1,0,2,68.78
2026-08-12,S007,SHT1235,0,1,1,1,3,0,0,0.0
2026-08-12,S008,SHT1235,0,5,3,1,0,0,2,68.78
2026-08-12,S009,SHT1235,1,3,4,3,1,0,0,0.0
2026-08-12,S010,SHT1235,1,8,8,2,2,0,1,34.39
2026-08-12,S001,SHT1236,0,0,0,0,0,0,0,0.0
2026-08-12,S002,SHT1236,1,2,2,3,0,0,1,84.36
2026-08-12,S003,SHT1236,0,0,0,3,0,0,0,0.0
2026-08-12,S004,SHT1236,1,1,1,3,0,0,1,84.36
2026-08-12,S005,SHT1236,0,2,1,3,3,0,1,84.36
2026-08-12,S006,SHT1236,0,1,0,0,1,0,1,84.36
2026-08-12,S007,SHT1236,0,1,0,1,1,0,1,84.36
2026-08-12,S008,SHT1236,1,2,3,0,2,0,0,0.0
2026-08-12,S009,SHT1236,0,0,0,2,0,0,0,0.0
2026-08-12,S010,SHT1236,1,1,2,3,0,0,0,0.0
2026-08-12,S001,SHT1237,0,1,1,1,1,0,0,0.0
2026-08-12,S002,SHT1237,0,0,0,2,1,0,0,0.0
2026-08-12,S003,SHT1237,1,0,0,0,3,0,1,78.05
2026-08-12,S004,SHT1237,0,0,0,1,2,0,0,0.0
2026-08-12,S005,SHT1237,0,0,0,2,1,0,0,0.0
2026-08-12,S006,SHT1237,0,2,0,3,1,0,2,156.1
2026-08-12,S007,SHT1237,1,1,2,3,3,0,0,0.0
2026-08-12,S008,SHT1237,0,0,0,3,1,0,0,0.0
2026-08-12,S009,SHT1237,0,0,0,2,2,0,0,0.0
2026-08-12,S010,SHT1237,0,0,0,1,0,1,0,0.0
2026-08-12,S001,SHT1238,1,0,1,1,0,0,0,0.0
2026-08-12,S002,SHT1238,2,4,4,1,3,0,2,84.64
2026-08-12,S003,SHT1238,0,0,0,1,2,0,0,0.0
2026-08-12,S004,SHT1238,0,2,1,2,3,0,1,42.32
2026-08-12,S005,SHT1238,1,0,1,2,1,0,0,0.0
2026-08-12,S006,SHT1238,0,4,2,0,3,0,2,84.64
2026-08-12,S007,SHT1238,1,2,1,0,1,0,2,84.64
2026-08-12,S008,SHT1238,1,12,10,1,2,0,3,126.96
2026-08-12,S009,SHT1238,0,1,0,3,2,0,1,42.32
2026-08-12,S010,SHT1238,0,2,2,2,1,0,0,0.0
2026-08-12,S001,SHT1239,1,0,0,2,2,0,1,30.36
2026-08-12,S002,SHT1239,0,3,2,2,2,0,1,30.36
2026-08-12,S003,SHT1239,0,3,2,0,1,0,1,30.36
2026-08-12,S004,SHT1239,0,0,0,1,1,0,0,0.0
2026-08-12,S005,SHT1239,0,0,0,0,0,0,0,0.0
2026-08-12,S006,SHT1239,0,0,0,0,0,0,0,0.0
2026-08-12,S007,SHT1239,1,1,2,2,2,0,0,0.0
2026-08-12,S008,SHT1239,1,5,4,3,2,0,2,60.72
2026-08-12,S009,SHT1239,0,1,1,0,1,0,0,0.0
2026-08-12,S010,SHT1239,0,5,2,1,2,0,3,91.08
2026-08-12,S001,SHT1240,0,0,0,1,2,0,0,0.0
2026-08-12,S002,SHT1240,0,0,0,2,0,0,0,0.0
2026-08-12,S003,SHT1240,0,1,1,2,1,0,0,0.0
2026-08-12,S004,SHT1240,0,2,2,2,2,0,0,0.0
2026-08-12,S005,SHT1240,0,1,0,2,1,0,1,35.71
2026-08-12,S006,SHT1240,1,4,3,2,2,0,2,71.42
2026-08-12,S007,SHT1240,0,1,0,0,3,0,1,35.71
2026-08-12,S008,SHT1240,1,0,0,3,3,0,1,35.71
2026-08-12,S009,SHT1240,0,1,1,2,3,0,0,0.0
2026-08-12,S010,SHT1240,0,1,0,0,3,0,1,35.71
2026-08-12,S001,SHT1241,0,0,0,2,2,0,0,0.0
2026-08-12,S002,SHT1241,1,1,2,0,3,0,0,0.0
2026-08-12,S003,SHT1241,0,0,0,2,3,0,0,0.0
2026-08-12,S004,SHT1241,0,0,0,3,2,0,0,0.0
2026-08-12,S005,SHT1241,0,1,1,2,2,0,0,0.0
2026-08-12,S006,SHT1241,0,4,3,0,1,0,1,62.35
2026-08-12,S007,SHT1241,0,0,0,3,1,0,0,0.0
2026-08-12,S008,SHT1241,0,1,0,0,3,0,1,62.35
2026-08-12,S009,SHT1241,0,0,0,0,1,0,0,0.0
2026-08-12,S010,SHT1241,1,3,3,3,2,0,1,62.35
2026-08-12,S001,SHT1242,0,0,0,2,3,0,0,0.0
2026-08-12,S002,SHT1242,0,3,2,2,3,0,1,44.26
2026-08-12,S003,SHT1242,0,0,0,0,3,0,0,0.0
2026-08-12,S004,SHT1242,0,0,0,1,0,0,0,0.0
2026-08-12,S005,SHT1242,0,2,1,0,1,0,1,44.26
2026-08-12,S006,SHT1242,0,4,3,3,0,0,1,44.26
2026-08-12,S007,SHT1242,1,1,1,0,1,0,1,44.26
2026-08-12,S008,SHT1242,2,3,3,1,1,0,2,88.52
2026-08-12,S009,SHT1242,0,0,0,1,0,0,0,0.0
2026-08-12,S010,SHT1242,0,0,0,1,2,0,0,0.0
2026-08-12,S001,SHT1243,0,0,0,0,0,0,0,0.0
2026-08-12,S002,SHT1243,0,2,2,2,0,0,0,0.0
2026-08-12,S003,SHT1243,0,0,0,3,1,0,0,0.0
2026-08-12,S004,SHT1243,0,0,0,2,2,0,0,0.0
2026-08-12,S005,SHT1243,2,4,4,3,2,0,2,114.48
2026-08-12,S006,SHT1243,1,0,0,0,3,0,1,57.24
2026-08-12,S007,SHT1243,0,1,1,1,1,0,0,0.0
2026-08-12,S008,SHT1243,1,1,1,0,2,0,1,57.24
2026-08-12,S009,SHT1243,1,3,3,1,0,0,1,57.24
2026-08-12,S010,SHT1243,0,1,0,1,1,0,1,57.24
2026-08-12,S001,SHT1244,0,0,0,0,3,0,0,0.0
2026-08-12,S002,SHT1244,0,2,1,3,0,0,1,55.3
2026-08-12,S003,SHT1244,0,0,0,0,3,0,0,0.0
2026-08-12,S004,SHT1244,1,0,0,1,0,0,1,55.3
2026-08-12,S005,SHT1244,0,2,1,3,1,0,1,55.3
2026-08-12,S006,SHT1244,2,0,0,1,1,0,2,110.6
2026-08-12,S007,SHT1244,1,3,2,3,0,0,2,110.6
2026-08-12,S008,SHT1244,2,4,4,2,3,1,2,110.6
2026-08-12,S009,SHT1244,1,0,0,3,1,0,1,55.3
2026-08-12,S010,SHT1244,1,1,1,1,3,0,1,55.3
2026-08-12,S001,SHT1245,0,0,0,2,2,0,0,0.0
2026-08-12,S002,SHT1245,0,0,0,1,2,0,0,0.0
2026-08-12,S003,SHT1245,0,0,0,0,0,0,0,0.0
2026-08-12,S004,SHT1245,0,0,0,1,0,1,0,0.0
2026-08-12,S005,SHT1245,0,0,0,1,2,0,0,0.0
2026-08-12,S006,SHT1245,1,0,0,3,2,0,1,31.67
2026-08-12,S007,SHT1245,1,0,1,0,3,0,0,0.0
2026-08-12,S008,SHT1245,0,2,0,1,1,0,2,63.34
2026-08-12,S009,SHT1245,0,0,0,0,1,0,0,0.0
2026-08-12,S010,SHT1245,0,2,2,1,2,0,0,0.0
2026-08-12,S001,SHT1246,1,6,4,3,0,0,3,66.27
2026-08-12,S002,SHT1246,0,4,3,1,2,0,1,22.09
2026-08-12,S003,SHT1246,1,0,1,1,2,0,0,0.0
2026-08-12,S004,SHT1246,0,1,1,3,2,0,0,0.0
2026-08-12,S005,SHT1246,1,1,1,3,0,0,1,22.09
2026-08-12,S006,SHT1246,1,2,1,3,2,0,2,44.18
2026-08-12,S007,SHT1246,0,6,4,3,3,0,2,44.18
2026-08-12,S008,SHT1246,0,1,1,3,1,0,0,0.0
2026-08-12,S009,SHT1246,0,0,0,3,1,1,0,0.0
2026-08-12,S010,SHT1246,2,3,3,2,0,0,2,44.18
2026-08-12,S001,SHT1247,0,3,3,2,3,0,0,0.0
2026-08-12,S002,SHT1247,0,0,0,2,2,0,0,0.0
2026-08-12,S003,SHT1247,1,0,0,0,1,0,1,28.43
2026-08-12,S004,SHT1247,1,0,1,3,2,0,0,0.0
2026-08-12,S005,SHT1247,1,5,4,3,1,0,2,56.86
2026-08-12,S006,SHT1247,0,0,0,2,0,0,0,0.0
2026-08-12,S007,SHT1247,0,0,0,1,3,0,0,0.0
2026-08-12,S008,SHT1247,1,0,1,1,1,0,0,0.0
2026-08-12,S009,SHT1247,0,1,0,1,3,0,1,28.43
2026-08-12,S010,SHT1247,0,0,0,2,1,0,0,0.0
2026-08-12,S001,SHT1248,0,0,0,1,2,0,0,0.0
2026-08-12,S002,SHT1248,1,2,0,1,3,0,3,109.08
2026-08-12,S003,SHT1248,1,1,2,2,3,0,0,0.0
2026-08-12,S004,SHT1248,0,5,4,1,0,0,1,36.36
2026-08-12,S005,SHT1248,0,2,2,0,3,0,0,0.0
2026-08-12,S006,SHT1248,0,0,0,1,2,0,0,0.0
2026-08-12,S007,SHT1248,0,2,2,0,0,0,0,0.0
2026-08-12,S008,SHT1248,0,0,0,3,3,0,0,0.0
2026-08-12,S009,SHT1248,0,0,0,0,1,0,0,0.0
2026-08-12,S010,SHT1248,0,3,2,1,0,0,1,36.36
2026-08-12,S001,SHT1249,0,2,1,2,0,0,1,75.05
2026-08-12,S002,SHT1249,1,0,1,1,0,0,0,0.0
2026-08-12,S003,SHT1249,0,0,0,3,1,0,0,0.0
2026-08-12,S004,SHT1249,0,0,0,1,0,0,0,0.0
2026-08-12,S005,SHT1249,0,3,2,3,1,0,1,75.05
2026-08-12,S006,SHT1249,0,3,1,1,1,0,2,150.1
2026-08-12,S007,SHT1249,2,6,6,2,1,0,2,150.1
2026-08-12,S008,SHT1249,0,6,4,0,0,0,2,150.1
2026-08-12,S009,SHT1249,1,0,0,1,2,0,1,75.05
2026-08-12,S010,SHT1249,0,0,0,1,2,1,0,0.0
2026-08-12,S001,SHT1250,0,0,0,2,0,0,0,0.0
2026-08-12,S002,SHT1250,2,3,3,0,0,0,2,211.5
2026-08-12,S003,SHT1250,0,1,0,2,1,0,1,105.75
2026-08-12,S004,SHT1250,1,4,4,3,3,0,1,105.75
2026-08-12,S005,SHT1250,0,1,0,0,2,0,1,105.75
2026-08-12,S006,SHT1250,1,0,0,2,1,1,1,105.75
2026-08-12,S007,SHT1250,0,0,0,1,0,0,0,0.0
2026-08-12,S008,SHT1250,0,0,0,1,2,0,0,0.0
2026-08-12,S009,SHT1250,0,0,0,3,0,0,0,0.0
2026-08-12,S010,SHT1250,1,5,5,3,1,0,1,105.75
2026-08-12,S001,SHT1251,0,5,4,0,2,0,1,60.39
2026-08-12,S002,SHT1251,1,4,4,0,2,0,1,60.39
2026-08-12,S003,SHT1251,0,0,0,0,3,0,0,0.0
2026-08-12,S004,SHT1251,1,1,2,3,0,0,0,0.0
2026-08-12,S005,SHT1251,0,1,1,0,0,0,0,0.0
2026-08-12,S006,SHT1251,0,3,3,1,2,0,0,0.0
2026-08-12,S007,SHT1251,0,0,0,3,1,0,0,0.0
2026-08-12,S008,SHT1251,0,0,0,3,0,0,0,0.0
2026-08-12,S009,SHT1251,0,0,0,3,2,0,0,0.0
2026-08-12,S010,SHT1251,0,1,0,2,3,0,1,60.39
2026-08-12,S001,SHT1252,1,0,0,1,1,0,1,75.69
2026-08-12,S002,SHT1252,0,8,6,3,3,0,2,151.38
2026-08-12,S003,SHT1252,1,0,0,2,0,0,1,75.69
2026-08-12,S004,SHT1252,0,0,0,2,0,0,0,0.0
2026-08-12,S005,SHT1252,0,1,0,0,2,0,1,75.69
2026-08-12,S006,SHT1252,1,0,1,3,1,0,0,0.0
2026-08-12,S007,SHT1252,0,0,0,0,2,0,0,0.0
2026-08-12,S008,SHT1252,1,6,5,1,2,0,2,151.38
2026-08-12,S009,SHT1252,0,0,0,1,2,0,0,0.0
2026-08-12,S010,SHT1252,1,1,1,0,1,0,1,75.69
2026-08-12,S001,SHT1253,0,0,0,2,1,0,0,0.0
2026-08-12,S002,SHT1253,0,3,2,2,3,0,1,76.32
2026-08-12,S003,SHT1253,0,5,3,1,2,0,2,152.64
2026-08-12,S004,SHT1253,0,0,0,2,3,0,0,0.0
2026-08-12,S005,SHT1253,0,3,3,2,0,0,0,0.0
2026-08-12,S006,SHT1253,0,13,8,1,3,0,5,381.6
2026-08-12,S007,SHT1253,1,3,3,0,3,0,1,76.32
2026-08-12,S008,SHT1253,1,8,6,0,0,0,3,228.96
2026-08-12,S009,SHT1253,0,1,1,0,0,0,0,0.0
2026-08-12,S010,SHT1253,0,6,4,0,2,0,2,152.64
2026-08-12,S001,SHT1254,0,0,0,0,0,0,0,0.0
2026-08-12,S002,SHT1254,0,0,0,0,2,0,0,0.0
2026-08-12,S003,SHT1254,0,0,0,2,3,0,0,0.0
2026-08-12,S004,SHT1254,0,0,0,1,1,0,0,0.0
2026-08-12,S005,SHT1254,0,3,2,3,2,0,1,54.61
2026-08-12,S006,SHT1254,1,1,1,1,3,0,1,54.61
2026-08-12,S007,SHT1254,1,3,3,3,1,0,1,54.61
2026-08-12,S008,SHT1254,1,9,8,0,2,0,2,109.22
2026-08-12,S009,SHT1254,0,1,0,3,1,0,1,54.61
2026-08-12,S010,SHT1254,0,0,0,3,1,0,0,0.0
2026-08-12,S001,SHT1255,1,1,1,3,2,0,1,60.63
2026-08-12,S002,SHT1255,0,3,2,2,3,0,1,60.63
2026-08-12,S003,SHT1255,2,3,3,2,2,0,2,121.26
2026-08-12,S004,SHT1255,0,0,0,2,3,0,0,0.0
2026-08-12,S005,SHT1255,0,0,0,3,3,1,0,0.0
2026-08-12,S006,SHT1255,1,2,2,0,1,0,1,60.63
2026-08-12,S007,SHT1255,0,6,4,2,0,0,2,121.26
2026-08-12,S008,SHT1255,1,0,1,3,3,0,0,0.0
2026-08-12,S009,SHT1255,0,0,0,3,1,0,0,0.0
2026-08-12,S010,SHT1255,2,1,1,3,3,0,2,121.26
2026-08-12,S001,SHT1256,0,1,0,2,3,0,1,45.16
2026-08-12,S002,SHT1256,0,1,1,2,2,0,0,0.0
2026-08-12,S003,SHT1256,1,3,2,3,0,0,2,90.32
2026-08-12,S004,SHT1256,0,1,1,1,1,0,0,0.0
2026-08-12,S005,SHT1256,0,0,0,2,0,0,0,0.0
2026-08-12,S006,SHT1256,1,2,2,0,1,0,1,45.16
2026-08-12,S007,SHT1256,1,0,0,1,3,0,1,45.16
2026-08-12,S008,SHT1256,0,0,0,3,0,0,0,0.0
2026-08-12,S009,SHT1256,0,0,0,2,0,0,0,0.0
2026-08-12,S010,SHT1256,1,4,4,2,0,0,1,45.16
2026-08-12,S001,SHT1257,0,0,0,0,2,0,0,0.0
2026-08-12,S002,SHT1257,1,6,5,1,2,0,2,166.28
2026-08-12,S003,SHT1257,0,0,0,2,2,0,0,0.0
2026-08-12,S004,SHT1257,2,0,0,3,2,0,2,166.28
2026-08-12,S005,SHT1257,0,1,0,3,1,0,1,83.14
2026-08-12,S006,SHT1257,0,6,4,1,3,0,2,166.28
2026-08-12,S007,SHT1257,0,0,0,2,2,0,0,0.0
2026-08-12,S008,SHT1257,1,9,6,2,0,0,4,332.56
2026-08-12,S009,SHT1257,0,0,0,2,3,0,0,0.0
2026-08-12,S010,SHT1257,0,0,0,0,2,0,0,0.0
2026-08-12,S001,SHT1258,1,4,4,3,1,0,1,76.41
2026-08-12,S002,SHT1258,1,1,1,1,0,0,1,76.41
2026-08-12,S003,SHT1258,0,1,1,1,1,0,0,0.0
2026-08-12,S004,SHT1258,0,0,0,2,3,0,0,0.0
2026-08-12,S005,SHT1258,1,1,1,1,0,0,1,76.41
2026-08-12,S006,SHT1258,0,0,0,2,2,0,0,0.0
2026-08-12,S007,SHT1258,0,1,0,2,2,0,1,76.41
2026-08-12,S008,SHT1258,1,0,0,1,1,0,1,76.41
2026-08-12,S009,SHT1258,0,14,10,3,0,0,4,305.64
2026-08-12,S010,SHT1258,1,4,4,2,3,1,1,76.41
2026-08-12,S001,SHT1259,0,0,0,3,0,0,0,0.0
2026-08-12,S002,SHT1259,0,3,2,1,0,0,1,23.49
2026-08-12,S003,SHT1259,1,0,0,3,0,0,1,23.49
2026-08-12,S004,SHT1259,1,1,2,2,3,0,0,0.0
2026-08-12,S005,SHT1259,1,6,5,3,2,0,2,46.98
2026-08-12,S006,SHT1259,1,7,7,2,1,0,1,23.49
2026-08-12,S007,SHT1259,0,1,1,1,0,0,0,0.0
2026-08-12,S008,SHT1259,1,4,4,3,1,0,1,23.49
2026-08-12,S009,SHT1259,0,2,0,2,1,0,2,46.98
2026-08-12,S010,SHT1259,1,2,1,2,0,0,2,46.98
2026-08-12,S001,SHT1260,1,0,1,2,1,0,0,0.0
2026-08-12,S002,SHT1260,1,4,4,0,2,0,1,59.99
2026-08-12,S003,SHT1260,1,4,4,2,2,0,1,59.99
2026-08-12,S004,SHT1260,0,0,0,3,1,0,0,0.0
2026-08-12,S005,SHT1260,0,0,0,1,1,0,0,0.0
2026-08-12,S006,SHT1260,0,0,0,3,1,0,0,0.0
2026-08-12,S007,SHT1260,1,0,0,0,1,0,1,59.99
2026-08-12,S008,SHT1260,0,1,0,0,3,0,1,59.99
2026-08-12,S009,SHT1260,1,0,0,3,2,0,1,59.99
2026-08-12,S010,SHT1260,1,2,2,3,0,0,1,59.99
2026-08-12,S001,SHT1261,1,0,0,3,2,0,1,34.01
2026-08-12,S002,SHT1261,0,6,4,1,2,0,2,68.02
2026-08-12,S003,SHT1261,1,10,8,2,3,0,3,102.03
2026-08-12,S004,SHT1261,1,2,2,1,1,0,1,34.01
2026-08-12,S005,SHT1261,1,4,4,2,1,0,1,34.01
2026-08-12,S006,SHT1261,0,1,0,0,0,0,1,34.01
2026-08-12,S007,SHT1261,2,7,5,3,0,0,4,136.04
2026-08-12,S008,SHT1261,0,6,5,0,1,0,1,34.01
2026-08-12,S009,SHT1261,0,2,1,2,0,0,1,34.01
2026-08-12,S010,SHT1261,2,0,0,2,1,0,2,68.02
2026-08-12,S001,SHT1262,0,0,0,2,0,0,0,0.0
2026-08-12,S002,SHT1262,0,4,2,0,3,0,2,131.22
2026-08-12,S003,SHT1262,1,1,2,0,3,0,0,0.0
2026-08-12,S004,SHT1262,0,3,2,2,2,0,1,65.61
2026-08-12,S005,SHT1262,0,0,0,2,3,0,0,0.0
2026-08-12,S006,SHT1262,1,2,3,2,0,0,0,0.0
2026-08-12,S007,SHT1262,2,4,3,3,2,0,3,196.83
2026-08-12,S008,SHT1262,1,1,1,1,0,0,1,65.61
2026-08-12,S009,SHT1262,1,0,0,0,2,0,1,65.61
2026-08-12,S010,SHT1262,0,1,1,0,0,0,0,0.0
2026-08-12,S001,SHT1263,0,1,1,3,1,0,0,0.0
2026-08-12,S002,SHT1263,2,3,3,3,3,1,2,133.96
2026-08-12,S003,SHT1263,1,1,1,1,0,0,1,66.98
2026-08-12,S004,SHT1263,0,8,5,3,2,0,3,200.94
2026-08-12,S005,SHT1263,1,1,2,2,1,0,0,0.0
2026-08-12,S006,SHT1263,0,9,6,2,2,0,3,200.94
2026-08-12,S007,SHT1263,1,3,3,2,1,0,1,66.98
2026-08-12,S008,SHT1263,1,3,3,3,3,0,1,66.98
2026-08-12,S009,SHT1263,0,0,0,1,2,0,0,0.0
2026-08-12,S010,SHT1263,1,1,2,1,2,0,0,0.0
2026-08-12,S001,SHT1264,1,1,2,0,0,0,0,0.0
2026-08-12,S002,SHT1264,0,0,0,1,2,0,0,0.0
2026-08-12,S003,SHT1264,1,3,3,1,0,0,1,53.7
2026-08-12,S004,SHT1264,0,0,0,0,3,0,0,0.0
2026-08-12,S005,SHT1264,0,2,1,0,1,0,1,53.7
2026-08-12,S006,SHT1264,0,0,0,3,3,0,0,0.0
2026-08-12,S007,SHT1264,0,10,8,0,0,0,2,107.4
2026-08-12,S008,SHT1264,0,0,0,3,3,0,0,0.0
2026-08-12,S009,SHT1264,0,1,0,0,1,0,1,53.7
2026-08-12,S010,SHT1264,0,0,0,0,2,0,0,0.0
2026-08-12,S001,SHT1265,0,0,0,0,0,0,0,0.0
2026-08-12,S002,SHT1265,2,9,8,1,1,0,3,116.31
2026-08-12,S003,SHT1265,0,2,1,0,0,0,1,38.77
2026-08-12,S004,SHT1265,0,1,0,0,1,0,1,38.77
2026-08-12,S005,SHT1265,0,1,0,0,1,0,1,38.77
2026-08-12,S006,SHT1265,0,3,2,0,0,0,1,38.77
2026-08-12,S007,SHT1265,1,0,1,2,0,0,0,0.0
2026-08-12,S008,SHT1265,0,1,1,2,0,0,0,0.0
2026-08-12,S009,SHT1265,0,0,0,0,3,0,0,0.0
2026-08-12,S010,SHT1265,0,0,0,3,1,0,0,0.0
2026-08-12,S001,SHT1266,0,1,1,1,2,0,0,0.0
2026-08-12,S002,SHT1266,1,1,1,0,1,0,1,34.06
2026-08-12,S003,SHT1266,0,0,0,1,1,0,0,0.0
2026-08-12,S004,SHT1266,2,5,4,0,1,0,3,102.18
2026-08-12,S005,SHT1266,0,0,0,2,3,0,0,0.0
2026-08-12,S006,SHT1266,2,3,3,2,1,0,2,68.12
2026-08-12,S007,SHT1266,0,0,0,0,0,0,0,0.0
2026-08-12,S008,SHT1266,1,3,3,0,0,0,1,34.06
2026-08-12,S009,SHT1266,0,0,0,3,1,0,0,0.0
2026-08-12,S010,SHT1266,0,3,2,0,1,0,1,34.06
2026-08-12,S001,SHT1267,1,1,1,0,2,0,1,85.56
2026-08-12,S002,SHT1267,1,1,1,2,2,0,1,85.56
2026-08-12,S003,SHT1267,1,1,0,1,1,0,2,171.12
2026-08-12,S004,SHT1267,0,0,0,2,3,0,0,0.0
2026-08-12,S005,SHT1267,0,1,1,2,2,0,0,0.0
2026-08-12,S006,SHT1267,0,0,0,0,1,0,0,0.0
2026-08-12,S007,SHT1267,1,0,1,0,2,0,0,0.0
2026-08-12,S008,SHT1267,0,8,5,1,2,0,3,256.68
2026-08-12,S009,SHT1267,0,0,0,1,0,0,0,0.0
2026-08-12,S010,SHT1267,0,0,0,2,1,0,0,0.0
2026-08-12,S001,SHT1268,1,9,8,0,1,1,2,110.52
2026-08-12,S002,SHT1268,0,2,1,3,2,0,1,55.26
2026-08-12,S003,SHT1268,0,2,0,2,1,0,2,110.52
2026-08-12,S004,SHT1268,0,1,1,3,1,0,0,0.0
2026-08-12,S005,SHT1268,0,4,3,0,2,0,1,55.26
2026-08-12,S006,SHT1268,2,13,10,2,3,0,5,276.3
2026-08-12,S007,SHT1268,0,3,3,1,0,0,0,0.0
2026-08-12,S008,SHT1268,2,6,5,2,2,0,3,165.78
2026-08-12,S009,SHT1268,1,1,2,2,3,0,0,0.0
2026-08-12,S010,SHT1268,2,4,4,1,2,0,2,110.52
2026-08-12,S001,SHT1269,0,0,0,1,1,0,0,0.0
2026-08-12,S002,SHT1269,0,3,3,3,3,0,0,0.0
2026-08-12,S003,SHT1269,1,0,0,2,0,0,1,31.73
2026-08-12,S004,SHT1269,0,1,0,3,2,0,1,31.73
2026-08-12,S005,SHT1269,1,4,5,1,1,0,0,0.0
2026-08-12,S006,SHT1269,0,3,2,2,2,0,1,31.73
2026-08-12,S007,SHT1269,0,0,0,3,3,0,0,0.0
2026-08-12,S008,SHT1269,0,2,0,1,3,0,2,63.46
2026-08-12,S009,SHT1269,0,0,0,3,2,1,0,0.0
2026-08-12,S010,SHT1269,0,3,3,0,1,0,0,0.0
2026-08-12,S001,SHT1270,0,10,7,3,3,0,3,193.56
2026-08-12,S002,SHT1270,2,12,11,1,3,0,3,193.56
2026-08-12,S003,SHT1270,2,7,6,2,2,0,3,193.56
2026-08-12,S004,SHT1270,2,7,7,2,2,0,2,129.04
2026-08-12,S005,SHT1270,1,12,10,0,0,0,3,193.56
2026-08-12,S006,SHT1270,0,8,6,2,3,0,2,129.04
2026-08-12,S007,SHT1270,0,23,15,1,0,0,8,516.16
2026-08-12,S008,SHT1270,0,11,8,2,1,0,3,193.56
2026-08-12,S009,SHT1270,0,2,1,2,1,0,1,64.52
2026-08-12,S010,SHT1270,0,4,3,0,1,0,1,64.52
2026-08-12,S001,SHT1271,0,0,0,1,1,0,0,0.0
2026-08-12,S002,SHT1271,0,3,2,3,2,0,1,83.57
2026-08-12,S003,SHT1271,1,2,2,1,3,0,1,83.57
2026-08-12,S004,SHT1271,1,3,2,2,0,0,2,167.14
2026-08-12,S005,SHT1271,0,0,0,0,1,0,0,0.0
2026-08-12,S006,SHT1271,2,7,5,3,1,0,4,334.28
2026-08-12,S007,SHT1271,0,1,1,3,2,0,0,0.0
2026-08-12,S008,SHT1271,0,5,3,2,3,0,2,167.14
2026-08-12,S009,SHT1271,1,1,1,1,2,0,1,83.57
2026-08-12,S010,SHT1271,1,0,0,2,1,0,1,83.57
2026-08-12,S001,SHT1272,0,0,0,1,0,0,0,0.0
2026-08-12,S002,SHT1272,1,1,1,2,2,0,1,100.3
2026-08-12,S003,SHT1272,0,9,6,3,0,0,3,300.9
2026-08-12,S004,SHT1272,1,0,1,3,0,0,0,0.0
2026-08-12,S005,SHT1272,0,3,2,1,1,0,1,100.3
2026-08-12,S006,SHT1272,2,0,0,1,0,0,2,200.6
2026-08-12,S007,SHT1272,1,0,1,2,1,0,0,0.0
2026-08-12,S008,SHT1272,2,4,4,1,1,0,2,200.6
2026-08-12,S009,SHT1272,1,0,1,1,0,0,0,0.0
2026-08-12,S010,SHT1272,1,3,3,0,3,0,1,100.3
2026-08-12,S001,SHT1273,0,1,0,3,1,0,1,72.36
2026-08-12,S002,SHT1273,0,1,1,1,2,0,0,0.0
2026-08-12,S003,SHT1273,0,0,0,1,1,0,0,0.0
2026-08-12,S004,SHT1273,0,0,0,2,0,0,0,0.0
2026-08-12,S005,SHT1273,0,3,1,2,0,0,2,144.72
2026-08-12,S006,SHT1273,2,4,4,1,1,0,2,144.72
2026-08-12,S007,SHT1273,1,9,7,1,3,0,3,217.08
2026-08-12,S008,SHT1273,2,2,2,3,0,0,2,144.72
2026-08-12,S009,SHT1273,0,0,0,2,0,0,0,0.0
2026-08-12,S010,SHT1273,0,0,0,0,0,0,0,0.0
2026-08-12,S001,SHT1274,1,2,2,0,0,0,1,30.78
2026-08-12,S002,SHT1274,0,18,13,2,0,0,5,153.9
2026-08-12,S003,SHT1274,0,1,0,0,2,0,1,30.78
2026-08-12,S004,SHT1274,0,0,0,0,2,0,0,0.0
2026-08-12,S005,SHT1274,1,1,1,2,1,0,1,30.78
2026-08-12,S006,SHT1274,1,0,1,1,2,0,0,0.0
2026-08-12,S007,SHT1274,1,9,6,0,0,0,4,123.12
2026-08-12,S008,SHT1274,1,0,0,1,2,0,1,30.78
2026-08-12,S009,SHT1274,0,0,0,1,1,0,0,0.0
2026-08-12,S010,SHT1274,0,0,0,3,3,0,0,0.0
2026-08-12,S001,SHT1275,0,0,0,3,2,0,0,0.0
2026-08-12,S002,SHT1275,1,1,0,3,1,0,2,60.52
2026-08-12,S003,SHT1275,1,0,1,2,3,0,0,0.0
2026-08-12,S004,SHT1275,1,0,0,2,3,0,1,30.26
2026-08-12,S005,SHT1275,0,3,2,1,2,0,1,30.26
2026-08-12,S006,SHT1275,0,1,1,3,1,0,0,0.0
2026-08-12,S007,SHT1275,0,5,4,2,3,0,1,30.26
2026-08-12,S008,SHT1275,0,5,4,3,3,0,1,30.26
2026-08-12,S009,SHT1275,0,2,2,0,1,0,0,0.0
2026-08-12,S010,SHT1275,0,0,0,3,2,0,0,0.0
2026-08-12,S001,SHT1276,1,1,2,3,3,0,0,0.0
2026-08-12,S002,SHT1276,2,9,7,2,2,0,4,189.84
2026-08-12,S003,SHT1276,0,2,1,3,0,0,1,47.46
2026-08-12,S004,SHT1276,0,1,0,2,0,0,1,47.46
2026-08-12,S005,SHT1276,0,0,0,0,1,0,0,0.0
2026-08-12,S006,SHT1276,1,1,2,0,1,0,0,0.0
2026-08-12,S007,SHT1276,1,6,5,1,1,0,2,94.92
2026-08-12,S008,SHT1276,0,5,4,1,1,0,1,47.46
2026-08-12,S009,SHT1276,1,5,4,1,1,0,2,94.92
2026-08-12,S010,SHT1276,1,4,4,2,1,0,1,47.46
2026-08-12,S001,SHT1277,0,0,0,0,2,0,0,0.0
2026-08-12,S002,SHT1277,0,7,4,3,1,0,3,147.54
2026-08-12,S003,SHT1277,0,0,0,2,0,0,0,0.0
2026-08-12,S004,SHT1277,1,0,0,2,1,1,1,49.18
2026-08-12,S005,SHT1277,1,12,9,1,0,0,4,196.72
2026-08-12,S006,SHT1277,0,3,2,1,3,0,1,49.18
2026-08-12,S007,SHT1277,1,0,1,1,0,0,0,0.0
2026-08-12,S008,SHT1277,0,0,0,0,1,0,0,0.0
2026-08-12,S009,SHT1277,0,1,0,2,2,0,1,49.18
2026-08-12,S010,SHT1277,0,0,0,3,1,0,0,0.0
2026-08-12,S001,SHT1278,0,5,3,0,0,0,2,65.88
2026-08-12,S002,SHT1278,0,0,0,2,0,0,0,0.0
2026-08-12,S003,SHT1278,1,0,1,0,3,0,0,0.0
2026-08-12,S004,SHT1278,0,0,0,2,0,0,0,0.0
2026-08-12,S005,SHT1278,0,0,0,0,1,0,0,0.0
2026-08-12,S006,SHT1278,0,2,0,0,3,0,2,65.88
2026-08-12,S007,SHT1278,0,0,0,3,2,0,0,0.0
2026-08-12,S008,SHT1278,0,4,2,3,3,1,2,65.88
2026-08-12,S009,SHT1278,0,1,1,2,2,0,0,0.0
2026-08-12,S010,SHT1278,0,1,0,0,1,0,1,32.94
2026-08-12,S001,SHT1279,0,0,0,0,3,0,0,0.0
2026-08-12,S002,SHT1279,0,4,2,1,2,0,2,159.9
2026-08-12,S003,SHT1279,0,2,2,3,3,0,0,0.0
2026-08-12,S004,SHT1279,0,0,0,3,2,0,0,0.0
2026-08-12,S005,SHT1279,0,0,0,1,1,0,0,0.0
2026-08-12,S006,SHT1279,1,3,3,2,2,0,1,79.95
2026-08-12,S007,SHT1279,0,6,3,1,0,0,3,239.85
2026-08-12,S008,SHT1279,0,1,0,0,0,0,1,79.95
2026-08-12,S009,SHT1279,0,0,0,2,2,0,0,0.0
2026-08-12,S010,SHT1279,1,0,0,3,1,0,1,79.95
2026-08-12,S001,SHT1280,1,0,1,0,0,0,0,0.0
2026-08-12,S002,SHT1280,0,3,2,0,0,0,1,42.97
2026-08-12,S003,SHT1280,0,2,2,2,1,0,0,0.0
2026-08-12,S004,SHT1280,0,0,0,2,3,0,0,0.0
2026-08-12,S005,SHT1280,0,0,0,0,0,0,0,0.0
2026-08-12,S006,SHT1280,0,1,1,0,1,0,0,0.0
2026-08-12,S007,SHT1280,0,0,0,0,3,0,0,0.0
2026-08-12,S008,SHT1280,0,1,1,1,0,0,0,0.0
2026-08-12,S009,SHT1280,0,1,0,2,3,0,1,42.97
2026-08-12,S010,SHT1280,0,1,0,0,3,0,1,42.97
2026-08-12,S001,SHT1281,0,4,3,1,0,0,1,23.7
2026-08-12,S002,SHT1281,2,0,0,2,3,0,2,47.4
2026-08-12,S003,SHT1281,0,0,0,0,0,0,0,0.0
2026-08-12,S004,SHT1281,1,0,1,2,1,0,0,0.0
2026-08-12,S005,SHT1281,1,0,1,0,1,0,0,0.0
2026-08-12,S006,SHT1281,0,1,1,0,1,0,0,0.0
2026-08-12,S007,SHT1281,1,5,4,0,3,0,2,47.4
2026-08-12,S008,SHT1281,0,2,2,1,2,0,0,0.0
2026-08-12,S009,SHT1281,0,1,0,1,0,0,1,23.7
2026-08-12,S010,SHT1281,0,9,7,2,3,0,2,47.4
2026-08-12,S001,SHT1282,0,1,1,2,3,0,0,0.0
2026-08-12,S002,SHT1282,1,1,2,1,3,0,0,0.0
2026-08-12,S003,SHT1282,1,2,3,2,2,0,0,0.0
2026-08-12,S004,SHT1282,1,0,1,0,2,0,0,0.0
2026-08-12,S005,SHT1282,1,1,2,3,3,0,0,0.0
2026-08-12,S006,SHT1282,2,4,4,1,2,0,2,102.86
2026-08-12,S007,SHT1282,2,4,4,3,0,0,2,102.86
2026-08-12,S008,SHT1282,0,6,3,1,2,0,3,154.29
2026-08-12,S009,SHT1282,0,0,0,3,1,0,0,0.0
2026-08-12,S010,SHT1282,0,0,0,1,3,0,0,0.0
2026-08-12,S001,SHT1283,1,0,0,3,3,0,1,41.04
2026-08-12,S002,SHT1283,1,4,4,3,3,0,1,41.04
2026-08-12,S003,SHT1283,1,0,1,0,0,0,0,0.0
2026-08-12,S004,SHT1283,0,0,0,2,1,0,0,0.0
2026-08-12,S005,SHT1283,0,0,0,0,0,0,0,0.0
2026-08-12,S006,SHT1283,1,11,9,1,0,0,3,123.12
2026-08-12,S007,SHT1283,0,1,0,3,2,0,1,41.04
2026-08-12,S008,SHT1283,0,0,0,2,3,0,0,0.0
2026-08-12,S009,SHT1283,1,2,3,2,0,0,0,0.0
2026-08-12,S010,SHT1283,0,0,0,1,3,0,0,0.0
2026-08-12,S001,SHT1284,1,5,4,3,3,0,2,129.82
2026-08-12,S002,SHT1284,0,0,0,2,3,0,0,0.0
2026-08-12,S003,SHT1284,0,0,0,0,3,0,0,0.0
2026-08-12,S004,SHT1284,2,4,4,3,0,0,2,129.82
2026-08-12,S005,SHT1284,1,2,3,2,3,0,0,0.0
2026-08-12,S006,SHT1284,0,2,1,1,1,0,1,64.91
2026-08-12,S007,SHT1284,1,5,4,0,0,0,2,129.82
2026-08-12,S008,SHT1284,2,9,8,1,2,0,3,194.73
2026-08-12,S009,SHT1284,2,5,4,1,2,0,3,194.73
2026-08-12,S010,SHT1284,2,4,4,0,1,0,2,129.82
2026-08-12,S001,SHT1285,1,1,1,2,3,0,1,58.47
2026-08-12,S002,SHT1285,0,2,0,1,2,0,2,116.94
2026-08-12,S003,SHT1285,0,6,4,3,2,0,2,116.94
2026-08-12,S004,SHT1285,0,5,4,3,2,0,1,58.47
2026-08-12,S005,SHT1285,0,4,3,0,3,0,1,58.47
2026-08-12,S006,SHT1285,0,1,0,3,3,0,1,58.47
2026-08-12,S007,SHT1285,0,8,5,0,2,0,3,175.41
2026-08-12,S008,SHT1285,1,7,5,0,2,0,3,175.41
2026-08-12,S009,SHT1285,0,2,2,2,3,0,0,0.0
2026-08-12,S010,SHT1285,0,2,1,2,1,0,1,58.47
2026-08-12,S001,SHT1286,0,1,0,1,3,0,1,33.07
2026-08-12,S002,SHT1286,1,1,0,1,2,0,2,66.14
2026-08-12,S003,SHT1286,0,0,0,0,1,0,0,0.0
2026-08-12,S004,SHT1286,0,10,7,0,1,0,3,99.21
2026-08-12,S005,SHT1286,1,0,1,0,2,1,0,0.0
2026-08-12,S006,SHT1286,1,0,1,3,0,0,0,0.0
2026-08-12,S007,SHT1286,1,1,2,1,3,0,0,0.0
2026-08-12,S008,SHT1286,0,0,0,3,3,0,0,0.0
2026-08-12,S009,SHT1286,1,0,0,1,3,0,1,33.07
2026-08-12,S010,SHT1286,0,0,0,0,0,0,0,0.0
2026-08-12,S001,SHT1287,1,0,0,1,0,0,1,41.42
2026-08-12,S002,SHT1287,1,2,1,3,3,0,2,82.84
2026-08-12,S003,SHT1287,1,1,0,0,2,0,2,82.84
2026-08-12,S004,SHT1287,0,5,4,1,0,0,1,41.42
2026-08-12,S005,SHT1287,1,6,5,2,0,0,2,82.84
2026-08-12,S006,SHT1287,0,1,0,0,2,0,1,41.42
2026-08-12,S007,SHT1287,2,4,4,1,2,0,2,82.84
2026-08-12,S008,SHT1287,0,0,0,0,1,0,0,0.0
2026-08-12,S009,SHT1287,0,3,2,2,1,0,1,41.42
2026-08-12,S010,SHT1287,1,2,2,3,0,0,1,41.42
2026-08-12,S001,SHT1288,1,0,0,3,0,0,1,38.99
2026-08-12,S002,SHT1288,2,4,4,0,2,0,2,77.98
2026-08-12,S003,SHT1288,0,4,3,2,0,0,1,38.99
2026-08-12,S004,SHT1288,0,0,0,2,3,0,0,0.0
2026-08-12,S005,SHT1288,0,7,5,0,2,0,2,77.98
2026-08-12,S006,SHT1288,0,2,1,1,2,0,1,38.99
2026-08-12,S007,SHT1288,1,0,0,0,2,0,1,38.99
2026-08-12,S008,SHT1288,0,2,0,0,1,0,2,77.98
2026-08-12,S009,SHT1288,0,0,0,0,0,0,0,0.0
2026-08-12,S010,SHT1288,0,4,3,3,1,0,1,38.99
2026-08-12,S001,SHT1289,1,1,2,1,2,0,0,0.0
2026-08-12,S002,SHT1289,0,5,3,0,0,0,2,41.44
2026-08-12,S003,SHT1289,0,1,1,3,0,0,0,0.0
2026-08-12,S004,SHT1289,0,0,0,3,3,0,0,0.0
2026-08-12,S005,SHT1289,0,0,0,3,0,0,0,0.0
2026-08-12,S006,SHT1289,0,0,0,2,1,0,0,0.0
2026-08-12,S007,SHT1289,0,2,1,2,1,0,1,20.72
2026-08-12,S008,SHT1289,0,0,0,2,2,0,0,0.0
2026-08-12,S009,SHT1289,1,0,0,0,3,0,1,20.72
2026-08-12,S010,SHT1289,0,1,0,2,1,0,1,20.72
2026-08-12,S001,SHT1290,0,0,0,0,0,0,0,0.0
2026-08-12,S002,SHT1290,0,1,0,1,3,0,1,26.08
2026-08-12,S003,SHT1290,0,0,0,2,2,0,0,0.0
2026-08-12,S004,SHT1290,0,1,0,3,1,0,1,26.08
2026-08-12,S005,SHT1290,1,0,0,2,3,0,1,26.08
2026-08-12,S006,SHT1290,3,12,10,1,0,0,5,130.4
2026-08-12,S007,SHT1290,0,1,1,1,1,0,0,0.0
2026-08-12,S008,SHT1290,0,10,7,1,2,0,3,78.24
2026-08-12,S009,SHT1290,0,1,0,1,2,0,1,26.08
2026-08-12,S010,SHT1290,0,0,0,0,0,0,0,0.0
2026-08-12,S001,SHT1291,0,0,0,0,0,0,0,0.0
2026-08-12,S002,SHT1291,0,0,0,1,1,0,0,0.0
2026-08-12,S003,SHT1291,0,0,0,3,1,0,0,0.0
2026-08-12,S004,SHT1291,1,4,3,1,0,0,2,161.42
2026-08-12,S005,SHT1291,0,2,2,0,1,0,0,0.0
2026-08-12,S006,SHT1291,1,0,0,3,1,0,1,80.71
2026-08-12,S007,SHT1291,0,2,2,1,2,0,0,0.0
2026-08-12,S008,SHT1291,0,3,2,0,3,0,1,80.71
2026-08-12,S009,SHT1291,1,3,3,2,3,0,1,80.71
2026-08-12,S010,SHT1291,0,0,0,0,3,0,0,0.0
2026-08-12,S001,SHT1292,1,2,2,3,2,0,1,63.23
2026-08-12,S002,SHT1292,1,3,3,1,3,0,1,63.23
2026-08-12,S003,SHT1292,1,1,2,2,1,1,0,0.0
2026-08-12,S004,SHT1292,0,0,0,1,2,0,0,0.0
2026-08-12,S005,SHT1292,1,0,1,3,1,0,0,0.0
2026-08-12,S006,SHT1292,1,1,1,2,3,0,1,63.23
2026-08-12,S007,SHT1292,0,0,0,3,1,0,0,0.0
2026-08-12,S008,SHT1292,1,3,2,1,3,0,2,126.46
2026-08-12,S009,SHT1292,0,6,3,0,1,0,3,189.69
2026-08-12,S010,SHT1292,1,1,1,2,1,0,1,63.23
2026-08-12,S001,SHT1293,0,1,0,3,3,0,1,65.53
2026-08-12,S002,SHT1293,0,1,0,1,1,0,1,65.53
2026-08-12,S003,SHT1293,0,1,0,2,2,0,1,65.53
2026-08-12,S004,SHT1293,0,0,0,1,2,0,0,0.0
2026-08-12,S005,SHT1293,0,0,0,1,1,0,0,0.0
2026-08-12,S006,SHT1293,0,0,0,3,2,0,0,0.0
2026-08-12,S007,SHT1293,1,1,1,3,0,0,1,65.53
2026-08-12,S008,SHT1293,0,0,0,1,1,0,0,0.0
2026-08-12,S009,SHT1293,1,0,0,0,1,0,1,65.53
2026-08-12,S010,SHT1293,0,0,0,0,3,0,0,0.0
2026-08-12,S001,SHT1294,0,0,0,3,0,0,0,0.0
2026-08-12,S002,SHT1294,0,3,2,2,3,0,1,35.0
2026-08-12,S003,SHT1294,0,0,0,1,1,0,0,0.0
2026-08-12,S004,SHT1294,1,0,1,0,2,0,0,0.0
2026-08-12,S005,SHT1294,2,8,6,1,3,0,4,140.0
2026-08-12,S006,SHT1294,1,2,2,0,1,0,1,35.0
2026-08-12,S007,SHT1294,0,1,1,2,3,0,0,0.0
2026-08-12,S008,SHT1294,1,0,0,0,3,0,1,35.0
2026-08-12,S009,SHT1294,0,1,1,3,0,0,0,0.0
2026-08-12,S010,SHT1294,0,0,0,2,0,0,0,0.0
2026-08-12,S001,SHT1295,0,6,5,3,1,0,1,67.84
2026-08-12,S002,SHT1295,0,3,2,2,1,0,1,67.84
2026-08-12,S003,SHT1295,0,1,1,1,1,0,0,0.0
2026-08-12,S004,SHT1295,1,1,2,2,3,0,0,0.0
2026-08-12,S005,SHT1295,1,0,1,2,2,0,0,0.0
2026-08-12,S006,SHT1295,0,2,1,1,3,0,1,67.84
2026-08-12,S007,SHT1295,0,5,4,3,1,0,1,67.84
2026-08-12,S008,SHT1295,1,1,1,3,0,1,1,67.84
2026-08-12,S009,SHT1295,0,4,3,3,1,0,1,67.84
2026-08-12,S010,SHT1295,2,4,4,3,0,0,2,135.68
2026-08-12,S001,SHT1296,0,3,2,3,2,0,1,63.57
2026-08-12,S002,SHT1296,1,0,1,2,0,0,0,0.0
2026-08-12,S003,SHT1296,0,0,0,0,1,0,0,0.0
2026-08-12,S004,SHT1296,0,0,0,0,0,0,0,0.0
2026-08-12,S005,SHT1296,0,0,0,1,1,0,0,0.0
2026-08-12,S006,SHT1296,0,1,1,1,2,0,0,0.0
2026-08-12,S007,SHT1296,0,1,1,0,1,0,0,0.0
2026-08-12,S008,SHT1296,1,1,1,0,1,0,1,63.57
2026-08-12,S009,SHT1296,0,2,1,1,2,0,1,63.57
2026-08-12,S010,SHT1296,0,0,0,0,2,0,0,0.0
2026-08-12,S001,SHT1297,1,5,5,3,1,0,1,70.21
2026-08-12,S002,SHT1297,2,9,7,1,1,0,4,280.84
2026-08-12,S003,SHT1297,0,1,1,0,2,0,0,0.0
2026-08-12,S004,SHT1297,0,5,4,3,3,0,1,70.21
2026-08-12,S005,SHT1297,0,3,2,0,3,0,1,70.21
2026-08-12,S006,SHT1297,0,0,0,0,3,0,0,0.0
2026-08-12,S007,SHT1297,1,2,2,1,2,0,1,70.21
2026-08-12,S008,SHT1297,0,1,1,0,2,0,0,0.0
2026-08-12,S009,SHT1297,0,0,0,0,0,0,0,0.0
2026-08-12,S010,SHT1297,0,0,0,2,2,0,0,0.0
2026-08-12,S001,SHT1298,1,2,2,1,2,0,1,70.75
2026-08-12,S002,SHT1298,0,1,1,0,1,0,0,0.0
2026-08-12,S003,SHT1298,0,0,0,3,0,0,0,0.0
2026-08-12,S004,SHT1298,0,1,1,0,0,0,0,0.0
2026-08-12,S005,SHT1298,0,6,5,2,1,0,1,70.75
2026-08-12,S006,SHT1298,0,2,1,0,0,0,1,70.75
2026-08-12,S007,SHT1298,0,8,6,0,3,0,2,141.5
2026-08-12,S008,SHT1298,0,2,1,0,2,0,1,70.75
2026-08-12,S009,SHT1298,0,4,2,1,2,0,2,141.5
2026-08-12,S010,SHT1298,0,4,3,3,2,0,1,70.75
2026-08-12,S001,SHT1299,0,2,1,0,2,0,1,23.35
2026-08-12,S002,SHT1299,2,0,0,3,3,0,2,46.7
2026-08-12,S003,SHT1299,0,0,0,3,1,0,0,0.0
2026-08-12,S004,SHT1299,0,1,0,1,1,0,1,23.35
2026-08-12,S005,SHT1299,0,1,0,1,0,0,1,23.35
2026-08-12,S006,SHT1299,1,3,3,3,1,0,1,23.35
2026-08-12,S007,SHT1299,0,0,0,2,1,0,0,0.0
2026-08-12,S008,SHT1299,1,1,1,3,3,0,1,23.35
2026-08-12,S009,SHT1299,0,1,0,2,2,0,1,23.35
2026-08-12,S010,SHT1299,0,2,1,3,2,0,1,23.35
2026-08-12,S001,SHT1300,0,0,0,2,0,0,0,0.0
2026-08-12,S002,SHT1300,0,4,3,3,2,0,1,25.98
2026-08-12,S003,SHT1300,1,4,3,0,3,0,2,51.96
2026-08-12,S004,SHT1300,0,5,4,2,3,0,1,25.98
2026-08-12,S005,SHT1300,1,2,2,0,2,0,1,25.98
2026-08-12,S006,SHT1300,1,0,1,0,2,0,0,0.0
2026-08-12,S007,SHT1300,1,2,2,0,3,0,1,25.98
2026-08-12,S008,SHT1300,0,0,0,2,3,0,0,0.0
2026-08-12,S009,SHT1300,0,4,2,1,3,0,2,51.96
2026-08-12,S010,SHT1300,0,0,0,2,0,0,0,0.0
2026-08-12,S001,SHT1301,0,2,1,3,0,0,1,20.82
2026-08-12,S002,SHT1301,0,2,1,2,0,0,1,20.82
2026-08-12,S003,SHT1301,1,6,5,3,0,0,2,41.64
2026-08-12,S004,SHT1301,0,0,0,2,2,0,0,0.0
2026-08-12,S005,SHT1301,0,0,0,2,1,0,0,0.0
2026-08-12,S006,SHT1301,2,1,1,1,2,0,2,41.64
2026-08-12,S007,SHT1301,0,3,2,1,1,0,1,20.82
2026-08-12,S008,SHT1301,1,2,3,0,2,0,0,0.0
2026-08-12,S009,SHT1301,0,1,1,3,2,1,0,0.0
2026-08-12,S010,SHT1301,1,0,0,1,0,0,1,20.82
2026-08-12,S001,SHT1302,1,0,0,0,1,0,1,28.66
2026-08-12,S002,SHT1302,0,0,0,3,2,0,0,0.0
2026-08-12,S003,SHT1302,0,1,1,3,1,0,0,0.0
2026-08-12,S004,SHT1302,0,0,0,3,1,0,0,0.0
2026-08-12,S005,SHT1302,0,2,0,0,2,0,2,57.32
2026-08-12,S006,SHT1302,0,7,4,1,2,0,3,85.98
2026-08-12,S007,SHT1302,0,1,1,3,1,0,0,0.0
2026-08-12,S008,SHT1302,0,0,0,2,0,0,0,0.0
2026-08-12,S009,SHT1302,0,4,3,3,2,0,1,28.66
2026-08-12,S010,SHT1302,2,4,4,2,2,0,2,57.32
2026-08-12,S001,SHT1303,0,0,0,0,2,0,0,0.0
2026-08-12,S002,SHT1303,0,0,0,3,3,0,0,0.0
2026-08-12,S003,SHT1303,0,0,0,2,2,1,0,0.0
2026-08-12,S004,SHT1303,0,0,0,2,1,0,0,0.0
2026-08-12,S005,SHT1303,0,1,0,3,3,0,1,60.45
2026-08-12,S006,SHT1303,1,0,1,0,2,0,0,0.0
2026-08-12,S007,SHT1303,0,0,0,3,1,0,0,0.0
2026-08-12,S008,SHT1303,0,0,0,1,0,0,0,0.0
2026-08-12,S009,SHT1303,0,0,0,2,1,0,0,0.0
2026-08-12,S010,SHT1303,0,0,0,3,0,0,0,0.0
2026-08-12,S001,SHT1304,1,0,0,1,2,0,1,28.69
2026-08-12,S002,SHT1304,0,1,0,3,0,0,1,28.69
2026-08-12,S003,SHT1304,1,1,2,2,2,0,0,0.0
2026-08-12,S004,SHT1304,0,2,2,2,1,0,0,0.0
2026-08-12,S005,SHT1304,1,2,2,0,0,0,1,28.69
2026-08-12,S006,SHT1304,1,1,1,0,0,0,1,28.69
2026-08-12,S007,SHT1304,1,5,5,3,3,0,1,28.69
2026-08-12,S008,SHT1304,0,0,0,1,0,0,0,0.0
2026-08-12,S009,SHT1304,0,0,0,0,3,0,0,0.0
2026-08-12,S010,SHT1304,0,0,0,1,3,0,0,0.0
2026-08-12,S001,SHT1305,0,1,0,2,1,0,1,53.09
2026-08-12,S002,SHT1305,0,8,6,0,0,0,2,106.18
2026-08-12,S003,SHT1305,2,10,8,3,0,0,4,212.36
2026-08-12,S004,SHT1305,1,2,2,2,1,0,1,53.09
2026-08-12,S005,SHT1305,0,3,2,2,3,0,1,53.09
2026-08-12,S006,SHT1305,1,1,0,3,0,0,2,106.18
2026-08-12,S007,SHT1305,2,3,3,1,1,0,2,106.18
2026-08-12,S008,SHT1305,3,8,7,2,2,0,4,212.36
2026-08-12,S009,SHT1305,1,0,1,2,3,0,0,0.0
2026-08-12,S010,SHT1305,1,1,1,0,2,0,1,53.09
2026-08-12,S001,SHT1306,0,0,0,3,1,0,0,0.0
2026-08-12,S002,SHT1306,0,0,0,3,1,0,0,0.0
2026-08-12,S003,SHT1306,0,0,0,2,3,0,0,0.0
2026-08-12,S004,SHT1306,0,0,0,1,2,0,0,0.0
2026-08-12,S005,SHT1306,1,2,2,0,0,0,1,28.42
2026-08-12,S006,SHT1306,0,1,1,3,1,0,0,0.0
2026-08-12,S007,SHT1306,0,0,0,3,1,0,0,0.0
2026-08-12,S008,SHT1306,0,8,5,2,1,0,3,85.26
2026-08-12,S009,SHT1306,1,0,1,0,3,0,0,0.0
2026-08-12,S010,SHT1306,0,0,0,0,2,0,0,0.0
2026-08-12,S001,SHT1307,0,0,0,1,3,0,0,0.0
2026-08-12,S002,SHT1307,2,6,5,0,1,0,3,149.61
2026-08-12,S003,SHT1307,0,1,0,2,3,0,1,49.87
2026-08-12,S004,SHT1307,0,4,3,1,3,0,1,49.87
2026-08-12,S005,SHT1307,1,0,1,0,1,0,0,0.0
2026-08-12,S006,SHT1307,2,11,9,1,0,0,4,199.48
2026-08-12,S007,SHT1307,0,1,0,3,1,0,1,49.87
2026-08-12,S008,SHT1307,1,2,3,2,0,0,0,0.0
2026-08-12,S009,SHT1307,1,5,4,1,3,0,2,99.74
2026-08-12,S010,SHT1307,0,5,4,2,2,0,1,49.87
2026-08-12,S001,SHT1308,0,0,0,1,1,0,0,0.0
2026-08-12,S002,SHT1308,0,5,4,0,1,0,1,63.4
2026-08-12,S003,SHT1308,0,2,2,2,3,0,0,0.0
2026-08-12,S004,SHT1308,1,0,1,0,2,0,0,0.0
2026-08-12,S005,SHT1308,1,5,4,0,3,0,2,126.8
2026-08-12,S006,SHT1308,2,5,5,1,1,0,2,126.8
2026-08-12,S007,SHT1308,1,2,2,1,0,0,1,63.4
2026-08-12,S008,SHT1308,0,1,0,1,2,0,1,63.4
2026-08-12,S009,SHT1308,1,0,0,1,3,0,1,63.4
2026-08-12,S010,SHT1308,1,0,0,0,2,0,1,63.4
2026-08-12,S001,SHT1309,1,4,3,1,1,0,2,66.24
2026-08-12,S002,SHT1309,1,3,3,2,0,0,1,33.12
2026-08-12,S003,SHT1309,0,1,0,3,1,0,1,33.12
2026-08-12,S004,SHT1309,0,1,1,2,0,0,0,0.0
2026-08-12,S005,SHT1309,0,1,1,2,3,0,0,0.0
2026-08-12,S006,SHT1309,0,11,7,3,3,0,4,132.48
2026-08-12,S007,SHT1309,0,2,2,0,0,0,0,0.0
2026-08-12,S008,SHT1309,2,4,4,0,0,0,2,66.24
2026-08-12,S009,SHT1309,0,1,1,1,3,0,0,0.0
2026-08-12,S010,SHT1309,0,0,0,2,1,0,0,0.0
2026-08-12,S001,SHT1310,0,2,1,3,2,0,1,86.39
2026-08-12,S002,SHT1310,0,9,6,0,3,0,3,259.17
2026-08-12,S003,SHT1310,0,4,3,3,0,0,1,86.39
2026-08-12,S004,SHT1310,0,0,0,2,2,0,0,0.0
2026-08-12,S005,SHT1310,0,0,0,0,3,0,0,0.0
2026-08-12,S006,SHT1310,0,2,2,0,2,0,0,0.0
2026-08-12,S007,SHT1310,0,9,6,3,0,0,3,259.17
2026-08-12,S008,SHT1310,1,2,3,3,3,0,0,0.0
2026-08-12,S009,SHT1310,0,1,0,3,3,0,1,86.39
2026-08-12,S010,SHT1310,0,0,0,0,2,0,0,0.0
2026-08-12,S001,SHT1311,0,0,0,0,1,0,0,0.0
2026-08-12,S002,SHT1311,1,0,1,2,3,0,0,0.0
2026-08-12,S003,SHT1311,1,2,3,2,2,0,0,0.0
2026-08-12,S004,SHT1311,0,3,2,2,0,0,1,50.56
2026-08-12,S005,SHT1311,0,1,0,1,3,0,1,50.56
2026-08-12,S006,SHT1311,0,4,3,1,0,0,1,50.56
2026-08-12,S007,SHT1311,0,1,0,3,0,0,1,50.56
2026-08-12,S008,SHT1311,0,0,0,3,0,0,0,0.0
2026-08-12,S009,SHT1311,0,0,0,3,1,0,0,0.0
2026-08-12,S010,SHT1311,1,0,1,0,1,0,0,0.0
2026-08-12,S001,SHT1312,0,0,0,3,1,0,0,0.0
2026-08-12,S002,SHT1312,0,2,2,1,1,0,0,0.0
2026-08-12,S003,SHT1312,1,2,2,3,2,0,1,71.02
2026-08-12,S004,SHT1312,1,0,0,2,0,0,1,71.02
2026-08-12,S005,SHT1312,1,2,2,1,3,0,1,71.02
2026-08-12,S006,SHT1312,0,1,1,2,0,0,0,0.0
2026-08-12,S007,SHT1312,1,3,4,2,0,0,0,0.0
2026-08-12,S008,SHT1312,0,4,3,0,1,0,1,71.02
2026-08-12,S009,SHT1312,0,5,4,3,2,0,1,71.02
2026-08-12,S010,SHT1312,1,0,0,3,3,0,1,71.02
2026-08-12,S001,SHT1313,0,3,2,0,0,0,1,38.08
2026-08-12,S002,SHT1313,1,3,3,2,1,0,1,38.08
2026-08-12,S003,SHT1313,0,0,0,2,3,0,0,0.0
2026-08-12,S004,SHT1313,2,3,3,1,2,0,2,76.16
2026-08-12,S005,SHT1313,0,0,0,1,2,0,0,0.0
2026-08-12,S006,SHT1313,2,2,2,0,2,0,2,76.16
2026-08-12,S007,SHT1313,1,1,1,1,0,0,1,38.08
2026-08-12,S008,SHT1313,1,2,2,3,2,0,1,38.08
2026-08-12,S009,SHT1313,1,0,0,2,2,0,1,38.08
2026-08-12,S010,SHT1313,1,0,1,1,2,0,0,0.0
2026-08-12,S001,SHT1314,0,0,0,1,3,0,0,0.0
2026-08-12,S002,SHT1314,1,2,0,1,2,0,3,83.19
2026-08-12,S003,SHT1314,0,2,1,2,1,0,1,27.73
2026-08-12,S004,SHT1314,0,0,0,0,3,0,0,0.0
2026-08-12,S005,SHT1314,0,7,5,1,0,0,2,55.46
2026-08-12,S006,SHT1314,0,0,0,0,1,0,0,0.0
2026-08-12,S007,SHT1314,1,1,1,1,3,0,1,27.73
2026-08-12,S008,SHT1314,0,0,0,2,3,0,0,0.0
2026-08-12,S009,SHT1314,0,0,0,0,2,0,0,0.0
2026-08-12,S010,SHT1314,1,2,2,2,3,0,1,27.73
2026-08-12,S001,SHT1315,1,0,0,1,3,0,1,25.64
2026-08-12,S002,SHT1315,0,2,0,2,2,0,2,51.28
2026-08-12,S003,SHT1315,1,2,3,3,3,0,0,0.0
2026-08-12,S004,SHT1315,1,3,3,1,2,0,1,25.64
2026-08-12,S005,SHT1315,1,1,1,3,0,0,1,25.64
2026-08-12,S006,SHT1315,0,1,1,2,1,0,0,0.0
2026-08-12,S007,SHT1315,0,7,4,1,3,0,3,76.92
2026-08-12,S008,SHT1315,1,8,6,2,1,0,3,76.92
2026-08-12,S009,SHT1315,1,0,1,3,2,0,0,0.0
2026-08-12,S010,SHT1315,0,5,3,2,0,0,2,51.28
2026-08-12,S001,SHT1316,0,0,0,2,2,0,0,0.0
2026-08-12,S002,SHT1316,0,0,0,0,3,0,0,0.0
2026-08-12,S003,SHT1316,0,0,0,3,1,0,0,0.0
2026-08-12,S004,SHT1316,1,1,2,3,3,0,0,0.0
2026-08-12,S005,SHT1316,0,0,0,3,2,0,0,0.0
2026-08-12,S006,SHT1316,1,3,3,0,2,0,1,59.14
2026-08-12,S007,SHT1316,1,0,0,2,0,0,1,59.14
2026-08-12,S008,SHT1316,2,2,2,1,0,0,2,118.28
2026-08-12,S009,SHT1316,1,5,5,2,2,0,1,59.14
2026-08-12,S010,SHT1316,0,0,0,0,2,0,0,0.0
2026-08-12,S001,SHT1317,1,0,1,1,0,0,0,0.0
2026-08-12,S002,SHT1317,1,0,0,0,1,0,1,23.48
2026-08-12,S003,SHT1317,1,0,1,0,0,0,0,0.0
2026-08-12,S004,SHT1317,0,7,5,0,2,0,2,46.96
2026-08-12,S005,SHT1317,0,4,2,2,2,0,2,46.96
2026-08-12,S006,SHT1317,2,4,4,2,1,0,2,46.96
2026-08-12,S007,SHT1317,1,0,1,2,1,0,0,0.0
2026-08-12,S008,SHT1317,0,5,5,2,0,0,0,0.0
2026-08-12,S009,SHT1317,0,3,2,1,1,0,1,23.48
2026-08-12,S010,SHT1317,0,7,5,0,2,0,2,46.96
2026-08-12,S001,SHT1318,0,4,3,1,2,0,1,23.36
2026-08-12,S002,SHT1318,1,3,2,3,1,0,2,46.72
2026-08-12,S003,SHT1318,1,0,0,0,3,0,1,23.36
2026-08-12,S004,SHT1318,0,3,1,0,0,0,2,46.72
2026-08-12,S005,SHT1318,0,0,0,0,0,0,0,0.0
2026-08-12,S006,SHT1318,1,8,7,2,1,0,2,46.72
2026-08-12,S007,SHT1318,1,7,5,0,2,0,3,70.08
2026-08-12,S008,SHT1318,1,0,0,2,1,0,1,23.36
2026-08-12,S009,SHT1318,0,1,0,1,2,0,1,23.36
2026-08-12,S010,SHT1318,0,1,1,1,3,0,0,0.0
2026-08-12,S001,SHT1319,1,4,4,1,2,0,1,62.65
2026-08-12,S002,SHT1319,0,0,0,2,1,0,0,0.0
2026-08-12,S003,SHT1319,1,2,3,1,1,0,0,0.0
2026-08-12,S004,SHT1319,0,2,2,2,3,0,0,0.0
2026-08-12,S005,SHT1319,1,1,1,2,1,0,1,62.65
2026-08-12,S006,SHT1319,0,0,0,0,1,0,0,0.0
2026-08-12,S007,SHT1319,1,2,2,3,0,0,1,62.65
2026-08-12,S008,SHT1319,2,4,4,2,2,1,2,125.3
2026-08-12,S009,SHT1319,1,0,1,1,3,0,0,0.0
2026-08-12,S010,SHT1319,0,1,1,2,0,0,0,0.0
2026-08-12,S001,SHT1320,1,7,6,1,2,0,2,146.66
2026-08-12,S002,SHT1320,0,0,0,3,2,0,0,0.0
2026-08-12,S003,SHT1320,0,0,0,2,3,0,0,0.0
2026-08-12,S004,SHT1320,1,0,1,3,0,0,0,0.0
2026-08-12,S005,SHT1320,1,0,0,1,0,0,1,73.33
2026-08-12,S006,SHT1320,0,1,0,0,0,0,1,73.33
2026-08-12,S007,SHT1320,2,8,6,3,2,0,4,293.32
2026-08-12,S008,SHT1320,0,4,3,3,0,0,1,73.33
2026-08-12,S009,SHT1320,1,0,0,2,3,0,1,73.33
2026-08-12,S010,SHT1320,0,0,0,3,1,0,0,0.0
2026-08-12,S001,SHT1321,1,2,3,0,0,0,0,0.0
2026-08-12,S002,SHT1321,1,2,2,1,1,0,1,68.88
2026-08-12,S003,SHT1321,0,0,0,3,3,0,0,0.0
2026-08-12,S004,SHT1321,1,3,4,2,1,0,0,0.0
2026-08-12,S005,SHT1321,0,4,2,0,0,0,2,137.76
2026-08-12,S006,SHT1321,1,0,1,0,3,0,0,0.0
2026-08-12,S007,SHT1321,1,1,2,1,3,0,0,0.0
2026-08-12,S008,SHT1321,0,0,0,3,3,0,0,0.0
2026-08-12,S009,SHT1321,0,0,0,0,3,0,0,0.0
2026-08-12,S010,SHT1321,0,11,9,3,2,0,2,137.76
2026-08-12,S001,SHT1322,0,0,0,0,3,0,0,0.0
2026-08-12,S002,SHT1322,0,0,0,0,3,0,0,0.0
2026-08-12,S003,SHT1322,0,4,3,0,2,0,1,24.76
2026-08-12,S004,SHT1322,0,0,0,0,1,0,0,0.0
2026-08-12,S005,SHT1322,1,6,4,0,1,0,3,74.28
2026-08-12,S006,SHT1322,1,3,3,3,1,0,1,24.76
2026-08-12,S007,SHT1322,1,2,2,1,1,0,1,24.76
2026-08-12,S008,SHT1322,1,1,0,0,0,0,2,49.52
2026-08-12,S009,SHT1322,1,0,0,1,0,0,1,24.76
2026-08-12,S010,SHT1322,0,0,0,2,3,0,0,0.0
2026-08-12,S001,SHT1323,0,0,0,2,1,0,0,0.0
2026-08-12,S002,SHT1323,0,2,0,2,0,1,2,124.6
2026-08-12,S003,SHT1323,0,10,7,1,0,0,3,186.9
2026-08-12,S004,SHT1323,2,0,0,1,3,0,2,124.6
2026-08-12,S005,SHT1323,1,0,0,0,2,0,1,62.3
2026-08-12,S006,SHT1323,0,2,1,3,1,0,1,62.3
2026-08-12,S007,SHT1323,3,8,7,1,0,0,4,249.2
2026-08-12,S008,SHT1323,2,3,3,1,0,0,2,124.6
2026-08-12,S009,SHT1323,1,3,3,1,0,0,1,62.3
2026-08-12,S010,SHT1323,1,2,2,3,1,1,1,62.3
2026-08-12,S001,SHT1324,0,1,1,3,2,1,0,0.0
2026-08-12,S002,SHT1324,2,4,4,1,0,0,2,79.18
2026-08-12,S003,SHT1324,1,4,4,2,0,0,1,39.59
2026-08-12,S004,SHT1324,0,0,0,0,1,0,0,0.0
2026-08-12,S005,SHT1324,2,1,1,1,0,0,2,79.18
2026-08-12,S006,SHT1324,0,6,4,0,2,0,2,79.18
2026-08-12,S007,SHT1324,1,0,0,0,0,0,1,39.59
2026-08-12,S008,SHT1324,1,3,2,3,3,0,2,79.18
2026-08-12,S009,SHT1324,0,0,0,0,3,0,0,0.0
2026-08-12,S010,SHT1324,0,3,2,0,1,0,1,39.59
2026-08-12,S001,SHT1325,0,2,1,1,3,0,1,93.25
2026-08-12,S002,SHT1325,1,0,1,2,3,0,0,0.0
2026-08-12,S003,SHT1325,0,2,0,1,3,0,2,186.5
2026-08-12,S004,SHT1325,0,1,1,2,2,0,0,0.0
2026-08-12,S005,SHT1325,0,6,4,0,2,0,2,186.5
2026-08-12,S006,SHT1325,1,8,7,0,1,0,2,186.5
2026-08-12,S007,SHT1325,2,8,8,1,2,0,2,186.5
2026-08-12,S008,SHT1325,0,9,6,2,1,0,3,279.75
2026-08-12,S009,SHT1325,1,1,1,1,0,0,1,93.25
2026-08-12,S010,SHT1325,0,0,0,3,3,0,0,0.0
2026-08-12,S001,SHT1326,1,0,0,3,3,0,1,68.32
2026-08-12,S002,SHT1326,0,1,0,3,2,0,1,68.32
2026-08-12,S003,SHT1326,1,1,2,2,1,0,0,0.0
2026-08-12,S004,SHT1326,1,0,0,2,3,0,1,68.32
2026-08-12,S005,SHT1326,0,0,0,0,3,0,0,0.0
2026-08-12,S006,SHT1326,1,0,1,3,1,0,0,0.0
2026-08-12,S007,SHT1326,0,0,0,0,2,0,0,0.0
2026-08-12,S008,SHT1326,0,5,3,2,3,0,2,136.64
2026-08-12,S009,SHT1326,0,1,0,0,0,0,1,68.32
2026-08-12,S010,SHT1326,0,1,0,2,2,0,1,68.32
2026-08-12,S001,SHT1327,0,0,0,2,3,0,0,0.0
2026-08-12,S002,SHT1327,1,1,2,1,1,1,0,0.0
2026-08-12,S003,SHT1327,0,1,0,0,2,0,1,79.67
2026-08-12,S004,SHT1327,0,1,0,2,0,0,1,79.67
2026-08-12,S005,SHT1327,0,1,0,1,2,0,1,79.67
2026-08-12,S006,SHT1327,0,0,0,0,3,0,0,0.0
2026-08-12,S007,SHT1327,0,0,0,1,1,0,0,0.0
2026-08-12,S008,SHT1327,2,9,6,2,1,0,5,398.35
2026-08-12,S009,SHT1327,0,0,0,2,2,0,0,0.0
2026-08-12,S010,SHT1327,0,1,0,2,1,0,1,79.67
2026-08-12,S001,SHT1328,0,0,0,1,0,0,0,0.0
2026-08-12,S002,SHT1328,0,3,2,1,3,0,1,73.6
2026-08-12,S003,SHT1328,0,1,0,2,3,0,1,73.6
2026-08-12,S004,SHT1328,1,0,0,3,0,0,1,73.6
2026-08-12,S005,SHT1328,0,0,0,1,2,0,0,0.0
2026-08-12,S006,SHT1328,0,1,1,2,0,0,0,0.0
2026-08-12,S007,SHT1328,1,0,0,2,2,0,1,73.6
2026-08-12,S008,SHT1328,1,3,4,1,0,0,0,0.0
2026-08-12,S009,SHT1328,1,0,1,3,2,0,0,0.0
2026-08-12,S010,SHT1328,0,0,0,0,3,0,0,0.0
2026-08-12,S001,SHT1329,1,5,4,2,1,0,2,84.66
2026-08-12,S002,SHT1329,1,6,6,0,1,0,1,42.33
2026-08-12,S003,SHT1329,1,2,2,1,2,0,1,42.33
2026-08-12,S004,SHT1329,0,0,0,0,1,0,0,0.0
2026-08-12,S005,SHT1329,1,2,2,3,0,0,1,42.33
2026-08-12,S006,SHT1329,0,5,4,3,1,1,1,42.33
2026-08-12,S007,SHT1329,1,1,1,2,1,0,1,42.33
2026-08-12,S008,SHT1329,2,2,2,3,0,0,2,84.66
2026-08-12,S009,SHT1329,0,0,0,2,0,0,0,0.0
2026-08-12,S010,SHT1329,1,3,2,0,0,0,2,84.66
2026-08-12,S001,SHT1330,1,0,0,1,2,0,1,55.04
2026-08-12,S002,SHT1330,1,5,4,2,3,0,2,110.08
2026-08-12,S003,SHT1330,0,9,5,3,0,0,4,220.16
2026-08-12,S004,SHT1330,0,0,0,3,2,0,0,0.0
2026-08-12,S005,SHT1330,0,0,0,2,2,0,0,0.0
2026-08-12,S006,SHT1330,1,0,1,3,0,0,0,0.0
2026-08-12,S007,SHT1330,0,1,1,3,3,0,0,0.0
2026-08-12,S008,SHT1330,0,3,2,2,1,0,1,55.04
2026-08-12,S009,SHT1330,1,2,2,1,0,0,1,55.04
2026-08-12,S010,SHT1330,1,3,3,3,2,0,1,55.04
2026-08-12,S001,PIL1331,0,3,2,1,1,0,1,50.32
2026-08-12,S002,PIL1331,2,6,6,2,0,0,2,100.64
2026-08-12,S003,PIL1331,0,0,0,1,3,0,0,0.0
2026-08-12,S004,PIL1331,0,1,1,2,3,0,0,0.0
2026-08-12,S005,PIL1331,1,1,1,2,1,0,1,50.32
2026-08-12,S006,PIL1331,1,4,4,3,3,0,1,50.32
2026-08-12,S007,PIL1331,0,1,1,1,3,0,0,0.0
2026-08-12,S008,PIL1331,0,0,0,0,3,0,0,0.0
2026-08-12,S009,PIL1331,0,1,0,1,2,0,1,50.32
2026-08-12,S010,PIL1331,0,1,0,0,2,1,1,50.32
2026-08-12,S001,PIL1332,0,3,2,3,2,0,1,48.24
2026-08-12,S002,PIL1332,0,8,6,3,1,0,2,96.48
2026-08-12,S003,PIL1332,1,1,2,0,2,0,0,0.0
2026-08-12,S004,PIL1332,1,0,1,0,1,0,0,0.0
2026-08-12,S005,PIL1332,2,7,6,3,3,0,3,144.72
2026-08-12,S006,PIL1332,0,18,14,0,1,0,4,192.96
2026-08-12,S007,PIL1332,1,0,0,0,2,0,1,48.24
2026-08-12,S008,PIL1332,0,0,0,0,1,0,0,0.0
2026-08-12,S009,PIL1332,1,0,1,3,3,0,0,0.0
2026-08-12,S010,PIL1332,0,4,3,1,2,0,1,48.24
2026-08-12,S001,PIL1333,1,0,0,0,2,0,1,47.4
2026-08-12,S002,PIL1333,0,1,0,0,1,0,1,47.4
2026-08-12,S003,PIL1333,1,0,0,2,2,0,1,47.4
2026-08-12,S004,PIL1333,0,2,1,3,1,0,1,47.4
2026-08-12,S005,PIL1333,0,4,3,3,1,0,1,47.4
2026-08-12,S006,PIL1333,1,1,2,1,3,0,0,0.0
2026-08-12,S007,PIL1333,0,0,0,2,0,0,0,0.0
2026-08-12,S008,PIL1333,3,4,3,0,1,0,4,189.6
2026-08-12,S009,PIL1333,0,0,0,2,3,0,0,0.0
2026-08-12,S010,PIL1333,0,5,3,0,0,0,2,94.8
2026-08-12,S001,PIL1334,0,0,0,2,1,0,0,0.0
2026-08-12,S002,PIL1334,1,2,2,3,3,0,1,50.83
2026-08-12,S003,PIL1334,2,7,6,0,3,0,3,152.49
2026-08-12,S004,PIL1334,0,4,3,0,2,0,1,50.83
2026-08-12,S005,PIL1334,0,3,2,3,1,0,1,50.83
2026-08-12,S006,PIL1334,1,3,3,1,1,0,1,50.83
2026-08-12,S007,PIL1334,1,0,0,1,0,0,1,50.83
2026-08-12,S008,PIL1334,1,0,1,3,0,0,0,0.0
2026-08-12,S009,PIL1334,0,1,0,2,2,0,1,50.83
2026-08-12,S010,PIL1334,1,1,1,1,3,0,1,50.83
2026-08-12,S001,PIL1335,0,1,1,3,0,0,0,0.0
2026-08-12,S002,PIL1335,0,0,0,0,3,0,0,0.0
2026-08-12,S003,PIL1335,0,0,0,3,0,0,0,0.0
2026-08-12,S004,PIL1335,0,0,0,2,1,0,0,0.0
2026-08-12,S005,PIL1335,0,0,0,1,1,0,0,0.0
2026-08-12,S006,PIL1335,0,1,0,3,3,0,1,52.43
2026-08-12,S007,PIL1335,0,2,0,0,2,0,2,104.86
2026-08-12,S008,PIL1335,0,0,0,1,0,0,0,0.0
2026-08-12,S009,PIL1335,1,0,0,2,3,0,1,52.43
2026-08-12,S010,PIL1335,0,0,0,3,2,0,0,0.0
2026-08-12,S001,PIL1336,0,1,1,2,2,0,0,0.0
2026-08-12,S002,PIL1336,0,8,6,1,2,0,2,50.64
2026-08-12,S003,PIL1336,1,4,4,3,2,0,1,25.32
2026-08-12,S004,PIL1336,1,0,1,1,3,0,0,0.0
2026-08-12,S005,PIL1336,0,1,0,0,0,0,1,25.32
2026-08-12,S006,PIL1336,4,13,11,1,2,0,6,151.92
2026-08-12,S007,PIL1336,1,5,4,3,2,0,2,50.64
2026-08-12,S008,PIL1336,0,5,3,2,1,0,2,50.64
2026-08-12,S009,PIL1336,2,8,7,1,3,0,3,75.96
2026-08-12,S010,PIL1336,0,1,0,0,3,0,1,25.32
2026-08-12,S001,PIL1337,1,0,1,3,0,0,0,0.0
2026-08-12,S002,PIL1337,0,1,0,1,0,0,1,25.86
2026-08-12,S003,PIL1337,2,7,6,2,3,0,3,77.58
2026-08-12,S004,PIL1337,0,3,3,1,3,0,0,0.0
2026-08-12,S005,PIL1337,0,10,6,2,3,0,4,103.44
2026-08-12,S006,PIL1337,1,0,0,3,2,0,1,25.86
2026-08-12,S007,PIL1337,0,8,6,2,0,0,2,51.72
2026-08-12,S008,PIL1337,1,0,1,1,0,0,0,0.0
2026-08-12,S009,PIL1337,1,0,1,0,2,0,0,0.0
2026-08-12,S010,PIL1337,0,5,4,3,1,0,1,25.86
2026-08-12,S001,PIL1338,1,0,0,0,0,0,1,41.21
2026-08-12,S002,PIL1338,0,1,1,2,1,0,0,0.0
2026-08-12,S003,PIL1338,1,1,2,0,0,0,0,0.0
2026-08-12,S004,PIL1338,1,0,0,1,0,0,1,41.21
2026-08-12,S005,PIL1338,0,0,0,2,3,0,0,0.0
2026-08-12,S006,PIL1338,0,9,8,2,1,0,1,41.21
2026-08-12,S007,PIL1338,1,0,0,3,1,0,1,41.21
2026-08-12,S008,PIL1338,1,0,0,3,1,0,1,41.21
2026-08-12,S009,PIL1338,2,0,0,1,2,0,2,82.42
2026-08-12,S010,PIL1338,1,2,2,3,0,0,1,41.21
2026-08-12,S001,PIL1339,0,2,1,0,1,0,1,34.2
2026-08-12,S002,PIL1339,1,0,1,1,3,0,0,0.0
2026-08-12,S003,PIL1339,2,4,4,1,2,0,2,68.4
2026-08-12,S004,PIL1339,1,1,2,3,0,1,0,0.0
2026-08-12,S005,PIL1339,0,0,0,2,2,0,0,0.0
2026-08-12,S006,PIL1339,2,9,8,1,0,0,3,102.6
2026-08-12,S007,PIL1339,1,0,0,0,1,0,1,34.2
2026-08-12,S008,PIL1339,1,6,5,1,0,0,2,68.4
2026-08-12,S009,PIL1339,1,0,0,1,0,0,1,34.2
2026-08-12,S010,PIL1339,0,1,0,3,1,0,1,34.2
2026-08-12,S001,PIL1340,0,1,1,0,1,0,0,0.0
2026-08-12,S002,PIL1340,1,3,4,1,2,0,0,0.0
2026-08-12,S003,PIL1340,0,2,2,2,0,0,0,0.0
2026-08-12,S004,PIL1340,0,0,0,3,0,0,0,0.0
2026-08-12,S005,PIL1340,1,1,2,3,1,0,0,0.0
2026-08-12,S006,PIL1340,0,3,2,0,0,0,1,34.09
2026-08-12,S007,PIL1340,1,0,0,1,0,0,1,34.09
2026-08-12,S008,PIL1340,1,0,1,0,1,0,0,0.0
2026-08-12,S009,PIL1340,1,0,0,3,3,0,1,34.09
2026-08-12,S010,PIL1340,1,0,1,3,0,0,0,0.0
2026-08-12,S001,PIL1341,1,0,0,2,0,0,1,54.14
2026-08-12,S002,PIL1341,0,1,0,1,0,0,1,54.14
2026-08-12,S003,PIL1341,0,0,0,3,1,0,0,0.0
2026-08-12,S004,PIL1341,0,0,0,3,0,0,0,0.0
2026-08-12,S005,PIL1341,1,4,3,3,1,0,2,108.28
2026-08-12,S006,PIL1341,1,2,3,2,3,0,0,0.0
2026-08-12,S007,PIL1341,1,0,0,1,3,0,1,54.14
2026-08-12,S008,PIL1341,0,1,1,2,3,0,0,0.0
2026-08-12,S009,PIL1341,0,0,0,2,2,0,0,0.0
2026-08-12,S010,PIL1341,1,1,2,3,2,0,0,0.0
2026-08-12,S001,PIL1342,0,0,0,3,3,0,0,0.0
2026-08-12,S002,PIL1342,0,3,2,0,2,0,1,40.31
2026-08-12,S003,PIL1342,0,0,0,3,1,0,0,0.0
2026-08-12,S004,PIL1342,0,0,0,3,0,0,0,0.0
2026-08-12,S005,PIL1342,0,0,0,2,2,0,0,0.0
2026-08-12,S006,PIL1342,0,1,0,3,1,0,1,40.31
2026-08-12,S007,PIL1342,0,0,0,0,2,0,0,0.0
2026-08-12,S008,PIL1342,0,0,0,0,3,0,0,0.0
2026-08-12,S009,PIL1342,0,1,0,3,0,0,1,40.31
2026-08-12,S010,PIL1342,0,1,0,2,1,0,1,40.31
2026-08-12,S001,PIL1343,1,0,1,0,2,1,0,0.0
2026-08-12,S002,PIL1343,1,1,2,3,3,0,0,0.0
2026-08-12,S003,PIL1343,0,5,4,3,3,0,1,36.61
2026-08-12,S004,PIL1343,1,0,1,2,2,0,0,0.0
2026-08-12,S005,PIL1343,0,2,1,2,3,0,1,36.61
2026-08-12,S006,PIL1343,0,10,7,1,1,0,3,109.83
2026-08-12,S007,PIL1343,0,9,6,2,3,0,3,109.83
2026-08-12,S008,PIL1343,1,1,2,2,3,0,0,0.0
2026-08-12,S009,PIL1343,1,5,5,3,1,0,1,36.61
2026-08-12,S010,PIL1343,1,0,0,0,1,0,1,36.61
2026-08-12,S001,PIL1344,0,1,0,1,2,0,1,45.55
2026-08-12,S002,PIL1344,0,0,0,0,1,0,0,0.0
2026-08-12,S003,PIL1344,0,1,0,1,0,0,1,45.55
2026-08-12,S004,PIL1344,0,0,0,0,2,0,0,0.0
2026-08-12,S005,PIL1344,0,0,0,3,1,0,0,0.0
2026-08-12,S006,PIL1344,1,0,0,2,1,0,1,45.55
2026-08-12,S007,PIL1344,1,1,1,3,2,0,1,45.55
2026-08-12,S008,PIL1344,0,1,0,2,1,0,1,45.55
2026-08-12,S009,PIL1344,1,0,1,0,1,0,0,0.0
2026-08-12,S010,PIL1344,0,0,0,3,3,0,0,0.0
2026-08-12,S001,PIL1345,1,3,3,1,3,0,1,25.18
2026-08-12,S002,PIL1345,0,5,4,1,3,0,1,25.18
2026-08-12,S003,PIL1345,0,2,1,2,0,0,1,25.18
2026-08-12,S004,PIL1345,0,0,0,2,3,0,0,0.0
2026-08-12,S005,PIL1345,1,4,4,3,3,0,1,25.18
2026-08-12,S006,PIL1345,1,2,2,0,2,0,1,25.18
2026-08-12,S007,PIL1345,0,2,0,1,0,0,2,50.36
2026-08-12,S008,PIL1345,0,3,3,3,3,0,0,0.0
2026-08-12,S009,PIL1345,0,0,0,3,2,0,0,0.0
2026-08-12,S010,PIL1345,0,0,0,0,1,0,0,0.0
2026-08-12,S001,PIL1346,0,1,0,0,3,0,1,28.42
2026-08-12,S002,PIL1346,1,1,1,3,1,0,1,28.42
2026-08-12,S003,PIL1346,0,7,5,3,1,0,2,56.84
2026-08-12,S004,PIL1346,0,7,6,0,0,0,1,28.42
2026-08-12,S005,PIL1346,0,3,2,3,2,0,1,28.42
2026-08-12,S006,PIL1346,0,0,0,3,2,0,0,0.0
2026-08-12,S007,PIL1346,0,4,3,1,0,0,1,28.42
2026-08-12,S008,PIL1346,0,13,9,0,0,0,4,113.68
2026-08-12,S009,PIL1346,0,4,3,3,1,0,1,28.42
2026-08-12,S010,PIL1346,0,0,0,0,2,0,0,0.0
2026-08-12,S001,PIL1347,1,2,2,3,3,0,1,38.86
2026-08-12,S002,PIL1347,0,11,9,3,0,0,2,77.72
2026-08-12,S003,PIL1347,1,0,1,0,1,0,0,0.0
2026-08-12,S004,PIL1347,1,1,2,0,3,0,0,0.0
2026-08-12,S005,PIL1347,0,6,3,0,3,0,3,116.58
2026-08-12,S006,PIL1347,0,6,4,1,0,0,2,77.72
2026-08-12,S007,PIL1347,1,2,2,0,2,0,1,38.86
2026-08-12,S008,PIL1347,1,0,1,0,3,0,0,0.0
2026-08-12,S009,PIL1347,0,0,0,0,3,0,0,0.0
2026-08-12,S010,PIL1347,0,5,4,1,1,0,1,38.86
2026-08-12,S001,PIL1348,1,1,2,3,1,0,0,0.0
2026-08-12,S002,PIL1348,0,0,0,2,2,0,0,0.0
2026-08-12,S003,PIL1348,1,0,0,3,1,0,1,28.86
2026-08-12,S004,PIL1348,1,1,2,2,0,0,0,0.0
2026-08-12,S005,PIL1348,0,0,0,2,3,0,0,0.0
2026-08-12,S006,PIL1348,1,0,0,3,2,0,1,28.86
2026-08-12,S007,PIL1348,0,0,0,3,0,0,0,0.0
2026-08-12,S008,PIL1348,0,1,0,0,0,0,1,28.86
2026-08-12,S009,PIL1348,1,1,1,0,1,0,1,28.86
2026-08-12,S010,PIL1348,1,0,0,2,1,0,1,28.86
2026-08-12,S001,PIL1349,0,0,0,2,2,0,0,0.0
2026-08-12,S002,PIL1349,0,1,0,3,2,0,1,19.62
2026-08-12,S003,PIL1349,0,1,1,1,3,0,0,0.0
2026-08-12,S004,PIL1349,0,2,1,2,0,0,1,19.62
2026-08-12,S005,PIL1349,0,1,1,1,1,0,0,0.0
2026-08-12,S006,PIL1349,1,4,3,2,3,0,2,39.24
2026-08-12,S007,PIL1349,0,1,1,1,3,0,0,0.0
2026-08-12,S008,PIL1349,1,2,2,3,2,0,1,19.62
2026-08-12,S009,PIL1349,0,2,1,1,0,0,1,19.62
2026-08-12,S010,PIL1349,0,0,0,3,2,0,0,0.0
2026-08-12,S001,PIL1350,1,0,1,0,3,0,0,0.0
2026-08-12,S002,PIL1350,1,1,1,3,2,0,1,29.26
2026-08-12,S003,PIL1350,0,0,0,3,1,0,0,0.0
2026-08-12,S004,PIL1350,1,1,1,0,0,0,1,29.26
2026-08-12,S005,PIL1350,1,2,1,1,1,0,2,58.52
2026-08-12,S006,PIL1350,1,5,5,0,2,0,1,29.26
2026-08-12,S007,PIL1350,0,0,0,2,1,0,0,0.0
2026-08-12,S008,PIL1350,0,0,0,2,1,0,0,0.0
2026-08-12,S009,PIL1350,0,1,0,1,3,0,1,29.26
2026-08-12,S010,PIL1350,1,1,1,0,3,0,1,29.26
2026-08-12,S001,PIL1351,1,0,0,1,3,0,1,43.87
2026-08-12,S002,PIL1351,1,5,4,0,2,0,2,87.74
2026-08-12,S003,PIL1351,0,0,0,3,3,0,0,0.0
2026-08-12,S004,PIL1351,1,5,5,0,0,0,1,43.87
2026-08-12,S005,PIL1351,1,2,2,1,1,0,1,43.87
2026-08-12,S006,PIL1351,0,1,1,0,3,0,0,0.0
2026-08-12,S007,PIL1351,1,1,0,0,1,0,2,87.74
2026-08-12,S008,PIL1351,0,1,1,0,3,0,0,0.0
2026-08-12,S009,PIL1351,1,2,2,2,2,0,1,43.87
2026-08-12,S010,PIL1351,2,2,2,1,0,0,2,87.74
2026-08-12,S001,PIL1352,1,6,4,0,0,0,3,84.15
2026-08-12,S002,PIL1352,0,5,4,3,0,0,1,28.05
2026-08-12,S003,PIL1352,2,3,3,0,1,0,2,56.1
2026-08-12,S004,PIL1352,0,2,2,3,2,0,0,0.0
2026-08-12,S005,PIL1352,0,1,1,1,3,0,0,0.0
2026-08-12,S006,PIL1352,1,9,7,3,3,0,3,84.15
2026-08-12,S007,PIL1352,0,1,1,0,0,0,0,0.0
2026-08-12,S008,PIL1352,1,8,7,2,3,0,2,56.1
2026-08-12,S009,PIL1352,1,1,1,3,3,0,1,28.05
2026-08-12,S010,PIL1352,0,1,1,3,1,0,0,0.0
2026-08-12,S001,PIL1353,1,6,5,2,1,0,2,102.22
2026-08-12,S002,PIL1353,0,5,4,0,1,0,1,51.11
2026-08-12,S003,PIL1353,0,1,1,0,0,0,0,0.0
2026-08-12,S004,PIL1353,0,1,1,3,1,0,0,0.0
2026-08-12,S005,PIL1353,1,6,5,1,3,0,2,102.22
2026-08-12,S006,PIL1353,0,1,0,1,3,0,1,51.11
2026-08-12,S007,PIL1353,0,1,0,3,0,0,1,51.11
2026-08-12,S008,PIL1353,0,6,4,1,3,0,2,102.22
2026-08-12,S009,PIL1353,1,1,1,2,3,0,1,51.11
2026-08-12,S010,PIL1353,0,4,3,1,2,0,1,51.11
2026-08-12,S001,PIL1354,1,4,4,0,1,0,1,46.97
2026-08-12,S002,PIL1354,1,11,9,2,3,0,3,140.91
2026-08-12,S003,PIL1354,0,4,2,0,1,0,2,93.94
2026-08-12,S004,PIL1354,0,3,2,3,3,0,1,46.97
2026-08-12,S005,PIL1354,0,6,4,3,1,0,2,93.94
2026-08-12,S006,PIL1354,0,10,7,2,2,0,3,140.91
2026-08-12,S007,PIL1354,1,0,0,3,1,0,1,46.97
2026-08-12,S008,PIL1354,1,3,2,0,0,0,2,93.94
2026-08-12,S009,PIL1354,1,1,2,3,0,0,0,0.0
2026-08-12,S010,PIL1354,0,3,3,0,0,1,0,0.0
2026-08-12,S001,PIL1355,0,1,0,0,1,0,1,11.93
2026-08-12,S002,PIL1355,0,0,0,2,2,0,0,0.0
2026-08-12,S003,PIL1355,0,1,1,3,3,0,0,0.0
2026-08-12,S004,PIL1355,0,2,0,1,3,1,2,23.86
2026-08-12,S005,PIL1355,0,9,7,0,0,0,2,23.86
2026-08-12,S006,PIL1355,0,0,0,0,2,0,0,0.0
2026-08-12,S007,PIL1355,1,7,6,1,3,0,2,23.86
2026-08-12,S008,PIL1355,1,7,7,2,3,0,1,11.93
2026-08-12,S009,PIL1355,2,7,7,2,1,0,2,23.86
2026-08-12,S010,PIL1355,1,0,1,2,2,0,0,0.0
2026-08-12,S001,PIL1356,1,0,1,2,0,0,0,0.0
2026-08-12,S002,PIL1356,0,0,0,0,0,0,0,0.0
2026-08-12,S003,PIL1356,0,3,2,0,2,0,1,41.58
2026-08-12,S004,PIL1356,0,1,0,2,2,0,1,41.58
2026-08-12,S005,PIL1356,0,1,1,0,0,0,0,0.0
2026-08-12,S006,PIL1356,0,0,0,1,1,0,0,0.0
2026-08-12,S007,PIL1356,1,1,2,0,3,0,0,0.0
2026-08-12,S008,PIL1356,0,0,0,1,1,0,0,0.0
2026-08-12,S009,PIL1356,1,0,1,1,3,0,0,0.0
2026-08-12,S010,PIL1356,0,7,5,3,0,0,2,83.16
2026-08-12,S001,PIL1357,0,0,0,1,3,0,0,0.0
2026-08-12,S002,PIL1357,1,1,1,1,1,0,1,33.61
2026-08-12,S003,PIL1357,0,1,1,1,3,0,0,0.0
2026-08-12,S004,PIL1357,2,5,5,2,1,0,2,67.22
2026-08-12,S005,PIL1357,0,2,1,2,2,0,1,33.61
2026-08-12,S006,PIL1357,0,3,2,0,0,0,1,33.61
2026-08-12,S007,PIL1357,0,0,0,1,2,0,0,0.0
2026-08-12,S008,PIL1357,0,1,1,3,1,0,0,0.0
2026-08-12,S009,PIL1357,0,2,1,0,3,0,1,33.61
2026-08-12,S010,PIL1357,0,7,5,0,1,0,2,67.22
2026-08-12,S001,PIL1358,1,1,1,3,0,0,1,26.68
2026-08-12,S002,PIL1358,0,0,0,3,1,0,0,0.0
2026-08-12,S003,PIL1358,1,6,4,1,1,0,3,80.04
2026-08-12,S004,PIL1358,2,3,3,0,0,0,2,53.36
2026-08-12,S005,PIL1358,1,1,0,2,2,0,2,53.36
2026-08-12,S006,PIL1358,0,5,4,3,1,0,1,26.68
2026-08-12,S007,PIL1358,2,9,8,0,2,0,3,80.04
2026-08-12,S008,PIL1358,0,5,4,1,2,0,1,26.68
2026-08-12,S009,PIL1358,0,6,4,0,2,0,2,53.36
2026-08-12,S010,PIL1358,1,0,1,1,2,0,0,0.0
2026-08-12,S001,PIL1359,1,0,0,1,3,0,1,10.44
2026-08-12,S002,PIL1359,0,0,0,2,2,0,0,0.0
2026-08-12,S003,PIL1359,0,0,0,2,0,0,0,0.0
2026-08-12,S004,PIL1359,0,0,0,1,0,0,0,0.0
2026-08-12,S005,PIL1359,1,0,0,1,1,0,1,10.44
2026-08-12,S006,PIL1359,1,0,1,0,1,0,0,0.0
2026-08-12,S007,PIL1359,1,0,0,3,2,0,1,10.44
2026-08-12,S008,PIL1359,1,2,2,0,1,0,1,10.44
2026-08-12,S009,PIL1359,1,0,1,0,2,0,0,0.0
2026-08-12,S010,PIL1359,1,0,0,0,1,0,1,10.44
2026-08-12,S001,PIL1360,0,4,2,0,3,0,2,60.0
2026-08-12,S002,PIL1360,0,4,3,0,1,0,1,30.0
2026-08-12,S003,PIL1360,1,0,0,0,2,0,1,30.0
2026-08-12,S004,PIL1360,1,6,5,2,0,0,2,60.0
2026-08-12,S005,PIL1360,1,1,1,3,3,0,1,30.0
2026-08-12,S006,PIL1360,0,4,2,3,2,0,2,60.0
2026-08-12,S007,PIL1360,1,5,5,3,3,0,1,30.0
2026-08-12,S008,PIL1360,1,10,10,3,1,0,1,30.0
2026-08-12,S009,PIL1360,0,1,1,2,0,0,0,0.0
2026-08-12,S010,PIL1360,0,1,0,0,1,0,1,30.0
2026-08-12,S001,PIL1361,0,3,2,1,3,0,1,38.88
2026-08-12,S002,PIL1361,1,2,2,0,2,0,1,38.88
2026-08-12,S003,PIL1361,1,1,2,2,0,0,0,0.0
2026-08-12,S004,PIL1361,1,0,1,1,0,0,0,0.0
2026-08-12,S005,PIL1361,2,0,0,2,2,0,2,77.76
2026-08-12,S006,PIL1361,0,6,4,0,0,0,2,77.76
2026-08-12,S007,PIL1361,0,0,0,2,2,0,0,0.0
2026-08-12,S008,PIL1361,0,4,2,2,2,0,2,77.76
2026-08-12,S009,PIL1361,1,1,2,3,3,0,0,0.0
2026-08-12,S010,PIL1361,0,0,0,3,3,0,0,0.0
2026-08-12,S001,PIL1362,0,0,0,0,0,0,0,0.0
2026-08-12,S002,PIL1362,0,5,4,1,3,0,1,31.66
2026-08-12,S003,PIL1362,1,1,2,1,3,0,0,0.0
2026-08-12,S004,PIL1362,2,2,2,0,1,0,2,63.32
2026-08-12,S005,PIL1362,2,1,1,3,3,0,2,63.32
2026-08-12,S006,PIL1362,0,2,2,1,3,0,0,0.0
2026-08-12,S007,PIL1362,0,16,11,1,2,0,5,158.3
2026-08-12,S008,PIL1362,1,1,2,0,3,0,0,0.0
2026-08-12,S009,PIL1362,0,5,4,1,0,0,1,31.66
2026-08-12,S010,PIL1362,0,3,1,1,1,0,2,63.32
2026-08-12,S001,PIL1363,1,5,4,1,1,0,2,48.16
2026-08-12,S002,PIL1363,1,1,1,3,1,0,1,24.08
2026-08-12,S003,PIL1363,1,0,1,0,0,0,0,0.0
2026-08-12,S004,PIL1363,1,0,0,1,3,0,1,24.08
2026-08-12,S005,PIL1363,0,4,3,1,3,0,1,24.08
2026-08-12,S006,PIL1363,1,1,1,0,1,0,1,24.08
2026-08-12,S007,PIL1363,1,1,2,0,1,0,0,0.0
2026-08-12,S008,PIL1363,0,5,4,2,0,0,1,24.08
2026-08-12,S009,PIL1363,0,1,0,2,3,0,1,24.08
2026-08-12,S010,PIL1363,0,2,1,3,1,0,1,24.08
2026-08-12,S001,PIL1364,0,0,0,2,2,0,0,0.0
2026-08-12,S002,PIL1364,0,1,1,3,1,0,0,0.0
2026-08-12,S003,PIL1364,1,0,0,3,0,0,1,34.29
2026-08-12,S004,PIL1364,0,0,0,1,0,0,0,0.0
2026-08-12,S005,PIL1364,2,5,4,1,2,0,3,102.87
2026-08-12,S006,PIL1364,0,1,1,2,2,0,0,0.0
2026-08-12,S007,PIL1364,0,1,0,0,2,0,1,34.29
2026-08-12,S008,PIL1364,0,0,0,2,0,1,0,0.0
2026-08-12,S009,PIL1364,1,1,2,0,0,0,0,0.0
2026-08-12,S010,PIL1364,0,0,0,0,2,0,0,0.0
2026-08-12,S001,PIL1365,1,0,0,3,2,0,1,40.76
2026-08-12,S002,PIL1365,1,8,6,3,3,0,3,122.28
2026-08-12,S003,PIL1365,0,1,0,1,1,0,1,40.76
2026-08-12,S004,PIL1365,0,0,0,3,2,1,0,0.0
2026-08-12,S005,PIL1365,2,2,2,2,1,0,2,81.52
2026-08-12,S006,PIL1365,3,10,9,3,3,0,4,163.04
2026-08-12,S007,PIL1365,1,0,1,2,2,0,0,0.0
2026-08-12,S008,PIL1365,0,3,3,1,1,0,0,0.0
2026-08-12,S009,PIL1365,1,0,0,0,2,0,1,40.76
2026-08-12,S010,PIL1365,1,0,1,3,2,1,0,0.0
2026-08-12,S001,PIL1366,1,5,5,1,3,0,1,21.63
2026-08-12,S002,PIL1366,1,1,2,0,2,0,0,0.0
2026-08-12,S003,PIL1366,1,0,1,2,2,0,0,0.0
2026-08-12,S004,PIL1366,0,0,0,1,3,0,0,0.0
2026-08-12,S005,PIL1366,0,1,1,0,2,0,0,0.0
2026-08-12,S006,PIL1366,1,0,0,2,3,0,1,21.63
2026-08-12,S007,PIL1366,0,0,0,0,1,0,0,0.0
2026-08-12,S008,PIL1366,1,0,1,1,1,0,0,0.0
2026-08-12,S009,PIL1366,0,3,2,2,2,1,1,21.63
2026-08-12,S010,PIL1366,1,9,7,2,1,0,3,64.89
2026-08-12,S001,PIL1367,1,0,1,0,1,0,0,0.0
2026-08-12,S002,PIL1367,1,0,0,0,3,0,1,44.48
2026-08-12,S003,PIL1367,1,1,1,3,2,0,1,44.48
2026-08-12,S004,PIL1367,1,0,0,3,3,0,1,44.48
2026-08-12,S005,PIL1367,0,0,0,3,0,0,0,0.0
2026-08-12,S006,PIL1367,1,4,4,2,3,0,1,44.48
2026-08-12,S007,PIL1367,0,0,0,1,0,0,0,0.0
2026-08-12,S008,PIL1367,0,0,0,1,1,0,0,0.0
2026-08-12,S009,PIL1367,0,0,0,1,0,0,0,0.0
2026-08-12,S010,PIL1367,2,4,4,2,3,0,2,88.96
2026-08-12,S001,PIL1368,0,6,5,2,0,0,1,19.85
2026-08-12,S002,PIL1368,0,2,0,2,2,0,2,39.7
2026-08-12,S003,PIL1368,1,3,2,3,2,0,2,39.7
2026-08-12,S004,PIL1368,1,1,2,1,1,0,0,0.0
2026-08-12,S005,PIL1368,0,0,0,1,3,0,0,0.0
2026-08-12,S006,PIL1368,0,13,9,1,2,0,4,79.4
2026-08-12,S007,PIL1368,0,6,4,3,1,0,2,39.7
2026-08-12,S008,PIL1368,1,0,0,0,2,0,1,19.85
2026-08-12,S009,PIL1368,0,4,3,1,3,0,1,19.85
2026-08-12,S010,PIL1368,0,1,0,3,1,0,1,19.85
2026-08-12,S001,PIL1369,0,5,4,0,1,0,1,19.84
2026-08-12,S002,PIL1369,1,0,0,0,0,0,1,19.84
2026-08-12,S003,PIL1369,0,10,8,1,2,0,2,39.68
2026-08-12,S004,PIL1369,0,0,0,2,0,0,0,0.0
2026-08-12,S005,PIL1369,2,3,3,0,3,0,2,39.68
2026-08-12,S006,PIL1369,0,8,5,3,2,0,3,59.52
2026-08-12,S007,PIL1369,0,4,3,3,2,0,1,19.84
2026-08-12,S008,PIL1369,2,0,0,2,3,0,2,39.68
2026-08-12,S009,PIL1369,1,4,4,2,0,0,1,19.84
2026-08-12,S010,PIL1369,1,5,5,2,2,0,1,19.84
2026-08-12,S001,PIL1370,0,0,0,0,3,1,0,0.0
2026-08-12,S002,PIL1370,0,1,1,3,0,0,0,0.0
2026-08-12,S003,PIL1370,0,0,0,2,2,0,0,0.0
2026-08-12,S004,PIL1370,0,0,0,2,2,0,0,0.0
2026-08-12,S005,PIL1370,1,2,3,0,0,0,0,0.0
2026-08-12,S006,PIL1370,1,0,0,2,2,0,1,45.17
2026-08-12,S007,PIL1370,1,1,1,1,3,0,1,45.17
2026-08-12,S008,PIL1370,1,0,1,2,2,0,0,0.0
2026-08-12,S009,PIL1370,0,1,0,3,0,0,1,45.17
2026-08-12,S010,PIL1370,1,3,3,1,3,0,1,45.17
2026-08-12,S001,PIL1371,1,2,2,1,3,0,1,35.87
2026-08-12,S002,PIL1371,0,3,3,3,1,0,0,0.0
2026-08-12,S003,PIL1371,1,2,2,0,2,0,1,35.87
2026-08-12,S004,PIL1371,0,0,0,0,3,0,0,0.0
2026-08-12,S005,PIL1371,1,0,1,2,0,0,0,0.0
2026-08-12,S006,PIL1371,2,9,8,0,0,0,3,107.61
2026-08-12,S007,PIL1371,1,2,2,3,2,0,1,35.87
2026-08-12,S008,PIL1371,2,5,5,0,2,0,2,71.74
2026-08-12,S009,PIL1371,1,2,2,3,3,0,1,35.87
2026-08-12,S010,PIL1371,0,0,0,3,2,0,0,0.0
2026-08-12,S001,PIL1372,0,4,2,1,0,0,2,34.02
2026-08-12,S002,PIL1372,1,11,9,3,2,0,3,51.03
2026-08-12,S003,PIL1372,1,4,3,3,3,0,2,34.02
2026-08-12,S004,PIL1372,1,2,3,1,0,0,0,0.0
2026-08-12,S005,PIL1372,1,0,0,0,0,0,1,17.01
2026-08-12,S006,PIL1372,1,15,11,2,1,0,5,85.05
2026-08-12,S007,PIL1372,0,1,1,2,2,0,0,0.0
2026-08-12,S008,PIL1372,0,4,4,1,3,0,0,0.0
2026-08-12,S009,PIL1372,1,3,4,3,0,0,0,0.0
2026-08-12,S010,PIL1372,0,0,0,2,0,0,0,0.0
2026-08-12,S001,PIL1373,0,5,4,3,3,0,1,39.98
2026-08-12,S002,PIL1373,1,6,5,1,0,0,2,79.96
2026-08-12,S003,PIL1373,1,5,5,1,1,0,1,39.98
2026-08-12,S004,PIL1373,0,7,5,0,3,0,2,79.96
2026-08-12,S005,PIL1373,1,2,3,2,3,0,0,0.0
2026-08-12,S006,PIL1373,1,1,1,2,3,0,1,39.98
2026-08-12,S007,PIL1373,0,2,2,1,3,0,0,0.0
2026-08-12,S008,PIL1373,0,3,0,1,1,0,3,119.94
2026-08-12,S009,PIL1373,1,5,4,0,2,0,2,79.96
2026-08-12,S010,PIL1373,0,1,1,1,0,0,0,0.0
2026-08-12,S001,PIL1374,0,1,0,0,1,0,1,24.19
2026-08-12,S002,PIL1374,0,1,0,3,0,0,1,24.19
2026-08-12,S003,PIL1374,0,0,0,1,0,0,0,0.0
2026-08-12,S004,PIL1374,0,8,5,3,2,0,3,72.57
2026-08-12,S005,PIL1374,0,4,3,1,0,0,1,24.19
2026-08-12,S006,PIL1374,1,1,1,3,3,0,1,24.19
2026-08-12,S007,PIL1374,1,0,1,2,2,0,0,0.0
2026-08-12,S008,PIL1374,0,1,0,2,0,0,1,24.19
2026-08-12,S009,PIL1374,0,0,0,2,1,0,0,0.0
2026-08-12,S010,PIL1374,0,4,3,3,3,0,1,24.19
2026-08-12,S001,PIL1375,1,1,2,1,1,0,0,0.0
2026-08-12,S002,PIL1375,2,5,4,3,3,0,3,68.61
2026-08-12,S003,PIL1375,1,1,2,2,3,0,0,0.0
2026-08-12,S004,PIL1375,1,0,0,0,0,0,1,22.87
2026-08-12,S005,PIL1375,1,0,0,1,0,0,1,22.87
2026-08-12,S006,PIL1375,1,7,6,0,0,0,2,45.74
2026-08-12,S007,PIL1375,2,11,9,2,1,0,4,91.48
2026-08-12,S008,PIL1375,3,15,13,3,2,0,5,114.35
2026-08-12,S009,PIL1375,0,11,8,3,1,0,3,68.61
2026-08-12,S010,PIL1375,1,0,1,2,3,0,0,0.0
2026-08-12,S001,PIL1376,1,0,0,3,1,0,1,17.59
2026-08-12,S002,PIL1376,0,5,3,1,0,0,2,35.18
2026-08-12,S003,PIL1376,0,0,0,0,1,0,0,0.0
2026-08-12,S004,PIL1376,1,0,0,0,1,0,1,17.59
2026-08-12,S005,PIL1376,0,2,1,0,2,0,1,17.59
2026-08-12,S006,PIL1376,0,5,4,0,2,0,1,17.59
2026-08-12,S007,PIL1376,0,2,1,3,0,0,1,17.59
2026-08-12,S008,PIL1376,0,1,1,2,1,0,0,0.0
2026-08-12,S009,PIL1376,1,0,0,0,1,0,1,17.59
2026-08-12,S010,PIL1376,0,1,1,3,2,0,0,0.0
2026-08-12,S001,PIL1377,0,1,0,2,0,0,1,10.34
2026-08-12,S002,PIL1377,0,1,0,3,0,0,1,10.34
2026-08-12,S003,PIL1377,1,1,1,3,2,0,1,10.34
2026-08-12,S004,PIL1377,2,2,2,1,3,0,2,20.68
2026-08-12,S005,PIL1377,1,0,1,1,2,0,0,0.0
2026-08-12,S006,PIL1377,0,0,0,2,1,0,0,0.0
2026-08-12,S007,PIL1377,1,7,5,3,1,0,3,31.02
2026-08-12,S008,PIL1377,2,5,5,1,2,0,2,20.68
2026-08-12,S009,PIL1377,1,1,0,2,1,0,2,20.68
2026-08-12,S010,PIL1377,0,4,4,3,0,0,0,0.0
2026-08-12,S001,PIL1378,0,0,0,3,1,0,0,0.0
2026-08-12,S002,PIL1378,1,0,1,3,0,0,0,0.0
2026-08-12,S003,PIL1378,0,0,0,0,2,0,0,0.0
2026-08-12,S004,PIL1378,0,7,5,0,1,0,2,78.6
2026-08-12,S005,PIL1378,0,1,0,2,0,0,1,39.3
2026-08-12,S006,PIL1378,0,0,0,1,0,0,0,0.0
2026-08-12,S007,PIL1378,0,0,0,1,3,0,0,0.0
2026-08-12,S008,PIL1378,1,0,0,1,3,0,1,39.3
2026-08-12,S009,PIL1378,0,0,0,2,2,0,0,0.0
2026-08-12,S010,PIL1378,0,1,0,0,3,0,1,39.3
2026-08-12,S001,PIL1379,1,1,2,2,1,0,0,0.0
2026-08-12,S002,PIL1379,1,0,1,2,1,0,0,0.0
2026-08-12,S003,PIL1379,0,0,0,2,0,0,0,0.0
2026-08-12,S004,PIL1379,0,0,0,0,3,0,0,0.0
2026-08-12,S005,PIL1379,0,0,0,2,0,0,0,0.0
2026-08-12,S006,PIL1379,0,1,0,1,2,0,1,27.32
2026-08-12,S007,PIL1379,0,6,5,1,1,0,1,27.32
2026-08-12,S008,PIL1379,2,0,0,1,0,0,2,54.64
2026-08-12,S009,PIL1379,0,3,2,2,3,0,1,27.32
2026-08-12,S010,PIL1379,1,2,1,1,2,0,2,54.64
2026-08-12,S001,PIL1380,0,0,0,1,1,0,0,0.0
2026-08-12,S002,PIL1380,0,1,0,3,3,0,1,12.69
2026-08-12,S003,PIL1380,0,1,0,1,0,0,1,12.69
2026-08-12,S004,PIL1380,0,0,0,1,1,0,0,0.0
2026-08-12,S005,PIL1380,1,0,1,3,0,0,0,0.0
2026-08-12,S006,PIL1380,0,8,6,1,3,0,2,25.38
2026-08-12,S007,PIL1380,0,3,2,0,3,0,1,12.69
2026-08-12,S008,PIL1380,0,0,0,2,3,0,0,0.0
2026-08-12,S009,PIL1380,1,0,1,0,2,0,0,0.0
2026-08-12,S010,PIL1380,1,0,0,1,0,0,1,12.69
2026-08-12,S001,PIL1381,0,3,3,2,0,0,0,0.0
2026-08-12,S002,PIL1381,1,2,3,3,0,0,0,0.0
2026-08-12,S003,PIL1381,1,0,0,3,2,0,1,29.63
2026-08-12,S004,PIL1381,1,1,1,0,1,0,1,29.63
2026-08-12,S005,PIL1381,0,0,0,2,0,0,0,0.0
2026-08-12,S006,PIL1381,1,7,6,1,1,0,2,59.26
2026-08-12,S007,PIL1381,2,0,0,1,2,0,2,59.26
2026-08-12,S008,PIL1381,0,1,0,1,3,0,1,29.63
2026-08-12,S009,PIL1381,0,1,1,0,1,0,0,0.0
2026-08-12,S010,PIL1381,0,0,0,2,2,0,0,0.0
2026-08-12,S001,PIL1382,0,0,0,1,1,0,0,0.0
2026-08-12,S002,PIL1382,0,1,1,0,1,0,0,0.0
2026-08-12,S003,PIL1382,0,0,0,2,3,0,0,0.0
2026-08-12,S004,PIL1382,0,0,0,1,1,0,0,0.0
2026-08-12,S005,PIL1382,2,6,5,2,0,0,3,105.0
2026-08-12,S006,PIL1382,1,0,0,3,0,0,1,35.0
2026-08-12,S007,PIL1382,0,0,0,3,3,0,0,0.0
2026-08-12,S008,PIL1382,0,1,1,3,3,0,0,0.0
2026-08-12,S009,PIL1382,0,2,2,0,2,0,0,0.0
2026-08-12,S010,PIL1382,1,3,3,2,3,0,1,35.0
2026-08-12,S001,PIL1383,1,3,2,1,1,0,2,18.74
2026-08-12,S002,PIL1383,1,3,3,2,3,0,1,9.37
2026-08-12,S003,PIL1383,0,1,0,3,0,0,1,9.37
2026-08-12,S004,PIL1383,0,0,0,1,3,0,0,0.0
2026-08-12,S005,PIL1383,0,1,0,1,2,0,1,9.37
2026-08-12,S006,PIL1383,2,0,0,3,1,0,2,18.74
2026-08-12,S007,PIL1383,1,0,0,2,0,0,1,9.37
2026-08-12,S008,PIL1383,0,4,2,2,2,0,2,18.74
2026-08-12,S009,PIL1383,2,2,2,0,1,0,2,18.74
2026-08-12,S010,PIL1383,1,0,1,0,2,0,0,0.0
2026-08-12,S001,PIL1384,1,0,0,3,3,0,1,12.14
2026-08-12,S002,PIL1384,1,1,2,1,3,0,0,0.0
2026-08-12,S003,PIL1384,1,0,1,1,3,0,0,0.0
2026-08-12,S004,PIL1384,1,0,0,0,1,0,1,12.14
2026-08-12,S005,PIL1384,2,6,6,2,3,0,2,24.28
2026-08-12,S006,PIL1384,0,0,0,3,2,0,0,0.0
2026-08-12,S007,PIL1384,2,1,1,0,3,0,2,24.28
2026-08-12,S008,PIL1384,1,2,2,3,1,0,1,12.14
2026-08-12,S009,PIL1384,0,1,0,1,2,0,1,12.14
2026-08-12,S010,PIL1384,0,3,2,0,2,0,1,12.14
2026-08-12,S001,PIL1385,0,5,4,2,0,0,1,11.74
2026-08-12,S002,PIL1385,1,6,5,1,0,0,2,23.48
2026-08-12,S003,PIL1385,0,0,0,1,3,0,0,0.0
2026-08-12,S004,PIL1385,0,3,3,1,0,0,0,0.0
2026-08-12,S005,PIL1385,0,0,0,1,1,0,0,0.0
2026-08-12,S006,PIL1385,1,4,4,0,1,0,1,11.74
2026-08-12,S007,PIL1385,1,0,1,0,0,0,0,0.0
2026-08-12,S008,PIL1385,1,0,0,0,0,0,1,11.74
2026-08-12,S009,PIL1385,0,4,3,0,3,0,1,11.74
2026-08-12,S010,PIL1385,0,0,0,3,2,0,0,0.0
2026-08-12,S001,PIL1386,0,0,0,3,1,0,0,0.0
2026-08-12,S002,PIL1386,1,7,6,3,1,0,2,43.42
2026-08-12,S003,PIL1386,1,1,2,1,2,0,0,0.0
2026-08-12,S004,PIL1386,0,1,0,0,1,0,1,21.71
2026-08-12,S005,PIL1386,1,3,3,0,3,0,1,21.71
2026-08-12,S006,PIL1386,0,6,4,0,2,0,2,43.42
2026-08-12,S007,PIL1386,1,0,1,1,1,0,0,0.0
2026-08-12,S008,PIL1386,0,6,5,3,3,0,1,21.71
2026-08-12,S009,PIL1386,1,0,1,1,3,0,0,0.0
2026-08-12,S010,PIL1386,1,1,2,2,2,0,0,0.0
2026-08-12,S001,PIL1387,1,8,7,0,2,1,2,46.4
2026-08-12,S002,PIL1387,0,0,0,2,1,0,0,0.0
2026-08-12,S003,PIL1387,0,0,0,2,3,0,0,0.0
2026-08-12,S004,PIL1387,1,0,0,0,0,0,1,23.2
2026-08-12,S005,PIL1387,0,2,1,0,3,0,1,23.2
2026-08-12,S006,PIL1387,0,4,3,1,1,0,1,23.2
2026-08-12,S007,PIL1387,1,5,5,3,0,0,1,23.2
2026-08-12,S008,PIL1387,1,0,0,1,0,0,1,23.2
2026-08-12,S009,PIL1387,0,2,1,1,3,0,1,23.2
2026-08-12,S010,PIL1387,1,1,1,0,2,0,1,23.2
2026-08-12,S001,PIL1388,0,0,0,2,0,0,0,0.0
2026-08-12,S002,PIL1388,0,1,0,1,0,0,1,44.68
2026-08-12,S003,PIL1388,0,0,0,3,1,0,0,0.0
2026-08-12,S004,PIL1388,1,3,2,3,3,0,2,89.36
2026-08-12,S005,PIL1388,0,9,7,3,3,1,2,89.36
2026-08-12,S006,PIL1388,1,3,3,1,0,0,1,44.68
2026-08-12,S007,PIL1388,2,0,0,1,3,0,2,89.36
2026-08-12,S008,PIL1388,0,0,0,2,1,0,0,0.0
2026-08-12,S009,PIL1388,0,1,0,0,3,1,1,44.68
2026-08-12,S010,PIL1388,0,0,0,3,3,0,0,0.0
2026-08-12,S001,PIL1389,0,3,1,0,1,0,2,102.88
2026-08-12,S002,PIL1389,1,0,1,3,1,0,0,0.0
2026-08-12,S003,PIL1389,1,0,0,1,2,0,1,51.44
2026-08-12,S004,PIL1389,1,2,2,1,3,0,1,51.44
2026-08-12,S005,PIL1389,0,0,0,1,2,0,0,0.0
2026-08-12,S006,PIL1389,0,4,3,1,1,0,1,51.44
2026-08-12,S007,PIL1389,1,0,1,1,3,0,0,0.0
2026-08-12,S008,PIL1389,0,3,2,1,1,0,1,51.44
2026-08-12,S009,PIL1389,0,1,1,3,0,0,0,0.0
2026-08-12,S010,PIL1389,0,2,1,0,3,0,1,51.44
2026-08-12,S001,PIL1390,0,1,1,3,0,0,0,0.0
2026-08-12,S002,PIL1390,0,0,0,0,2,0,0,0.0
2026-08-12,S003,PIL1390,0,3,2,2,2,0,1,48.21
2026-08-12,S004,PIL1390,1,0,0,1,3,0,1,48.21
2026-08-12,S005,PIL1390,0,7,5,1,0,0,2,96.42
2026-08-12,S006,PIL1390,1,3,3,2,0,0,1,48.21
2026-08-12,S007,PIL1390,0,0,0,3,0,0,0,0.0
2026-08-12,S008,PIL1390,0,0,0,1,3,0,0,0.0
2026-08-12,S009,PIL1390,1,0,1,1,0,0,0,0.0
2026-08-12,S010,PIL1390,0,0,0,3,0,0,0,0.0
2026-08-12,S001,PIL1391,0,1,0,0,1,0,1,20.19
2026-08-12,S002,PIL1391,0,4,2,3,1,0,2,40.38
2026-08-12,S003,PIL1391,0,4,2,1,2,0,2,40.38
2026-08-12,S004,PIL1391,0,0,0,2,1,0,0,0.0
2026-08-12,S005,PIL1391,1,0,0,3,2,0,1,20.19
2026-08-12,S006,PIL1391,0,17,12,2,2,0,5,100.95
2026-08-12,S007,PIL1391,0,0,0,0,0,0,0,0.0
2026-08-12,S008,PIL1391,2,9,7,1,0,0,4,80.76
2026-08-12,S009,PIL1391,0,3,2,1,0,0,1,20.19
2026-08-12,S010,PIL1391,1,2,2,2,3,0,1,20.19
2026-08-12,S001,PIL1392,0,2,1,1,1,0,1,44.36
2026-08-12,S002,PIL1392,0,3,2,0,3,0,1,44.36
2026-08-12,S003,PIL1392,0,0,0,2,1,0,0,0.0
2026-08-12,S004,PIL1392,0,3,3,0,2,0,0,0.0
2026-08-12,S005,PIL1392,0,3,2,2,3,0,1,44.36
2026-08-12,S006,PIL1392,1,0,0,1,2,0,1,44.36
2026-08-12,S007,PIL1392,0,4,3,3,2,0,1,44.36
2026-08-12,S008,PIL1392,0,3,2,3,0,0,1,44.36
2026-08-12,S009,PIL1392,1,3,3,3,0,0,1,44.36
2026-08-12,S010,PIL1392,0,5,3,2,2,0,2,88.72
2026-08-12,S001,PIL1393,1,0,0,0,0,0,1,43.86
2026-08-12,S002,PIL1393,0,3,2,0,0,0,1,43.86
2026-08-12,S003,PIL1393,0,4,3,2,3,0,1,43.86
2026-08-12,S004,PIL1393,1,3,3,2,2,0,1,43.86
2026-08-12,S005,PIL1393,0,1,0,1,0,0,1,43.86
2026-08-12,S006,PIL1393,0,0,0,3,2,0,0,0.0
2026-08-12,S007,PIL1393,1,0,0,3,2,0,1,43.86
2026-08-12,S008,PIL1393,1,9,7,0,3,0,3,131.58
2026-08-12,S009,PIL1393,0,2,1,3,0,0,1,43.86
2026-08-12,S010,PIL1393,0,3,2,0,0,0,1,43.86
2026-08-12,S001,PIL1394,0,0,0,3,2,0,0,0.0
2026-08-12,S002,PIL1394,1,0,0,1,1,0,1,18.18
2026-08-12,S003,PIL1394,0,1,1,2,0,0,0,0.0
2026-08-12,S004,PIL1394,1,0,1,3,0,0,0,0.0
2026-08-12,S005,PIL1394,0,2,2,1,3,0,0,0.0
2026-08-12,S006,PIL1394,1,0,1,3,1,0,0,0.0
2026-08-12,S007,PIL1394,0,0,0,3,0,0,0,0.0
2026-08-12,S008,PIL1394,0,0,0,0,1,0,0,0.0
2026-08-12,S009,PIL1394,1,1,1,0,0,0,1,18.18
2026-08-12,S010,PIL1394,1,4,4,3,3,0,1,18.18
2026-08-12,S001,PIL1395,0,0,0,3,3,0,0,0.0
2026-08-12,S002,PIL1395,0,2,1,0,1,0,1,40.95
2026-08-12,S003,PIL1395,0,0,0,1,2,0,0,0.0
2026-08-12,S004,PIL1395,0,0,0,0,0,0,0,0.0
2026-08-12,S005,PIL1395,0,1,0,0,3,0,1,40.95
2026-08-12,S006,PIL1395,0,1,0,3,2,0,1,40.95
2026-08-12,S007,PIL1395,0,2,2,0,0,0,0,0.0
2026-08-12,S008,PIL1395,0,6,5,3,0,0,1,40.95
2026-08-12,S009,PIL1395,0,1,0,1,2,0,1,40.95
2026-08-12,S010,PIL1395,0,0,0,1,3,0,0,0.0
2026-08-12,S001,PIL1396,0,0,0,3,1,0,0,0.0
2026-08-12,S002,PIL1396,0,0,0,3,2,0,0,0.0
2026-08-12,S003,PIL1396,2,0,0,3,1,0,2,67.12
2026-08-12,S004,PIL1396,1,3,3,0,2,0,1,33.56
2026-08-12,S005,PIL1396,0,3,2,3,2,0,1,33.56
2026-08-12,S006,PIL1396,1,1,1,1,3,0,1,33.56
2026-08-12,S007,PIL1396,1,0,0,1,2,0,1,33.56
2026-08-12,S008,PIL1396,0,4,2,2,0,0,2,67.12
2026-08-12,S009,PIL1396,1,4,3,3,0,0,2,67.12
2026-08-12,S010,PIL1396,2,1,1,2,3,0,2,67.12
2026-08-12,S001,PIL1397,0,4,3,0,2,0,1,14.56
2026-08-12,S002,PIL1397,1,3,2,2,3,1,2,29.12
2026-08-12,S003,PIL1397,2,7,6,1,1,0,3,43.68
2026-08-12,S004,PIL1397,1,2,2,1,2,0,1,14.56
2026-08-12,S005,PIL1397,1,1,2,3,0,0,0,0.0
2026-08-12,S006,PIL1397,0,8,5,2,0,0,3,43.68
2026-08-12,S007,PIL1397,1,2,2,1,3,0,1,14.56
2026-08-12,S008,PIL1397,1,10,8,1,0,0,3,43.68
2026-08-12,S009,PIL1397,0,2,1,2,3,0,1,14.56
2026-08-12,S010,PIL1397,2,4,4,0,2,0,2,29.12
2026-08-12,S001,PIL1398,1,1,2,0,1,0,0,0.0
2026-08-12,S002,PIL1398,1,1,1,3,0,0,1,42.5
2026-08-12,S003,PIL1398,0,5,4,3,3,0,1,42.5
2026-08-12,S004,PIL1398,1,3,2,0,1,0,2,85.0
2026-08-12,S005,PIL1398,1,2,2,1,3,0,1,42.5
2026-08-12,S006,PIL1398,0,3,3,0,2,0,0,0.0
2026-08-12,S007,PIL1398,0,6,4,2,1,1,2,85.0
2026-08-12,S008,PIL1398,0,2,2,1,1,0,0,0.0
2026-08-12,S009,PIL1398,0,8,6,3,0,0,2,85.0
2026-08-12,S010,PIL1398,0,8,6,2,0,0,2,85.0
2026-08-12,S001,PIL1399,0,5,4,2,2,0,1,10.76
2026-08-12,S002,PIL1399,0,3,2,0,2,0,1,10.76
2026-08-12,S003,PIL1399,1,0,0,3,0,0,1,10.76
2026-08-12,S004,PIL1399,0,0,0,3,0,0,0,0.0
2026-08-12,S005,PIL1399,1,3,3,2,3,0,1,10.76
2026-08-12,S006,PIL1399,1,1,0,3,2,0,2,21.52
2026-08-12,S007,PIL1399,1,0,1,1,3,0,0,0.0
2026-08-12,S008,PIL1399,0,2,2,1,3,0,0,0.0
2026-08-12,S009,PIL1399,0,0,0,3,3,0,0,0.0
2026-08-12,S010,PIL1399,0,0,0,3,1,0,0,0.0
2026-08-12,S001,PIL1400,1,5,4,0,3,0,2,72.1
2026-08-12,S002,PIL1400,0,0,0,1,2,0,0,0.0
2026-08-12,S003,PIL1400,0,0,0,2,3,0,0,0.0
2026-08-12,S004,PIL1400,0,1,0,0,1,0,1,36.05
2026-08-12,S005,PIL1400,0,0,0,1,3,0,0,0.0
2026-08-12,S006,PIL1400,1,0,0,0,3,0,1,36.05
2026-08-12,S007,PIL1400,0,1,0,2,3,0,1,36.05
2026-08-12,S008,PIL1400,1,1,1,3,2,0,1,36.05
2026-08-12,S009,PIL1400,2,3,3,0,1,0,2,72.1
2026-08-12,S010,PIL1400,1,1,2,1,2,0,0,0.0
2026-08-12,S001,PIL1401,1,0,1,0,0,0,0,0.0
2026-08-12,S002,PIL1401,0,0,0,3,3,0,0,0.0
2026-08-12,S003,PIL1401,0,1,1,1,1,0,0,0.0
2026-08-12,S004,PIL1401,1,0,1,0,1,0,0,0.0
2026-08-12,S005,PIL1401,2,1,1,3,2,0,2,51.66
2026-08-12,S006,PIL1401,1,10,9,2,2,0,2,51.66
2026-08-12,S007,PIL1401,0,0,0,3,3,0,0,0.0
2026-08-12,S008,PIL1401,2,7,7,0,0,0,2,51.66
2026-08-12,S009,PIL1401,2,7,7,2,1,0,2,51.66
2026-08-12,S010,PIL1401,1,0,0,3,0,0,1,25.83
2026-08-12,S001,PIL1402,1,0,1,0,1,0,0,0.0
2026-08-12,S002,PIL1402,1,2,1,0,3,0,2,72.42
2026-08-12,S003,PIL1402,0,0,0,2,3,0,0,0.0
2026-08-12,S004,PIL1402,0,0,0,3,3,0,0,0.0
2026-08-12,S005,PIL1402,0,3,2,1,0,0,1,36.21
2026-08-12,S006,PIL1402,0,9,6,0,3,0,3,108.63
2026-08-12,S007,PIL1402,2,5,5,0,3,0,2,72.42
2026-08-12,S008,PIL1402,0,5,4,3,1,0,1,36.21
2026-08-12,S009,PIL1402,0,0,0,2,2,0,0,0.0
2026-08-12,S010,PIL1402,1,6,5,0,1,0,2,72.42
2026-08-12,S001,PIL1403,1,1,1,1,3,0,1,13.85
2026-08-12,S002,PIL1403,0,3,1,1,1,0,2,27.7
2026-08-12,S003,PIL1403,1,0,0,2,1,0,1,13.85
2026-08-12,S004,PIL1403,0,0,0,2,1,0,0,0.0
2026-08-12,S005,PIL1403,0,4,3,2,2,0,1,13.85
2026-08-12,S006,PIL1403,0,6,4,0,3,0,2,27.7
2026-08-12,S007,PIL1403,1,1,1,1,0,0,1,13.85
2026-08-12,S008,PIL1403,0,1,0,3,2,0,1,13.85
2026-08-12,S009,PIL1403,1,3,3,1,3,0,1,13.85
2026-08-12,S010,PIL1403,0,4,3,1,2,0,1,13.85
2026-08-12,S001,PIL1404,0,1,0,2,3,0,1,51.76
2026-08-12,S002,PIL1404,0,7,6,0,0,0,1,51.76
2026-08-12,S003,PIL1404,2,7,6,2,3,0,3,155.28
2026-08-12,S004,PIL1404,0,3,3,2,3,0,0,0.0
2026-08-12,S005,PIL1404,0,2,1,2,1,0,1,51.76
2026-08-12,S006,PIL1404,1,0,1,2,1,0,0,0.0
2026-08-12,S007,PIL1404,0,0,0,0,0,0,0,0.0
2026-08-12,S008,PIL1404,0,2,2,0,1,0,0,0.0
2026-08-12,S009,PIL1404,0,3,1,1,0,0,2,103.52
2026-08-12,S010,PIL1404,1,0,1,3,0,0,0,0.0
2026-08-12,S001,PIL1405,0,3,2,0,3,0,1,21.27
2026-08-12,S002,PIL1405,2,7,6,2,1,0,3,63.81
2026-08-12,S003,PIL1405,1,1,1,1,0,0,1,21.27
2026-08-12,S004,PIL1405,2,7,7,2,2,0,2,42.54
2026-08-12,S005,PIL1405,0,3,2,2,3,0,1,21.27
2026-08-12,S006,PIL1405,2,4,3,3,2,0,3,63.81
2026-08-12,S007,PIL1405,1,5,4,1,0,0,2,42.54
2026-08-12,S008,PIL1405,0,1,1,3,3,0,0,0.0
2026-08-12,S009,PIL1405,2,2,2,3,2,0,2,42.54
2026-08-12,S010,PIL1405,1,1,2,2,1,0,0,0.0
2026-08-12,S001,PIL1406,1,1,2,1,3,0,0,0.0
2026-08-12,S002,PIL1406,0,0,0,2,0,0,0,0.0
2026-08-12,S003,PIL1406,1,0,0,2,2,0,1,27.59
2026-08-12,S004,PIL1406,0,3,3,0,2,0,0,0.0
2026-08-12,S005,PIL1406,1,0,1,0,1,0,0,0.0
2026-08-12,S006,PIL1406,1,3,3,0,0,0,1,27.59
2026-08-12,S007,PIL1406,0,0,0,1,2,0,0,0.0
2026-08-12,S008,PIL1406,2,2,2,3,0,0,2,55.18
2026-08-12,S009,PIL1406,0,0,0,1,1,0,0,0.0
2026-08-12,S010,PIL1406,1,3,3,3,1,0,1,27.59
2026-08-12,S001,PIL1407,1,1,1,3,1,0,1,12.86
2026-08-12,S002,PIL1407,0,2,1,0,1,0,1,12.86
2026-08-12,S003,PIL1407,0,1,1,3,0,0,0,0.0
2026-08-12,S004,PIL1407,0,1,0,3,0,0,1,12.86
2026-08-12,S005,PIL1407,0,1,1,0,3,0,0,0.0
2026-08-12,S006,PIL1407,1,3,3,3,0,0,1,12.86
2026-08-12,S007,PIL1407,1,3,3,2,2,0,1,12.86
2026-08-12,S008,PIL1407,0,2,2,2,3,0,0,0.0
2026-08-12,S009,PIL1407,0,2,0,2,1,0,2,25.72
2026-08-12,S010,PIL1407,0,1,1,1,1,0,0,0.0
2026-08-12,S001,PIL1408,1,0,0,3,1,0,1,44.52
2026-08-12,S002,PIL1408,0,0,0,1,2,0,0,0.0
2026-08-12,S003,PIL1408,0,1,1,0,3,0,0,0.0
2026-08-12,S004,PIL1408,0,0,0,3,3,1,0,0.0
2026-08-12,S005,PIL1408,0,1,1,3,3,0,0,0.0
2026-08-12,S006,PIL1408,1,6,4,3,3,0,3,133.56
2026-08-12,S007,PIL1408,0,4,3,3,0,0,1,44.52
2026-08-12,S008,PIL1408,1,2,2,3,2,0,1,44.52
2026-08-12,S009,PIL1408,0,1,0,3,3,0,1,44.52
2026-08-12,S010,PIL1408,1,0,1,2,0,0,0,0.0
2026-08-12,S001,PIL1409,0,2,1,0,0,0,1,43.32
2026-08-12,S002,PIL1409,2,5,5,1,3,0,2,86.64
2026-08-12,S003,PIL1409,0,2,2,0,3,0,0,0.0
2026-08-12,S004,PIL1409,1,3,3,0,1,0,1,43.32
2026-08-12,S005,PIL1409,0,1,1,3,0,0,0,0.0
2026-08-12,S006,PIL1409,0,4,3,3,0,0,1,43.32
2026-08-12,S007,PIL1409,0,9,7,0,1,0,2,86.64
2026-08-12,S008,PIL1409,1,0,0,1,0,0,1,43.32
2026-08-12,S009,PIL1409,1,0,1,0,0,0,0,0.0
2026-08-12,S010,PIL1409,0,1,1,3,3,0,0,0.0
2026-08-12,S001,PIL1410,0,2,1,1,1,0,1,17.92
2026-08-12,S002,PIL1410,1,0,1,0,0,0,0,0.0
2026-08-12,S003,PIL1410,0,0,0,3,2,1,0,0.0
2026-08-12,S004,PIL1410,0,0,0,2,2,0,0,0.0
2026-08-12,S005,PIL1410,0,3,3,1,0,0,0,0.0
2026-08-12,S006,PIL1410,0,0,0,3,1,0,0,0.0
2026-08-12,S007,PIL1410,0,1,0,3,0,0,1,17.92
2026-08-12,S008,PIL1410,0,5,3,1,3,0,2,35.84
2026-08-12,S009,PIL1410,1,0,1,3,0,0,0,0.0
2026-08-12,S010,PIL1410,1,2,2,0,3,0,1,17.92
2026-08-12,S001,TOW1411,1,0,0,1,2,0,1,27.27
2026-08-12,S002,TOW1411,0,1,0,1,3,0,1,27.27
2026-08-12,S003,TOW1411,0,0,0,1,0,0,0,0.0
2026-08-12,S004,TOW1411,1,1,1,2,2,0,1,27.27
2026-08-12,S005,TOW1411,0,0,0,3,1,0,0,0.0
2026-08-12,S006,TOW1411,1,0,1,1,2,0,0,0.0
2026-08-12,S007,TOW1411,1,0,0,0,0,1,1,27.27
2026-08-12,S008,TOW1411,0,1,0,1,2,0,1,27.27
2026-08-12,S009,TOW1411,0,2,0,0,3,0,2,54.54
2026-08-12,S010,TOW1411,1,0,0,2,1,0,1,27.27
2026-08-12,S001,TOW1412,0,1,0,0,3,0,1,21.26
2026-08-12,S002,TOW1412,1,1,1,0,3,0,1,21.26
2026-08-12,S003,TOW1412,3,10,9,0,1,0,4,85.04
2026-08-12,S004,TOW1412,1,2,2,3,0,0,1,21.26
2026-08-12,S005,TOW1412,1,6,5,2,1,0,2,42.52
2026-08-12,S006,TOW1412,0,3,2,1,3,0,1,21.26
2026-08-12,S007,TOW1412,1,3,2,3,3,0,2,42.52
2026-08-12,S008,TOW1412,2,7,6,2,2,1,3,63.78
2026-08-12,S009,TOW1412,1,2,3,1,2,0,0,0.0
2026-08-12,S010,TOW1412,0,11,8,3,2,0,3,63.78
2026-08-12,S001,TOW1413,0,0,0,0,3,0,0,0.0
2026-08-12,S002,TOW1413,1,2,1,1,0,0,2,12.84
2026-08-12,S003,TOW1413,1,1,2,1,3,0,0,0.0
2026-08-12,S004,TOW1413,0,0,0,1,3,0,0,0.0
2026-08-12,S005,TOW1413,1,0,0,1,2,0,1,6.42
2026-08-12,S006,TOW1413,0,1,1,2,3,0,0,0.0
2026-08-12,S007,TOW1413,1,1,1,3,0,0,1,6.42
2026-08-12,S008,TOW1413,1,1,1,1,2,0,1,6.42
2026-08-12,S009,TOW1413,1,0,0,2,1,0,1,6.42
2026-08-12,S010,TOW1413,1,0,0,2,3,0,1,6.42
2026-08-12,S001,TOW1414,1,0,0,3,3,0,1,33.53
2026-08-12,S002,TOW1414,0,0,0,1,3,0,0,0.0
2026-08-12,S003,TOW1414,0,4,2,3,2,0,2,67.06
2026-08-12,S004,TOW1414,0,0,0,1,2,0,0,0.0
2026-08-12,S005,TOW1414,1,0,0,3,1,0,1,33.53
2026-08-12,S006,TOW1414,1,0,0,0,2,0,1,33.53
2026-08-12,S007,TOW1414,1,3,4,2,1,0,0,0.0
2026-08-12,S008,TOW1414,0,0,0,2,3,0,0,0.0
2026-08-12,S009,TOW1414,1,1,2,2,0,0,0,0.0
2026-08-12,S010,TOW1414,0,0,0,3,0,0,0,0.0
2026-08-12,S001,TOW1415,1,4,3,3,3,0,2,62.66
2026-08-12,S002,TOW1415,2,4,4,3,2,0,2,62.66
2026-08-12,S003,TOW1415,3,14,12,0,3,0,5,156.65
2026-08-12,S004,TOW1415,1,1,0,3,1,0,2,62.66
2026-08-12,S005,TOW1415,0,3,2,1,2,0,1,31.33
2026-08-12,S006,TOW1415,0,3,2,2,1,0,1,31.33
2026-08-12,S007,TOW1415,1,0,1,2,3,0,0,0.0
2026-08-12,S008,TOW1415,0,5,4,0,0,0,1,31.33
2026-08-12,S009,TOW1415,0,12,8,3,1,0,4,125.32
2026-08-12,S010,TOW1415,1,6,5,1,3,0,2,62.66
2026-08-12,S001,TOW1416,1,2,2,2,3,0,1,25.09
2026-08-12,S002,TOW1416,2,0,0,1,0,0,2,50.18
2026-08-12,S003,TOW1416,1,0,0,1,0,0,1,25.09
2026-08-12,S004,TOW1416,1,2,2,3,0,0,1,25.09
2026-08-12,S005,TOW1416,1,3,4,0,2,0,0,0.0
2026-08-12,S006,TOW1416,1,0,0,3,1,0,1,25.09
2026-08-12,S007,TOW1416,0,1,1,3,2,0,0,0.0
2026-08-12,S008,TOW1416,0,3,2,0,2,0,1,25.09
2026-08-12,S009,TOW1416,1,1,1,1,1,0,1,25.09
2026-08-12,S010,TOW1416,1,2,2,0,2,0,1,25.09
2026-08-12,S001,TOW1417,0,4,3,2,2,0,1,12.46
2026-08-12,S002,TOW1417,0,4,3,2,1,0,1,12.46
2026-08-12,S003,TOW1417,0,0,0,3,2,1,0,0.0
2026-08-12,S004,TOW1417,0,3,2,1,2,0,1,12.46
2026-08-12,S005,TOW1417,1,3,3,2,1,0,1,12.46
2026-08-12,S006,TOW1417,0,11,8,1,3,0,3,37.38
2026-08-12,S007,TOW1417,0,3,2,2,1,0,1,12.46
2026-08-12,S008,TOW1417,0,3,2,2,0,0,1,12.46
2026-08-12,S009,TOW1417,0,2,1,1,3,0,1,12.46
2026-08-12,S010,TOW1417,0,1,0,1,2,0,1,12.46
2026-08-12,S001,TOW1418,1,0,0,1,1,0,1,32.57
2026-08-12,S002,TOW1418,1,0,1,1,2,0,0,0.0
2026-08-12,S003,TOW1418,1,0,1,1,1,0,0,0.0
2026-08-12,S004,TOW1418,0,0,0,2,3,0,0,0.0
2026-08-12,S005,TOW1418,1,5,5,1,0,0,1,32.57
2026-08-12,S006,TOW1418,0,4,3,2,0,0,1,32.57
2026-08-12,S007,TOW1418,0,9,7,1,1,0,2,65.14
2026-08-12,S008,TOW1418,0,0,0,2,2,0,0,0.0
2026-08-12,S009,TOW1418,2,3,3,0,2,0,2,65.14
2026-08-12,S010,TOW1418,1,2,2,2,0,0,1,32.57
2026-08-12,S001,TOW1419,0,1,0,1,2,0,1,28.94
2026-08-12,S002,TOW1419,1,0,1,1,1,0,0,0.0
2026-08-12,S003,TOW1419,0,3,3,2,2,0,0,0.0
2026-08-12,S004,TOW1419,2,6,6,1,3,0,2,57.88
2026-08-12,S005,TOW1419,0,0,0,1,2,0,0,0.0
2026-08-12,S006,TOW1419,2,1,1,3,2,0,2,57.88
2026-08-12,S007,TOW1419,0,1,1,3,3,0,0,0.0
2026-08-12,S008,TOW1419,0,10,6,3,1,0,4,115.76
2026-08-12,S009,TOW1419,0,4,3,1,0,0,1,28.94
2026-08-12,S010,TOW1419,0,1,0,1,2,0,1,28.94
2026-08-12,S001,TOW1420,1,2,2,3,0,0,1,35.14
2026-08-12,S002,TOW1420,1,0,0,1,1,0,1,35.14
2026-08-12,S003,TOW1420,0,0,0,3,2,0,0,0.0
2026-08-12,S004,TOW1420,0,0,0,0,0,0,0,0.0
2026-08-12,S005,TOW1420,0,1,0,0,0,0,1,35.14
2026-08-12,S006,TOW1420,0,1,1,0,1,0,0,0.0
2026-08-12,S007,TOW1420,0,0,0,0,2,0,0,0.0
2026-08-12,S008,TOW1420,1,4,4,0,0,0,1,35.14
2026-08-12,S009,TOW1420,1,0,1,3,2,0,0,0.0
2026-08-12,S010,TOW1420,0,0,0,2,2,0,0,0.0
2026-08-12,S001,TOW1421,0,1,1,0,2,0,0,0.0
2026-08-12,S002,TOW1421,0,0,0,2,3,0,0,0.0
2026-08-12,S003,TOW1421,0,1,1,2,1,0,0,0.0
2026-08-12,S004,TOW1421,1,1,0,3,3,0,2,56.82
2026-08-12,S005,TOW1421,0,2,1,1,1,0,1,28.41
2026-08-12,S006,TOW1421,2,11,9,3,3,0,4,113.64
2026-08-12,S007,TOW1421,1,2,3,1,2,0,0,0.0
2026-08-12,S008,TOW1421,0,3,2,3,2,0,1,28.41
2026-08-12,S009,TOW1421,0,2,2,3,1,0,0,0.0
2026-08-12,S010,TOW1421,0,0,0,3,3,0,0,0.0
2026-08-12,S001,TOW1422,0,0,0,2,1,0,0,0.0
2026-08-12,S002,TOW1422,1,7,7,2,2,0,1,28.83
2026-08-12,S003,TOW1422,2,2,2,0,1,0,2,57.66
2026-08-12,S004,TOW1422,1,2,2,3,3,0,1,28.83
2026-08-12,S005,TOW1422,0,1,1,1,1,0,0,0.0
2026-08-12,S006,TOW1422,0,2,2,1,1,0,0,0.0
2026-08-12,S007,TOW1422,1,0,1,0,1,1,0,0.0
2026-08-12,S008,TOW1422,0,4,3,3,0,0,1,28.83
2026-08-12,S009,TOW1422,0,2,1,3,3,0,1,28.83
2026-08-12,S010,TOW1422,0,0,0,0,3,0,0,0.0
2026-08-12,S001,TOW1423,0,0,0,1,2,0,0,0.0
2026-08-12,S002,TOW1423,1,1,2,0,2,0,0,0.0
2026-08-12,S003,TOW1423,0,0,0,0,2,0,0,0.0
2026-08-12,S004,TOW1423,0,2,1,3,1,0,1,26.09
2026-08-12,S005,TOW1423,2,2,2,0,2,0,2,52.18
2026-08-12,S006,TOW1423,0,7,4,2,1,0,3,78.27
2026-08-12,S007,TOW1423,0,4,4,2,0,0,0,0.0
2026-08-12,S008,TOW1423,0,1,1,0,1,0,0,0.0
2026-08-12,S009,TOW1423,0,2,1,2,2,0,1,26.09
2026-08-12,S010,TOW1423,0,0,0,0,1,0,0,0.0
2026-08-12,S001,TOW1424,1,0,0,3,0,0,1,6.96
2026-08-12,S002,TOW1424,0,2,1,0,0,0,1,6.96
2026-08-12,S003,TOW1424,0,11,9,2,3,0,2,13.92
2026-08-12,S004,TOW1424,0,1,1,3,2,0,0,0.0
2026-08-12,S005,TOW1424,0,0,0,3,3,0,0,0.0
2026-08-12,S006,TOW1424,1,0,1,0,3,0,0,0.0
2026-08-12,S007,TOW1424,2,4,4,1,2,0,2,13.92
2026-08-12,S008,TOW1424,0,2,1,2,1,0,1,6.96
2026-08-12,S009,TOW1424,1,0,1,2,2,0,0,0.0
2026-08-12,S010,TOW1424,1,2,2,0,3,0,1,6.96
2026-08-12,S001,TOW1425,1,1,2,0,3,0,0,0.0
2026-08-12,S002,TOW1425,1,1,1,1,0,0,1,29.67
2026-08-12,S003,TOW1425,2,8,7,2,2,0,3,89.01
2026-08-12,S004,TOW1425,0,1,0,3,1,0,1,29.67
2026-08-12,S005,TOW1425,0,0,0,3,2,0,0,0.0
2026-08-12,S006,TOW1425,0,0,0,3,2,0,0,0.0
2026-08-12,S007,TOW1425,1,4,3,2,1,0,2,59.34
2026-08-12,S008,TOW1425,1,3,2,0,0,0,2,59.34
2026-08-12,S009,TOW1425,1,0,1,0,0,0,0,0.0
2026-08-12,S010,TOW1425,0,1,0,2,3,0,1,29.67
2026-08-12,S001,TOW1426,1,0,1,3,1,0,0,0.0
2026-08-12,S002,TOW1426,0,0,0,3,2,0,0,0.0
2026-08-12,S003,TOW1426,0,0,0,0,3,0,0,0.0
2026-08-12,S004,TOW1426,2,3,3,2,0,0,2,45.32
2026-08-12,S005,TOW1426,1,1,1,1,3,0,1,22.66
2026-08-12,S006,TOW1426,1,2,3,3,2,0,0,0.0
2026-08-12,S007,TOW1426,1,1,1,2,0,0,1,22.66
2026-08-12,S008,TOW1426,2,7,6,3,2,0,3,67.98
2026-08-12,S009,TOW1426,1,0,0,3,3,0,1,22.66
2026-08-12,S010,TOW1426,2,0,0,1,0,0,2,45.32
2026-08-12,S001,TOW1427,0,0,0,0,2,0,0,0.0
2026-08-12,S002,TOW1427,0,5,3,2,0,0,2,64.28
2026-08-12,S003,TOW1427,1,0,1,0,1,0,0,0.0
2026-08-12,S004,TOW1427,0,7,6,2,1,0,1,32.14
2026-08-12,S005,TOW1427,1,2,2,2,0,0,1,32.14
2026-08-12,S006,TOW1427,0,1,1,3,2,0,0,0.0
2026-08-12,S007,TOW1427,0,9,7,1,0,0,2,64.28
2026-08-12,S008,TOW1427,0,6,5,2,3,1,1,32.14
2026-08-12,S009,TOW1427,0,9,8,1,2,0,1,32.14
2026-08-12,S010,TOW1427,1,14,11,1,1,0,4,128.56
2026-08-12,S001,TOW1428,0,0,0,2,1,0,0,0.0
2026-08-12,S002,TOW1428,0,0,0,0,0,0,0,0.0
2026-08-12,S003,TOW1428,0,1,1,3,1,0,0,0.0
2026-08-12,S004,TOW1428,0,3,1,0,1,0,2,12.04
2026-08-12,S005,TOW1428,1,0,0,0,0,0,1,6.02
2026-08-12,S006,TOW1428,0,2,1,2,2,0,1,6.02
2026-08-12,S007,TOW1428,0,0,0,1,2,0,0,0.0
2026-08-12,S008,TOW1428,1,1,1,3,1,0,1,6.02
2026-08-12,S009,TOW1428,1,3,3,1,1,0,1,6.02
2026-08-12,S010,TOW1428,0,0,0,1,1,0,0,0.0
2026-08-12,S001,TOW1429,0,0,0,3,0,0,0,0.0
2026-08-12,S002,TOW1429,1,2,1,0,1,0,2,26.04
2026-08-12,S003,TOW1429,1,6,5,2,0,0,2,26.04
2026-08-12,S004,TOW1429,0,6,5,2,2,0,1,13.02
2026-08-12,S005,TOW1429,0,1,1,0,2,0,0,0.0
2026-08-12,S006,TOW1429,0,2,0,3,1,0,2,26.04
2026-08-12,S007,TOW1429,0,3,2,0,1,0,1,13.02
2026-08-12,S008,TOW1429,1,6,5,1,0,0,2,26.04
2026-08-12,S009,TOW1429,0,7,6,2,1,0,1,13.02
2026-08-12,S010,TOW1429,0,2,2,2,0,0,0,0.0
2026-08-12,S001,TOW1430,0,1,1,0,2,0,0,0.0
2026-08-12,S002,TOW1430,0,1,0,1,3,0,1,30.35
2026-08-12,S003,TOW1430,0,0,0,0,0,0,0,0.0
2026-08-12,S004,TOW1430,0,0,0,1,3,0,0,0.0
2026-08-12,S005,TOW1430,0,1,0,0,0,0,1,30.35
2026-08-12,S006,TOW1430,2,7,6,1,3,0,3,91.05
2026-08-12,S007,TOW1430,0,0,0,1,0,0,0,0.0
2026-08-12,S008,TOW1430,0,0,0,1,2,0,0,0.0
2026-08-12,S009,TOW1430,0,0,0,1,1,0,0,0.0
2026-08-12,S010,TOW1430,0,1,0,2,2,0,1,30.35
2026-08-12,S001,TOW1431,1,1,2,3,2,0,0,0.0
2026-08-12,S002,TOW1431,0,6,5,0,0,0,1,10.28
2026-08-12,S003,TOW1431,0,2,2,1,1,0,0,0.0
2026-08-12,S004,TOW1431,1,0,0,0,1,0,1,10.28
2026-08-12,S005,TOW1431,0,1,0,2,3,0,1,10.28
2026-08-12,S006,TOW1431,0,9,6,3,0,0,3,30.84
2026-08-12,S007,TOW1431,1,2,3,2,0,0,0,0.0
2026-08-12,S008,TOW1431,3,11,10,0,0,0,4,41.12
2026-08-12,S009,TOW1431,1,3,3,0,1,0,1,10.28
2026-08-12,S010,TOW1431,0,3,3,2,0,0,0,0.0
2026-08-12,S001,TOW1432,0,1,1,0,2,0,0,0.0
2026-08-12,S002,TOW1432,1,0,0,3,1,0,1,30.83
2026-08-12,S003,TOW1432,0,1,1,2,1,0,0,0.0
2026-08-12,S004,TOW1432,0,3,2,0,0,0,1,30.83
2026-08-12,S005,TOW1432,2,0,0,2,3,0,2,61.66
2026-08-12,S006,TOW1432,0,3,2,2,2,0,1,30.83
2026-08-12,S007,TOW1432,0,0,0,2,0,0,0,0.0
2026-08-12,S008,TOW1432,1,7,6,0,0,0,2,61.66
2026-08-12,S009,TOW1432,0,0,0,2,2,0,0,0.0
2026-08-12,S010,TOW1432,0,0,0,3,1,0,0,0.0
2026-08-12,S001,TOW1433,2,6,6,3,0,0,2,21.42
2026-08-12,S002,TOW1433,0,4,3,1,3,0,1,10.71
2026-08-12,S003,TOW1433,0,2,2,3,2,0,0,0.0
2026-08-12,S004,TOW1433,1,0,0,0,1,0,1,10.71
2026-08-12,S005,TOW1433,0,1,0,0,0,0,1,10.71
2026-08-12,S006,TOW1433,1,9,8,0,2,0,2,21.42
2026-08-12,S007,TOW1433,1,12,9,1,1,0,4,42.84
2026-08-12,S008,TOW1433,0,4,4,1,2,0,0,0.0
2026-08-12,S009,TOW1433,0,9,6,2,3,0,3,32.13
2026-08-12,S010,TOW1433,0,3,2,2,2,0,1,10.71
2026-08-12,S001,TOW1434,0,0,0,1,2,0,0,0.0
2026-08-12,S002,TOW1434,0,4,2,3,2,0,2,12.98
2026-08-12,S003,TOW1434,1,1,1,2,0,0,1,6.49
2026-08-12,S004,TOW1434,1,0,1,2,2,0,0,0.0
2026-08-12,S005,TOW1434,2,1,1,1,1,0,2,12.98
2026-08-12,S006,TOW1434,0,7,4,1,1,0,3,19.47
2026-08-12,S007,TOW1434,1,0,0,3,2,0,1,6.49
2026-08-12,S008,TOW1434,0,0,0,2,0,0,0,0.0
2026-08-12,S009,TOW1434,3,10,9,1,1,0,4,25.96
2026-08-12,S010,TOW1434,0,3,3,0,2,0,0,0.0
2026-08-12,S001,TOW1435,2,2,2,2,3,0,2,18.76
2026-08-12,S002,TOW1435,0,2,2,0,2,0,0,0.0
2026-08-12,S003,TOW1435,1,0,1,3,2,0,0,0.0
2026-08-12,S004,TOW1435,1,2,2,2,2,0,1,9.38
2026-08-12,S005,TOW1435,0,2,1,0,3,0,1,9.38
2026-08-12,S006,TOW1435,0,15,12,1,0,0,3,28.14
2026-08-12,S007,TOW1435,0,0,0,1,1,0,0,0.0
2026-08-12,S008,TOW1435,0,1,0,3,0,0,1,9.38
2026-08-12,S009,TOW1435,1,1,1,0,3,0,1,9.38
2026-08-12,S010,TOW1435,0,7,5,1,2,0,2,18.76
2026-08-12,S001,TOW1436,2,5,5,2,1,0,2,65.26
2026-08-12,S002,TOW1436,0,1,0,2,1,0,1,32.63
2026-08-12,S003,TOW1436,0,1,1,0,3,0,0,0.0
2026-08-12,S004,TOW1436,1,5,4,1,1,0,2,65.26
2026-08-12,S005,TOW1436,1,1,2,2,1,0,0,0.0
2026-08-12,S006,TOW1436,0,13,9,2,1,0,4,130.52
2026-08-12,S007,TOW1436,0,3,3,3,0,0,0,0.0
2026-08-12,S008,TOW1436,1,3,3,0,3,0,1,32.63
2026-08-12,S009,TOW1436,2,5,5,2,0,0,2,65.26
2026-08-12,S010,TOW1436,0,1,0,0,0,0,1,32.63
2026-08-12,S001,TOW1437,1,0,0,0,1,0,1,15.71
2026-08-12,S002,TOW1437,1,0,0,3,3,0,1,15.71
2026-08-12,S003,TOW1437,0,2,1,1,2,0,1,15.71
2026-08-12,S004,TOW1437,0,0,0,1,2,0,0,0.0
2026-08-12,S005,TOW1437,2,3,3,2,3,0,2,31.42
2026-08-12,S006,TOW1437,1,4,5,3,2,0,0,0.0
2026-08-12,S007,TOW1437,0,1,1,0,2,0,0,0.0
2026-08-12,S008,TOW1437,1,1,1,0,3,0,1,15.71
2026-08-12,S009,TOW1437,0,2,2,3,0,0,0,0.0
2026-08-12,S010,TOW1437,0,0,0,3,3,0,0,0.0
2026-08-12,S001,TOW1438,0,6,4,0,3,0,2,58.6
2026-08-12,S002,TOW1438,1,1,1,1,3,0,1,29.3
2026-08-12,S003,TOW1438,0,3,1,2,1,0,2,58.6
2026-08-12,S004,TOW1438,1,9,7,3,0,0,3,87.9
2026-08-12,S005,TOW1438,1,1,1,3,2,0,1,29.3
2026-08-12,S006,TOW1438,1,4,3,3,1,0,2,58.6
2026-08-12,S007,TOW1438,2,8,6,2,1,0,4,117.2
2026-08-12,S008,TOW1438,1,5,4,1,2,0,2,58.6
2026-08-12,S009,TOW1438,1,3,3,1,0,0,1,29.3
2026-08-12,S010,TOW1438,2,7,7,2,3,0,2,58.6
2026-08-12,S001,TOW1439,1,2,2,1,2,1,1,14.21
2026-08-12,S002,TOW1439,0,1,1,2,1,0,0,0.0
2026-08-12,S003,TOW1439,1,4,3,3,2,1,2,28.42
2026-08-12,S004,TOW1439,1,6,5,0,0,0,2,28.42
2026-08-12,S005,TOW1439,0,0,0,1,0,0,0,0.0
2026-08-12,S006,TOW1439,1,9,8,0,2,0,2,28.42
2026-08-12,S007,TOW1439,2,1,1,1,2,0,2,28.42
2026-08-12,S008,TOW1439,1,0,1,0,3,0,0,0.0
2026-08-12,S009,TOW1439,1,1,2,2,3,0,0,0.0
2026-08-12,S010,TOW1439,1,1,1,2,0,0,1,14.21
2026-08-12,S001,TOW1440,0,0,0,2,1,0,0,0.0
2026-08-12,S002,TOW1440,0,1,0,2,2,0,1,37.21
2026-08-12,S003,TOW1440,0,0,0,1,0,0,0,0.0
2026-08-12,S004,TOW1440,0,3,2,3,2,0,1,37.21
2026-08-12,S005,TOW1440,0,2,2,1,3,0,0,0.0
2026-08-12,S006,TOW1440,2,3,3,2,3,0,2,74.42
2026-08-12,S007,TOW1440,0,0,0,2,2,0,0,0.0
2026-08-12,S008,TOW1440,0,0,0,3,1,0,0,0.0
2026-08-12,S009,TOW1440,0,0,0,0,2,0,0,0.0
2026-08-12,S010,TOW1440,1,0,1,2,3,0,0,0.0
2026-08-12,S001,TOW1441,1,0,0,2,3,0,1,25.37
2026-08-12,S002,TOW1441,0,0,0,2,2,0,0,0.0
2026-08-12,S003,TOW1441,0,0,0,1,0,0,0,0.0
2026-08-12,S004,TOW1441,1,2,2,3,3,0,1,25.37
2026-08-12,S005,TOW1441,0,0,0,1,0,0,0,0.0
2026-08-12,S006,TOW1441,0,0,0,0,1,0,0,0.0
2026-08-12,S007,TOW1441,1,4,4,1,2,0,1,25.37
2026-08-12,S008,TOW1441,0,0,0,2,2,0,0,0.0
2026-08-12,S009,TOW1441,1,0,0,3,2,0,1,25.37
2026-08-12,S010,TOW1441,1,0,0,3,0,0,1,25.37
2026-08-12,S001,TOW1442,0,1,1,1,1,0,0,0.0
2026-08-12,S002,TOW1442,0,0,0,2,1,0,0,0.0
2026-08-12,S003,TOW1442,0,4,3,3,1,0,1,16.25
2026-08-12,S004,TOW1442,0,0,0,3,0,0,0,0.0
2026-08-12,S005,TOW1442,0,0,0,2,3,0,0,0.0
2026-08-12,S006,TOW1442,1,1,1,0,3,0,1,16.25
2026-08-12,S007,TOW1442,1,3,3,1,3,0,1,16.25
2026-08-12,S008,TOW1442,0,3,2,2,3,0,1,16.25
2026-08-12,S009,TOW1442,1,0,1,1,3,0,0,0.0
2026-08-12,S010,TOW1442,0,1,0,3,2,0,1,16.25
2026-08-12,S001,TOW1443,0,0,0,0,2,0,0,0.0
2026-08-12,S002,TOW1443,0,0,0,0,0,0,0,0.0
2026-08-12,S003,TOW1443,1,7,5,0,3,0,3,33.96
2026-08-12,S004,TOW1443,0,0,0,0,3,0,0,0.0
2026-08-12,S005,TOW1443,0,0,0,2,3,0,0,0.0
2026-08-12,S006,TOW1443,1,6,4,3,3,0,3,33.96
2026-08-12,S007,TOW1443,0,0,0,3,2,0,0,0.0
2026-08-12,S008,TOW1443,0,6,5,2,0,0,1,11.32
2026-08-12,S009,TOW1443,0,0,0,0,2,0,0,0.0
2026-08-12,S010,TOW1443,1,3,4,2,3,0,0,0.0
2026-08-12,S001,TOW1444,0,1,1,2,2,0,0,0.0
2026-08-12,S002,TOW1444,0,4,3,2,1,0,1,12.22
2026-08-12,S003,TOW1444,0,2,1,1,0,0,1,12.22
2026-08-12,S004,TOW1444,0,5,4,2,2,0,1,12.22
2026-08-12,S005,TOW1444,1,0,0,3,0,0,1,12.22
2026-08-12,S006,TOW1444,1,3,3,0,0,0,1,12.22
2026-08-12,S007,TOW1444,0,0,0,0,3,0,0,0.0
2026-08-12,S008,TOW1444,1,0,0,2,2,0,1,12.22
2026-08-12,S009,TOW1444,1,0,0,3,3,0,1,12.22
2026-08-12,S010,TOW1444,0,0,0,3,1,0,0,0.0
2026-08-12,S001,TOW1445,0,3,2,2,3,0,1,5.72
2026-08-12,S002,TOW1445,0,1,1,2,3,0,0,0.0
2026-08-12,S003,TOW1445,1,2,1,0,0,0,2,11.44
2026-08-12,S004,TOW1445,0,9,7,3,3,0,2,11.44
2026-08-12,S005,TOW1445,0,0,0,2,1,0,0,0.0
2026-08-12,S006,TOW1445,0,6,4,3,1,0,2,11.44
2026-08-12,S007,TOW1445,1,2,1,1,3,0,2,11.44
2026-08-12,S008,TOW1445,1,7,5,3,0,0,3,17.16
2026-08-12,S009,TOW1445,0,1,1,2,2,1,0,0.0
2026-08-12,S010,TOW1445,1,1,1,3,1,0,1,5.72
2026-08-12,S001,TOW1446,0,1,0,0,3,0,1,16.47
2026-08-12,S002,TOW1446,1,0,0,3,3,0,1,16.47
2026-08-12,S003,TOW1446,1,1,0,3,0,0,2,32.94
2026-08-12,S004,TOW1446,0,1,0,1,1,1,1,16.47
2026-08-12,S005,TOW1446,0,1,0,1,1,0,1,16.47
2026-08-12,S006,TOW1446,1,7,6,2,1,0,2,32.94
2026-08-12,S007,TOW1446,0,0,0,3,1,0,0,0.0
2026-08-12,S008,TOW1446,1,2,2,2,0,1,1,16.47
2026-08-12,S009,TOW1446,0,5,3,0,0,0,2,32.94
2026-08-12,S010,TOW1446,0,1,1,2,0,0,0,0.0
2026-08-12,S001,TOW1447,0,0,0,3,0,0,0,0.0
2026-08-12,S002,TOW1447,0,0,0,1,0,0,0,0.0
2026-08-12,S003,TOW1447,0,0,0,2,0,0,0,0.0
2026-08-12,S004,TOW1447,2,3,3,2,0,0,2,36.32
2026-08-12,S005,TOW1447,0,0,0,0,2,0,0,0.0
2026-08-12,S006,TOW1447,0,7,5,3,3,0,2,36.32
2026-08-12,S007,TOW1447,0,1,0,3,2,0,1,18.16
2026-08-12,S008,TOW1447,1,1,1,3,2,0,1,18.16
2026-08-12,S009,TOW1447,0,0,0,0,3,1,0,0.0
2026-08-12,S010,TOW1447,0,1,0,1,3,0,1,18.16
2026-08-12,S001,TOW1448,0,0,0,3,1,0,0,0.0
2026-08-12,S002,TOW1448,0,8,7,1,0,0,1,6.36
2026-08-12,S003,TOW1448,0,2,0,0,0,0,2,12.72
2026-08-12,S004,TOW1448,0,1,0,1,1,0,1,6.36
2026-08-12,S005,TOW1448,1,1,1,1,3,0,1,6.36
2026-08-12,S006,TOW1448,0,2,2,0,2,1,0,0.0
2026-08-12,S007,TOW1448,2,5,5,0,0,0,2,12.72
2026-08-12,S008,TOW1448,0,2,2,3,2,0,0,0.0
2026-08-12,S009,TOW1448,1,7,6,0,1,0,2,12.72
2026-08-12,S010,TOW1448,0,4,3,3,2,0,1,6.36
2026-08-12,S001,TOW1449,1,1,0,3,2,0,2,26.94
2026-08-12,S002,TOW1449,1,0,1,0,1,0,0,0.0
2026-08-12,S003,TOW1449,0,2,1,0,0,0,1,13.47
2026-08-12,S004,TOW1449,1,0,1,1,0,0,0,0.0
2026-08-12,S005,TOW1449,0,4,2,0,1,0,2,26.94
2026-08-12,S006,TOW1449,0,4,3,0,2,0,1,13.47
2026-08-12,S007,TOW1449,0,4,3,2,2,0,1,13.47
2026-08-12,S008,TOW1449,1,0,0,3,2,0,1,13.47
2026-08-12,S009,TOW1449,1,3,3,2,1,0,1,13.47
2026-08-12,S010,TOW1449,0,2,0,1,3,0,2,26.94
2026-08-12,S001,TOW1450,2,0,0,3,3,0,2,28.26
2026-08-12,S002,TOW1450,2,6,5,3,3,0,3,42.39
2026-08-12,S003,TOW1450,1,0,0,3,1,0,1,14.13
2026-08-12,S004,TOW1450,1,3,4,0,1,0,0,0.0
2026-08-12,S005,TOW1450,0,1,0,3,3,0,1,14.13
2026-08-12,S006,TOW1450,0,4,3,3,1,0,1,14.13
2026-08-12,S007,TOW1450,0,1,1,2,2,0,0,0.0
2026-08-12,S008,TOW1450,1,3,3,2,0,0,1,14.13
2026-08-12,S009,TOW1450,1,2,3,1,3,0,0,0.0
2026-08-12,S010,TOW1450,1,1,1,0,3,0,1,14.13
2026-08-12,S001,TOW1451,0,0,0,1,0,0,0,0.0
2026-08-12,S002,TOW1451,1,1,0,1,0,0,2,44.08
2026-08-12,S003,TOW1451,0,6,5,1,2,0,1,22.04
2026-08-12,S004,TOW1451,0,0,0,2,0,0,0,0.0
2026-08-12,S005,TOW1451,0,3,3,1,3,0,0,0.0
2026-08-12,S006,TOW1451,1,3,3,1,3,0,1,22.04
2026-08-12,S007,TOW1451,0,3,2,3,3,0,1,22.04
2026-08-12,S008,TOW1451,0,4,2,1,0,0,2,44.08
2026-08-12,S009,TOW1451,1,4,3,3,3,0,2,44.08
2026-08-12,S010,TOW1451,0,0,0,1,0,0,0,0.0
2026-08-12,S001,TOW1452,0,5,4,0,0,0,1,14.11
2026-08-12,S002,TOW1452,0,3,3,1,0,0,0,0.0
2026-08-12,S003,TOW1452,0,0,0,2,1,0,0,0.0
2026-08-12,S004,TOW1452,0,3,2,1,2,0,1,14.11
2026-08-12,S005,TOW1452,0,1,1,2,0,0,0,0.0
2026-08-12,S006,TOW1452,1,6,5,3,2,0,2,28.22
2026-08-12,S007,TOW1452,0,3,2,2,3,0,1,14.11
2026-08-12,S008,TOW1452,1,9,8,1,2,0,2,28.22
2026-08-12,S009,TOW1452,0,2,2,2,3,0,0,0.0
2026-08-12,S010,TOW1452,0,1,1,0,2,0,0,0.0
2026-08-12,S001,TOW1453,0,3,1,1,1,0,2,36.5
2026-08-12,S002,TOW1453,0,2,1,2,3,0,1,18.25
2026-08-12,S003,TOW1453,0,6,5,0,3,0,1,18.25
2026-08-12,S004,TOW1453,1,0,1,3,1,0,0,0.0
2026-08-12,S005,TOW1453,0,0,0,2,0,0,0,0.0
2026-08-12,S006,TOW1453,0,1,1,1,2,0,0,0.0
2026-08-12,S007,TOW1453,1,2,2,2,1,0,1,18.25
2026-08-12,S008,TOW1453,0,0,0,1,0,0,0,0.0
2026-08-12,S009,TOW1453,1,1,1,0,2,0,1,18.25
2026-08-12,S010,TOW1453,3,8,7,1,1,0,4,73.0
2026-08-12,S001,TOW1454,2,0,0,1,2,0,2,41.86
2026-08-12,S002,TOW1454,0,9,6,3,0,0,3,62.79
2026-08-12,S003,TOW1454,2,4,4,3,1,0,2,41.86
2026-08-12,S004,TOW1454,0,0,0,1,1,0,0,0.0
2026-08-12,S005,TOW1454,0,1,1,3,3,0,0,0.0
2026-08-12,S006,TOW1454,0,9,6,1,3,0,3,62.79
2026-08-12,S007,TOW1454,1,6,6,3,3,0,1,20.93
2026-08-12,S008,TOW1454,2,4,4,0,3,0,2,41.86
2026-08-12,S009,TOW1454,0,10,7,0,2,0,3,62.79
2026-08-12,S010,TOW1454,0,8,5,1,1,0,3,62.79
2026-08-12,S001,TOW1455,1,3,3,3,1,0,1,25.74
2026-08-12,S002,TOW1455,1,3,2,1,0,0,2,51.48
2026-08-12,S003,TOW1455,0,3,2,0,3,0,1,25.74
2026-08-12,S004,TOW1455,0,1,0,0,0,0,1,25.74
2026-08-12,S005,TOW1455,0,2,0,0,1,0,2,51.48
2026-08-12,S006,TOW1455,0,1,0,2,3,0,1,25.74
2026-08-12,S007,TOW1455,2,4,4,1,0,0,2,51.48
2026-08-12,S008,TOW1455,2,7,6,0,2,0,3,77.22
2026-08-12,S009,TOW1455,0,1,1,1,3,0,0,0.0
2026-08-12,S010,TOW1455,0,0,0,0,3,0,0,0.0
2026-08-12,S001,TOW1456,0,0,0,3,0,0,0,0.0
2026-08-12,S002,TOW1456,0,0,0,3,2,0,0,0.0
2026-08-12,S003,TOW1456,0,0,0,0,0,0,0,0.0
2026-08-12,S004,TOW1456,0,0,0,1,0,0,0,0.0
2026-08-12,S005,TOW1456,0,0,0,2,1,0,0,0.0
2026-08-12,S006,TOW1456,0,0,0,3,1,0,0,0.0
2026-08-12,S007,TOW1456,0,0,0,2,3,0,0,0.0
2026-08-12,S008,TOW1456,0,1,0,0,0,0,1,28.92
2026-08-12,S009,TOW1456,0,0,0,1,1,0,0,0.0
2026-08-12,S010,TOW1456,2,3,3,2,3,0,2,57.84
2026-08-12,S001,TOW1457,1,2,3,3,0,0,0,0.0
2026-08-12,S002,TOW1457,0,2,0,1,0,0,2,40.02
2026-08-12,S003,TOW1457,1,2,2,1,0,0,1,20.01
2026-08-12,S004,TOW1457,0,1,1,2,0,0,0,0.0
2026-08-12,S005,TOW1457,1,1,1,3,2,0,1,20.01
2026-08-12,S006,TOW1457,1,4,4,3,3,0,1,20.01
2026-08-12,S007,TOW1457,1,1,1,0,1,0,1,20.01
2026-08-12,S008,TOW1457,0,4,3,0,0,0,1,20.01
2026-08-12,S009,TOW1457,1,3,3,1,2,0,1,20.01
2026-08-12,S010,TOW1457,0,2,2,0,1,0,0,0.0
2026-08-12,S001,TOW1458,1,0,1,0,1,0,0,0.0
2026-08-12,S002,TOW1458,0,0,0,3,0,0,0,0.0
2026-08-12,S003,TOW1458,0,1,0,2,0,0,1,10.89
2026-08-12,S004,TOW1458,0,1,0,2,3,0,1,10.89
2026-08-12,S005,TOW1458,0,0,0,0,2,0,0,0.0
2026-08-12,S006,TOW1458,0,3,2,0,3,0,1,10.89
2026-08-12,S007,TOW1458,1,2,1,0,3,0,2,21.78
2026-08-12,S008,TOW1458,0,6,4,0,1,0,2,21.78
2026-08-12,S009,TOW1458,2,5,5,1,3,0,2,21.78
2026-08-12,S010,TOW1458,0,0,0,1,1,0,0,0.0
2026-08-12,S001,TOW1459,1,1,2,1,3,0,0,0.0
2026-08-12,S002,TOW1459,1,1,1,0,0,0,1,32.4
2026-08-12,S003,TOW1459,0,1,1,2,2,0,0,0.0
2026-08-12,S004,TOW1459,0,0,0,2,2,0,0,0.0
2026-08-12,S005,TOW1459,0,0,0,2,0,0,0,0.0
2026-08-12,S006,TOW1459,1,5,5,1,1,0,1,32.4
2026-08-12,S007,TOW1459,1,4,3,3,2,0,2,64.8
2026-08-12,S008,TOW1459,1,1,0,1,2,0,2,64.8
2026-08-12,S009,TOW1459,0,0,0,0,1,0,0,0.0
2026-08-12,S010,TOW1459,0,1,1,1,2,0,0,0.0
2026-08-12,S001,TOW1460,2,6,6,1,1,0,2,76.76
2026-08-12,S002,TOW1460,0,4,3,1,1,0,1,38.38
2026-08-12,S003,TOW1460,0,1,1,0,0,0,0,0.0
2026-08-12,S004,TOW1460,1,0,0,2,2,0,1,38.38
2026-08-12,S005,TOW1460,0,1,0,3,1,0,1,38.38
2026-08-12,S006,TOW1460,1,3,2,2,3,0,2,76.76
2026-08-12,S007,TOW1460,2,7,7,2,3,0,2,76.76
2026-08-12,S008,TOW1460,0,1,0,0,0,0,1,38.38
2026-08-12,S009,TOW1460,0,1,0,0,0,0,1,38.38
2026-08-12,S010,TOW1460,0,0,0,3,2,0,0,0.0
2026-08-12,S001,TOW1461,0,0,0,2,1,0,0,0.0
2026-08-12,S002,TOW1461,0,0,0,3,1,0,0,0.0
2026-08-12,S003,TOW1461,0,0,0,2,2,0,0,0.0
2026-08-12,S004,TOW1461,0,1,0,0,2,0,1,6.43
2026-08-12,S005,TOW1461,2,3,3,0,2,0,2,12.86
2026-08-12,S006,TOW1461,2,6,4,0,1,0,4,25.72
2026-08-12,S007,TOW1461,0,0,0,3,3,0,0,0.0
2026-08-12,S008,TOW1461,1,0,1,0,2,0,0,0.0
2026-08-12,S009,TOW1461,0,1,1,0,1,0,0,0.0
2026-08-12,S010,TOW1461,1,0,1,2,1,0,0,0.0
2026-08-12,S001,TOW1462,0,1,0,2,1,0,1,25.09
2026-08-12,S002,TOW1462,1,3,3,0,1,0,1,25.09
2026-08-12,S003,TOW1462,0,2,1,2,0,0,1,25.09
2026-08-12,S004,TOW1462,0,4,3,0,3,0,1,25.09
2026-08-12,S005,TOW1462,0,10,7,0,2,0,3,75.27
2026-08-12,S006,TOW1462,1,0,0,1,3,0,1,25.09
2026-08-12,S007,TOW1462,1,5,5,3,1,0,1,25.09
2026-08-12,S008,TOW1462,0,5,4,1,1,0,1,25.09
2026-08-12,S009,TOW1462,1,0,1,0,1,0,0,0.0
2026-08-12,S010,TOW1462,1,1,0,3,1,0,2,50.18
2026-08-12,S001,TOW1463,1,0,1,2,2,0,0,0.0
2026-08-12,S002,TOW1463,1,2,3,2,1,0,0,0.0
2026-08-12,S003,TOW1463,0,0,0,2,1,0,0,0.0
2026-08-12,S004,TOW1463,0,1,1,2,1,0,0,0.0
2026-08-12,S005,TOW1463,0,2,1,1,1,0,1,27.94
2026-08-12,S006,TOW1463,0,1,1,0,0,0,0,0.0
2026-08-12,S007,TOW1463,2,15,11,2,1,0,6,167.64
2026-08-12,S008,TOW1463,1,6,5,2,3,0,2,55.88
2026-08-12,S009,TOW1463,1,11,9,3,2,0,3,83.82
2026-08-12,S010,TOW1463,1,4,3,1,3,0,2,55.88
2026-08-12,S001,TOW1464,0,0,0,3,2,0,0,0.0
2026-08-12,S002,TOW1464,2,2,2,0,1,0,2,53.06
2026-08-12,S003,TOW1464,1,0,1,3,3,0,0,0.0
2026-08-12,S004,TOW1464,0,2,1,1,3,0,1,26.53
2026-08-12,S005,TOW1464,0,0,0,0,3,0,0,0.0
2026-08-12,S006,TOW1464,1,5,4,2,2,0,2,53.06
2026-08-12,S007,TOW1464,0,2,2,0,0,0,0,0.0
2026-08-12,S008,TOW1464,1,1,1,3,1,0,1,26.53
2026-08-12,S009,TOW1464,1,0,0,2,2,0,1,26.53
2026-08-12,S010,TOW1464,0,0,0,0,3,1,0,0.0
2026-08-12,S001,TOW1465,1,0,0,3,2,0,1,13.54
2026-08-12,S002,TOW1465,1,0,0,2,0,0,1,13.54
2026-08-12,S003,TOW1465,0,0,0,1,2,0,0,0.0
2026-08-12,S004,TOW1465,1,1,2,0,3,0,0,0.0
2026-08-12,S005,TOW1465,2,4,4,1,0,0,2,27.08
2026-08-12,S006,TOW1465,2,3,3,1,2,0,2,27.08
2026-08-12,S007,TOW1465,0,3,2,1,2,0,1,13.54
2026-08-12,S008,TOW1465,2,0,0,0,0,0,2,27.08
2026-08-12,S009,TOW1465,0,0,0,1,3,0,0,0.0
2026-08-12,S010,TOW1465,0,0,0,3,1,0,0,0.0
2026-08-12,S001,TOW1466,0,0,0,3,0,0,0,0.0
2026-08-12,S002,TOW1466,1,1,1,1,3,0,1,15.05
2026-08-12,S003,TOW1466,0,1,0,2,2,0,1,15.05
2026-08-12,S004,TOW1466,1,0,0,1,0,0,1,15.05
2026-08-12,S005,TOW1466,1,9,7,3,2,0,3,45.15
2026-08-12,S006,TOW1466,0,0,0,3,1,0,0,0.0
2026-08-12,S007,TOW1466,0,5,5,2,1,0,0,0.0
2026-08-12,S008,TOW1466,0,1,0,0,0,0,1,15.05
2026-08-12,S009,TOW1466,0,0,0,2,2,0,0,0.0
2026-08-12,S010,TOW1466,1,3,2,0,2,1,2,30.1
2026-08-12,S001,TOW1467,1,0,1,3,3,0,0,0.0
2026-08-12,S002,TOW1467,3,8,7,1,0,0,4,107.84
2026-08-12,S003,TOW1467,1,0,0,0,0,0,1,26.96
2026-08-12,S004,TOW1467,0,0,0,0,3,0,0,0.0
2026-08-12,S005,TOW1467,1,4,5,0,1,1,0,0.0
2026-08-12,S006,TOW1467,1,6,5,2,1,0,2,53.92
2026-08-12,S007,TOW1467,1,1,1,2,2,0,1,26.96
2026-08-12,S008,TOW1467,1,2,2,3,0,0,1,26.96
2026-08-12,S009,TOW1467,1,4,3,2,3,0,2,53.92
2026-08-12,S010,TOW1467,1,0,0,1,1,0,1,26.96
2026-08-12,S001,TOW1468,0,0,0,0,0,0,0,0.0
2026-08-12,S002,TOW1468,1,1,0,1,2,0,2,21.12
2026-08-12,S003,TOW1468,1,2,2,1,0,0,1,10.56
2026-08-12,S004,TOW1468,0,1,0,2,1,0,1,10.56
2026-08-12,S005,TOW1468,0,4,3,0,1,0,1,10.56
2026-08-12,S006,TOW1468,1,7,7,0,0,0,1,10.56
2026-08-12,S007,TOW1468,1,2,2,3,0,0,1,10.56
2026-08-12,S008,TOW1468,1,8,7,2,0,0,2,21.12
2026-08-12,S009,TOW1468,0,3,2,2,3,0,1,10.56
2026-08-12,S010,TOW1468,0,3,3,2,0,0,0,0.0
2026-08-12,S001,TOW1469,1,3,3,0,3,0,1,14.3
2026-08-12,S002,TOW1469,0,2,1,3,0,0,1,14.3
2026-08-12,S003,TOW1469,1,0,0,2,1,1,1,14.3
2026-08-12,S004,TOW1469,0,0,0,0,1,0,0,0.0
2026-08-12,S005,TOW1469,2,7,7,0,1,0,2,28.6
2026-08-12,S006,TOW1469,0,5,3,1,1,0,2,28.6
2026-08-12,S007,TOW1469,1,0,1,2,2,0,0,0.0
2026-08-12,S008,TOW1469,0,0,0,1,1,0,0,0.0
2026-08-12,S009,TOW1469,0,5,4,0,1,0,1,14.3
2026-08-12,S010,TOW1469,0,12,9,3,3,0,3,42.9
2026-08-12,S001,TOW1470,0,0,0,1,0,0,0,0.0
2026-08-12,S002,TOW1470,1,0,0,2,0,0,1,33.25
2026-08-12,S003,TOW1470,1,0,0,3,0,0,1,33.25
2026-08-12,S004,TOW1470,0,1,1,1,1,0,0,0.0
2026-08-12,S005,TOW1470,0,0,0,1,1,0,0,0.0
2026-08-12,S006,TOW1470,1,3,2,1,3,0,2,66.5
2026-08-12,S007,TOW1470,1,4,4,1,3,0,1,33.25
2026-08-12,S008,TOW1470,1,0,0,2,0,0,1,33.25
2026-08-12,S009,TOW1470,0,1,0,2,1,0,1,33.25
2026-08-12,S010,TOW1470,0,0,0,1,2,0,0,0.0
2026-08-12,S001,TOW1471,1,1,1,2,0,0,1,15.99
2026-08-12,S002,TOW1471,0,4,3,0,0,0,1,15.99
2026-08-12,S003,TOW1471,1,4,3,2,3,0,2,31.98
2026-08-12,S004,TOW1471,1,0,1,1,1,0,0,0.0
2026-08-12,S005,TOW1471,0,0,0,0,1,0,0,0.0
2026-08-12,S006,TOW1471,0,7,5,0,0,0,2,31.98
2026-08-12,S007,TOW1471,1,0,0,2,0,0,1,15.99
2026-08-12,S008,TOW1471,1,10,8,0,3,0,3,47.97
2026-08-12,S009,TOW1471,1,1,1,2,0,0,1,15.99
2026-08-12,S010,TOW1471,1,2,2,0,0,0,1,15.99
2026-08-12,S001,TOW1472,1,0,0,2,2,0,1,19.01
2026-08-12,S002,TOW1472,0,3,3,0,2,0,0,0.0
2026-08-12,S003,TOW1472,0,1,1,3,3,0,0,0.0
2026-08-12,S004,TOW1472,1,2,3,3,2,0,0,0.0
2026-08-12,S005,TOW1472,1,1,1,2,0,0,1,19.01
2026-08-12,S006,TOW1472,1,0,0,3,3,0,1,19.01
2026-08-12,S007,TOW1472,1,6,6,0,1,0,1,19.01
2026-08-12,S008,TOW1472,0,5,5,0,2,0,0,0.0
2026-08-12,S009,TOW1472,0,2,2,2,0,0,0,0.0
2026-08-12,S010,TOW1472,1,2,3,2,2,0,0,0.0
2026-08-12,S001,TOW1473,0,4,3,2,3,0,1,18.15
2026-08-12,S002,TOW1473,2,8,8,2,1,0,2,36.3
2026-08-12,S003,TOW1473,0,1,1,2,1,0,0,0.0
2026-08-12,S004,TOW1473,0,3,3,3,2,0,0,0.0
2026-08-12,S005,TOW1473,0,8,5,0,2,0,3,54.45
2026-08-12,S006,TOW1473,2,10,8,3,2,0,4,72.6
2026-08-12,S007,TOW1473,3,15,12,1,2,0,6,108.9
2026-08-12,S008,TOW1473,1,0,1,0,2,0,0,0.0
2026-08-12,S009,TOW1473,1,3,3,3,3,0,1,18.15
2026-08-12,S010,TOW1473,0,2,2,2,2,0,0,0.0
2026-08-12,S001,TOW1474,0,3,2,1,2,0,1,36.0
2026-08-12,S002,TOW1474,2,4,3,2,1,0,3,108.0
2026-08-12,S003,TOW1474,1,0,1,3,1,0,0,0.0
2026-08-12,S004,TOW1474,0,2,1,0,1,0,1,36.0
2026-08-12,S005,TOW1474,0,5,4,0,0,0,1,36.0
2026-08-12,S006,TOW1474,0,1,1,3,3,0,0,0.0
2026-08-12,S007,TOW1474,1,1,2,1,3,1,0,0.0
2026-08-12,S008,TOW1474,1,1,1,3,2,1,1,36.0
2026-08-12,S009,TOW1474,1,2,2,1,3,0,1,36.0
2026-08-12,S010,TOW1474,1,2,2,3,2,0,1,36.0
2026-08-12,S001,TOW1475,1,0,1,3,3,0,0,0.0
2026-08-12,S002,TOW1475,2,2,2,1,3,0,2,51.6
2026-08-12,S003,TOW1475,0,0,0,2,1,0,0,0.0
2026-08-12,S004,TOW1475,1,0,0,0,3,0,1,25.8
2026-08-12,S005,TOW1475,0,3,3,1,0,0,0,0.0
2026-08-12,S006,TOW1475,1,2,2,0,0,0,1,25.8
2026-08-12,S007,TOW1475,2,2,2,3,1,0,2,51.6
2026-08-12,S008,TOW1475,0,0,0,0,0,0,0,0.0
2026-08-12,S009,TOW1475,2,5,5,1,3,0,2,51.6
2026-08-12,S010,TOW1475,0,0,0,3,3,0,0,0.0
2026-08-12,S001,TOW1476,0,3,1,2,1,0,2,11.98
2026-08-12,S002,TOW1476,0,4,3,3,1,0,1,5.99
2026-08-12,S003,TOW1476,1,4,3,3,2,0,2,11.98
2026-08-12,S004,TOW1476,0,0,0,1,3,0,0,0.0
2026-08-12,S005,TOW1476,1,8,6,1,0,0,3,17.97
2026-08-12,S006,TOW1476,0,7,4,0,2,0,3,17.97
2026-08-12,S007,TOW1476,0,5,4,1,0,0,1,5.99
2026-08-12,S008,TOW1476,1,3,3,1,1,0,1,5.99
2026-08-12,S009,TOW1476,1,1,0,2,3,0,2,11.98
2026-08-12,S010,TOW1476,2,6,6,0,1,0,2,11.98
2026-08-12,S001,TOW1477,0,0,0,1,1,0,0,0.0
2026-08-12,S002,TOW1477,0,2,2,2,3,0,0,0.0
2026-08-12,S003,TOW1477,1,0,0,3,0,0,1,28.0
2026-08-12,S004,TOW1477,0,0,0,3,2,0,0,0.0
2026-08-12,S005,TOW1477,0,0,0,1,3,0,0,0.0
2026-08-12,S006,TOW1477,1,12,8,1,0,0,5,140.0
2026-08-12,S007,TOW1477,1,0,0,0,0,0,1,28.0
2026-08-12,S008,TOW1477,1,3,3,1,1,0,1,28.0
2026-08-12,S009,TOW1477,0,3,2,1,1,0,1,28.0
2026-08-12,S010,TOW1477,1,0,1,2,3,0,0,0.0
2026-08-12,S001,TOW1478,0,0,0,3,0,0,0,0.0
2026-08-12,S002,TOW1478,2,1,1,3,3,0,2,14.08
2026-08-12,S003,TOW1478,0,0,0,2,1,0,0,0.0
2026-08-12,S004,TOW1478,0,0,0,1,2,0,0,0.0
2026-08-12,S005,TOW1478,2,5,5,3,2,0,2,14.08
2026-08-12,S006,TOW1478,0,7,6,1,0,0,1,7.04
2026-08-12,S007,TOW1478,0,1,0,1,0,0,1,7.04
2026-08-12,S008,TOW1478,2,7,7,0,0,0,2,14.08
2026-08-12,S009,TOW1478,1,0,1,2,0,0,0,0.0
2026-08-12,S010,TOW1478,0,0,0,2,1,0,0,0.0
2026-08-12,S001,TOW1479,1,0,0,2,1,0,1,14.81
2026-08-12,S002,TOW1479,0,0,0,3,1,0,0,0.0
2026-08-12,S003,TOW1479,0,1,0,2,1,0,1,14.81
2026-08-12,S004,TOW1479,1,8,7,3,3,0,2,29.62
2026-08-12,S005,TOW1479,1,1,2,1,1,0,0,0.0
2026-08-12,S006,TOW1479,2,3,3,3,1,0,2,29.62
2026-08-12,S007,TOW1479,0,1,0,1,0,0,1,14.81
2026-08-12,S008,TOW1479,1,6,5,3,3,0,2,29.62
2026-08-12,S009,TOW1479,1,0,0,3,1,0,1,14.81
2026-08-12,S010,TOW1479,1,0,1,0,0,0,0,0.0
2026-08-12,S001,TOW1480,0,3,3,0,1,0,0,0.0
2026-08-12,S002,TOW1480,0,1,1,1,3,0,0,0.0
2026-08-12,S003,TOW1480,0,0,0,3,2,0,0,0.0
2026-08-12,S004,TOW1480,0,0,0,0,3,0,0,0.0
2026-08-12,S005,TOW1480,1,0,1,2,3,0,0,0.0
2026-08-12,S006,TOW1480,1,8,6,0,2,0,3,32.07
2026-08-12,S007,TOW1480,1,1,2,1,1,0,0,0.0
2026-08-12,S008,TOW1480,0,2,1,1,1,0,1,10.69
2026-08-12,S009,TOW1480,0,0,0,2,3,0,0,0.0
2026-08-12,S010,TOW1480,0,2,1,2,0,0,1,10.69
2026-08-12,S001,TOW1481,0,2,2,1,2,0,0,0.0
2026-08-12,S002,TOW1481,0,1,0,2,0,0,1,12.19
2026-08-12,S003,TOW1481,0,0,0,1,3,0,0,0.0
2026-08-12,S004,TOW1481,0,4,3,3,0,1,1,12.19
2026-08-12,S005,TOW1481,1,2,2,3,1,0,1,12.19
2026-08-12,S006,TOW1481,0,2,1,1,0,0,1,12.19
2026-08-12,S007,TOW1481,0,1,1,3,3,0,0,0.0
2026-08-12,S008,TOW1481,0,1,0,3,1,0,1,12.19
2026-08-12,S009,TOW1481,1,0,1,3,1,0,0,0.0
2026-08-12,S010,TOW1481,0,0,0,2,2,0,0,0.0
2026-08-12,S001,TOW1482,0,1,1,0,0,0,0,0.0
2026-08-12,S002,TOW1482,1,3,2,1,2,0,2,50.86
2026-08-12,S003,TOW1482,2,0,0,2,0,0,2,50.86
2026-08-12,S004,TOW1482,0,0,0,2,3,0,0,0.0
2026-08-12,S005,TOW1482,0,0,0,1,2,0,0,0.0
2026-08-12,S006,TOW1482,1,3,3,0,2,0,1,25.43
2026-08-12,S007,TOW1482,0,1,0,0,2,0,1,25.43
2026-08-12,S008,TOW1482,0,2,1,2,2,0,1,25.43
2026-08-12,S009,TOW1482,1,4,4,2,3,0,1,25.43
2026-08-12,S010,TOW1482,0,1,0,2,1,0,1,25.43
2026-08-12,S001,TOW1483,1,5,4,1,3,0,2,61.98
2026-08-12,S002,TOW1483,0,4,3,1,2,0,1,30.99
2026-08-12,S003,TOW1483,0,1,0,3,1,0,1,30.99
2026-08-12,S004,TOW1483,0,1,0,0,2,0,1,30.99
2026-08-12,S005,TOW1483,0,0,0,2,3,0,0,0.0
2026-08-12,S006,TOW1483,0,4,4,3,1,0,0,0.0
2026-08-12,S007,TOW1483,1,6,5,0,2,0,2,61.98
2026-08-12,S008,TOW1483,0,1,0,2,2,1,1,30.99
2026-08-12,S009,TOW1483,1,5,4,2,1,0,2,61.98
2026-08-12,S010,TOW1483,1,0,1,0,3,0,0,0.0
2026-08-12,S001,TOW1484,1,0,0,1,0,0,1,31.2
2026-08-12,S002,TOW1484,0,6,5,0,1,0,1,31.2
2026-08-12,S003,TOW1484,0,4,3,0,2,0,1,31.2
2026-08-12,S004,TOW1484,1,0,0,0,3,0,1,31.2
2026-08-12,S005,TOW1484,0,3,2,0,3,0,1,31.2
2026-08-12,S006,TOW1484,0,1,1,2,2,0,0,0.0
2026-08-12,S007,TOW1484,1,4,3,0,3,0,2,62.4
2026-08-12,S008,TOW1484,2,2,2,0,2,0,2,62.4
2026-08-12,S009,TOW1484,0,0,0,1,3,0,0,0.0
2026-08-12,S010,TOW1484,1,6,6,2,0,0,1,31.2
2026-08-12,S001,TOW1485,0,0,0,0,1,0,0,0.0
2026-08-12,S002,TOW1485,0,0,0,1,1,0,0,0.0
2026-08-12,S003,TOW1485,0,0,0,1,3,0,0,0.0
2026-08-12,S004,TOW1485,0,1,0,3,2,0,1,31.28
2026-08-12,S005,TOW1485,0,7,6,0,1,0,1,31.28
2026-08-12,S006,TOW1485,0,0,0,0,3,0,0,0.0
2026-08-12,S007,TOW1485,1,0,0,0,1,0,1,31.28
2026-08-12,S008,TOW1485,0,0,0,3,0,0,0,0.0
2026-08-12,S009,TOW1485,0,0,0,2,3,0,0,0.0
2026-08-12,S010,TOW1485,0,0,0,1,3,0,0,0.0
2026-08-12,S001,TOW1486,1,0,0,3,1,0,1,32.33
2026-08-12,S002,TOW1486,0,6,4,0,0,0,2,64.66
2026-08-12,S003,TOW1486,2,9,8,2,3,0,3,96.99
2026-08-12,S004,TOW1486,0,5,4,1,2,0,1,32.33
2026-08-12,S005,TOW1486,0,4,3,1,0,0,1,32.33
2026-08-12,S006,TOW1486,1,7,6,0,0,0,2,64.66
2026-08-12,S007,TOW1486,0,6,4,1,2,0,2,64.66
2026-08-12,S008,TOW1486,0,3,2,1,0,0,1,32.33
2026-08-12,S009,TOW1486,0,4,3,3,0,0,1,32.33
2026-08-12,S010,TOW1486,0,4,2,3,3,0,2,64.66
2026-08-12,S001,TOW1487,0,4,2,3,2,0,2,43.38
2026-08-12,S002,TOW1487,2,0,0,3,0,0,2,43.38
2026-08-12,S003,TOW1487,1,3,2,2,0,0,2,43.38
2026-08-12,S004,TOW1487,0,4,4,0,3,0,0,0.0
2026-08-12,S005,TOW1487,1,4,4,0,0,0,1,21.69
2026-08-12,S006,TOW1487,1,0,0,0,3,0,1,21.69
2026-08-12,S007,TOW1487,1,0,1,0,1,0,0,0.0
2026-08-12,S008,TOW1487,1,5,5,0,2,0,1,21.69
2026-08-12,S009,TOW1487,1,7,8,0,3,0,0,0.0
2026-08-12,S010,TOW1487,0,0,0,2,0,0,0,0.0
2026-08-12,S001,TOW1488,2,2,2,3,2,0,2,23.88
2026-08-12,S002,TOW1488,0,1,1,3,1,0,0,0.0
2026-08-12,S003,TOW1488,1,5,6,2,1,0,0,0.0
2026-08-12,S004,TOW1488,1,4,4,2,3,0,1,11.94
2026-08-12,S005,TOW1488,0,0,0,0,3,0,0,0.0
2026-08-12,S006,TOW1488,0,3,2,3,1,0,1,11.94
2026-08-12,S007,TOW1488,0,5,4,0,0,0,1,11.94
2026-08-12,S008,TOW1488,0,2,0,1,0,0,2,23.88
2026-08-12,S009,TOW1488,0,3,2,2,0,1,1,11.94
2026-08-12,S010,TOW1488,0,1,1,3,3,0,0,0.0
2026-08-12,S001,TOW1489,0,0,0,0,1,0,0,0.0
2026-08-12,S002,TOW1489,1,6,5,0,2,0,2,12.06
2026-08-12,S003,TOW1489,0,0,0,3,3,0,0,0.0
2026-08-12,S004,TOW1489,0,0,0,1,0,0,0,0.0
2026-08-12,S005,TOW1489,0,0,0,2,1,0,0,0.0
2026-08-12,S006,TOW1489,1,2,2,0,1,0,1,6.03
2026-08-12,S007,TOW1489,0,3,2,1,0,0,1,6.03
2026-08-12,S008,TOW1489,1,0,0,3,2,0,1,6.03
2026-08-12,S009,TOW1489,1,1,2,2,0,0,0,0.0
2026-08-12,S010,TOW1489,0,3,2,1,0,0,1,6.03
2026-08-12,S001,TOW1490,1,2,2,1,2,0,1,13.84
2026-08-12,S002,TOW1490,2,8,8,2,0,0,2,27.68
2026-08-12,S003,TOW1490,0,1,1,0,2,0,0,0.0
2026-08-12,S004,TOW1490,0,2,1,0,3,0,1,13.84
2026-08-12,S005,TOW1490,1,3,3,3,2,1,1,13.84
2026-08-12,S006,TOW1490,0,2,0,0,3,0,2,27.68
2026-08-12,S007,TOW1490,1,0,1,3,0,0,0,0.0
2026-08-12,S008,TOW1490,0,8,5,0,3,0,3,41.52
2026-08-12,S009,TOW1490,0,1,0,2,1,0,1,13.84
2026-08-12,S010,TOW1490,1,0,0,3,1,0,1,13.84
2026-08-12,S001,TOW1491,1,0,0,1,1,0,1,8.28
2026-08-12,S002,TOW1491,0,3,2,3,2,0,1,8.28
2026-08-12,S003,TOW1491,0,0,0,2,2,0,0,0.0
2026-08-12,S004,TOW1491,0,2,2,1,2,0,0,0.0
2026-08-12,S005,TOW1491,0,1,0,0,3,0,1,8.28
2026-08-12,S006,TOW1491,2,5,5,1,0,0,2,16.56
2026-08-12,S007,TOW1491,1,1,1,0,0,0,1,8.28
2026-08-12,S008,TOW1491,0,0,0,2,3,0,0,0.0
2026-08-12,S009,TOW1491,1,1,1,2,2,0,1,8.28
2026-08-12,S010,TOW1491,0,1,1,1,1,0,0,0.0
2026-08-12,S001,TOW1492,0,0,0,2,2,0,0,0.0
2026-08-12,S002,TOW1492,1,4,4,2,1,0,1,9.31
2026-08-12,S003,TOW1492,0,3,2,0,1,0,1,9.31
2026-08-12,S004,TOW1492,1,0,0,1,2,1,1,9.31
2026-08-12,S005,TOW1492,1,1,1,0,3,0,1,9.31
2026-08-12,S006,TOW1492,0,4,3,3,2,0,1,9.31
2026-08-12,S007,TOW1492,0,0,0,3,3,0,0,0.0
2026-08-12,S008,TOW1492,0,1,1,3,0,0,0,0.0
2026-08-12,S009,TOW1492,0,4,3,1,0,0,1,9.31
2026-08-12,S010,TOW1492,0,1,1,3,1,0,0,0.0
2026-08-12,S001,TOW1493,0,0,0,3,1,0,0,0.0
2026-08-12,S002,TOW1493,0,0,0,3,3,0,0,0.0
2026-08-12,S003,TOW1493,1,1,1,3,2,0,1,8.36
2026-08-12,S004,TOW1493,0,0,0,1,2,0,0,0.0
2026-08-12,S005,TOW1493,2,5,5,3,1,0,2,16.72
2026-08-12,S006,TOW1493,1,2,3,1,0,0,0,0.0
2026-08-12,S007,TOW1493,0,4,3,1,1,0,1,8.36
2026-08-12,S008,TOW1493,0,0,0,0,1,0,0,0.0
2026-08-12,S009,TOW1493,1,3,3,3,3,0,1,8.36
2026-08-12,S010,TOW1493,0,2,2,3,1,0,0,0.0
2026-08-12,S001,TOW1494,1,0,1,0,2,0,0,0.0
2026-08-12,S002,TOW1494,2,6,5,1,0,0,3,94.47
2026-08-12,S003,TOW1494,1,0,1,0,3,0,0,0.0
2026-08-12,S004,TOW1494,1,0,1,3,2,0,0,0.0
2026-08-12,S005,TOW1494,0,1,1,2,1,0,0,0.0
2026-08-12,S006,TOW1494,0,0,0,3,3,0,0,0.0
2026-08-12,S007,TOW1494,0,1,1,2,3,0,0,0.0
2026-08-12,S008,TOW1494,2,4,4,2,2,0,2,62.98
2026-08-12,S009,TOW1494,0,1,1,2,2,0,0,0.0
2026-08-12,S010,TOW1494,0,2,1,3,1,0,1,31.49
2026-08-12,S001,TOW1495,1,1,1,2,0,1,1,26.23
2026-08-12,S002,TOW1495,0,0,0,2,0,0,0,0.0
2026-08-12,S003,TOW1495,0,5,4,2,1,0,1,26.23
2026-08-12,S004,TOW1495,1,0,0,1,2,0,1,26.23
2026-08-12,S005,TOW1495,1,1,1,3,2,0,1,26.23
2026-08-12,S006,TOW1495,0,3,2,3,1,0,1,26.23
2026-08-12,S007,TOW1495,0,5,4,3,1,0,1,26.23
2026-08-12,S008,TOW1495,0,7,5,3,3,0,2,52.46
2026-08-12,S009,TOW1495,0,0,0,2,0,0,0,0.0
2026-08-12,S010,TOW1495,0,3,2,2,2,0,1,26.23
2026-08-12,S001,TOW1496,0,4,3,1,1,0,1,16.11
2026-08-12,S002,TOW1496,0,1,0,0,0,0,1,16.11
2026-08-12,S003,TOW1496,0,2,1,0,2,0,1,16.11
2026-08-12,S004,TOW1496,1,0,0,3,2,0,1,16.11
2026-08-12,S005,TOW1496,0,0,0,0,1,0,0,0.0
2026-08-12,S006,TOW1496,0,3,3,2,3,0,0,0.0
2026-08-12,S007,TOW1496,1,1,1,2,2,0,1,16.11
2026-08-12,S008,TOW1496,1,17,14,0,2,0,4,64.44
2026-08-12,S009,TOW1496,0,7,5,3,3,0,2,32.22
2026-08-12,S010,TOW1496,0,0,0,3,1,0,0,0.0
2026-08-12,S001,TOW1497,1,0,0,1,1,0,1,34.87
2026-08-12,S002,TOW1497,0,4,2,3,1,0,2,69.74
2026-08-12,S003,TOW1497,1,0,0,0,1,0,1,34.87
2026-08-12,S004,TOW1497,0,0,0,1,0,0,0,0.0
2026-08-12,S005,TOW1497,2,8,8,3,2,0,2,69.74
2026-08-12,S006,TOW1497,0,1,1,2,0,0,0,0.0
2026-08-12,S007,TOW1497,2,3,3,1,1,0,2,69.74
2026-08-12,S008,TOW1497,1,11,9,1,2,0,3,104.61
2026-08-12,S009,TOW1497,1,1,2,0,0,1,0,0.0
2026-08-12,S010,TOW1497,0,1,0,0,1,0,1,34.87
2026-08-12,S001,TOW1498,0,1,0,2,0,0,1,26.61
2026-08-12,S002,TOW1498,1,0,1,2,0,0,0,0.0
2026-08-12,S003,TOW1498,0,0,0,3,2,0,0,0.0
2026-08-12,S004,TOW1498,0,1,0,2,3,0,1,26.61
2026-08-12,S005,TOW1498,0,2,1,2,3,0,1,26.61
2026-08-12,S006,TOW1498,0,1,0,2,2,0,1,26.61
2026-08-12,S007,TOW1498,0,2,1,1,0,0,1,26.61
2026-08-12,S008,TOW1498,1,1,1,3,0,0,1,26.61
2026-08-12,S009,TOW1498,1,1,1,1,2,0,1,26.61
2026-08-12,S010,TOW1498,0,5,4,2,0,0,1,26.61
2026-08-12,S001,TOW1499,0,0,0,0,2,0,0,0.0
2026-08-12,S002,TOW1499,0,1,0,1,0,0,1,16.09
2026-08-12,S003,TOW1499,1,0,1,2,2,0,0,0.0
2026-08-12,S004,TOW1499,0,1,0,0,3,0,1,16.09
2026-08-12,S005,TOW1499,0,1,0,2,0,0,1,16.09
2026-08-12,S006,TOW1499,1,0,0,2,1,0,1,16.09
2026-08-12,S007,TOW1499,0,5,4,3,2,0,1,16.09
2026-08-12,S008,TOW1499,0,2,1,2,2,0,1,16.09
2026-08-12,S009,TOW1499,1,0,0,0,2,0,1,16.09
2026-08-12,S010,TOW1499,1,0,1,1,2,0,0,0.0
2026-08-12,S001,TOW1500,0,1,0,0,0,0,1,22.88
2026-08-12,S002,TOW1500,2,0,0,1,2,0,2,45.76
2026-08-12,S003,TOW1500,0,1,0,1,3,0,1,22.88
2026-08-12,S004,TOW1500,0,1,0,3,3,0,1,22.88
2026-08-12,S005,TOW1500,1,2,2,3,3,0,1,22.88
2026-08-12,S006,TOW1500,0,0,0,1,1,1,0,0.0
2026-08-12,S007,TOW1500,0,1,0,3,1,0,1,22.88
2026-08-12,S008,TOW1500,1,3,3,1,1,0,1,22.88
2026-08-12,S009,TOW1500,0,0,0,0,0,0,0,0.0
2026-08-12,S010,TOW1500,1,0,0,2,2,0,1,22.88
2026-08-12,S001,BTH1501,0,0,0,0,3,0,0,0.0
2026-08-12,S002,BTH1501,0,0,0,2,0,0,0,0.0
2026-08-12,S003,BTH1501,1,2,3,3,2,0,0,0.0
2026-08-12,S004,BTH1501,0,0,0,0,1,0,0,0.0
2026-08-12,S005,BTH1501,0,0,0,2,2,0,0,0.0
2026-08-12,S006,BTH1501,0,0,0,1,3,0,0,0.0
2026-08-12,S007,BTH1501,1,0,0,1,1,0,1,28.45
2026-08-12,S008,BTH1501,1,0,0,1,3,0,1,28.45
2026-08-12,S009,BTH1501,0,1,1,2,1,0,0,0.0
2026-08-12,S010,BTH1501,0,0,0,0,1,0,0,0.0
2026-08-12,S001,BTH1502,0,0,0,0,0,0,0,0.0
2026-08-12,S002,BTH1502,0,2,1,3,0,0,1,7.43
2026-08-12,S003,BTH1502,0,1,0,3,3,0,1,7.43
2026-08-12,S004,BTH1502,0,1,0,2,2,0,1,7.43
2026-08-12,S005,BTH1502,2,2,2,1,3,0,2,14.86
2026-08-12,S006,BTH1502,0,0,0,1,0,0,0,0.0
2026-08-12,S007,BTH1502,1,3,2,2,0,0,2,14.86
2026-08-12,S008,BTH1502,2,5,5,2,1,0,2,14.86
2026-08-12,S009,BTH1502,0,1,1,2,2,0,0,0.0
2026-08-12,S010,BTH1502,0,1,0,0,2,0,1,7.43
2026-08-12,S001,BTH1503,0,0,0,1,3,0,0,0.0
2026-08-12,S002,BTH1503,0,1,0,2,3,0,1,21.19
2026-08-12,S003,BTH1503,0,0,0,1,0,0,0,0.0
2026-08-12,S004,BTH1503,0,0,0,1,0,0,0,0.0
2026-08-12,S005,BTH1503,1,2,2,0,1,0,1,21.19
2026-08-12,S006,BTH1503,0,1,0,0,3,0,1,21.19
2026-08-12,S007,BTH1503,1,3,2,2,3,0,2,42.38
2026-08-12,S008,BTH1503,0,1,0,1,1,0,1,21.19
2026-08-12,S009,BTH1503,0,0,0,3,3,0,0,0.0
2026-08-12,S010,BTH1503,0,0,0,3,0,0,0,0.0
2026-08-12,S001,BTH1504,0,3,2,0,0,0,1,19.69
2026-08-12,S002,BTH1504,0,3,2,3,1,0,1,19.69
2026-08-12,S003,BTH1504,0,0,0,3,0,0,0,0.0
2026-08-12,S004,BTH1504,0,6,4,1,3,0,2,39.38
2026-08-12,S005,BTH1504,1,0,0,2,2,0,1,19.69
2026-08-12,S006,BTH1504,0,3,2,2,0,0,1,19.69
2026-08-12,S007,BTH1504,2,0,0,3,1,0,2,39.38
2026-08-12,S008,BTH1504,1,5,5,1,2,0,1,19.69
2026-08-12,S009,BTH1504,0,0,0,3,0,0,0,0.0
2026-08-12,S010,BTH1504,0,1,0,0,1,0,1,19.69
2026-08-12,S001,BTH1505,0,1,1,1,3,0,0,0.0
2026-08-12,S002,BTH1505,1,1,2,1,0,0,0,0.0
2026-08-12,S003,BTH1505,0,3,2,2,2,0,1,17.98
2026-08-12,S004,BTH1505,0,0,0,2,0,0,0,0.0
2026-08-12,S005,BTH1505,0,1,1,3,0,0,0,0.0
2026-08-12,S006,BTH1505,0,5,4,0,2,0,1,17.98
2026-08-12,S007,BTH1505,1,5,4,2,1,0,2,35.96
2026-08-12,S008,BTH1505,1,3,3,3,3,0,1,17.98
2026-08-12,S009,BTH1505,1,3,2,0,2,0,2,35.96
2026-08-12,S010,BTH1505,0,0,0,0,1,0,0,0.0
2026-08-12,S001,BTH1506,0,1,0,2,2,0,1,16.74
2026-08-12,S002,BTH1506,2,6,6,2,3,0,2,33.48
2026-08-12,S003,BTH1506,1,0,0,0,3,0,1,16.74
2026-08-12,S004,BTH1506,1,1,1,2,3,0,1,16.74
2026-08-12,S005,BTH1506,0,0,0,2,1,0,0,0.0
2026-08-12,S006,BTH1506,1,5,5,3,2,0,1,16.74
2026-08-12,S007,BTH1506,1,0,0,2,3,0,1,16.74
2026-08-12,S008,BTH1506,1,0,0,2,2,0,1,16.74
2026-08-12,S009,BTH1506,1,0,1,0,2,0,0,0.0
2026-08-12,S010,BTH1506,1,4,3,3,2,0,2,33.48
2026-08-12,S001,BTH1507,0,1,1,1,1,0,0,0.0
2026-08-12,S002,BTH1507,1,4,4,1,2,0,1,31.97
2026-08-12,S003,BTH1507,0,3,2,1,1,0,1,31.97
2026-08-12,S004,BTH1507,0,4,3,1,0,0,1,31.97
2026-08-12,S005,BTH1507,0,0,0,2,2,0,0,0.0
2026-08-12,S006,BTH1507,2,6,5,2,0,0,3,95.91
2026-08-12,S007,BTH1507,0,2,1,3,0,0,1,31.97
2026-08-12,S008,BTH1507,1,2,2,0,3,0,1,31.97
2026-08-12,S009,BTH1507,0,0,0,2,0,0,0,0.0
2026-08-12,S010,BTH1507,0,0,0,2,0,0,0,0.0
2026-08-12,S001,BTH1508,1,0,0,3,3,0,1,28.75
2026-08-12,S002,BTH1508,1,1,0,1,1,0,2,57.5
2026-08-12,S003,BTH1508,1,0,0,2,1,0,1,28.75
2026-08-12,S004,BTH1508,0,5,4,1,1,0,1,28.75
2026-08-12,S005,BTH1508,1,0,1,2,2,0,0,0.0
2026-08-12,S006,BTH1508,0,1,1,1,0,0,0,0.0
2026-08-12,S007,BTH1508,0,1,0,3,1,0,1,28.75
2026-08-12,S008,BTH1508,0,4,3,3,3,0,1,28.75
2026-08-12,S009,BTH1508,0,5,4,0,1,0,1,28.75
2026-08-12,S010,BTH1508,0,0,0,1,3,0,0,0.0
2026-08-12,S001,BTH1509,0,1,0,1,3,0,1,28.61
2026-08-12,S002,BTH1509,0,2,1,3,1,0,1,28.61
2026-08-12,S003,BTH1509,0,1,1,0,0,0,0,0.0
2026-08-12,S004,BTH1509,1,0,0,2,3,0,1,28.61
2026-08-12,S005,BTH1509,0,0,0,1,0,0,0,0.0
2026-08-12,S006,BTH1509,1,0,1,1,2,0,0,0.0
2026-08-12,S007,BTH1509,0,3,2,0,2,0,1,28.61
2026-08-12,S008,BTH1509,1,1,1,2,0,0,1,28.61
2026-08-12,S009,BTH1509,0,1,0,0,0,0,1,28.61
2026-08-12,S010,BTH1509,0,0,0,3,1,0,0,0.0
2026-08-12,S001,BTH1510,0,4,3,3,2,0,1,35.13
2026-08-12,S002,BTH1510,1,1,2,2,1,0,0,0.0
2026-08-12,S003,BTH1510,0,0,0,3,1,0,0,0.0
2026-08-12,S004,BTH1510,0,3,2,0,0,0,1,35.13
2026-08-12,S005,BTH1510,0,2,2,3,2,0,0,0.0
2026-08-12,S006,BTH1510,0,2,2,2,2,0,0,0.0
2026-08-12,S007,BTH1510,0,2,0,2,3,0,2,70.26
2026-08-12,S008,BTH1510,0,4,2,1,1,0,2,70.26
2026-08-12,S009,BTH1510,0,0,0,3,1,0,0,0.0
2026-08-12,S010,BTH1510,1,0,0,3,0,0,1,35.13
2026-08-12,S001,BTH1511,0,0,0,0,2,0,0,0.0
2026-08-12,S002,BTH1511,1,0,1,2,2,0,0,0.0
2026-08-12,S003,BTH1511,1,0,1,1,3,0,0,0.0
2026-08-12,S004,BTH1511,0,3,3,0,0,1,0,0.0
2026-08-12,S005,BTH1511,0,1,1,2,1,0,0,0.0
2026-08-12,S006,BTH1511,1,2,3,1,0,0,0,0.0
2026-08-12,S007,BTH1511,1,5,4,0,0,0,2,76.82
2026-08-12,S008,BTH1511,0,1,1,2,0,0,0,0.0
2026-08-12,S009,BTH1511,0,1,1,3,3,0,0,0.0
2026-08-12,S010,BTH1511,1,0,1,0,0,0,0,0.0
2026-08-12,S001,BTH1512,0,5,3,3,0,0,2,76.52
2026-08-12,S002,BTH1512,0,13,10,1,1,0,3,114.78
2026-08-12,S003,BTH1512,0,6,5,3,0,0,1,38.26
2026-08-12,S004,BTH1512,1,2,2,1,2,0,1,38.26
2026-08-12,S005,BTH1512,0,1,0,2,2,0,1,38.26
2026-08-12,S006,BTH1512,1,5,5,1,3,0,1,38.26
2026-08-12,S007,BTH1512,1,1,1,0,0,0,1,38.26
2026-08-12,S008,BTH1512,0,2,0,3,1,0,2,76.52
2026-08-12,S009,BTH1512,1,3,3,1,1,0,1,38.26
2026-08-12,S010,BTH1512,0,11,7,2,3,0,4,153.04
2026-08-12,S001,BTH1513,0,0,0,0,0,0,0,0.0
2026-08-12,S002,BTH1513,0,3,2,2,3,0,1,31.04
2026-08-12,S003,BTH1513,0,2,2,2,3,0,0,0.0
2026-08-12,S004,BTH1513,0,1,0,3,3,0,1,31.04
2026-08-12,S005,BTH1513,1,1,2,2,0,0,0,0.0
2026-08-12,S006,BTH1513,1,1,1,0,2,0,1,31.04
2026-08-12,S007,BTH1513,0,0,0,2,0,0,0,0.0
2026-08-12,S008,BTH1513,0,11,7,0,3,0,4,124.16
2026-08-12,S009,BTH1513,0,1,1,2,0,1,0,0.0
2026-08-12,S010,BTH1513,0,1,1,0,2,0,0,0.0
2026-08-12,S001,BTH1514,0,0,0,0,3,0,0,0.0
2026-08-12,S002,BTH1514,0,0,0,2,1,0,0,0.0
2026-08-12,S003,BTH1514,0,0,0,0,0,0,0,0.0
2026-08-12,S004,BTH1514,0,0,0,0,1,0,0,0.0
2026-08-12,S005,BTH1514,2,0,0,3,2,0,2,63.3
2026-08-12,S006,BTH1514,1,4,4,1,1,0,1,31.65
2026-08-12,S007,BTH1514,0,0,0,3,0,0,0,0.0
2026-08-12,S008,BTH1514,1,0,1,1,1,0,0,0.0
2026-08-12,S009,BTH1514,0,0,0,0,3,0,0,0.0
2026-08-12,S010,BTH1514,0,1,0,3,1,0,1,31.65
2026-08-12,S001,BTH1515,0,0,0,3,2,0,0,0.0
2026-08-12,S002,BTH1515,0,0,0,2,1,0,0,0.0
2026-08-12,S003,BTH1515,0,0,0,0,2,0,0,0.0
2026-08-12,S004,BTH1515,0,3,2,3,0,0,1,21.78
2026-08-12,S005,BTH1515,0,2,2,3,1,0,0,0.0
2026-08-12,S006,BTH1515,2,7,7,1,1,0,2,43.56
2026-08-12,S007,BTH1515,1,6,5,1,2,0,2,43.56
2026-08-12,S008,BTH1515,1,0,0,3,3,0,1,21.78
2026-08-12,S009,BTH1515,0,2,1,0,3,0,1,21.78
2026-08-12,S010,BTH1515,0,0,0,1,1,0,0,0.0
2026-08-12,S001,BTH1516,0,1,0,2,2,0,1,31.52
2026-08-12,S002,BTH1516,0,7,5,2,2,0,2,63.04
2026-08-12,S003,BTH1516,1,5,3,3,2,0,3,94.56
2026-08-12,S004,BTH1516,0,1,1,3,0,0,0,0.0
2026-08-12,S005,BTH1516,1,0,1,2,3,0,0,0.0
2026-08-12,S006,BTH1516,0,1,1,3,0,0,0,0.0
2026-08-12,S007,BTH1516,1,0,0,0,2,0,1,31.52
2026-08-12,S008,BTH1516,0,0,0,0,0,0,0,0.0
2026-08-12,S009,BTH1516,0,0,0,1,0,0,0,0.0
2026-08-12,S010,BTH1516,1,1,0,1,2,0,2,63.04
2026-08-12,S001,BTH1517,0,2,1,3,1,0,1,31.3
2026-08-12,S002,BTH1517,0,0,0,0,0,0,0,0.0
2026-08-12,S003,BTH1517,1,2,2,1,0,0,1,31.3
2026-08-12,S004,BTH1517,1,0,0,3,2,0,1,31.3
2026-08-12,S005,BTH1517,0,0,0,1,3,0,0,0.0
2026-08-12,S006,BTH1517,0,0,0,1,3,0,0,0.0
2026-08-12,S007,BTH1517,1,1,1,2,1,0,1,31.3
2026-08-12,S008,BTH1517,1,2,2,0,0,0,1,31.3
2026-08-12,S009,BTH1517,0,2,1,1,0,0,1,31.3
2026-08-12,S010,BTH1517,0,0,0,2,2,0,0,0.0
2026-08-12,S001,BTH1518,1,1,1,3,2,0,1,16.05
2026-08-12,S002,BTH1518,1,6,5,0,2,0,2,32.1
2026-08-12,S003,BTH1518,0,7,6,1,3,0,1,16.05
2026-08-12,S004,BTH1518,0,0,0,1,0,0,0,0.0
2026-08-12,S005,BTH1518,1,0,1,2,3,0,0,0.0
2026-08-12,S006,BTH1518,0,1,0,0,1,0,1,16.05
2026-08-12,S007,BTH1518,0,1,0,3,3,0,1,16.05
2026-08-12,S008,BTH1518,1,3,3,0,0,0,1,16.05
2026-08-12,S009,BTH1518,0,0,0,3,3,0,0,0.0
2026-08-12,S010,BTH1518,1,2,2,2,1,0,1,16.05
2026-08-12,S001,BTH1519,1,5,5,0,3,0,1,7.85
2026-08-12,S002,BTH1519,1,4,4,2,3,0,1,7.85
2026-08-12,S003,BTH1519,0,0,0,1,3,0,0,0.0
2026-08-12,S004,BTH1519,0,0,0,2,2,0,0,0.0
2026-08-12,S005,BTH1519,1,1,1,0,3,0,1,7.85
2026-08-12,S006,BTH1519,1,1,1,3,2,0,1,7.85
2026-08-12,S007,BTH1519,1,4,4,3,2,0,1,7.85
2026-08-12,S008,BTH1519,1,0,0,1,1,0,1,7.85
2026-08-12,S009,BTH1519,0,1,0,0,2,0,1,7.85
2026-08-12,S010,BTH1519,1,0,0,0,0,0,1,7.85
2026-08-12,S001,BTH1520,0,0,0,3,0,0,0,0.0
2026-08-12,S002,BTH1520,1,0,0,1,3,0,1,24.93
2026-08-12,S003,BTH1520,1,0,0,3,1,0,1,24.93
2026-08-12,S004,BTH1520,0,0,0,3,0,0,0,0.0
2026-08-12,S005,BTH1520,0,1,0,0,2,0,1,24.93
2026-08-12,S006,BTH1520,1,5,4,3,2,0,2,49.86
2026-08-12,S007,BTH1520,0,5,3,2,0,0,2,49.86
2026-08-12,S008,BTH1520,1,5,5,3,1,0,1,24.93
2026-08-12,S009,BTH1520,0,0,0,3,1,0,0,0.0
2026-08-12,S010,BTH1520,0,0,0,0,2,0,0,0.0
2026-08-12,S001,BTH1521,0,0,0,2,2,0,0,0.0
2026-08-12,S002,BTH1521,0,0,0,0,0,0,0,0.0
2026-08-12,S003,BTH1521,0,0,0,2,3,0,0,0.0
2026-08-12,S004,BTH1521,0,0,0,2,0,0,0,0.0
2026-08-12,S005,BTH1521,0,0,0,2,1,0,0,0.0
2026-08-12,S006,BTH1521,0,0,0,0,3,0,0,0.0
2026-08-12,S007,BTH1521,2,2,2,3,2,0,2,42.62
2026-08-12,S008,BTH1521,0,2,1,2,1,0,1,21.31
2026-08-12,S009,BTH1521,0,0,0,2,2,0,0,0.0
2026-08-12,S010,BTH1521,1,0,1,0,3,0,0,0.0
2026-08-12,S001,BTH1522,0,5,4,3,0,0,1,13.26
2026-08-12,S002,BTH1522,0,0,0,0,1,0,0,0.0
2026-08-12,S003,BTH1522,0,0,0,0,2,0,0,0.0
2026-08-12,S004,BTH1522,0,1,1,2,0,0,0,0.0
2026-08-12,S005,BTH1522,2,6,5,3,1,0,3,39.78
2026-08-12,S006,BTH1522,1,2,3,0,3,0,0,0.0
2026-08-12,S007,BTH1522,1,1,0,2,2,0,2,26.52
2026-08-12,S008,BTH1522,2,0,0,3,1,0,2,26.52
2026-08-12,S009,BTH1522,0,0,0,2,1,0,0,0.0
2026-08-12,S010,BTH1522,1,0,0,3,3,0,1,13.26
2026-08-12,S001,BTH1523,0,1,0,0,3,0,1,4.71
2026-08-12,S002,BTH1523,1,2,2,1,1,0,1,4.71
2026-08-12,S003,BTH1523,1,0,0,0,1,0,1,4.71
2026-08-12,S004,BTH1523,0,0,0,0,3,0,0,0.0
2026-08-12,S005,BTH1523,1,0,0,1,2,0,1,4.71
2026-08-12,S006,BTH1523,0,0,0,2,3,0,0,0.0
2026-08-12,S007,BTH1523,0,0,0,1,0,0,0,0.0
2026-08-12,S008,BTH1523,0,0,0,1,2,0,0,0.0
2026-08-12,S009,BTH1523,1,0,0,3,1,0,1,4.71
2026-08-12,S010,BTH1523,0,0,0,3,2,0,0,0.0
2026-08-12,S001,BTH1524,1,9,7,2,2,0,3,93.18
2026-08-12,S002,BTH1524,0,4,4,0,1,0,0,0.0
2026-08-12,S003,BTH1524,0,11,7,1,0,0,4,124.24
2026-08-12,S004,BTH1524,1,0,0,3,2,0,1,31.06
2026-08-12,S005,BTH1524,1,7,6,0,0,0,2,62.12
2026-08-12,S006,BTH1524,2,6,6,1,2,0,2,62.12
2026-08-12,S007,BTH1524,1,8,6,3,1,0,3,93.18
2026-08-12,S008,BTH1524,1,2,3,3,1,0,0,0.0
2026-08-12,S009,BTH1524,0,7,5,0,2,0,2,62.12
2026-08-12,S010,BTH1524,0,5,4,3,1,0,1,31.06
2026-08-12,S001,BTH1525,0,2,1,3,2,0,1,9.94
2026-08-12,S002,BTH1525,1,0,1,2,2,0,0,0.0
2026-08-12,S003,BTH1525,1,1,1,3,1,0,1,9.94
2026-08-12,S004,BTH1525,0,3,2,0,0,0,1,9.94
2026-08-12,S005,BTH1525,2,1,1,0,2,0,2,19.88
2026-08-12,S006,BTH1525,0,4,3,3,2,0,1,9.94
2026-08-12,S007,BTH1525,0,0,0,1,3,0,0,0.0
2026-08-12,S008,BTH1525,2,3,3,2,1,0,2,19.88
2026-08-12,S009,BTH1525,0,1,1,2,0,0,0,0.0
2026-08-12,S010,BTH1525,0,0,0,1,1,0,0,0.0
2026-08-12,S001,BTH1526,1,0,0,2,3,0,1,27.95
2026-08-12,S002,BTH1526,1,1,1,1,1,0,1,27.95
2026-08-12,S003,BTH1526,0,4,2,3,3,0,2,55.9
2026-08-12,S004,BTH1526,1,0,0,3,1,0,1,27.95
2026-08-12,S005,BTH1526,1,5,4,1,3,0,2,55.9
2026-08-12,S006,BTH1526,1,6,4,1,2,0,3,83.85
2026-08-12,S007,BTH1526,0,1,0,1,2,0,1,27.95
2026-08-12,S008,BTH1526,0,1,0,0,3,0,1,27.95
2026-08-12,S009,BTH1526,2,1,1,2,0,0,2,55.9
2026-08-12,S010,BTH1526,0,5,3,1,1,0,2,55.9
2026-08-12,S001,BTH1527,1,0,1,3,3,0,0,0.0
2026-08-12,S002,BTH1527,0,8,6,3,1,0,2,71.36
2026-08-12,S003,BTH1527,1,1,1,1,2,0,1,35.68
2026-08-12,S004,BTH1527,0,0,0,3,3,0,0,0.0
2026-08-12,S005,BTH1527,0,2,0,2,2,0,2,71.36
2026-08-12,S006,BTH1527,2,8,6,1,1,0,4,142.72
2026-08-12,S007,BTH1527,0,4,2,1,1,0,2,71.36
2026-08-12,S008,BTH1527,2,12,9,0,3,0,5,178.4
2026-08-12,S009,BTH1527,1,0,0,0,0,0,1,35.68
2026-08-12,S010,BTH1527,0,0,0,3,3,0,0,0.0
2026-08-12,S001,BTH1528,1,0,0,1,3,0,1,40.18
2026-08-12,S002,BTH1528,1,1,2,2,2,0,0,0.0
2026-08-12,S003,BTH1528,1,2,2,0,2,0,1,40.18
2026-08-12,S004,BTH1528,0,1,0,1,0,0,1,40.18
2026-08-12,S005,BTH1528,0,4,3,2,1,0,1,40.18
2026-08-12,S006,BTH1528,2,7,6,3,2,0,3,120.54
2026-08-12,S007,BTH1528,1,4,5,2,3,0,0,0.0
2026-08-12,S008,BTH1528,1,1,1,3,1,0,1,40.18
2026-08-12,S009,BTH1528,0,5,4,0,2,0,1,40.18
2026-08-12,S010,BTH1528,0,0,0,1,3,0,0,0.0
2026-08-12,S001,BTH1529,1,2,2,3,3,0,1,20.66
2026-08-12,S002,BTH1529,0,1,0,2,0,0,1,20.66
2026-08-12,S003,BTH1529,0,0,0,0,1,0,0,0.0
2026-08-12,S004,BTH1529,0,2,2,1,2,0,0,0.0
2026-08-12,S005,BTH1529,0,1,0,1,0,0,1,20.66
2026-08-12,S006,BTH1529,0,1,1,2,3,0,0,0.0
2026-08-12,S007,BTH1529,1,0,1,1,0,0,0,0.0
2026-08-12,S008,BTH1529,0,1,0,3,3,0,1,20.66
2026-08-12,S009,BTH1529,0,1,0,3,2,0,1,20.66
2026-08-12,S010,BTH1529,0,1,1,3,3,0,0,0.0
2026-08-12,S001,BTH1530,0,0,0,3,2,0,0,0.0
2026-08-12,S002,BTH1530,1,5,3,0,2,0,3,39.87
2026-08-12,S003,BTH1530,0,7,6,1,1,0,1,13.29
2026-08-12,S004,BTH1530,1,4,4,1,0,0,1,13.29
2026-08-12,S005,BTH1530,2,0,0,0,0,0,2,26.58
2026-08-12,S006,BTH1530,0,0,0,3,1,0,0,0.0
2026-08-12,S007,BTH1530,0,0,0,1,0,0,0,0.0
2026-08-12,S008,BTH1530,0,2,1,3,1,0,1,13.29
2026-08-12,S009,BTH1530,0,5,4,0,2,0,1,13.29
2026-08-12,S010,BTH1530,0,3,1,0,2,0,2,26.58
2026-08-12,S001,BTH1531,0,0,0,3,2,0,0,0.0
2026-08-12,S002,BTH1531,1,0,1,0,0,0,0,0.0
2026-08-12,S003,BTH1531,1,1,1,2,3,0,1,11.96
2026-08-12,S004,BTH1531,1,3,3,1,2,0,1,11.96
2026-08-12,S005,BTH1531,0,2,1,3,2,0,1,11.96
2026-08-12,S006,BTH1531,0,4,3,1,0,0,1,11.96
2026-08-12,S007,BTH1531,1,10,7,3,0,0,4,47.84
2026-08-12,S008,BTH1531,0,7,5,2,1,0,2,23.92
2026-08-12,S009,BTH1531,0,5,4,2,2,0,1,11.96
2026-08-12,S010,BTH1531,0,2,1,1,3,0,1,11.96
2026-08-12,S001,BTH1532,0,0,0,2,2,0,0,0.0
2026-08-12,S002,BTH1532,0,1,0,1,0,0,1,37.46
2026-08-12,S003,BTH1532,1,2,3,1,1,0,0,0.0
2026-08-12,S004,BTH1532,0,0,0,3,1,0,0,0.0
2026-08-12,S005,BTH1532,1,6,4,1,3,0,3,112.38
2026-08-12,S006,BTH1532,1,3,3,1,1,0,1,37.46
2026-08-12,S007,BTH1532,2,4,3,2,2,0,3,112.38
2026-08-12,S008,BTH1532,1,3,2,0,3,0,2,74.92
2026-08-12,S009,BTH1532,0,4,3,2,2,0,1,37.46
2026-08-12,S010,BTH1532,1,6,5,2,2,0,2,74.92
2026-08-12,S001,BTH1533,0,9,6,0,1,0,3,104.25
2026-08-12,S002,BTH1533,0,1,0,2,3,0,1,34.75
2026-08-12,S003,BTH1533,1,3,2,1,1,0,2,69.5
2026-08-12,S004,BTH1533,0,4,3,1,1,0,1,34.75
2026-08-12,S005,BTH1533,1,1,1,3,2,0,1,34.75
2026-08-12,S006,BTH1533,1,23,15,2,2,0,9,312.75
2026-08-12,S007,BTH1533,0,1,1,1,0,0,0,0.0
2026-08-12,S008,BTH1533,1,5,4,3,2,0,2,69.5
2026-08-12,S009,BTH1533,0,0,0,1,1,0,0,0.0
2026-08-12,S010,BTH1533,0,1,1,2,2,0,0,0.0
2026-08-12,S001,BTH1534,0,0,0,0,2,0,0,0.0
2026-08-12,S002,BTH1534,1,3,3,0,0,0,1,12.89
2026-08-12,S003,BTH1534,0,0,0,2,1,0,0,0.0
2026-08-12,S004,BTH1534,0,1,0,3,0,0,1,12.89
2026-08-12,S005,BTH1534,0,0,0,0,2,0,0,0.0
2026-08-12,S006,BTH1534,2,5,4,1,2,0,3,38.67
2026-08-12,S007,BTH1534,1,4,4,0,1,0,1,12.89
2026-08-12,S008,BTH1534,1,0,1,2,2,0,0,0.0
2026-08-12,S009,BTH1534,0,3,2,0,1,0,1,12.89
2026-08-12,S010,BTH1534,1,0,1,1,2,0,0,0.0
2026-08-12,S001,BTH1535,0,0,0,1,1,0,0,0.0
2026-08-12,S002,BTH1535,0,4,2,1,0,0,2,59.54
2026-08-12,S003,BTH1535,2,0,0,1,1,0,2,59.54
2026-08-12,S004,BTH1535,1,1,2,2,2,0,0,0.0
2026-08-12,S005,BTH1535,0,0,0,3,1,0,0,0.0
2026-08-12,S006,BTH1535,2,6,6,3,0,0,2,59.54
2026-08-12,S007,BTH1535,2,0,0,2,0,0,2,59.54
2026-08-12,S008,BTH1535,0,4,3,2,3,0,1,29.77
2026-08-12,S009,BTH1535,1,0,0,3,0,0,1,29.77
2026-08-12,S010,BTH1535,1,0,0,2,2,0,1,29.77
2026-08-12,S001,BTH1536,0,1,1,3,0,0,0,0.0
2026-08-12,S002,BTH1536,1,5,4,0,3,0,2,72.64
2026-08-12,S003,BTH1536,0,2,0,0,0,0,2,72.64
2026-08-12,S004,BTH1536,0,3,2,3,3,0,1,36.32
2026-08-12,S005,BTH1536,0,1,0,0,2,0,1,36.32
2026-08-12,S006,BTH1536,0,1,0,2,1,0,1,36.32
2026-08-12,S007,BTH1536,0,0,0,0,2,0,0,0.0
2026-08-12,S008,BTH1536,1,2,2,0,3,0,1,36.32
2026-08-12,S009,BTH1536,0,9,6,2,2,0,3,108.96
2026-08-12,S010,BTH1536,1,0,1,2,1,0,0,0.0
2026-08-12,S001,BTH1537,1,0,0,3,2,1,1,42.16
2026-08-12,S002,BTH1537,0,0,0,0,0,0,0,0.0
2026-08-12,S003,BTH1537,1,0,1,0,2,0,0,0.0
2026-08-12,S004,BTH1537,0,0,0,3,1,0,0,0.0
2026-08-12,S005,BTH1537,1,4,3,1,3,0,2,84.32
2026-08-12,S006,BTH1537,0,0,0,0,3,0,0,0.0
2026-08-12,S007,BTH1537,0,1,0,1,1,0,1,42.16
2026-08-12,S008,BTH1537,0,0,0,1,3,0,0,0.0
2026-08-12,S009,BTH1537,0,1,1,2,1,0,0,0.0
2026-08-12,S010,BTH1537,1,3,3,2,3,0,1,42.16
2026-08-12,S001,BTH1538,1,1,2,0,3,0,0,0.0
2026-08-12,S002,BTH1538,0,3,2,3,1,0,1,40.2
2026-08-12,S003,BTH1538,0,2,1,3,3,0,1,40.2
2026-08-12,S004,BTH1538,0,1,1,2,2,0,0,0.0
2026-08-12,S005,BTH1538,0,1,0,2,3,0,1,40.2
2026-08-12,S006,BTH1538,0,3,2,0,0,0,1,40.2
2026-08-12,S007,BTH1538,1,5,4,1,2,0,2,80.4
2026-08-12,S008,BTH1538,0,1,1,0,2,0,0,0.0
2026-08-12,S009,BTH1538,0,3,2,2,0,0,1,40.2
2026-08-12,S010,BTH1538,0,2,2,0,1,0,0,0.0
2026-08-12,S001,BTH1539,0,3,2,3,0,0,1,15.27
2026-08-12,S002,BTH1539,1,10,7,3,0,0,4,61.08
2026-08-12,S003,BTH1539,0,0,0,1,0,0,0,0.0
2026-08-12,S004,BTH1539,0,0,0,1,1,0,0,0.0
2026-08-12,S005,BTH1539,1,0,1,3,2,0,0,0.0
2026-08-12,S006,BTH1539,0,1,0,2,1,0,1,15.27
2026-08-12,S007,BTH1539,0,1,0,2,2,0,1,15.27
2026-08-12,S008,BTH1539,0,2,1,0,3,0,1,15.27
2026-08-12,S009,BTH1539,0,0,0,0,3,0,0,0.0
2026-08-12,S010,BTH1539,1,0,1,0,2,0,0,0.0
2026-08-12,S001,BTH1540,0,0,0,1,1,1,0,0.0
2026-08-12,S002,BTH1540,0,2,1,0,1,0,1,29.53
2026-08-12,S003,BTH1540,0,4,2,3,0,0,2,59.06
2026-08-12,S004,BTH1540,0,0,0,3,0,0,0,0.0
2026-08-12,S005,BTH1540,0,2,2,2,3,0,0,0.0
2026-08-12,S006,BTH1540,0,7,5,0,1,0,2,59.06
2026-08-12,S007,BTH1540,0,0,0,1,0,0,0,0.0
2026-08-12,S008,BTH1540,0,4,2,0,1,0,2,59.06
2026-08-12,S009,BTH1540,1,2,2,2,0,0,1,29.53
2026-08-12,S010,BTH1540,0,2,2,3,3,0,0,0.0
2026-08-12,S001,BTH1541,0,0,0,1,0,0,0,0.0
2026-08-12,S002,BTH1541,1,3,2,3,1,0,2,31.6
2026-08-12,S003,BTH1541,0,0,0,2,3,0,0,0.0
2026-08-12,S004,BTH1541,0,6,4,1,1,0,2,31.6
2026-08-12,S005,BTH1541,0,3,3,1,0,0,0,0.0
2026-08-12,S006,BTH1541,0,0,0,2,3,0,0,0.0
2026-08-12,S007,BTH1541,0,2,1,2,2,0,1,15.8
2026-08-12,S008,BTH1541,1,0,1,3,3,0,0,0.0
2026-08-12,S009,BTH1541,0,6,3,1,2,0,3,47.4
2026-08-12,S010,BTH1541,0,2,1,1,1,0,1,15.8
2026-08-12,S001,BTH1542,0,0,0,0,1,0,0,0.0
2026-08-12,S002,BTH1542,1,1,2,1,1,0,0,0.0
2026-08-12,S003,BTH1542,1,0,0,3,2,0,1,26.04
2026-08-12,S004,BTH1542,0,0,0,2,0,0,0,0.0
2026-08-12,S005,BTH1542,0,3,2,3,3,0,1,26.04
2026-08-12,S006,BTH1542,0,8,6,3,1,0,2,52.08
2026-08-12,S007,BTH1542,0,0,0,3,0,0,0,0.0
2026-08-12,S008,BTH1542,0,3,2,3,0,0,1,26.04
2026-08-12,S009,BTH1542,0,3,3,3,2,0,0,0.0
2026-08-12,S010,BTH1542,0,0,0,0,3,0,0,0.0
2026-08-12,S001,BTH1543,1,2,2,0,0,0,1,22.67
2026-08-12,S002,BTH1543,1,2,2,1,2,0,1,22.67
2026-08-12,S003,BTH1543,1,0,1,1,0,0,0,0.0
2026-08-12,S004,BTH1543,0,0,0,2,1,0,0,0.0
2026-08-12,S005,BTH1543,1,0,0,1,2,0,1,22.67
2026-08-12,S006,BTH1543,1,1,2,2,1,0,0,0.0
2026-08-12,S007,BTH1543,0,0,0,2,0,0,0,0.0
2026-08-12,S008,BTH1543,1,3,3,2,0,0,1,22.67
2026-08-12,S009,BTH1543,0,0,0,1,1,0,0,0.0
2026-08-12,S010,BTH1543,0,1,0,2,3,0,1,22.67
2026-08-12,S001,BTH1544,0,3,2,0,3,0,1,17.74
2026-08-12,S002,BTH1544,0,5,4,0,3,0,1,17.74
2026-08-12,S003,BTH1544,1,0,0,3,2,0,1,17.74
2026-08-12,S004,BTH1544,0,0,0,3,1,0,0,0.0
2026-08-12,S005,BTH1544,1,0,0,1,1,0,1,17.74
2026-08-12,S006,BTH1544,0,4,3,1,0,0,1,17.74
2026-08-12,S007,BTH1544,0,6,4,2,1,0,2,35.48
2026-08-12,S008,BTH1544,1,0,0,3,0,0,1,17.74
2026-08-12,S009,BTH1544,0,8,4,0,1,0,4,70.96
2026-08-12,S010,BTH1544,2,4,4,1,3,0,2,35.48
2026-08-12,S001,BTH1545,1,0,0,0,0,0,1,35.51
2026-08-12,S002,BTH1545,0,0,0,0,2,0,0,0.0
2026-08-12,S003,BTH1545,1,2,2,2,2,0,1,35.51
2026-08-12,S004,BTH1545,0,0,0,0,1,0,0,0.0
2026-08-12,S005,BTH1545,1,3,3,3,1,0,1,35.51
2026-08-12,S006,BTH1545,0,4,3,2,0,0,1,35.51
2026-08-12,S007,BTH1545,2,0,0,0,3,0,2,71.02
2026-08-12,S008,BTH1545,1,0,0,3,3,0,1,35.51
2026-08-12,S009,BTH1545,0,0,0,3,1,0,0,0.0
2026-08-12,S010,BTH1545,1,1,2,1,2,0,0,0.0
2026-08-12,S001,BTH1546,0,0,0,1,3,0,0,0.0
2026-08-12,S002,BTH1546,1,2,2,2,1,0,1,35.56
2026-08-12,S003,BTH1546,0,0,0,3,2,0,0,0.0
2026-08-12,S004,BTH1546,0,0,0,2,2,0,0,0.0
2026-08-12,S005,BTH1546,0,0,0,0,0,0,0,0.0
2026-08-12,S006,BTH1546,0,4,3,0,1,0,1,35.56
2026-08-12,S007,BTH1546,0,0,0,3,0,0,0,0.0
2026-08-12,S008,BTH1546,0,2,2,3,3,0,0,0.0
2026-08-12,S009,BTH1546,0,2,1,1,0,0,1,35.56
2026-08-12,S010,BTH1546,0,0,0,0,0,0,0,0.0
2026-08-12,S001,BTH1547,1,4,3,3,1,0,2,10.5
2026-08-12,S002,BTH1547,1,0,0,3,0,1,1,5.25
2026-08-12,S003,BTH1547,0,4,3,3,1,0,1,5.25
2026-08-12,S004,BTH1547,0,1,0,1,0,0,1,5.25
2026-08-12,S005,BTH1547,0,0,0,2,3,0,0,0.0
2026-08-12,S006,BTH1547,0,2,2,3,1,0,0,0.0
2026-08-12,S007,BTH1547,0,0,0,3,1,1,0,0.0
2026-08-12,S008,BTH1547,1,1,2,1,0,0,0,0.0
2026-08-12,S009,BTH1547,0,1,0,3,0,0,1,5.25
2026-08-12,S010,BTH1547,1,4,4,0,3,0,1,5.25
2026-08-12,S001,BTH1548,2,0,0,0,0,0,2,10.4
2026-08-12,S002,BTH1548,0,0,0,0,3,0,0,0.0
2026-08-12,S003,BTH1548,0,0,0,3,3,0,0,0.0
2026-08-12,S004,BTH1548,2,6,6,1,2,0,2,10.4
2026-08-12,S005,BTH1548,1,1,1,1,2,0,1,5.2
2026-08-12,S006,BTH1548,0,0,0,0,0,0,0,0.0
2026-08-12,S007,BTH1548,0,0,0,0,2,0,0,0.0
2026-08-12,S008,BTH1548,1,2,3,3,3,0,0,0.0
2026-08-12,S009,BTH1548,1,0,0,1,3,0,1,5.2
2026-08-12,S010,BTH1548,1,0,0,2,0,0,1,5.2
2026-08-12,S001,BTH1549,0,1,1,0,3,0,0,0.0
2026-08-12,S002,BTH1549,0,0,0,0,3,0,0,0.0
2026-08-12,S003,BTH1549,0,0,0,0,3,0,0,0.0
2026-08-12,S004,BTH1549,1,0,0,3,0,0,1,13.61
2026-08-12,S005,BTH1549,2,8,8,3,2,0,2,27.22
2026-08-12,S006,BTH1549,0,5,4,0,0,0,1,13.61
2026-08-12,S007,BTH1549,0,4,3,1,0,0,1,13.61
2026-08-12,S008,BTH1549,0,1,1,2,1,0,0,0.0
2026-08-12,S009,BTH1549,0,6,4,3,3,0,2,27.22
2026-08-12,S010,BTH1549,0,0,0,0,1,0,0,0.0
2026-08-12,S001,BTH1550,2,0,0,2,3,0,2,58.28
2026-08-12,S002,BTH1550,0,0,0,1,3,0,0,0.0
2026-08-12,S003,BTH1550,0,0,0,0,2,0,0,0.0
2026-08-12,S004,BTH1550,1,0,0,2,0,0,1,29.14
2026-08-12,S005,BTH1550,0,0,0,0,2,0,0,0.0
2026-08-12,S006,BTH1550,0,0,0,3,1,0,0,0.0
2026-08-12,S007,BTH1550,0,0,0,3,3,0,0,0.0
2026-08-12,S008,BTH1550,0,0,0,2,0,0,0,0.0
2026-08-12,S009,BTH1550,0,0,0,0,2,0,0,0.0
2026-08-12,S010,BTH1550,0,1,1,3,3,0,0,0.0
2026-08-12,S001,BTH1551,0,1,0,1,3,0,1,41.87
2026-08-12,S002,BTH1551,1,4,3,2,0,0,2,83.74
2026-08-12,S003,BTH1551,1,8,6,2,2,0,3,125.61
2026-08-12,S004,BTH1551,0,1,1,1,0,0,0,0.0
2026-08-12,S005,BTH1551,1,0,0,0,3,0,1,41.87
2026-08-12,S006,BTH1551,0,0,0,1,2,0,0,0.0
2026-08-12,S007,BTH1551,0,0,0,3,2,0,0,0.0
2026-08-12,S008,BTH1551,1,1,2,3,0,0,0,0.0
2026-08-12,S009,BTH1551,0,3,1,3,2,0,2,83.74
2026-08-12,S010,BTH1551,0,3,2,1,0,0,1,41.87
2026-08-12,S001,BTH1552,0,2,2,0,3,1,0,0.0
2026-08-12,S002,BTH1552,0,3,2,0,2,0,1,5.96
2026-08-12,S003,BTH1552,2,0,0,1,3,0,2,11.92
2026-08-12,S004,BTH1552,0,0,0,3,3,0,0,0.0
2026-08-12,S005,BTH1552,0,2,1,0,0,0,1,5.96
2026-08-12,S006,BTH1552,0,0,0,3,1,0,0,0.0
2026-08-12,S007,BTH1552,1,0,0,3,1,0,1,5.96
2026-08-12,S008,BTH1552,0,1,0,1,3,0,1,5.96
2026-08-12,S009,BTH1552,1,0,0,0,3,0,1,5.96
2026-08-12,S010,BTH1552,1,3,3,0,1,1,1,5.96
2026-08-12,S001,BTH1553,0,1,0,2,3,0,1,13.43
2026-08-12,S002,BTH1553,0,0,0,1,1,0,0,0.0
2026-08-12,S003,BTH1553,1,0,0,3,0,0,1,13.43
2026-08-12,S004,BTH1553,0,0,0,3,2,0,0,0.0
2026-08-12,S005,BTH1553,0,0,0,2,0,0,0,0.0
2026-08-12,S006,BTH1553,1,3,3,2,2,1,1,13.43
2026-08-12,S007,BTH1553,2,1,1,3,1,0,2,26.86
2026-08-12,S008,BTH1553,0,5,3,0,3,0,2,26.86
2026-08-12,S009,BTH1553,0,3,1,3,1,0,2,26.86
2026-08-12,S010,BTH1553,1,2,2,3,0,0,1,13.43
2026-08-12,S001,BTH1554,0,1,1,3,2,0,0,0.0
2026-08-12,S002,BTH1554,1,0,0,3,0,0,1,7.61
2026-08-12,S003,BTH1554,0,0,0,1,0,0,0,0.0
2026-08-12,S004,BTH1554,0,1,0,2,3,0,1,7.61
2026-08-12,S005,BTH1554,0,0,0,2,1,0,0,0.0
2026-08-12,S006,BTH1554,0,1,0,1,0,0,1,7.61
2026-08-12,S007,BTH1554,1,0,0,3,1,0,1,7.61
2026-08-12,S008,BTH1554,1,0,1,1,0,0,0,0.0
2026-08-12,S009,BTH1554,0,0,0,3,0,0,0,0.0
2026-08-12,S010,BTH1554,1,2,1,3,2,0,2,15.22
2026-08-12,S001,BTH1555,1,0,0,2,3,0,1,32.86
2026-08-12,S002,BTH1555,0,6,4,2,3,0,2,65.72
2026-08-12,S003,BTH1555,0,5,4,1,3,0,1,32.86
2026-08-12,S004,BTH1555,1,1,1,0,2,0,1,32.86
2026-08-12,S005,BTH1555,0,3,2,1,0,0,1,32.86
2026-08-12,S006,BTH1555,0,2,1,2,1,0,1,32.86
2026-08-12,S007,BTH1555,0,3,3,1,3,0,0,0.0
2026-08-12,S008,BTH1555,0,1,1,3,3,0,0,0.0
2026-08-12,S009,BTH1555,1,1,2,3,1,0,0,0.0
2026-08-12,S010,BTH1555,1,0,1,0,3,0,0,0.0
2026-08-12,S001,BTH1556,0,1,1,1,1,0,0,0.0
2026-08-12,S002,BTH1556,0,1,0,3,0,0,1,30.93
2026-08-12,S003,BTH1556,0,0,0,0,3,0,0,0.0
2026-08-12,S004,BTH1556,1,0,0,2,0,0,1,30.93
2026-08-12,S005,BTH1556,0,0,0,3,2,0,0,0.0
2026-08-12,S006,BTH1556,1,0,1,0,1,0,0,0.0
2026-08-12,S007,BTH1556,0,0,0,1,0,0,0,0.0
2026-08-12,S008,BTH1556,0,1,0,1,0,0,1,30.93
2026-08-12,S009,BTH1556,1,0,0,0,1,0,1,30.93
2026-08-12,S010,BTH1556,0,0,0,0,2,0,0,0.0
2026-08-12,S001,BTH1557,0,0,0,1,1,0,0,0.0
2026-08-12,S002,BTH1557,0,3,2,2,1,0,1,26.58
2026-08-12,S003,BTH1557,0,1,1,3,3,0,0,0.0
2026-08-12,S004,BTH1557,0,1,0,2,1,0,1,26.58
2026-08-12,S005,BTH1557,0,1,0,1,2,0,1,26.58
2026-08-12,S006,BTH1557,0,7,6,0,2,0,1,26.58
2026-08-12,S007,BTH1557,2,3,3,2,2,0,2,53.16
2026-08-12,S008,BTH1557,0,2,0,3,0,0,2,53.16
2026-08-12,S009,BTH1557,1,4,4,2,0,0,1,26.58
2026-08-12,S010,BTH1557,0,0,0,2,3,0,0,0.0
2026-08-12,S001,BTH1558,0,0,0,2,0,0,0,0.0
2026-08-12,S002,BTH1558,2,4,4,0,3,0,2,73.38
2026-08-12,S003,BTH1558,0,0,0,1,1,0,0,0.0
2026-08-12,S004,BTH1558,1,0,0,0,0,0,1,36.69
2026-08-12,S005,BTH1558,1,0,1,3,2,0,0,0.0
2026-08-12,S006,BTH1558,0,4,3,0,1,0,1,36.69
2026-08-12,S007,BTH1558,1,3,2,3,3,0,2,73.38
2026-08-12,S008,BTH1558,1,1,1,0,2,0,1,36.69
2026-08-12,S009,BTH1558,0,1,0,2,2,0,1,36.69
2026-08-12,S010,BTH1558,0,0,0,3,1,0,0,0.0
2026-08-12,S001,BTH1559,0,1,0,1,3,0,1,42.55
2026-08-12,S002,BTH1559,0,0,0,1,2,0,0,0.0
2026-08-12,S003,BTH1559,0,1,1,2,2,0,0,0.0
2026-08-12,S004,BTH1559,0,0,0,1,0,0,0,0.0
2026-08-12,S005,BTH1559,0,1,1,0,2,0,0,0.0
2026-08-12,S006,BTH1559,1,1,2,2,0,0,0,0.0
2026-08-12,S007,BTH1559,0,7,4,1,3,0,3,127.65
2026-08-12,S008,BTH1559,1,0,1,2,1,0,0,0.0
2026-08-12,S009,BTH1559,1,0,0,2,1,0,1,42.55
2026-08-12,S010,BTH1559,0,0,0,1,3,0,0,0.0
2026-08-12,S001,BTH1560,0,1,0,1,0,0,1,25.0
2026-08-12,S002,BTH1560,1,5,4,3,1,0,2,50.0
2026-08-12,S003,BTH1560,0,1,0,0,0,0,1,25.0
2026-08-12,S004,BTH1560,0,0,0,0,1,0,0,0.0
2026-08-12,S005,BTH1560,1,3,3,0,1,0,1,25.0
2026-08-12,S006,BTH1560,0,0,0,3,1,0,0,0.0
2026-08-12,S007,BTH1560,1,0,1,2,0,0,0,0.0
2026-08-12,S008,BTH1560,0,1,1,3,1,0,0,0.0
2026-08-12,S009,BTH1560,1,8,6,1,0,0,3,75.0
2026-08-12,S010,BTH1560,1,0,0,3,1,0,1,25.0
2026-08-12,S001,BTH1561,1,1,2,1,1,0,0,0.0
2026-08-12,S002,BTH1561,2,4,4,1,1,0,2,15.32
2026-08-12,S003,BTH1561,1,8,6,2,1,0,3,22.98
2026-08-12,S004,BTH1561,0,0,0,0,1,0,0,0.0
2026-08-12,S005,BTH1561,0,1,0,2,2,0,1,7.66
2026-08-12,S006,BTH1561,0,2,1,1,1,0,1,7.66
2026-08-12,S007,BTH1561,1,2,2,3,3,0,1,7.66
2026-08-12,S008,BTH1561,0,10,7,3,2,0,3,22.98
2026-08-12,S009,BTH1561,0,1,1,3,3,0,0,0.0
2026-08-12,S010,BTH1561,0,2,1,1,2,0,1,7.66
2026-08-12,S001,BTH1562,1,3,2,0,2,0,2,85.46
2026-08-12,S002,BTH1562,0,0,0,0,1,0,0,0.0
2026-08-12,S003,BTH1562,0,1,1,1,0,0,0,0.0
2026-08-12,S004,BTH1562,0,0,0,3,1,0,0,0.0
2026-08-12,S005,BTH1562,0,1,1,2,0,0,0,0.0
2026-08-12,S006,BTH1562,0,5,4,0,2,0,1,42.73
2026-08-12,S007,BTH1562,1,0,1,2,2,0,0,0.0
2026-08-12,S008,BTH1562,1,0,1,1,3,0,0,0.0
2026-08-12,S009,BTH1562,1,2,2,3,0,0,1,42.73
2026-08-12,S010,BTH1562,1,0,0,3,3,0,1,42.73
2026-08-12,S001,BTH1563,0,0,0,0,1,0,0,0.0
2026-08-12,S002,BTH1563,0,1,1,2,1,0,0,0.0
2026-08-12,S003,BTH1563,0,0,0,2,3,0,0,0.0
2026-08-12,S004,BTH1563,0,1,1,1,1,0,0,0.0
2026-08-12,S005,BTH1563,0,0,0,2,1,0,0,0.0
2026-08-12,S006,BTH1563,0,0,0,3,1,0,0,0.0
2026-08-12,S007,BTH1563,0,5,4,3,0,0,1,32.58
2026-08-12,S008,BTH1563,0,6,4,3,0,0,2,65.16
2026-08-12,S009,BTH1563,0,0,0,3,1,0,0,0.0
2026-08-12,S010,BTH1563,0,1,0,0,2,0,1,32.58
2026-08-12,S001,BTH1564,1,2,2,2,1,0,1,34.21
2026-08-12,S002,BTH1564,0,2,2,1,3,0,0,0.0
2026-08-12,S003,BTH1564,0,0,0,2,1,0,0,0.0
2026-08-12,S004,BTH1564,1,0,0,2,3,0,1,34.21
2026-08-12,S005,BTH1564,0,1,0,3,1,0,1,34.21
2026-08-12,S006,BTH1564,2,5,5,0,2,0,2,68.42
2026-08-12,S007,BTH1564,0,1,0,1,0,0,1,34.21
2026-08-12,S008,BTH1564,0,0,0,1,1,0,0,0.0
2026-08-12,S009,BTH1564,0,0,0,1,2,0,0,0.0
2026-08-12,S010,BTH1564,0,0,0,0,3,0,0,0.0
2026-08-12,S001,BTH1565,1,5,4,0,2,0,2,10.4
2026-08-12,S002,BTH1565,1,4,3,2,3,0,2,10.4
2026-08-12,S003,BTH1565,0,1,0,1,3,0,1,5.2
2026-08-12,S004,BTH1565,1,0,1,1,2,0,0,0.0
2026-08-12,S005,BTH1565,0,0,0,2,3,0,0,0.0
2026-08-12,S006,BTH1565,0,3,2,0,3,0,1,5.2
2026-08-12,S007,BTH1565,0,9,7,3,2,0,2,10.4
2026-08-12,S008,BTH1565,2,5,5,0,1,0,2,10.4
2026-08-12,S009,BTH1565,2,2,2,3,3,0,2,10.4
2026-08-12,S010,BTH1565,0,7,6,2,1,0,1,5.2
2026-08-12,S001,BTH1566,1,0,0,0,0,0,1,27.2
2026-08-12,S002,BTH1566,1,1,1,3,1,0,1,27.2
2026-08-12,S003,BTH1566,0,0,0,0,0,0,0,0.0
2026-08-12,S004,BTH1566,0,1,0,0,3,0,1,27.2
2026-08-12,S005,BTH1566,0,0,0,1,1,0,0,0.0
2026-08-12,S006,BTH1566,1,0,1,2,3,0,0,0.0
2026-08-12,S007,BTH1566,1,1,1,3,0,0,1,27.2
2026-08-12,S008,BTH1566,0,0,0,3,0,0,0,0.0
2026-08-12,S009,BTH1566,0,0,0,1,1,0,0,0.0
2026-08-12,S010,BTH1566,0,0,0,1,0,0,0,0.0
2026-08-12,S001,BTH1567,0,3,2,0,0,0,1,20.88
2026-08-12,S002,BTH1567,0,3,2,1,3,0,1,20.88
2026-08-12,S003,BTH1567,1,1,1,2,1,0,1,20.88
2026-08-12,S004,BTH1567,0,0,0,0,2,0,0,0.0
2026-08-12,S005,BTH1567,0,1,0,3,0,0,1,20.88
2026-08-12,S006,BTH1567,0,0,0,3,1,0,0,0.0
2026-08-12,S007,BTH1567,2,4,4,2,3,0,2,41.76
2026-08-12,S008,BTH1567,0,0,0,1,2,0,0,0.0
2026-08-12,S009,BTH1567,0,1,1,1,0,0,0,0.0
2026-08-12,S010,BTH1567,0,0,0,0,2,0,0,0.0
2026-08-12,S001,BTH1568,1,0,1,0,1,0,0,0.0
2026-08-12,S002,BTH1568,1,0,0,2,2,0,1,21.7
2026-08-12,S003,BTH1568,0,2,1,1,1,0,1,21.7
2026-08-12,S004,BTH1568,0,2,0,0,3,0,2,43.4
2026-08-12,S005,BTH1568,0,3,1,3,1,0,2,43.4
2026-08-12,S006,BTH1568,1,1,1,3,1,1,1,21.7
2026-08-12,S007,BTH1568,0,0,0,3,2,0,0,0.0
2026-08-12,S008,BTH1568,2,8,7,2,1,0,3,65.1
2026-08-12,S009,BTH1568,2,7,6,0,3,0,3,65.1
2026-08-12,S010,BTH1568,1,0,0,1,3,0,1,21.7
2026-08-12,S001,BTH1569,1,0,0,1,2,0,1,40.46
2026-08-12,S002,BTH1569,1,0,0,1,0,0,1,40.46
2026-08-12,S003,BTH1569,1,0,0,0,1,0,1,40.46
2026-08-12,S004,BTH1569,1,0,1,1,0,0,0,0.0
2026-08-12,S005,BTH1569,0,2,2,1,2,0,0,0.0
2026-08-12,S006,BTH1569,1,4,4,3,2,0,1,40.46
2026-08-12,S007,BTH1569,0,9,6,3,3,0,3,121.38
2026-08-12,S008,BTH1569,1,0,0,1,3,0,1,40.46
2026-08-12,S009,BTH1569,0,1,0,0,0,0,1,40.46
2026-08-12,S010,BTH1569,0,1,0,3,0,0,1,40.46
2026-08-12,S001,BTH1570,1,2,2,3,3,0,1,5.65
2026-08-12,S002,BTH1570,1,1,1,2,1,0,1,5.65
2026-08-12,S003,BTH1570,0,2,1,2,2,0,1,5.65
2026-08-12,S004,BTH1570,0,4,3,2,3,0,1,5.65
2026-08-12,S005,BTH1570,0,6,4,0,1,0,2,11.3
2026-08-12,S006,BTH1570,0,8,6,1,3,0,2,11.3
2026-08-12,S007,BTH1570,1,3,3,0,3,0,1,5.65
2026-08-12,S008,BTH1570,0,3,1,1,0,0,2,11.3
2026-08-12,S009,BTH1570,0,8,6,3,1,0,2,11.3
2026-08-12,S010,BTH1570,2,5,4,1,3,0,3,16.95
2026-08-12,S001,BSK1571,0,0,0,2,0,0,0,0.0
2026-08-12,S002,BSK1571,1,0,1,2,0,0,0,0.0
2026-08-12,S003,BSK1571,0,4,3,3,1,0,1,34.63
2026-08-12,S004,BSK1571,0,0,0,1,0,0,0,0.0
2026-08-12,S005,BSK1571,0,0,0,2,0,0,0,0.0
2026-08-12,S006,BSK1571,1,0,0,2,2,0,1,34.63
2026-08-12,S007,BSK1571,0,0,0,2,3,0,0,0.0
2026-08-12,S008,BSK1571,1,6,4,2,0,0,3,103.89
2026-08-12,S009,BSK1571,0,2,2,2,3,0,0,0.0
2026-08-12,S010,BSK1571,0,1,0,2,0,0,1,34.63
2026-08-12,S001,BSK1572,1,1,1,1,0,0,1,27.41
2026-08-12,S002,BSK1572,1,1,1,0,0,0,1,27.41
2026-08-12,S003,BSK1572,0,1,0,0,2,0,1,27.41
2026-08-12,S004,BSK1572,0,5,3,0,3,0,2,54.82
2026-08-12,S005,BSK1572,0,7,4,1,1,0,3,82.23
2026-08-12,S006,BSK1572,0,4,2,2,0,0,2,54.82
2026-08-12,S007,BSK1572,0,0,0,2,0,0,0,0.0
2026-08-12,S008,BSK1572,1,1,1,2,2,0,1,27.41
2026-08-12,S009,BSK1572,0,2,0,3,2,0,2,54.82
2026-08-12,S010,BSK1572,2,2,2,2,0,0,2,54.82
2026-08-12,S001,BSK1573,1,0,1,2,1,0,0,0.0
2026-08-12,S002,BSK1573,0,3,1,3,3,0,2,62.78
2026-08-12,S003,BSK1573,0,0,0,1,2,0,0,0.0
2026-08-12,S004,BSK1573,2,0,0,2,0,0,2,62.78
2026-08-12,S005,BSK1573,1,0,1,1,1,0,0,0.0
2026-08-12,S006,BSK1573,0,0,0,2,3,0,0,0.0
2026-08-12,S007,BSK1573,0,1,1,0,1,0,0,0.0
2026-08-12,S008,BSK1573,0,0,0,2,3,0,0,0.0
2026-08-12,S009,BSK1573,0,0,0,3,0,0,0,0.0
2026-08-12,S010,BSK1573,1,0,0,0,3,0,1,31.39
2026-08-12,S001,BSK1574,0,3,2,1,3,0,1,39.63
2026-08-12,S002,BSK1574,0,4,3,1,0,0,1,39.63
2026-08-12,S003,BSK1574,0,0,0,0,1,0,0,0.0
2026-08-12,S004,BSK1574,0,0,0,1,3,0,0,0.0
2026-08-12,S005,BSK1574,0,0,0,0,3,0,0,0.0
2026-08-12,S006,BSK1574,0,5,3,1,1,0,2,79.26
2026-08-12,S007,BSK1574,0,1,0,3,3,0,1,39.63
2026-08-12,S008,BSK1574,0,1,0,3,0,0,1,39.63
2026-08-12,S009,BSK1574,2,9,7,1,0,0,4,158.52
2026-08-12,S010,BSK1574,0,0,0,3,2,0,0,0.0
2026-08-12,S001,BSK1575,0,0,0,0,0,0,0,0.0
2026-08-12,S002,BSK1575,1,0,0,2,2,0,1,22.51
2026-08-12,S003,BSK1575,0,1,1,3,2,0,0,0.0
2026-08-12,S004,BSK1575,2,5,4,0,3,0,3,67.53
2026-08-12,S005,BSK1575,0,2,2,0,1,0,0,0.0
2026-08-12,S006,BSK1575,0,1,1,1,3,0,0,0.0
2026-08-12,S007,BSK1575,0,12,7,2,2,0,5,112.55
2026-08-12,S008,BSK1575,1,2,2,2,3,0,1,22.51
2026-08-12,S009,BSK1575,0,1,1,1,3,0,0,0.0
2026-08-12,S010,BSK1575,0,1,0,3,3,0,1,22.51
2026-08-12,S001,BSK1576,2,5,4,3,0,0,3,103.68
2026-08-12,S002,BSK1576,1,1,2,2,2,0,0,0.0
2026-08-12,S003,BSK1576,0,0,0,1,2,0,0,0.0
2026-08-12,S004,BSK1576,1,0,0,3,0,0,1,34.56
2026-08-12,S005,BSK1576,1,0,1,1,2,0,0,0.0
2026-08-12,S006,BSK1576,1,6,5,0,3,0,2,69.12
2026-08-12,S007,BSK1576,2,0,0,3,1,0,2,69.12
2026-08-12,S008,BSK1576,0,2,1,1,2,0,1,34.56
2026-08-12,S009,BSK1576,0,1,0,1,0,0,1,34.56
2026-08-12,S010,BSK1576,0,1,0,0,1,0,1,34.56
2026-08-12,S001,BSK1577,0,0,0,1,1,0,0,0.0
2026-08-12,S002,BSK1577,0,2,1,0,0,0,1,12.55
2026-08-12,S003,BSK1577,0,1,0,2,0,0,1,12.55
2026-08-12,S004,BSK1577,0,0,0,0,2,0,0,0.0
2026-08-12,S005,BSK1577,0,3,2,2,2,0,1,12.55
2026-08-12,S006,BSK1577,0,1,0,1,3,0,1,12.55
2026-08-12,S007,BSK1577,1,0,0,2,0,0,1,12.55
2026-08-12,S008,BSK1577,0,0,0,2,3,0,0,0.0
2026-08-12,S009,BSK1577,0,0,0,1,1,0,0,0.0
2026-08-12,S010,BSK1577,1,0,0,3,2,0,1,12.55
2026-08-12,S001,BSK1578,0,0,0,0,3,0,0,0.0
2026-08-12,S002,BSK1578,1,0,0,1,0,0,1,40.46
2026-08-12,S003,BSK1578,0,0,0,1,2,0,0,0.0
2026-08-12,S004,BSK1578,0,0,0,3,0,0,0,0.0
2026-08-12,S005,BSK1578,0,0,0,2,3,0,0,0.0
2026-08-12,S006,BSK1578,1,0,0,3,3,0,1,40.46
2026-08-12,S007,BSK1578,0,1,1,0,1,0,0,0.0
2026-08-12,S008,BSK1578,0,0,0,1,1,0,0,0.0
2026-08-12,S009,BSK1578,1,2,2,2,1,0,1,40.46
2026-08-12,S010,BSK1578,0,0,0,2,3,0,0,0.0
2026-08-12,S001,BSK1579,0,1,0,3,0,0,1,8.41
2026-08-12,S002,BSK1579,1,8,6,1,1,0,3,25.23
2026-08-12,S003,BSK1579,1,1,2,0,1,0,0,0.0
2026-08-12,S004,BSK1579,1,0,1,0,0,0,0,0.0
2026-08-12,S005,BSK1579,0,9,6,0,0,0,3,25.23
2026-08-12,S006,BSK1579,1,2,3,1,1,0,0,0.0
2026-08-12,S007,BSK1579,2,4,3,2,2,0,3,25.23
2026-08-12,S008,BSK1579,4,14,11,0,3,0,7,58.87
2026-08-12,S009,BSK1579,0,2,1,1,1,0,1,8.41
2026-08-12,S010,BSK1579,1,1,2,3,3,0,0,0.0
2026-08-12,S001,BSK1580,0,1,1,2,0,0,0,0.0
2026-08-12,S002,BSK1580,1,4,4,1,3,0,1,21.11
2026-08-12,S003,BSK1580,0,0,0,3,1,0,0,0.0
2026-08-12,S004,BSK1580,1,0,0,1,0,0,1,21.11
2026-08-12,S005,BSK1580,0,0,0,0,0,0,0,0.0
2026-08-12,S006,BSK1580,0,1,0,2,0,0,1,21.11
2026-08-12,S007,BSK1580,1,1,1,2,3,0,1,21.11
2026-08-12,S008,BSK1580,1,2,2,3,3,0,1,21.11
2026-08-12,S009,BSK1580,1,0,0,0,3,0,1,21.11
2026-08-12,S010,BSK1580,0,0,0,2,3,1,0,0.0
2026-08-12,S001,BSK1581,1,1,1,2,2,0,1,39.83
2026-08-12,S002,BSK1581,0,0,0,3,1,0,0,0.0
2026-08-12,S003,BSK1581,0,1,0,2,3,0,1,39.83
2026-08-12,S004,BSK1581,1,0,0,0,0,0,1,39.83
2026-08-12,S005,BSK1581,0,2,1,0,3,0,1,39.83
2026-08-12,S006,BSK1581,1,1,1,2,0,0,1,39.83
2026-08-12,S007,BSK1581,0,3,2,3,3,0,1,39.83
2026-08-12,S008,BSK1581,0,3,3,0,1,0,0,0.0
2026-08-12,S009,BSK1581,0,4,3,3,2,0,1,39.83
2026-08-12,S010,BSK1581,0,4,3,0,3,0,1,39.83
2026-08-12,S001,BSK1582,1,2,2,1,2,0,1,10.31
2026-08-12,S002,BSK1582,0,1,0,2,1,0,1,10.31
2026-08-12,S003,BSK1582,0,0,0,0,2,0,0,0.0
2026-08-12,S004,BSK1582,0,1,0,1,3,0,1,10.31
2026-08-12,S005,BSK1582,0,1,1,1,2,0,0,0.0
2026-08-12,S006,BSK1582,1,1,0,2,2,0,2,20.62
2026-08-12,S007,BSK1582,0,0,0,1,1,0,0,0.0
2026-08-12,S008,BSK1582,0,1,1,0,0,0,0,0.0
2026-08-12,S009,BSK1582,0,1,1,3,0,0,0,0.0
2026-08-12,S010,BSK1582,0,1,0,1,2,0,1,10.31
2026-08-12,S001,BSK1583,0,0,0,1,0,0,0,0.0
2026-08-12,S002,BSK1583,0,1,0,0,2,0,1,22.26
2026-08-12,S003,BSK1583,1,0,0,1,3,0,1,22.26
2026-08-12,S004,BSK1583,0,1,0,2,1,0,1,22.26
2026-08-12,S005,BSK1583,0,0,0,0,3,0,0,0.0
2026-08-12,S006,BSK1583,1,2,2,3,3,0,1,22.26
2026-08-12,S007,BSK1583,1,0,0,0,3,0,1,22.26
2026-08-12,S008,BSK1583,0,0,0,1,0,0,0,0.0
2026-08-12,S009,BSK1583,0,0,0,2,0,0,0,0.0
2026-08-12,S010,BSK1583,0,1,1,0,2,0,0,0.0
2026-08-12,S001,BSK1584,0,0,0,3,1,0,0,0.0
2026-08-12,S002,BSK1584,0,5,3,3,2,0,2,21.14
2026-08-12,S003,BSK1584,0,0,0,2,1,0,0,0.0
2026-08-12,S004,BSK1584,0,0,0,3,1,0,0,0.0
2026-08-12,S005,BSK1584,0,0,0,3,0,1,0,0.0
2026-08-12,S006,BSK1584,1,0,1,2,1,0,0,0.0
2026-08-12,S007,BSK1584,2,2,2,1,0,0,2,21.14
2026-08-12,S008,BSK1584,1,0,0,2,3,0,1,10.57
2026-08-12,S009,BSK1584,2,4,4,2,3,0,2,21.14
2026-08-12,S010,BSK1584,1,2,2,2,0,0,1,10.57
2026-08-12,S001,BSK1585,0,5,4,3,0,0,1,37.99
2026-08-12,S002,BSK1585,1,0,0,2,2,0,1,37.99
2026-08-12,S003,BSK1585,0,5,3,2,3,0,2,75.98
2026-08-12,S004,BSK1585,0,8,6,0,1,0,2,75.98
2026-08-12,S005,BSK1585,2,1,1,1,3,0,2,75.98
2026-08-12,S006,BSK1585,0,1,0,3,2,0,1,37.99
2026-08-12,S007,BSK1585,1,1,2,1,0,0,0,0.0
2026-08-12,S008,BSK1585,1,0,0,0,0,0,1,37.99
2026-08-12,S009,BSK1585,1,0,0,0,3,0,1,37.99
2026-08-12,S010,BSK1585,1,0,0,3,3,0,1,37.99
2026-08-12,S001,BSK1586,0,0,0,1,2,0,0,0.0
2026-08-12,S002,BSK1586,0,15,11,1,0,0,4,110.92
2026-08-12,S003,BSK1586,0,0,0,1,2,0,0,0.0
2026-08-12,S004,BSK1586,1,0,0,2,0,0,1,27.73
2026-08-12,S005,BSK1586,0,2,1,2,3,0,1,27.73
2026-08-12,S006,BSK1586,1,6,4,2,3,0,3,83.19
2026-08-12,S007,BSK1586,0,3,2,2,3,0,1,27.73
2026-08-12,S008,BSK1586,0,2,0,3,0,1,2,55.46
2026-08-12,S009,BSK1586,1,1,2,1,3,0,0,0.0
2026-08-12,S010,BSK1586,1,0,0,3,1,0,1,27.73
2026-08-12,S001,BSK1587,0,0,0,3,1,0,0,0.0
2026-08-12,S002,BSK1587,0,2,2,2,2,0,0,0.0
2026-08-12,S003,BSK1587,0,0,0,1,1,0,0,0.0
2026-08-12,S004,BSK1587,0,2,2,0,3,0,0,0.0
2026-08-12,S005,BSK1587,0,0,0,2,2,0,0,0.0
2026-08-12,S006,BSK1587,1,0,1,1,0,0,0,0.0
2026-08-12,S007,BSK1587,1,1,0,0,1,0,2,58.48
2026-08-12,S008,BSK1587,1,6,4,1,3,0,3,87.72
2026-08-12,S009,BSK1587,1,0,1,0,3,0,0,0.0
2026-08-12,S010,BSK1587,1,0,1,3,2,0,0,0.0
2026-08-12,S001,BSK1588,0,0,0,2,3,0,0,0.0
2026-08-12,S002,BSK1588,1,0,1,1,1,0,0,0.0
2026-08-12,S003,BSK1588,1,1,0,0,1,0,2,23.16
2026-08-12,S004,BSK1588,1,1,1,1,3,0,1,11.58
2026-08-12,S005,BSK1588,0,0,0,2,2,0,0,0.0
2026-08-12,S006,BSK1588,0,0,0,2,2,0,0,0.0
2026-08-12,S007,BSK1588,0,0,0,0,3,0,0,0.0
2026-08-12,S008,BSK1588,1,5,4,3,0,0,2,23.16
2026-08-12,S009,BSK1588,0,0,0,1,3,0,0,0.0
2026-08-12,S010,BSK1588,2,4,4,1,3,0,2,23.16
2026-08-12,S001,BSK1589,0,0,0,2,0,0,0,0.0
2026-08-12,S002,BSK1589,0,11,6,1,0,0,5,48.25
2026-08-12,S003,BSK1589,1,0,1,3,0,0,0,0.0
2026-08-12,S004,BSK1589,0,0,0,2,2,0,0,0.0
2026-08-12,S005,BSK1589,2,4,3,0,0,0,3,28.95
2026-08-12,S006,BSK1589,1,1,2,3,1,0,0,0.0
2026-08-12,S007,BSK1589,0,1,0,0,0,0,1,9.65
2026-08-12,S008,BSK1589,0,0,0,3,3,0,0,0.0
2026-08-12,S009,BSK1589,1,0,0,3,1,0,1,9.65
2026-08-12,S010,BSK1589,2,5,5,2,1,0,2,19.3
2026-08-12,S001,BSK1590,0,0,0,3,0,0,0,0.0
2026-08-12,S002,BSK1590,0,0,0,3,0,0,0,0.0
2026-08-12,S003,BSK1590,0,0,0,1,2,0,0,0.0
2026-08-12,S004,BSK1590,0,0,0,2,3,0,0,0.0
2026-08-12,S005,BSK1590,0,1,0,1,1,0,1,24.47
2026-08-12,S006,BSK1590,1,0,0,0,3,0,1,24.47
2026-08-12,S007,BSK1590,1,0,1,0,0,0,0,0.0
2026-08-12,S008,BSK1590,0,1,1,1,1,0,0,0.0
2026-08-12,S009,BSK1590,0,1,0,3,0,0,1,24.47
2026-08-12,S010,BSK1590,0,1,1,0,3,0,0,0.0
2026-08-12,S001,BSK1591,0,0,0,2,2,0,0,0.0
2026-08-12,S002,BSK1591,1,3,3,1,2,0,1,27.63
2026-08-12,S003,BSK1591,0,1,1,3,1,0,0,0.0
2026-08-12,S004,BSK1591,0,0,0,3,3,0,0,0.0
2026-08-12,S005,BSK1591,0,0,0,3,0,0,0,0.0
2026-08-12,S006,BSK1591,1,4,3,3,2,0,2,55.26
2026-08-12,S007,BSK1591,0,1,1,2,0,0,0,0.0
2026-08-12,S008,BSK1591,2,1,0,3,0,0,3,82.89
2026-08-12,S009,BSK1591,0,1,1,0,3,0,0,0.0
2026-08-12,S010,BSK1591,1,1,1,1,0,0,1,27.63
2026-08-12,S001,BSK1592,0,1,1,3,3,0,0,0.0
2026-08-12,S002,BSK1592,0,3,2,1,3,1,1,22.61
2026-08-12,S003,BSK1592,0,1,0,1,1,0,1,22.61
2026-08-12,S004,BSK1592,0,2,0,1,3,0,2,45.22
2026-08-12,S005,BSK1592,1,3,3,2,0,0,1,22.61
2026-08-12,S006,BSK1592,0,4,3,1,2,0,1,22.61
2026-08-12,S007,BSK1592,2,3,3,1,0,0,2,45.22
2026-08-12,S008,BSK1592,3,8,7,2,3,0,4,90.44
2026-08-12,S009,BSK1592,1,2,2,0,0,0,1,22.61
2026-08-12,S010,BSK1592,0,8,6,2,1,0,2,45.22
2026-08-12,S001,BSK1593,1,5,4,2,2,0,2,53.82
2026-08-12,S002,BSK1593,0,1,1,1,1,0,0,0.0
2026-08-12,S003,BSK1593,0,0,0,3,3,0,0,0.0
2026-08-12,S004,BSK1593,2,0,0,0,3,0,2,53.82
2026-08-12,S005,BSK1593,2,0,0,2,2,0,2,53.82
2026-08-12,S006,BSK1593,2,5,4,1,3,0,3,80.73
2026-08-12,S007,BSK1593,0,5,4,1,2,0,1,26.91
2026-08-12,S008,BSK1593,0,0,0,0,3,0,0,0.0
2026-08-12,S009,BSK1593,0,0,0,1,0,0,0,0.0
2026-08-12,S010,BSK1593,1,0,0,0,0,0,1,26.91
2026-08-12,S001,BSK1594,0,0,0,3,0,0,0,0.0
2026-08-12,S002,BSK1594,1,0,0,1,2,0,1,40.22
2026-08-12,S003,BSK1594,1,3,3,1,2,0,1,40.22
2026-08-12,S004,BSK1594,2,2,2,2,0,0,2,80.44
2026-08-12,S005,BSK1594,0,0,0,2,0,0,0,0.0
2026-08-12,S006,BSK1594,0,0,0,1,2,0,0,0.0
2026-08-12,S007,BSK1594,0,0,0,0,1,1,0,0.0
2026-08-12,S008,BSK1594,0,0,0,2,0,0,0,0.0
2026-08-12,S009,BSK1594,1,0,0,1,2,1,1,40.22
2026-08-12,S010,BSK1594,0,0,0,3,0,0,0,0.0
2026-08-12,S001,BSK1595,1,0,0,3,0,0,1,20.42
2026-08-12,S002,BSK1595,0,4,3,0,1,0,1,20.42
2026-08-12,S003,BSK1595,1,2,1,1,0,0,2,40.84
2026-08-12,S004,BSK1595,0,1,1,0,2,0,0,0.0
2026-08-12,S005,BSK1595,0,0,0,1,3,0,0,0.0
2026-08-12,S006,BSK1595,0,3,2,3,2,0,1,20.42
2026-08-12,S007,BSK1595,2,6,5,2,1,0,3,61.26
2026-08-12,S008,BSK1595,0,2,1,2,2,0,1,20.42
2026-08-12,S009,BSK1595,1,1,1,3,2,0,1,20.42
2026-08-12,S010,BSK1595,0,0,0,2,2,0,0,0.0
2026-08-12,S001,BSK1596,0,2,1,3,2,0,1,21.81
2026-08-12,S002,BSK1596,0,2,0,3,3,1,2,43.62
2026-08-12,S003,BSK1596,1,0,0,0,0,0,1,21.81
2026-08-12,S004,BSK1596,0,1,0,1,1,0,1,21.81
2026-08-12,S005,BSK1596,0,3,2,1,0,0,1,21.81
2026-08-12,S006,BSK1596,1,4,3,0,3,0,2,43.62
2026-08-12,S007,BSK1596,0,4,2,0,2,0,2,43.62
2026-08-12,S008,BSK1596,2,1,0,0,1,0,3,65.43
2026-08-12,S009,BSK1596,1,3,3,1,3,0,1,21.81
2026-08-12,S010,BSK1596,0,1,0,1,0,0,1,21.81
2026-08-12,S001,BSK1597,0,0,0,3,1,0,0,0.0
2026-08-12,S002,BSK1597,2,6,5,1,2,0,3,71.1
2026-08-12,S003,BSK1597,0,0,0,2,0,0,0,0.0
2026-08-12,S004,BSK1597,0,0,0,1,1,0,0,0.0
2026-08-12,S005,BSK1597,1,0,0,2,3,0,1,23.7
2026-08-12,S006,BSK1597,1,5,3,0,1,0,3,71.1
2026-08-12,S007,BSK1597,1,0,0,1,3,0,1,23.7
2026-08-12,S008,BSK1597,0,0,0,1,1,0,0,0.0
2026-08-12,S009,BSK1597,0,0,0,2,1,0,0,0.0
2026-08-12,S010,BSK1597,0,1,1,3,3,0,0,0.0
2026-08-12,S001,BSK1598,1,0,0,1,0,0,1,39.79
2026-08-12,S002,BSK1598,0,1,0,3,2,0,1,39.79
2026-08-12,S003,BSK1598,0,0,0,1,2,0,0,0.0
2026-08-12,S004,BSK1598,1,0,0,0,0,0,1,39.79
2026-08-12,S005,BSK1598,0,0,0,3,3,0,0,0.0
2026-08-12,S006,BSK1598,1,0,0,1,3,0,1,39.79
2026-08-12,S007,BSK1598,0,1,0,0,3,0,1,39.79
2026-08-12,S008,BSK1598,0,2,1,3,2,0,1,39.79
2026-08-12,S009,BSK1598,0,0,0,3,1,0,0,0.0
2026-08-12,S010,BSK1598,1,9,6,1,2,0,4,159.16
2026-08-12,S001,BSK1599,0,1,0,2,3,1,1,22.03
2026-08-12,S002,BSK1599,0,0,0,3,2,0,0,0.0
2026-08-12,S003,BSK1599,0,2,0,2,0,0,2,44.06
2026-08-12,S004,BSK1599,0,0,0,3,2,0,0,0.0
2026-08-12,S005,BSK1599,1,2,2,2,0,0,1,22.03
2026-08-12,S006,BSK1599,2,4,4,2,0,0,2,44.06
2026-08-12,S007,BSK1599,1,4,4,0,2,0,1,22.03
2026-08-12,S008,BSK1599,1,6,4,1,0,0,3,66.09
2026-08-12,S009,BSK1599,2,6,6,2,2,0,2,44.06
2026-08-12,S010,BSK1599,1,0,0,2,0,0,1,22.03
2026-08-12,S001,BSK1600,0,0,0,0,2,0,0,0.0
2026-08-12,S002,BSK1600,1,0,0,2,1,0,1,27.6
2026-08-12,S003,BSK1600,0,4,3,3,3,0,1,27.6
2026-08-12,S004,BSK1600,0,0,0,1,2,0,0,0.0
2026-08-12,S005,BSK1600,0,0,0,3,2,0,0,0.0
2026-08-12,S006,BSK1600,0,0,0,0,1,0,0,0.0
2026-08-12,S007,BSK1600,0,2,0,2,3,0,2,55.2
2026-08-12,S008,BSK1600,1,0,0,3,1,0,1,27.6
2026-08-12,S009,BSK1600,0,0,0,1,3,0,0,0.0
2026-08-12,S010,BSK1600,0,0,0,0,1,0,0,0.0
2026-08-12,S001,BSK1601,0,0,0,3,0,0,0,0.0
2026-08-12,S002,BSK1601,1,1,1,0,1,0,1,27.98
2026-08-12,S003,BSK1601,1,0,1,1,0,0,0,0.0
2026-08-12,S004,BSK1601,0,1,0,0,0,0,1,27.98
2026-08-12,S005,BSK1601,0,0,0,0,1,0,0,0.0
2026-08-12,S006,BSK1601,0,3,2,2,2,0,1,27.98
2026-08-12,S007,BSK1601,1,0,0,2,2,0,1,27.98
2026-08-12,S008,BSK1601,0,0,0,2,2,0,0,0.0
2026-08-12,S009,BSK1601,0,1,0,2,2,0,1,27.98
2026-08-12,S010,BSK1601,0,0,0,1,2,0,0,0.0
2026-08-12,S001,BSK1602,0,7,5,1,3,0,2,60.18
2026-08-12,S002,BSK1602,0,3,2,3,3,0,1,30.09
2026-08-12,S003,BSK1602,2,0,0,0,2,0,2,60.18
2026-08-12,S004,BSK1602,0,0,0,0,0,0,0,0.0
2026-08-12,S005,BSK1602,0,1,0,1,2,0,1,30.09
2026-08-12,S006,BSK1602,0,3,2,0,2,0,1,30.09
2026-08-12,S007,BSK1602,1,1,2,1,0,0,0,0.0
2026-08-12,S008,BSK1602,0,5,4,3,3,0,1,30.09
2026-08-12,S009,BSK1602,0,0,0,2,1,0,0,0.0
2026-08-12,S010,BSK1602,0,0,0,2,1,0,0,0.0
2026-08-12,S001,BSK1603,1,0,1,2,1,0,0,0.0
2026-08-12,S002,BSK1603,1,0,0,2,3,0,1,11.2
2026-08-12,S003,BSK1603,1,1,0,3,0,0,2,22.4
2026-08-12,S004,BSK1603,0,2,2,2,3,0,0,0.0
2026-08-12,S005,BSK1603,0,3,2,0,1,0,1,11.2
2026-08-12,S006,BSK1603,1,2,2,1,0,0,1,11.2
2026-08-12,S007,BSK1603,0,1,0,1,0,0,1,11.2
2026-08-12,S008,BSK1603,0,0,0,2,1,0,0,0.0
2026-08-12,S009,BSK1603,1,1,1,1,3,0,1,11.2
2026-08-12,S010,BSK1603,0,0,0,2,0,0,0,0.0
2026-08-12,S001,BSK1604,1,3,2,3,0,0,2,54.06
2026-08-12,S002,BSK1604,2,0,0,2,2,0,2,54.06
2026-08-12,S003,BSK1604,1,2,1,3,3,0,2,54.06
2026-08-12,S004,BSK1604,0,2,0,1,3,0,2,54.06
2026-08-12,S005,BSK1604,0,0,0,2,1,0,0,0.0
2026-08-12,S006,BSK1604,1,1,1,3,1,0,1,27.03
2026-08-12,S007,BSK1604,1,0,1,2,2,0,0,0.0
2026-08-12,S008,BSK1604,1,0,1,1,2,0,0,0.0
2026-08-12,S009,BSK1604,1,0,1,2,2,0,0,0.0
2026-08-12,S010,BSK1604,0,0,0,1,3,0,0,0.0
2026-08-12,S001,BSK1605,1,0,0,2,3,0,1,10.68
2026-08-12,S002,BSK1605,1,1,0,3,1,0,2,21.36
2026-08-12,S003,BSK1605,0,8,5,2,0,0,3,32.04
2026-08-12,S004,BSK1605,1,0,1,3,0,0,0,0.0
2026-08-12,S005,BSK1605,0,7,5,1,2,0,2,21.36
2026-08-12,S006,BSK1605,1,3,3,0,1,0,1,10.68
2026-08-12,S007,BSK1605,1,0,0,1,0,0,1,10.68
2026-08-12,S008,BSK1605,0,0,0,2,0,0,0,0.0
2026-08-12,S009,BSK1605,0,1,0,1,1,0,1,10.68
2026-08-12,S010,BSK1605,1,0,0,2,2,0,1,10.68
2026-08-12,S001,BSK1606,1,9,7,0,1,0,3,92.94
2026-08-12,S002,BSK1606,1,0,0,1,1,0,1,30.98
2026-08-12,S003,BSK1606,1,0,1,3,2,0,0,0.0
2026-08-12,S004,BSK1606,1,0,1,2,0,0,0,0.0
2026-08-12,S005,BSK1606,1,5,4,1,3,0,2,61.96
2026-08-12,S006,BSK1606,1,10,7,3,2,0,4,123.92
2026-08-12,S007,BSK1606,0,2,2,1,3,0,0,0.0
2026-08-12,S008,BSK1606,4,13,11,1,0,0,6,185.88
2026-08-12,S009,BSK1606,0,6,4,3,2,0,2,61.96
2026-08-12,S010,BSK1606,0,0,0,3,0,0,0,0.0
2026-08-12,S001,BSK1607,1,0,0,3,0,0,1,18.68
2026-08-12,S002,BSK1607,2,5,4,1,1,0,3,56.04
2026-08-12,S003,BSK1607,0,0,0,0,1,0,0,0.0
2026-08-12,S004,BSK1607,1,5,4,1,0,0,2,37.36
2026-08-12,S005,BSK1607,0,1,1,1,1,0,0,0.0
2026-08-12,S006,BSK1607,0,9,6,1,1,0,3,56.04
2026-08-12,S007,BSK1607,2,1,1,2,1,0,2,37.36
2026-08-12,S008,BSK1607,0,0,0,3,2,0,0,0.0
2026-08-12,S009,BSK1607,0,1,0,1,3,0,1,18.68
2026-08-12,S010,BSK1607,0,2,1,1,0,0,1,18.68
2026-08-12,S001,BSK1608,1,2,3,3,2,0,0,0.0
2026-08-12,S002,BSK1608,2,7,7,3,3,0,2,37.52
2026-08-12,S003,BSK1608,0,0,0,1,2,0,0,0.0
2026-08-12,S004,BSK1608,0,0,0,1,0,0,0,0.0
2026-08-12,S005,BSK1608,0,2,1,0,2,0,1,18.76
2026-08-12,S006,BSK1608,0,0,0,3,2,0,0,0.0
2026-08-12,S007,BSK1608,1,3,3,0,1,0,1,18.76
2026-08-12,S008,BSK1608,0,3,3,3,0,0,0,0.0
2026-08-12,S009,BSK1608,0,1,0,1,1,0,1,18.76
2026-08-12,S010,BSK1608,0,1,1,3,3,0,0,0.0
2026-08-12,S001,BSK1609,0,4,1,2,3,0,3,143.76
2026-08-12,S002,BSK1609,1,0,1,1,0,0,0,0.0
2026-08-12,S003,BSK1609,1,7,5,2,1,0,3,143.76
2026-08-12,S004,BSK1609,0,0,0,1,2,0,0,0.0
2026-08-12,S005,BSK1609,1,2,2,3,3,0,1,47.92
2026-08-12,S006,BSK1609,2,8,6,0,1,0,4,191.68
2026-08-12,S007,BSK1609,0,6,4,0,0,0,2,95.84
2026-08-12,S008,BSK1609,0,8,5,2,0,0,3,143.76
2026-08-12,S009,BSK1609,2,7,6,2,0,0,3,143.76
2026-08-12,S010,BSK1609,1,1,2,1,0,0,0,0.0
2026-08-12,S001,BSK1610,0,5,3,3,2,0,2,91.84
2026-08-12,S002,BSK1610,1,2,1,3,0,0,2,91.84
2026-08-12,S003,BSK1610,2,12,10,1,3,0,4,183.68
2026-08-12,S004,BSK1610,0,3,2,3,2,0,1,45.92
2026-08-12,S005,BSK1610,0,1,1,3,3,0,0,0.0
2026-08-12,S006,BSK1610,3,13,11,0,0,0,5,229.6
2026-08-12,S007,BSK1610,0,2,2,2,2,1,0,0.0
2026-08-12,S008,BSK1610,2,13,10,2,3,0,5,229.6
2026-08-12,S009,BSK1610,1,2,2,2,0,0,1,45.92
2026-08-12,S010,BSK1610,1,1,2,1,3,0,0,0.0
2026-08-12,S001,BSK1611,2,3,2,3,2,0,3,40.26
2026-08-12,S002,BSK1611,2,4,4,3,3,0,2,26.84
2026-08-12,S003,BSK1611,0,0,0,3,2,0,0,0.0
2026-08-12,S004,BSK1611,0,4,3,0,1,0,1,13.42
2026-08-12,S005,BSK1611,0,2,0,2,3,0,2,26.84
2026-08-12,S006,BSK1611,0,7,4,0,2,0,3,40.26
2026-08-12,S007,BSK1611,1,0,1,1,0,0,0,0.0
2026-08-12,S008,BSK1611,1,10,7,3,3,0,4,53.68
2026-08-12,S009,BSK1611,1,5,4,0,1,0,2,26.84
2026-08-12,S010,BSK1611,1,1,1,2,0,0,1,13.42
2026-08-12,S001,BSK1612,0,2,1,1,0,0,1,48.04
2026-08-12,S002,BSK1612,0,4,3,0,3,0,1,48.04
2026-08-12,S003,BSK1612,2,4,4,1,3,0,2,96.08
2026-08-12,S004,BSK1612,3,3,2,0,2,0,4,192.16
2026-08-12,S005,BSK1612,0,2,1,2,0,0,1,48.04
2026-08-12,S006,BSK1612,1,2,3,0,3,0,0,0.0
2026-08-12,S007,BSK1612,0,0,0,3,1,0,0,0.0
2026-08-12,S008,BSK1612,0,3,2,0,1,0,1,48.04
2026-08-12,S009,BSK1612,1,1,1,1,1,0,1,48.04
2026-08-12,S010,BSK1612,0,4,3,0,3,1,1,48.04
2026-08-12,S001,BSK1613,1,0,0,2,0,0,1,13.65
2026-08-12,S002,BSK1613,0,0,0,1,2,0,0,0.0
2026-08-12,S003,BSK1613,0,0,0,0,3,0,0,0.0
2026-08-12,S004,BSK1613,0,0,0,1,0,0,0,0.0
2026-08-12,S005,BSK1613,0,0,0,0,0,0,0,0.0
2026-08-12,S006,BSK1613,0,0,0,2,3,1,0,0.0
2026-08-12,S007,BSK1613,1,1,1,1,2,0,1,13.65
2026-08-12,S008,BSK1613,0,0,0,0,2,0,0,0.0
2026-08-12,S009,BSK1613,0,0,0,0,2,0,0,0.0
2026-08-12,S010,BSK1613,0,0,0,0,3,0,0,0.0
2026-08-12,S001,BSK1614,1,4,3,2,0,0,2,39.94
2026-08-12,S002,BSK1614,1,1,0,3,3,0,2,39.94
2026-08-12,S003,BSK1614,0,0,0,3,1,0,0,0.0
2026-08-12,S004,BSK1614,1,0,0,3,3,0,1,19.97
2026-08-12,S005,BSK1614,1,1,1,0,0,0,1,19.97
2026-08-12,S006,BSK1614,2,0,0,2,3,0,2,39.94
2026-08-12,S007,BSK1614,0,0,0,1,0,0,0,0.0
2026-08-12,S008,BSK1614,1,0,0,3,3,0,1,19.97
2026-08-12,S009,BSK1614,1,2,2,1,3,0,1,19.97
2026-08-12,S010,BSK1614,0,0,0,2,0,0,0,0.0
2026-08-12,S001,BSK1615,0,0,0,0,2,0,0,0.0
2026-08-12,S002,BSK1615,0,2,1,0,1,0,1,8.98
2026-08-12,S003,BSK1615,0,0,0,3,1,0,0,0.0
2026-08-12,S004,BSK1615,1,1,1,3,0,0,1,8.98
2026-08-12,S005,BSK1615,1,1,1,1,0,0,1,8.98
2026-08-12,S006,BSK1615,0,3,2,1,3,0,1,8.98
2026-08-12,S007,BSK1615,0,0,0,2,2,0,0,0.0
2026-08-12,S008,BSK1615,1,1,2,0,0,0,0,0.0
2026-08-12,S009,BSK1615,0,0,0,2,2,0,0,0.0
2026-08-12,S010,BSK1615,0,0,0,1,2,0,0,0.0
2026-08-12,S001,BSK1616,0,0,0,1,0,0,0,0.0
2026-08-12,S002,BSK1616,0,2,1,2,2,0,1,12.26
2026-08-12,S003,BSK1616,0,1,1,3,3,0,0,0.0
2026-08-12,S004,BSK1616,0,0,0,1,0,0,0,0.0
2026-08-12,S005,BSK1616,0,0,0,1,3,0,0,0.0
2026-08-12,S006,BSK1616,0,3,2,0,2,1,1,12.26
2026-08-12,S007,BSK1616,0,0,0,0,0,0,0,0.0
2026-08-12,S008,BSK1616,2,6,6,2,1,0,2,24.52
2026-08-12,S009,BSK1616,1,8,5,0,1,0,4,49.04
2026-08-12,S010,BSK1616,2,7,6,3,1,0,3,36.78
2026-08-12,S001,BSK1617,1,0,1,2,3,0,0,0.0
2026-08-12,S002,BSK1617,2,3,3,1,3,0,2,58.72
2026-08-12,S003,BSK1617,1,1,1,3,2,0,1,29.36
2026-08-12,S004,BSK1617,0,2,1,2,3,0,1,29.36
2026-08-12,S005,BSK1617,0,1,0,1,1,0,1,29.36
2026-08-12,S006,BSK1617,2,0,0,3,1,0,2,58.72
2026-08-12,S007,BSK1617,0,1,1,3,3,0,0,0.0
2026-08-12,S008,BSK1617,1,2,2,3,2,0,1,29.36
2026-08-12,S009,BSK1617,0,0,0,0,2,0,0,0.0
2026-08-12,S010,BSK1617,0,0,0,1,1,0,0,0.0
2026-08-12,S001,BSK1618,0,1,1,0,0,0,0,0.0
2026-08-12,S002,BSK1618,1,5,4,1,0,0,2,41.34
2026-08-12,S003,BSK1618,1,0,0,0,2,0,1,20.67
2026-08-12,S004,BSK1618,0,0,0,3,1,0,0,0.0
2026-08-12,S005,BSK1618,0,0,0,0,2,0,0,0.0
2026-08-12,S006,BSK1618,0,0,0,3,2,0,0,0.0
2026-08-12,S007,BSK1618,1,0,0,1,2,0,1,20.67
2026-08-12,S008,BSK1618,2,0,0,3,0,0,2,41.34
2026-08-12,S009,BSK1618,0,3,2,2,0,0,1,20.67
2026-08-12,S010,BSK1618,0,3,2,3,2,0,1,20.67
2026-08-12,S001,BSK1619,0,0,0,3,3,0,0,0.0
2026-08-12,S002,BSK1619,0,0,0,0,3,0,0,0.0
2026-08-12,S003,BSK1619,0,3,1,2,1,0,2,67.08
2026-08-12,S004,BSK1619,1,0,0,3,3,1,1,33.54
2026-08-12,S005,BSK1619,0,1,0,2,0,0,1,33.54
2026-08-12,S006,BSK1619,2,5,4,2,2,0,3,100.62
2026-08-12,S007,BSK1619,0,0,0,0,3,0,0,0.0
2026-08-12,S008,BSK1619,0,1,1,2,1,0,0,0.0
2026-08-12,S009,BSK1619,1,6,5,0,2,0,2,67.08
2026-08-12,S010,BSK1619,0,0,0,3,2,0,0,0.0
2026-08-12,S001,BSK1620,0,0,0,1,1,0,0,0.0
2026-08-12,S002,BSK1620,0,3,0,2,3,0,3,90.69
2026-08-12,S003,BSK1620,0,2,1,2,2,1,1,30.23
2026-08-12,S004,BSK1620,0,1,0,0,0,0,1,30.23
2026-08-12,S005,BSK1620,2,0,0,2,0,0,2,60.46
2026-08-12,S006,BSK1620,2,3,3,0,3,0,2,60.46
2026-08-12,S007,BSK1620,1,0,0,2,3,0,1,30.23
2026-08-12,S008,BSK1620,0,1,0,1,0,0,1,30.23
2026-08-12,S009,BSK1620,0,3,2,3,0,0,1,30.23
2026-08-12,S010,BSK1620,1,0,0,1,0,0,1,30.23
2026-08-12,S001,BSK1621,2,4,4,3,0,0,2,26.12
2026-08-12,S002,BSK1621,0,1,1,1,1,0,0,0.0
2026-08-12,S003,BSK1621,0,1,0,0,3,0,1,13.06
2026-08-12,S004,BSK1621,0,0,0,0,0,0,0,0.0
2026-08-12,S005,BSK1621,1,5,4,3,2,0,2,26.12
2026-08-12,S006,BSK1621,1,3,2,0,2,0,2,26.12
2026-08-12,S007,BSK1621,0,1,0,2,2,0,1,13.06
2026-08-12,S008,BSK1621,0,1,0,1,0,0,1,13.06
2026-08-12,S009,BSK1621,3,6,5,0,2,0,4,52.24
2026-08-12,S010,BSK1621,1,0,0,1,2,0,1,13.06
2026-08-12,S001,BSK1622,0,5,4,3,3,0,1,35.87
2026-08-12,S002,BSK1622,0,0,0,3,2,0,0,0.0
2026-08-12,S003,BSK1622,0,0,0,0,2,0,0,0.0
2026-08-12,S004,BSK1622,1,1,2,2,1,0,0,0.0
2026-08-12,S005,BSK1622,0,0,0,0,0,0,0,0.0
2026-08-12,S006,BSK1622,0,0,0,0,0,0,0,0.0
2026-08-12,S007,BSK1622,0,0,0,2,2,0,0,0.0
2026-08-12,S008,BSK1622,0,0,0,3,0,0,0,0.0
2026-08-12,S009,BSK1622,1,0,0,3,0,0,1,35.87
2026-08-12,S010,BSK1622,0,0,0,2,0,0,0,0.0
2026-08-12,S001,BSK1623,0,1,0,2,3,1,1,23.69
2026-08-12,S002,BSK1623,1,0,1,0,1,0,0,0.0
2026-08-12,S003,BSK1623,0,0,0,0,0,0,0,0.0
2026-08-12,S004,BSK1623,0,0,0,2,0,0,0,0.0
2026-08-12,S005,BSK1623,0,3,2,0,2,0,1,23.69
2026-08-12,S006,BSK1623,1,1,1,0,3,0,1,23.69
2026-08-12,S007,BSK1623,0,3,2,3,1,0,1,23.69
2026-08-12,S008,BSK1623,0,1,1,3,3,0,0,0.0
2026-08-12,S009,BSK1623,0,0,0,1,2,0,0,0.0
2026-08-12,S010,BSK1623,0,1,0,3,1,0,1,23.69
2026-08-12,S001,BSK1624,1,0,0,1,0,1,1,40.46
2026-08-12,S002,BSK1624,0,0,0,0,1,0,0,0.0
2026-08-12,S003,BSK1624,0,0,0,1,0,0,0,0.0
2026-08-12,S004,BSK1624,0,0,0,2,3,0,0,0.0
2026-08-12,S005,BSK1624,0,0,0,1,3,0,0,0.0
2026-08-12,S006,BSK1624,0,11,7,2,2,0,4,161.84
2026-08-12,S007,BSK1624,0,0,0,3,2,0,0,0.0
2026-08-12,S008,BSK1624,0,8,4,0,1,0,4,161.84
2026-08-12,S009,BSK1624,0,0,0,0,2,0,0,0.0
2026-08-12,S010,BSK1624,1,0,0,0,3,0,1,40.46
2026-08-12,S001,BSK1625,0,0,0,0,3,0,0,0.0
2026-08-12,S002,BSK1625,0,3,2,3,2,0,1,16.35
2026-08-12,S003,BSK1625,1,0,0,1,1,0,1,16.35
2026-08-12,S004,BSK1625,1,0,1,0,1,0,0,0.0
2026-08-12,S005,BSK1625,0,0,0,0,1,1,0,0.0
2026-08-12,S006,BSK1625,2,11,9,1,3,0,4,65.4
2026-08-12,S007,BSK1625,0,1,0,3,2,0,1,16.35
2026-08-12,S008,BSK1625,0,6,4,2,3,0,2,32.7
2026-08-12,S009,BSK1625,1,0,0,3,1,0,1,16.35
2026-08-12,S010,BSK1625,0,0,0,2,2,0,0,0.0
2026-08-12,S001,BSK1626,0,0,0,2,3,0,0,0.0
2026-08-12,S002,BSK1626,0,0,0,0,2,0,0,0.0
2026-08-12,S003,BSK1626,0,5,2,3,1,0,3,63.18
2026-08-12,S004,BSK1626,1,0,0,1,3,0,1,21.06
2026-08-12,S005,BSK1626,0,0,0,0,3,0,0,0.0
2026-08-12,S006,BSK1626,0,0,0,1,1,0,0,0.0
2026-08-12,S007,BSK1626,1,5,4,1,2,0,2,42.12
2026-08-12,S008,BSK1626,0,0,0,1,0,0,0,0.0
2026-08-12,S009,BSK1626,1,0,1,0,2,0,0,0.0
2026-08-12,S010,BSK1626,0,0,0,1,0,0,0,0.0
2026-08-12,S001,BSK1627,0,0,0,2,2,0,0,0.0
2026-08-12,S002,BSK1627,0,0,0,0,3,0,0,0.0
2026-08-12,S003,BSK1627,0,0,0,1,2,0,0,0.0
2026-08-12,S004,BSK1627,0,0,0,1,2,0,0,0.0
2026-08-12,S005,BSK1627,0,0,0,0,2,0,0,0.0
2026-08-12,S006,BSK1627,0,0,0,0,2,0,0,0.0
2026-08-12,S007,BSK1627,1,5,4,2,0,0,2,96.44
2026-08-12,S008,BSK1627,0,0,0,1,1,0,0,0.0
2026-08-12,S009,BSK1627,0,0,0,1,2,0,0,0.0
2026-08-12,S010,BSK1627,0,1,1,3,3,0,0,0.0
2026-08-12,S001,BSK1628,0,1,0,1,3,1,1,11.34
2026-08-12,S002,BSK1628,0,0,0,0,0,0,0,0.0
2026-08-12,S003,BSK1628,0,0,0,1,1,0,0,0.0
2026-08-12,S004,BSK1628,1,0,0,3,1,0,1,11.34
2026-08-12,S005,BSK1628,1,4,3,2,1,0,2,22.68
2026-08-12,S006,BSK1628,0,1,0,0,3,0,1,11.34
2026-08-12,S007,BSK1628,0,0,0,1,3,0,0,0.0
2026-08-12,S008,BSK1628,1,0,0,2,2,0,1,11.34
2026-08-12,S009,BSK1628,1,1,1,3,0,0,1,11.34
2026-08-12,S010,BSK1628,0,0,0,2,3,0,0,0.0
2026-08-12,S001,BSK1629,0,2,2,2,0,0,0,0.0
2026-08-12,S002,BSK1629,2,1,1,1,3,0,2,32.7
2026-08-12,S003,BSK1629,0,0,0,2,1,0,0,0.0
2026-08-12,S004,BSK1629,1,0,0,1,1,0,1,16.35
2026-08-12,S005,BSK1629,1,0,0,3,3,0,1,16.35
2026-08-12,S006,BSK1629,1,9,6,2,3,0,4,65.4
2026-08-12,S007,BSK1629,0,0,0,1,0,0,0,0.0
2026-08-12,S008,BSK1629,2,8,7,0,0,0,3,49.05
2026-08-12,S009,BSK1629,0,0,0,1,2,0,0,0.0
2026-08-12,S010,BSK1629,0,0,0,0,1,0,0,0.0
2026-08-12,S001,BSK1630,0,0,0,1,2,0,0,0.0
2026-08-12,S002,BSK1630,1,0,0,0,0,0,1,33.59
2026-08-12,S003,BSK1630,0,0,0,2,0,0,0,0.0
2026-08-12,S004,BSK1630,0,2,2,3,2,0,0,0.0
2026-08-12,S005,BSK1630,0,1,0,2,0,0,1,33.59
2026-08-12,S006,BSK1630,0,0,0,2,3,0,0,0.0
2026-08-12,S007,BSK1630,1,0,0,3,2,0,1,33.59
2026-08-12,S008,BSK1630,0,2,1,0,2,0,1,33.59
2026-08-12,S009,BSK1630,0,2,1,3,0,0,1,33.59
2026-08-12,S010,BSK1630,0,3,1,1,0,0,2,67.18
2026-08-12,S001,BSK1631,1,2,3,0,1,0,0,0.0
2026-08-12,S002,BSK1631,0,1,0,3,0,0,1,31.92
2026-08-12,S003,BSK1631,0,0,0,0,3,0,0,0.0
2026-08-12,S004,BSK1631,0,0,0,2,3,0,0,0.0
2026-08-12,S005,BSK1631,0,0,0,1,3,0,0,0.0
2026-08-12,S006,BSK1631,1,0,0,0,0,0,1,31.92
2026-08-12,S007,BSK1631,1,0,1,2,0,0,0,0.0
2026-08-12,S008,BSK1631,0,4,3,3,0,0,1,31.92
2026-08-12,S009,BSK1631,0,0,0,3,2,0,0,0.0
2026-08-12,S010,BSK1631,1,0,0,0,3,0,1,31.92
2026-08-12,S001,BSK1632,1,0,0,1,1,0,1,13.8
2026-08-12,S002,BSK1632,1,2,2,0,1,0,1,13.8
2026-08-12,S003,BSK1632,0,0,0,2,0,0,0,0.0
2026-08-12,S004,BSK1632,0,0,0,3,0,0,0,0.0
2026-08-12,S005,BSK1632,0,2,1,1,0,0,1,13.8
2026-08-12,S006,BSK1632,0,1,1,2,2,0,0,0.0
2026-08-12,S007,BSK1632,0,0,0,0,0,0,0,0.0
2026-08-12,S008,BSK1632,1,0,0,1,1,0,1,13.8
2026-08-12,S009,BSK1632,0,1,0,2,0,0,1,13.8
2026-08-12,S010,BSK1632,1,1,1,1,0,0,1,13.8
2026-08-12,S001,BSK1633,1,5,4,3,2,0,2,74.36
2026-08-12,S002,BSK1633,0,0,0,0,0,0,0,0.0
2026-08-12,S003,BSK1633,0,0,0,3,0,0,0,0.0
2026-08-12,S004,BSK1633,0,1,0,0,2,0,1,37.18
2026-08-12,S005,BSK1633,0,2,0,2,2,0,2,74.36
2026-08-12,S006,BSK1633,1,0,0,1,3,0,1,37.18
2026-08-12,S007,BSK1633,0,0,0,3,2,0,0,0.0
2026-08-12,S008,BSK1633,0,0,0,1,0,0,0,0.0
2026-08-12,S009,BSK1633,0,1,0,1,3,0,1,37.18
2026-08-12,S010,BSK1633,0,0,0,3,0,0,0,0.0
2026-08-12,S001,BSK1634,0,2,1,3,1,0,1,21.67
2026-08-12,S002,BSK1634,0,4,3,0,2,0,1,21.67
2026-08-12,S003,BSK1634,0,1,0,3,2,0,1,21.67
2026-08-12,S004,BSK1634,0,3,2,2,3,0,1,21.67
2026-08-12,S005,BSK1634,1,2,2,1,0,0,1,21.67
2026-08-12,S006,BSK1634,0,4,2,1,3,0,2,43.34
2026-08-12,S007,BSK1634,0,0,0,0,3,0,0,0.0
2026-08-12,S008,BSK1634,0,0,0,3,0,0,0,0.0
2026-08-12,S009,BSK1634,1,0,1,1,0,0,0,0.0
2026-08-12,S010,BSK1634,0,0,0,1,3,0,0,0.0
2026-08-12,S001,BSK1635,0,6,4,3,1,0,2,75.86
2026-08-12,S002,BSK1635,0,1,0,0,3,0,1,37.93
2026-08-12,S003,BSK1635,0,0,0,3,0,0,0,0.0
2026-08-12,S004,BSK1635,0,1,1,2,1,0,0,0.0
2026-08-12,S005,BSK1635,1,4,3,2,0,0,2,75.86
2026-08-12,S006,BSK1635,0,1,1,3,3,0,0,0.0
2026-08-12,S007,BSK1635,3,7,6,2,3,0,4,151.72
2026-08-12,S008,BSK1635,0,0,0,0,1,0,0,0.0
2026-08-12,S009,BSK1635,0,6,4,1,1,0,2,75.86
2026-08-12,S010,BSK1635,1,3,3,0,1,0,1,37.93
2026-08-12,S001,BSK1636,0,8,4,2,3,0,4,85.64
2026-08-12,S002,BSK1636,0,4,2,1,2,0,2,42.82
2026-08-12,S003,BSK1636,0,1,0,1,1,0,1,21.41
2026-08-12,S004,BSK1636,2,2,2,2,1,0,2,42.82
2026-08-12,S005,BSK1636,0,2,2,2,1,0,0,0.0
2026-08-12,S006,BSK1636,0,2,2,1,2,0,0,0.0
2026-08-12,S007,BSK1636,1,0,0,3,2,0,1,21.41
2026-08-12,S008,BSK1636,0,2,0,0,1,0,2,42.82
2026-08-12,S009,BSK1636,0,0,0,0,1,0,0,0.0
2026-08-12,S010,BSK1636,0,1,0,0,1,0,1,21.41
2026-08-12,S001,BSK1637,0,0,0,3,0,0,0,0.0
2026-08-12,S002,BSK1637,0,4,3,0,3,0,1,36.02
2026-08-12,S003,BSK1637,0,4,2,0,2,0,2,72.04
2026-08-12,S004,BSK1637,0,1,0,0,3,0,1,36.02
2026-08-12,S005,BSK1637,1,5,3,0,3,0,3,108.06
2026-08-12,S006,BSK1637,0,3,0,3,2,0,3,108.06
2026-08-12,S007,BSK1637,1,0,0,0,3,0,1,36.02
2026-08-12,S008,BSK1637,1,1,2,3,1,0,0,0.0
2026-08-12,S009,BSK1637,1,0,1,2,1,0,0,0.0
2026-08-12,S010,BSK1637,1,9,7,2,2,0,3,108.06
2026-08-12,S001,BSK1638,0,0,0,0,3,0,0,0.0
2026-08-12,S002,BSK1638,0,1,0,3,2,0,1,15.26
2026-08-12,S003,BSK1638,1,0,1,2,0,0,0,0.0
2026-08-12,S004,BSK1638,0,0,0,0,0,0,0,0.0
2026-08-12,S005,BSK1638,0,1,0,3,1,0,1,15.26
2026-08-12,S006,BSK1638,0,0,0,0,2,0,0,0.0
2026-08-12,S007,BSK1638,0,0,0,0,1,0,0,0.0
2026-08-12,S008,BSK1638,0,0,0,0,1,0,0,0.0
2026-08-12,S009,BSK1638,0,5,3,2,3,0,2,30.52
2026-08-12,S010,BSK1638,0,0,0,1,1,0,0,0.0
2026-08-12,S001,BSK1639,0,3,2,2,2,0,1,19.49
2026-08-12,S002,BSK1639,2,3,3,1,1,0,2,38.98
2026-08-12,S003,BSK1639,2,7,5,3,3,0,4,77.96
2026-08-12,S004,BSK1639,0,2,2,3,3,0,0,0.0
2026-08-12,S005,BSK1639,1,1,1,1,1,0,1,19.49
2026-08-12,S006,BSK1639,1,0,0,1,0,0,1,19.49
2026-08-12,S007,BSK1639,0,2,0,0,2,0,2,38.98
2026-08-12,S008,BSK1639,2,3,3,3,2,0,2,38.98
2026-08-12,S009,BSK1639,0,3,2,2,2,0,1,19.49
2026-08-12,S010,BSK1639,1,3,3,2,0,0,1,19.49
2026-08-12,S001,BSK1640,0,4,3,2,3,0,1,23.99
2026-08-12,S002,BSK1640,2,17,12,3,3,0,7,167.93
2026-08-12,S003,BSK1640,1,3,3,1,0,0,1,23.99
2026-08-12,S004,BSK1640,1,4,4,1,2,0,1,23.99
2026-08-12,S005,BSK1640,0,2,1,1,1,0,1,23.99
2026-08-12,S006,BSK1640,1,3,4,0,1,0,0,0.0
2026-08-12,S007,BSK1640,1,0,1,3,1,0,0,0.0
2026-08-12,S008,BSK1640,0,0,0,0,0,0,0,0.0
2026-08-12,S009,BSK1640,0,2,2,3,3,0,0,0.0
2026-08-12,S010,BSK1640,0,1,1,3,2,0,0,0.0
2026-08-12,S001,BSK1641,1,3,2,0,0,0,2,51.0
2026-08-12,S002,BSK1641,0,0,0,2,1,0,0,0.0
2026-08-12,S003,BSK1641,0,2,1,0,1,0,1,25.5
2026-08-12,S004,BSK1641,2,3,3,2,1,0,2,51.0
2026-08-12,S005,BSK1641,0,0,0,3,1,0,0,0.0
2026-08-12,S006,BSK1641,1,0,0,3,3,0,1,25.5
2026-08-12,S007,BSK1641,1,2,2,1,0,0,1,25.5
2026-08-12,S008,BSK1641,0,1,1,3,3,0,0,0.0
2026-08-12,S009,BSK1641,1,0,0,0,3,0,1,25.5
2026-08-12,S010,BSK1641,0,0,0,0,3,0,0,0.0
2026-08-12,S001,BSK1642,2,7,6,3,1,0,3,29.67
2026-08-12,S002,BSK1642,0,3,2,3,2,0,1,9.89
2026-08-12,S003,BSK1642,1,0,0,2,0,0,1,9.89
2026-08-12,S004,BSK1642,0,0,0,2,2,0,0,0.0
2026-08-12,S005,BSK1642,1,1,0,3,2,0,2,19.78
2026-08-12,S006,BSK1642,0,10,7,0,2,0,3,29.67
2026-08-12,S007,BSK1642,0,1,1,3,1,0,0,0.0
2026-08-12,S008,BSK1642,0,2,2,0,2,0,0,0.0
2026-08-12,S009,BSK1642,0,13,9,1,2,0,4,39.56
2026-08-12,S010,BSK1642,0,4,3,3,2,0,1,9.89
2026-08-12,S001,BSK1643,0,0,0,3,3,0,0,0.0
2026-08-12,S002,BSK1643,0,0,0,3,3,0,0,0.0
2026-08-12,S003,BSK1643,0,0,0,0,2,0,0,0.0
2026-08-12,S004,BSK1643,0,1,0,0,0,0,1,28.8
2026-08-12,S005,BSK1643,0,0,0,0,0,0,0,0.0
2026-08-12,S006,BSK1643,2,4,3,2,2,0,3,86.4
2026-08-12,S007,BSK1643,2,2,2,2,3,0,2,57.6
2026-08-12,S008,BSK1643,0,0,0,2,3,0,0,0.0
2026-08-12,S009,BSK1643,0,1,0,0,2,0,1,28.8
2026-08-12,S010,BSK1643,0,2,1,3,0,0,1,28.8
2026-08-12,S001,BSK1644,1,0,0,0,2,0,1,41.41
2026-08-12,S002,BSK1644,1,0,0,3,3,0,1,41.41
2026-08-12,S003,BSK1644,1,1,1,0,3,0,1,41.41
2026-08-12,S004,BSK1644,0,0,0,3,3,0,0,0.0
2026-08-12,S005,BSK1644,1,1,2,2,3,0,0,0.0
2026-08-12,S006,BSK1644,2,6,5,1,1,0,3,124.23
2026-08-12,S007,BSK1644,0,1,0,3,3,0,1,41.41
2026-08-12,S008,BSK1644,1,0,0,1,0,0,1,41.41
2026-08-12,S009,BSK1644,0,2,1,2,1,0,1,41.41
2026-08-12,S010,BSK1644,0,2,1,2,3,0,1,41.41
2026-08-12,S001,BSK1645,0,0,0,3,2,0,0,0.0
2026-08-12,S002,BSK1645,0,1,0,2,2,0,1,15.82
2026-08-12,S003,BSK1645,0,3,2,3,3,0,1,15.82
2026-08-12,S004,BSK1645,0,0,0,3,2,0,0,0.0
2026-08-12,S005,BSK1645,0,0,0,2,0,0,0,0.0
2026-08-12,S006,BSK1645,1,7,5,3,2,0,3,47.46
2026-08-12,S007,BSK1645,0,0,0,2,1,0,0,0.0
2026-08-12,S008,BSK1645,0,0,0,1,1,0,0,0.0
2026-08-12,S009,BSK1645,0,0,0,2,3,0,0,0.0
2026-08-12,S010,BSK1645,0,0,0,2,0,0,0,0.0
2026-08-12,S001,BSK1646,0,2,2,3,3,0,0,0.0
2026-08-12,S002,BSK1646,0,2,1,1,1,0,1,32.26
2026-08-12,S003,BSK1646,1,2,2,2,1,0,1,32.26
2026-08-12,S004,BSK1646,0,0,0,1,2,0,0,0.0
2026-08-12,S005,BSK1646,0,8,5,3,0,0,3,96.78
2026-08-12,S006,BSK1646,1,3,3,1,1,0,1,32.26
2026-08-12,S007,BSK1646,0,0,0,3,3,0,0,0.0
2026-08-12,S008,BSK1646,1,0,1,0,2,0,0,0.0
2026-08-12,S009,BSK1646,1,1,1,3,3,0,1,32.26
2026-08-12,S010,BSK1646,0,1,1,1,2,0,0,0.0
2026-08-12,S001,BSK1647,0,3,2,0,2,0,1,14.62
2026-08-12,S002,BSK1647,1,0,0,3,2,0,1,14.62
2026-08-12,S003,BSK1647,2,2,2,3,3,0,2,29.24
2026-08-12,S004,BSK1647,0,1,1,3,3,0,0,0.0
2026-08-12,S005,BSK1647,1,1,0,2,0,0,2,29.24
2026-08-12,S006,BSK1647,0,1,0,3,3,0,1,14.62
2026-08-12,S007,BSK1647,1,1,2,3,0,0,0,0.0
2026-08-12,S008,BSK1647,1,1,0,2,0,0,2,29.24
2026-08-12,S009,BSK1647,1,1,1,2,0,0,1,14.62
2026-08-12,S010,BSK1647,0,0,0,2,0,0,0,0.0
2026-08-12,S001,BSK1648,0,1,1,3,0,0,0,0.0
2026-08-12,S002,BSK1648,0,0,0,2,0,0,0,0.0
2026-08-12,S003,BSK1648,0,1,1,1,0,0,0,0.0
2026-08-12,S004,BSK1648,1,0,0,1,1,0,1,9.57
2026-08-12,S005,BSK1648,0,0,0,1,0,0,0,0.0
2026-08-12,S006,BSK1648,0,1,0,3,2,0,1,9.57
2026-08-12,S007,BSK1648,1,1,0,2,2,0,2,19.14
2026-08-12,S008,BSK1648,1,3,2,1,0,0,2,19.14
2026-08-12,S009,BSK1648,1,0,1,3,2,0,0,0.0
2026-08-12,S010,BSK1648,0,3,2,3,2,0,1,9.57
2026-08-12,S001,BSK1649,0,0,0,3,2,0,0,0.0
2026-08-12,S002,BSK1649,0,8,5,3,2,0,3,74.16
2026-08-12,S003,BSK1649,0,0,0,2,3,0,0,0.0
2026-08-12,S004,BSK1649,0,1,0,2,3,0,1,24.72
2026-08-12,S005,BSK1649,0,0,0,2,2,0,0,0.0
2026-08-12,S006,BSK1649,0,0,0,3,1,0,0,0.0
2026-08-12,S007,BSK1649,1,5,4,0,1,0,2,49.44
2026-08-12,S008,BSK1649,0,0,0,1,1,0,0,0.0
2026-08-12,S009,BSK1649,1,3,3,2,3,0,1,24.72
2026-08-12,S010,BSK1649,0,1,0,3,1,0,1,24.72
2026-08-12,S001,BSK1650,0,1,1,1,1,0,0,0.0
2026-08-12,S002,BSK1650,1,2,2,3,1,0,1,9.69
2026-08-12,S003,BSK1650,0,0,0,3,1,0,0,0.0
2026-08-12,S004,BSK1650,0,0,0,1,1,0,0,0.0
2026-08-12,S005,BSK1650,0,10,6,2,1,0,4,38.76
2026-08-12,S006,BSK1650,1,3,3,1,0,0,1,9.69
2026-08-12,S007,BSK1650,1,1,1,1,0,0,1,9.69
2026-08-12,S008,BSK1650,1,5,3,2,1,0,3,29.07
2026-08-12,S009,BSK1650,2,9,7,0,2,0,4,38.76
2026-08-12,S010,BSK1650,0,0,0,2,1,0,0,0.0
2026-08-12,S001,SHL1651,1,3,2,0,3,0,2,86.24
2026-08-12,S002,SHL1651,0,0,0,1,0,0,0,0.0
2026-08-12,S003,SHL1651,0,0,0,2,0,0,0,0.0
2026-08-12,S004,SHL1651,0,0,0,2,0,0,0,0.0
2026-08-12,S005,SHL1651,0,0,0,2,2,0,0,0.0
2026-08-12,S006,SHL1651,0,1,1,3,3,0,0,0.0
2026-08-12,S007,SHL1651,0,0,0,2,3,0,0,0.0
2026-08-12,S008,SHL1651,3,7,5,3,1,0,5,215.6
2026-08-12,S009,SHL1651,1,0,0,0,1,0,1,43.12
2026-08-12,S010,SHL1651,0,0,0,3,3,1,0,0.0
2026-08-12,S001,SHL1652,0,0,0,0,1,0,0,0.0
2026-08-12,S002,SHL1652,1,0,0,0,2,0,1,62.25
2026-08-12,S003,SHL1652,0,0,0,3,2,0,0,0.0
2026-08-12,S004,SHL1652,1,4,4,2,1,0,1,62.25
2026-08-12,S005,SHL1652,0,1,1,1,2,0,0,0.0
2026-08-12,S006,SHL1652,0,3,2,1,3,0,1,62.25
2026-08-12,S007,SHL1652,1,1,1,1,1,0,1,62.25
2026-08-12,S008,SHL1652,2,9,7,1,0,0,4,249.0
2026-08-12,S009,SHL1652,1,2,2,1,3,0,1,62.25
2026-08-12,S010,SHL1652,0,6,5,1,0,0,1,62.25
2026-08-12,S001,SHL1653,0,0,0,3,0,0,0,0.0
2026-08-12,S002,SHL1653,0,0,0,2,0,0,0,0.0
2026-08-12,S003,SHL1653,0,1,1,1,0,0,0,0.0
2026-08-12,S004,SHL1653,0,1,0,0,3,1,1,94.11
2026-08-12,S005,SHL1653,0,1,0,2,2,0,1,94.11
2026-08-12,S006,SHL1653,1,10,6,0,0,0,5,470.55
2026-08-12,S007,SHL1653,1,0,0,1,3,0,1,94.11
2026-08-12,S008,SHL1653,0,1,0,1,1,0,1,94.11
2026-08-12,S009,SHL1653,0,0,0,3,3,0,0,0.0
2026-08-12,S010,SHL1653,0,1,1,3,1,0,0,0.0
2026-08-12,S001,SHL1654,0,0,0,2,0,0,0,0.0
2026-08-12,S002,SHL1654,1,0,1,3,1,0,0,0.0
2026-08-12,S003,SHL1654,0,2,1,2,0,0,1,46.72
2026-08-12,S004,SHL1654,0,0,0,0,3,0,0,0.0
2026-08-12,S005,SHL1654,0,0,0,1,3,0,0,0.0
2026-08-12,S006,SHL1654,0,0,0,2,1,0,0,0.0
2026-08-12,S007,SHL1654,0,1,0,2,2,0,1,46.72
2026-08-12,S008,SHL1654,0,1,1,2,0,0,0,0.0
2026-08-12,S009,SHL1654,0,0,0,2,3,0,0,0.0
2026-08-12,S010,SHL1654,1,1,1,2,0,0,1,46.72
2026-08-12,S001,SHL1655,0,7,5,3,2,0,2,121.64
2026-08-12,S002,SHL1655,1,1,1,3,1,1,1,60.82
2026-08-12,S003,SHL1655,0,1,0,0,0,0,1,60.82
2026-08-12,S004,SHL1655,0,0,0,3,1,0,0,0.0
2026-08-12,S005,SHL1655,0,0,0,2,1,0,0,0.0
2026-08-12,S006,SHL1655,1,6,5,0,0,0,2,121.64
2026-08-12,S007,SHL1655,1,3,3,0,1,0,1,60.82
2026-08-12,S008,SHL1655,1,10,8,2,1,0,3,182.46
2026-08-12,S009,SHL1655,0,0,0,1,2,0,0,0.0
2026-08-12,S010,SHL1655,0,0,0,2,0,0,0,0.0
2026-08-12,S001,SHL1656,0,0,0,1,0,1,0,0.0
2026-08-12,S002,SHL1656,1,4,2,1,1,0,3,264.39
2026-08-12,S003,SHL1656,1,0,0,2,2,0,1,88.13
2026-08-12,S004,SHL1656,0,0,0,2,1,0,0,0.0
2026-08-12,S005,SHL1656,0,0,0,2,3,0,0,0.0
2026-08-12,S006,SHL1656,0,2,1,3,1,0,1,88.13
2026-08-12,S007,SHL1656,1,2,2,2,2,0,1,88.13
2026-08-12,S008,SHL1656,1,2,2,3,2,0,1,88.13
2026-08-12,S009,SHL1656,1,2,2,2,2,0,1,88.13
2026-08-12,S010,SHL1656,0,0,0,0,0,0,0,0.0
2026-08-12,S001,SHL1657,1,0,0,0,0,0,1,78.8
2026-08-12,S002,SHL1657,2,2,2,3,0,0,2,157.6
2026-08-12,S003,SHL1657,1,0,0,1,0,0,1,78.8
2026-08-12,S004,SHL1657,0,0,0,0,2,0,0,0.0
2026-08-12,S005,SHL1657,1,0,0,0,2,0,1,78.8
2026-08-12,S006,SHL1657,0,1,1,2,2,0,0,0.0
2026-08-12,S007,SHL1657,0,0,0,3,2,0,0,0.0
2026-08-12,S008,SHL1657,1,1,1,3,2,0,1,78.8
2026-08-12,S009,SHL1657,0,1,0,3,2,0,1,78.8
2026-08-12,S010,SHL1657,1,0,0,2,3,0,1,78.8
2026-08-12,S001,SHL1658,2,3,3,3,0,0,2,172.76
2026-08-12,S002,SHL1658,0,1,1,0,2,0,0,0.0
2026-08-12,S003,SHL1658,0,0,0,1,2,0,0,0.0
2026-08-12,S004,SHL1658,1,2,2,3,3,0,1,86.38
2026-08-12,S005,SHL1658,0,0,0,2,0,0,0,0.0
2026-08-12,S006,SHL1658,2,4,4,0,2,0,2,172.76
2026-08-12,S007,SHL1658,0,3,3,1,1,0,0,0.0
2026-08-12,S008,SHL1658,2,1,1,2,1,0,2,172.76
2026-08-12,S009,SHL1658,0,0,0,2,3,0,0,0.0
2026-08-12,S010,SHL1658,1,0,0,1,2,0,1,86.38
2026-08-12,S001,SHL1659,1,0,0,0,2,0,1,84.27
2026-08-12,S002,SHL1659,1,0,0,2,1,0,1,84.27
2026-08-12,S003,SHL1659,0,0,0,2,2,0,0,0.0
2026-08-12,S004,SHL1659,0,0,0,1,2,0,0,0.0
2026-08-12,S005,SHL1659,0,0,0,3,1,0,0,0.0
2026-08-12,S006,SHL1659,0,1,1,2,0,0,0,0.0
2026-08-12,S007,SHL1659,0,1,0,0,3,0,1,84.27
2026-08-12,S008,SHL1659,2,12,9,0,3,0,5,421.35
2026-08-12,S009,SHL1659,0,0,0,2,3,0,0,0.0
2026-08-12,S010,SHL1659,0,0,0,2,2,0,0,0.0
2026-08-12,S001,SHL1660,0,1,0,1,0,0,1,102.56
2026-08-12,S002,SHL1660,0,1,0,1,1,0,1,102.56
2026-08-12,S003,SHL1660,0,0,0,1,2,0,0,0.0
2026-08-12,S004,SHL1660,0,0,0,2,0,0,0,0.0
2026-08-12,S005,SHL1660,0,0,0,2,1,0,0,0.0
2026-08-12,S006,SHL1660,2,1,1,3,2,0,2,205.12
2026-08-12,S007,SHL1660,0,1,0,2,1,0,1,102.56
2026-08-12,S008,SHL1660,1,0,0,1,3,0,1,102.56
2026-08-12,S009,SHL1660,2,1,1,0,1,0,2,205.12
2026-08-12,S010,SHL1660,0,0,0,1,1,0,0,0.0
2026-08-12,S001,SHL1661,0,8,6,2,2,0,2,162.22
2026-08-12,S002,SHL1661,1,1,1,1,3,0,1,81.11
2026-08-12,S003,SHL1661,0,2,2,1,1,0,0,0.0
2026-08-12,S004,SHL1661,0,0,0,1,1,0,0,0.0
2026-08-12,S005,SHL1661,1,1,1,3,2,0,1,81.11
2026-08-12,S006,SHL1661,2,1,1,0,0,0,2,162.22
2026-08-12,S007,SHL1661,0,2,2,1,0,0,0,0.0
2026-08-12,S008,SHL1661,0,5,4,3,1,0,1,81.11
2026-08-12,S009,SHL1661,0,0,0,1,3,0,0,0.0
2026-08-12,S010,SHL1661,0,0,0,3,3,0,0,0.0
2026-08-12,S001,SHL1662,2,2,2,0,1,0,2,218.26
2026-08-12,S002,SHL1662,0,1,1,2,0,1,0,0.0
2026-08-12,S003,SHL1662,0,1,1,2,2,0,0,0.0
2026-08-12,S004,SHL1662,1,0,1,2,1,0,0,0.0
2026-08-12,S005,SHL1662,0,2,1,0,2,0,1,109.13
2026-08-12,S006,SHL1662,1,0,0,1,2,0,1,109.13
2026-08-12,S007,SHL1662,0,2,2,2,3,0,0,0.0
2026-08-12,S008,SHL1662,1,4,3,2,1,0,2,218.26
2026-08-12,S009,SHL1662,0,3,1,0,2,0,2,218.26
2026-08-12,S010,SHL1662,0,8,5,3,1,0,3,327.39
2026-08-12,S001,SHL1663,0,0,0,0,1,0,0,0.0
2026-08-12,S002,SHL1663,1,2,2,2,0,0,1,89.38
2026-08-12,S003,SHL1663,0,1,0,3,1,0,1,89.38
2026-08-12,S004,SHL1663,1,0,1,0,3,0,0,0.0
2026-08-12,S005,SHL1663,0,0,0,3,0,0,0,0.0
2026-08-12,S006,SHL1663,0,3,2,2,3,0,1,89.38
2026-08-12,S007,SHL1663,0,0,0,0,1,0,0,0.0
2026-08-12,S008,SHL1663,1,0,0,3,0,0,1,89.38
2026-08-12,S009,SHL1663,0,0,0,1,0,0,0,0.0
2026-08-12,S010,SHL1663,0,5,5,2,3,0,0,0.0
2026-08-12,S001,SHL1664,1,9,7,1,0,0,3,273.39
2026-08-12,S002,SHL1664,2,6,5,0,3,0,3,273.39
2026-08-12,S003,SHL1664,0,5,3,3,1,1,2,182.26
2026-08-12,S004,SHL1664,0,2,2,1,0,0,0,0.0
2026-08-12,S005,SHL1664,1,0,0,0,1,0,1,91.13
2026-08-12,S006,SHL1664,0,11,7,0,0,0,4,364.52
2026-08-12,S007,SHL1664,1,3,3,0,3,0,1,91.13
2026-08-12,S008,SHL1664,2,7,6,2,2,0,3,273.39
2026-08-12,S009,SHL1664,1,3,2,0,3,0,2,182.26
2026-08-12,S010,SHL1664,0,4,4,0,1,0,0,0.0
2026-08-12,S001,SHL1665,1,1,1,3,3,0,1,54.51
2026-08-12,S002,SHL1665,1,0,1,3,3,1,0,0.0
2026-08-12,S003,SHL1665,0,1,0,2,3,0,1,54.51
2026-08-12,S004,SHL1665,0,1,0,2,3,0,1,54.51
2026-08-12,S005,SHL1665,1,0,0,0,3,0,1,54.51
2026-08-12,S006,SHL1665,1,1,1,0,1,0,1,54.51
2026-08-12,S007,SHL1665,0,0,0,0,0,0,0,0.0
2026-08-12,S008,SHL1665,0,0,0,3,1,0,0,0.0
2026-08-12,S009,SHL1665,0,1,1,1,2,0,0,0.0
2026-08-12,S010,SHL1665,0,0,0,2,1,0,0,0.0
2026-08-12,S001,SHL1666,0,0,0,3,0,0,0,0.0
2026-08-12,S002,SHL1666,0,0,0,3,3,0,0,0.0
2026-08-12,S003,SHL1666,1,3,3,3,3,0,1,49.33
2026-08-12,S004,SHL1666,0,0,0,1,3,0,0,0.0
2026-08-12,S005,SHL1666,0,0,0,0,0,0,0,0.0
2026-08-12,S006,SHL1666,0,0,0,0,2,0,0,0.0
2026-08-12,S007,SHL1666,1,0,0,2,3,0,1,49.33
2026-08-12,S008,SHL1666,0,5,3,0,1,0,2,98.66
2026-08-12,S009,SHL1666,0,1,0,1,0,0,1,49.33
2026-08-12,S010,SHL1666,1,0,0,0,2,0,1,49.33
2026-08-12,S001,SHL1667,1,2,2,0,2,0,1,63.64
2026-08-12,S002,SHL1667,1,1,2,3,3,0,0,0.0
2026-08-12,S003,SHL1667,0,2,1,3,1,0,1,63.64
2026-08-12,S004,SHL1667,0,3,3,1,0,0,0,0.0
2026-08-12,S005,SHL1667,0,2,1,2,3,0,1,63.64
2026-08-12,S006,SHL1667,1,4,3,0,0,0,2,127.28
2026-08-12,S007,SHL1667,3,9,7,3,3,0,5,318.2
2026-08-12,S008,SHL1667,0,0,0,2,3,0,0,0.0
2026-08-12,S009,SHL1667,0,1,0,0,1,0,1,63.64
2026-08-12,S010,SHL1667,0,3,3,3,2,0,0,0.0
2026-08-12,S001,SHL1668,0,0,0,2,3,0,0,0.0
2026-08-12,S002,SHL1668,1,0,0,3,0,0,1,105.43
2026-08-12,S003,SHL1668,0,0,0,0,2,0,0,0.0
2026-08-12,S004,SHL1668,0,0,0,0,1,0,0,0.0
2026-08-12,S005,SHL1668,1,1,1,1,1,0,1,105.43
2026-08-12,S006,SHL1668,0,0,0,1,0,0,0,0.0
2026-08-12,S007,SHL1668,0,0,0,1,1,0,0,0.0
2026-08-12,S008,SHL1668,0,0,0,2,3,0,0,0.0
2026-08-12,S009,SHL1668,0,0,0,1,0,0,0,0.0
2026-08-12,S010,SHL1668,0,0,0,1,3,0,0,0.0
2026-08-12,S001,SHL1669,0,0,0,1,1,0,0,0.0
2026-08-12,S002,SHL1669,1,1,1,2,2,0,1,94.16
2026-08-12,S003,SHL1669,0,0,0,1,3,0,0,0.0
2026-08-12,S004,SHL1669,0,3,1,3,3,0,2,188.32
2026-08-12,S005,SHL1669,0,0,0,0,3,0,0,0.0
2026-08-12,S006,SHL1669,0,2,1,1,0,0,1,94.16
2026-08-12,S007,SHL1669,0,1,1,1,3,0,0,0.0
2026-08-12,S008,SHL1669,1,0,0,0,0,0,1,94.16
2026-08-12,S009,SHL1669,1,5,4,1,3,0,2,188.32
2026-08-12,S010,SHL1669,0,0,0,2,0,0,0,0.0
2026-08-12,S001,SHL1670,0,3,2,2,2,0,1,49.42
2026-08-12,S002,SHL1670,1,7,5,3,2,0,3,148.26
2026-08-12,S003,SHL1670,0,1,0,1,1,0,1,49.42
2026-08-12,S004,SHL1670,1,0,0,2,0,0,1,49.42
2026-08-12,S005,SHL1670,0,0,0,3,0,0,0,0.0
2026-08-12,S006,SHL1670,1,0,0,1,2,0,1,49.42
2026-08-12,S007,SHL1670,2,0,0,0,0,0,2,98.84
2026-08-12,S008,SHL1670,0,0,0,2,3,0,0,0.0
2026-08-12,S009,SHL1670,1,0,0,0,0,0,1,49.42
2026-08-12,S010,SHL1670,2,2,2,3,1,0,2,98.84
2026-08-12,S001,SHL1671,1,0,1,1,3,0,0,0.0
2026-08-12,S002,SHL1671,0,0,0,0,2,0,0,0.0
2026-08-12,S003,SHL1671,1,0,0,2,3,0,1,58.38
2026-08-12,S004,SHL1671,0,0,0,0,2,0,0,0.0
2026-08-12,S005,SHL1671,0,0,0,0,1,0,0,0.0
2026-08-12,S006,SHL1671,1,1,2,2,2,0,0,0.0
2026-08-12,S007,SHL1671,0,0,0,2,2,0,0,0.0
2026-08-12,S008,SHL1671,0,2,1,3,1,0,1,58.38
2026-08-12,S009,SHL1671,0,3,2,0,1,0,1,58.38
2026-08-12,S010,SHL1671,0,0,0,0,3,0,0,0.0
2026-08-12,S001,SHL1672,0,0,0,3,2,0,0,0.0
2026-08-12,S002,SHL1672,1,0,0,2,1,0,1,67.23
2026-08-12,S003,SHL1672,1,0,1,0,1,0,0,0.0
2026-08-12,S004,SHL1672,0,1,0,2,3,0,1,67.23
2026-08-12,S005,SHL1672,0,1,1,0,2,0,0,0.0
2026-08-12,S006,SHL1672,0,2,0,3,0,0,2,134.46
2026-08-12,S007,SHL1672,1,0,1,0,1,0,0,0.0
2026-08-12,S008,SHL1672,0,2,1,3,2,0,1,67.23
2026-08-12,S009,SHL1672,0,0,0,1,0,0,0,0.0
2026-08-12,S010,SHL1672,1,1,2,0,2,0,0,0.0
2026-08-12,S001,SHL1673,0,1,0,3,2,0,1,52.06
2026-08-12,S002,SHL1673,0,0,0,1,0,0,0,0.0
2026-08-12,S003,SHL1673,1,1,0,2,3,0,2,104.12
2026-08-12,S004,SHL1673,1,0,0,3,0,0,1,52.06
2026-08-12,S005,SHL1673,0,3,2,2,1,0,1,52.06
2026-08-12,S006,SHL1673,1,4,3,2,1,0,2,104.12
2026-08-12,S007,SHL1673,1,0,0,0,0,0,1,52.06
2026-08-12,S008,SHL1673,1,0,0,1,1,0,1,52.06
2026-08-12,S009,SHL1673,0,0,0,2,3,0,0,0.0
2026-08-12,S010,SHL1673,0,1,0,1,1,0,1,52.06
2026-08-12,S001,SHL1674,0,1,1,3,0,0,0,0.0
2026-08-12,S002,SHL1674,1,0,0,1,1,0,1,79.14
2026-08-12,S003,SHL1674,0,0,0,0,0,0,0,0.0
2026-08-12,S004,SHL1674,0,0,0,1,2,0,0,0.0
2026-08-12,S005,SHL1674,1,2,2,0,2,0,1,79.14
2026-08-12,S006,SHL1674,1,0,0,0,2,0,1,79.14
2026-08-12,S007,SHL1674,0,0,0,0,3,0,0,0.0
2026-08-12,S008,SHL1674,1,0,0,1,0,0,1,79.14
2026-08-12,S009,SHL1674,1,1,0,2,3,0,2,158.28
2026-08-12,S010,SHL1674,1,0,0,3,0,1,1,79.14
2026-08-12,S001,SHL1675,1,1,0,1,0,0,2,98.14
2026-08-12,S002,SHL1675,0,3,2,2,1,0,1,49.07
2026-08-12,S003,SHL1675,0,1,0,0,3,0,1,49.07
2026-08-12,S004,SHL1675,1,1,1,3,0,0,1,49.07
2026-08-12,S005,SHL1675,0,1,0,0,3,0,1,49.07
2026-08-12,S006,SHL1675,0,1,1,0,1,0,0,0.0
2026-08-12,S007,SHL1675,0,7,5,1,3,0,2,98.14
2026-08-12,S008,SHL1675,0,0,0,1,3,0,0,0.0
2026-08-12,S009,SHL1675,0,0,0,0,2,0,0,0.0
2026-08-12,S010,SHL1675,1,11,8,1,1,0,4,196.28
2026-08-12,S001,SHL1676,1,0,1,3,0,0,0,0.0
2026-08-12,S002,SHL1676,1,9,8,1,1,0,2,186.84
2026-08-12,S003,SHL1676,0,0,0,3,1,0,0,0.0
2026-08-12,S004,SHL1676,0,1,0,3,3,0,1,93.42
2026-08-12,S005,SHL1676,1,1,1,2,1,0,1,93.42
2026-08-12,S006,SHL1676,0,1,0,1,0,0,1,93.42
2026-08-12,S007,SHL1676,0,1,0,1,2,0,1,93.42
2026-08-12,S008,SHL1676,0,7,5,2,2,0,2,186.84
2026-08-12,S009,SHL1676,1,7,4,3,3,0,4,373.68
2026-08-12,S010,SHL1676,1,12,9,2,1,1,4,373.68
2026-08-12,S001,SHL1677,0,2,2,3,0,0,0,0.0
2026-08-12,S002,SHL1677,1,6,5,0,0,0,2,212.9
2026-08-12,S003,SHL1677,0,6,3,2,0,0,3,319.35
2026-08-12,S004,SHL1677,2,0,0,3,2,0,2,212.9
2026-08-12,S005,SHL1677,0,2,2,1,2,0,0,0.0
2026-08-12,S006,SHL1677,2,3,3,3,1,0,2,212.9
2026-08-12,S007,SHL1677,1,0,0,0,0,0,1,106.45
2026-08-12,S008,SHL1677,0,2,2,0,0,0,0,0.0
2026-08-12,S009,SHL1677,2,4,4,1,1,0,2,212.9
2026-08-12,S010,SHL1677,1,0,0,0,2,0,1,106.45
2026-08-12,S001,SHL1678,0,3,2,2,1,0,1,66.2
2026-08-12,S002,SHL1678,1,2,2,2,0,0,1,66.2
2026-08-12,S003,SHL1678,2,3,3,1,1,0,2,132.4
2026-08-12,S004,SHL1678,0,7,5,0,3,0,2,132.4
2026-08-12,S005,SHL1678,1,2,2,0,1,0,1,66.2
2026-08-12,S006,SHL1678,2,3,2,3,2,0,3,198.6
2026-08-12,S007,SHL1678,1,0,1,1,0,0,0,0.0
2026-08-12,S008,SHL1678,0,2,1,2,1,1,1,66.2
2026-08-12,S009,SHL1678,0,0,0,1,0,0,0,0.0
2026-08-12,S010,SHL1678,1,11,8,0,2,0,4,264.8
2026-08-12,S001,SHL1679,0,0,0,2,0,0,0,0.0
2026-08-12,S002,SHL1679,1,1,1,3,1,0,1,48.56
2026-08-12,S003,SHL1679,1,0,0,2,2,0,1,48.56
2026-08-12,S004,SHL1679,0,0,0,3,2,0,0,0.0
2026-08-12,S005,SHL1679,0,1,0,2,2,0,1,48.56
2026-08-12,S006,SHL1679,1,1,1,2,0,0,1,48.56
2026-08-12,S007,SHL1679,0,3,3,0,3,0,0,0.0
2026-08-12,S008,SHL1679,0,5,3,2,3,0,2,97.12
2026-08-12,S009,SHL1679,0,1,0,2,3,0,1,48.56
2026-08-12,S010,SHL1679,0,0,0,0,0,0,0,0.0
2026-08-12,S001,SHL1680,1,0,0,1,1,0,1,59.26
2026-08-12,S002,SHL1680,1,2,2,2,3,0,1,59.26
2026-08-12,S003,SHL1680,0,0,0,3,1,0,0,0.0
2026-08-12,S004,SHL1680,0,1,1,3,2,0,0,0.0
2026-08-12,S005,SHL1680,0,1,1,3,2,0,0,0.0
2026-08-12,S006,SHL1680,1,0,1,3,1,0,0,0.0
2026-08-12,S007,SHL1680,1,4,3,2,3,0,2,118.52
2026-08-12,S008,SHL1680,0,0,0,1,3,0,0,0.0
2026-08-12,S009,SHL1680,1,2,2,1,1,0,1,59.26
2026-08-12,S010,SHL1680,0,6,5,2,0,1,1,59.26
2026-08-12,S001,SHL1681,0,0,0,3,1,0,0,0.0
2026-08-12,S002,SHL1681,1,1,0,0,2,0,2,100.84
2026-08-12,S003,SHL1681,1,3,2,2,0,0,2,100.84
2026-08-12,S004,SHL1681,0,0,0,1,3,0,0,0.0
2026-08-12,S005,SHL1681,0,0,0,3,3,0,0,0.0
2026-08-12,S006,SHL1681,1,0,0,1,3,0,1,50.42
2026-08-12,S007,SHL1681,1,0,1,1,0,0,0,0.0
2026-08-12,S008,SHL1681,1,2,1,1,2,0,2,100.84
2026-08-12,S009,SHL1681,0,0,0,0,0,0,0,0.0
2026-08-12,S010,SHL1681,1,1,1,2,2,0,1,50.42
2026-08-12,S001,SHL1682,0,3,2,2,1,0,1,59.49
2026-08-12,S002,SHL1682,0,0,0,2,0,0,0,0.0
2026-08-12,S003,SHL1682,0,1,1,2,1,0,0,0.0
2026-08-12,S004,SHL1682,0,3,2,3,2,0,1,59.49
2026-08-12,S005,SHL1682,0,0,0,1,2,0,0,0.0
2026-08-12,S006,SHL1682,1,1,0,3,0,0,2,118.98
2026-08-12,S007,SHL1682,0,0,0,3,3,0,0,0.0
2026-08-12,S008,SHL1682,0,1,0,1,0,0,1,59.49
2026-08-12,S009,SHL1682,0,0,0,0,1,0,0,0.0
2026-08-12,S010,SHL1682,0,1,0,2,1,0,1,59.49
2026-08-12,S001,SHL1683,0,0,0,2,2,0,0,0.0
2026-08-12,S002,SHL1683,1,1,1,2,1,0,1,43.0
2026-08-12,S003,SHL1683,0,0,0,1,2,0,0,0.0
2026-08-12,S004,SHL1683,0,0,0,2,1,0,0,0.0
2026-08-12,S005,SHL1683,0,0,0,1,0,0,0,0.0
2026-08-12,S006,SHL1683,0,2,2,2,0,0,0,0.0
2026-08-12,S007,SHL1683,1,1,1,1,1,0,1,43.0
2026-08-12,S008,SHL1683,0,0,0,1,1,0,0,0.0
2026-08-12,S009,SHL1683,0,1,0,1,3,0,1,43.0
2026-08-12,S010,SHL1683,0,1,0,3,2,0,1,43.0
2026-08-12,S001,SHL1684,0,3,2,3,3,0,1,56.94
2026-08-12,S002,SHL1684,2,3,3,2,1,0,2,113.88
2026-08-12,S003,SHL1684,1,0,0,3,0,0,1,56.94
2026-08-12,S004,SHL1684,0,0,0,3,3,0,0,0.0
2026-08-12,S005,SHL1684,0,0,0,2,1,0,0,0.0
2026-08-12,S006,SHL1684,0,3,2,0,3,0,1,56.94
2026-08-12,S007,SHL1684,0,0,0,1,1,0,0,0.0
2026-08-12,S008,SHL1684,0,0,0,1,1,0,0,0.0
2026-08-12,S009,SHL1684,0,0,0,3,1,0,0,0.0
2026-08-12,S010,SHL1684,1,0,0,3,0,0,1,56.94
2026-08-12,S001,SHL1685,0,0,0,3,0,0,0,0.0
2026-08-12,S002,SHL1685,0,1,0,2,0,0,1,83.21
2026-08-12,S003,SHL1685,0,0,0,1,2,0,0,0.0
2026-08-12,S004,SHL1685,0,0,0,2,3,0,0,0.0
2026-08-12,S005,SHL1685,0,1,1,2,1,0,0,0.0
2026-08-12,S006,SHL1685,1,0,0,1,1,0,1,83.21
2026-08-12,S007,SHL1685,0,0,0,3,1,0,0,0.0
2026-08-12,S008,SHL1685,1,0,0,1,3,0,1,83.21
2026-08-12,S009,SHL1685,0,4,3,3,2,0,1,83.21
2026-08-12,S010,SHL1685,1,4,3,2,2,0,2,166.42
2026-08-12,S001,SHL1686,0,1,0,1,0,0,1,87.73
2026-08-12,S002,SHL1686,0,0,0,0,1,0,0,0.0
2026-08-12,S003,SHL1686,1,4,3,3,3,0,2,175.46
2026-08-12,S004,SHL1686,0,1,0,2,3,0,1,87.73
2026-08-12,S005,SHL1686,1,5,4,2,1,0,2,175.46
2026-08-12,S006,SHL1686,0,0,0,0,2,0,0,0.0
2026-08-12,S007,SHL1686,0,0,0,1,1,0,0,0.0
2026-08-12,S008,SHL1686,0,2,1,0,3,0,1,87.73
2026-08-12,S009,SHL1686,1,1,1,0,2,0,1,87.73
2026-08-12,S010,SHL1686,0,0,0,1,2,0,0,0.0
2026-08-12,S001,SHL1687,2,1,1,0,3,0,2,165.14
2026-08-12,S002,SHL1687,1,0,1,0,3,0,0,0.0
2026-08-12,S003,SHL1687,0,0,0,0,3,0,0,0.0
2026-08-12,S004,SHL1687,0,0,0,0,3,0,0,0.0
2026-08-12,S005,SHL1687,1,1,1,3,0,0,1,82.57
2026-08-12,S006,SHL1687,0,0,0,2,0,1,0,0.0
2026-08-12,S007,SHL1687,0,1,1,3,2,0,0,0.0
2026-08-12,S008,SHL1687,1,2,1,1,3,0,2,165.14
2026-08-12,S009,SHL1687,1,1,1,2,3,0,1,82.57
2026-08-12,S010,SHL1687,0,3,3,1,3,0,0,0.0
2026-08-12,S001,SHL1688,1,2,2,1,0,0,1,82.5
2026-08-12,S002,SHL1688,2,9,7,3,0,0,4,330.0
2026-08-12,S003,SHL1688,0,3,2,2,3,0,1,82.5
2026-08-12,S004,SHL1688,1,0,0,1,3,0,1,82.5
2026-08-12,S005,SHL1688,0,0,0,0,2,0,0,0.0
2026-08-12,S006,SHL1688,1,10,7,0,3,0,4,330.0
2026-08-12,S007,SHL1688,1,0,0,0,1,0,1,82.5
2026-08-12,S008,SHL1688,0,1,1,0,3,0,0,0.0
2026-08-12,S009,SHL1688,1,2,2,3,2,0,1,82.5
2026-08-12,S010,SHL1688,0,1,0,2,1,0,1,82.5
2026-08-12,S001,SHL1689,0,5,4,0,3,0,1,23.21
2026-08-12,S002,SHL1689,0,0,0,1,3,0,0,0.0
2026-08-12,S003,SHL1689,1,1,1,1,1,0,1,23.21
2026-08-12,S004,SHL1689,0,0,0,2,2,1,0,0.0
2026-08-12,S005,SHL1689,0,1,0,2,0,0,1,23.21
2026-08-12,S006,SHL1689,0,3,2,1,3,0,1,23.21
2026-08-12,S007,SHL1689,0,9,5,1,2,0,4,92.84
2026-08-12,S008,SHL1689,0,0,0,3,3,0,0,0.0
2026-08-12,S009,SHL1689,0,7,6,2,0,0,1,23.21
2026-08-12,S010,SHL1689,1,0,0,3,0,0,1,23.21
2026-08-12,S001,SHL1690,1,1,1,1,0,0,1,41.32
2026-08-12,S002,SHL1690,0,1,0,0,1,1,1,41.32
2026-08-12,S003,SHL1690,0,0,0,0,3,0,0,0.0
2026-08-12,S004,SHL1690,0,0,0,0,0,1,0,0.0
2026-08-12,S005,SHL1690,1,0,0,0,2,0,1,41.32
2026-08-12,S006,SHL1690,1,0,1,3,0,0,0,0.0
2026-08-12,S007,SHL1690,1,7,6,3,3,0,2,82.64
2026-08-12,S008,SHL1690,0,0,0,2,3,0,0,0.0
2026-08-12,S009,SHL1690,1,0,0,1,0,0,1,41.32
2026-08-12,S010,SHL1690,0,2,1,0,2,0,1,41.32
2026-08-12,S001,SHL1691,0,0,0,3,0,0,0,0.0
2026-08-12,S002,SHL1691,0,0,0,3,0,0,0,0.0
2026-08-12,S003,SHL1691,0,0,0,3,0,0,0,0.0
2026-08-12,S004,SHL1691,1,0,0,0,3,0,1,30.94
2026-08-12,S005,SHL1691,0,0,0,0,2,0,0,0.0
2026-08-12,S006,SHL1691,0,0,0,0,0,0,0,0.0
2026-08-12,S007,SHL1691,0,0,0,1,1,0,0,0.0
2026-08-12,S008,SHL1691,0,0,0,2,0,0,0,0.0
2026-08-12,S009,SHL1691,0,0,0,0,2,0,0,0.0
2026-08-12,S010,SHL1691,0,0,0,2,0,0,0,0.0
2026-08-12,S001,SHL1692,1,0,0,3,1,0,1,38.01
2026-08-12,S002,SHL1692,0,3,2,0,2,0,1,38.01
2026-08-12,S003,SHL1692,3,8,7,1,1,0,4,152.04
2026-08-12,S004,SHL1692,0,6,4,1,0,0,2,76.02
2026-08-12,S005,SHL1692,0,0,0,3,3,0,0,0.0
2026-08-12,S006,SHL1692,0,0,0,1,2,0,0,0.0
2026-08-12,S007,SHL1692,0,0,0,1,2,0,0,0.0
2026-08-12,S008,SHL1692,0,1,0,2,2,0,1,38.01
2026-08-12,S009,SHL1692,1,0,1,3,3,0,0,0.0
2026-08-12,S010,SHL1692,1,0,1,3,1,0,0,0.0
2026-08-12,S001,SHL1693,0,0,0,2,1,0,0,0.0
2026-08-12,S002,SHL1693,1,1,0,1,1,0,2,94.94
2026-08-12,S003,SHL1693,0,0,0,0,3,0,0,0.0
2026-08-12,S004,SHL1693,0,2,2,0,2,0,0,0.0
2026-08-12,S005,SHL1693,0,0,0,1,0,0,0,0.0
2026-08-12,S006,SHL1693,1,2,1,3,3,0,2,94.94
2026-08-12,S007,SHL1693,0,2,2,1,0,0,0,0.0
2026-08-12,S008,SHL1693,1,1,1,1,0,0,1,47.47
2026-08-12,S009,SHL1693,2,3,3,1,1,0,2,94.94
2026-08-12,S010,SHL1693,0,0,0,2,0,0,0,0.0
2026-08-12,S001,SHL1694,0,1,0,1,1,0,1,57.84
2026-08-12,S002,SHL1694,1,2,2,3,1,0,1,57.84
2026-08-12,S003,SHL1694,0,0,0,1,0,0,0,0.0
2026-08-12,S004,SHL1694,0,0,0,2,3,0,0,0.0
2026-08-12,S005,SHL1694,1,0,1,0,2,0,0,0.0
2026-08-12,S006,SHL1694,0,3,2,2,0,0,1,57.84
2026-08-12,S007,SHL1694,0,10,7,2,0,0,3,173.52
2026-08-12,S008,SHL1694,0,3,3,3,1,0,0,0.0
2026-08-12,S009,SHL1694,0,2,1,3,3,0,1,57.84
2026-08-12,S010,SHL1694,0,0,0,0,1,0,0,0.0
2026-08-12,S001,SHL1695,0,0,0,1,3,0,0,0.0
2026-08-12,S002,SHL1695,0,0,0,3,0,0,0,0.0
2026-08-12,S003,SHL1695,0,0,0,3,1,0,0,0.0
2026-08-12,S004,SHL1695,0,0,0,3,1,0,0,0.0
2026-08-12,S005,SHL1695,1,0,0,0,1,0,1,26.18
2026-08-12,S006,SHL1695,0,1,1,1,0,0,0,0.0
2026-08-12,S007,SHL1695,0,0,0,2,0,0,0,0.0
2026-08-12,S008,SHL1695,1,0,0,2,2,1,1,26.18
2026-08-12,S009,SHL1695,1,0,0,0,3,0,1,26.18
2026-08-12,S010,SHL1695,1,0,0,3,0,0,1,26.18
2026-08-12,S001,SHL1696,0,5,3,3,2,0,2,47.44
2026-08-12,S002,SHL1696,0,2,0,1,1,0,2,47.44
2026-08-12,S003,SHL1696,0,1,1,1,2,1,0,0.0
2026-08-12,S004,SHL1696,0,0,0,3,0,0,0,0.0
2026-08-12,S005,SHL1696,1,4,3,0,1,0,2,47.44
2026-08-12,S006,SHL1696,2,1,1,0,3,0,2,47.44
2026-08-12,S007,SHL1696,0,2,1,2,3,0,1,23.72
2026-08-12,S008,SHL1696,0,1,0,2,2,0,1,23.72
2026-08-12,S009,SHL1696,0,12,9,0,2,0,3,71.16
2026-08-12,S010,SHL1696,1,2,2,1,2,0,1,23.72
2026-08-12,S001,SHL1697,0,3,2,2,2,0,1,44.85
2026-08-12,S002,SHL1697,1,0,1,0,1,0,0,0.0
2026-08-12,S003,SHL1697,0,0,0,2,3,0,0,0.0
2026-08-12,S004,SHL1697,0,0,0,0,2,0,0,0.0
2026-08-12,S005,SHL1697,2,7,6,0,1,0,3,134.55
2026-08-12,S006,SHL1697,0,12,7,3,1,0,5,224.25
2026-08-12,S007,SHL1697,0,5,4,2,1,0,1,44.85
2026-08-12,S008,SHL1697,0,16,10,1,1,0,6,269.1
2026-08-12,S009,SHL1697,0,7,4,1,0,0,3,134.55
2026-08-12,S010,SHL1697,0,1,1,1,0,0,0,0.0
2026-08-12,S001,SHL1698,1,0,0,3,0,0,1,34.64
2026-08-12,S002,SHL1698,1,0,0,0,2,0,1,34.64
2026-08-12,S003,SHL1698,0,1,0,2,2,0,1,34.64
2026-08-12,S004,SHL1698,1,0,0,2,3,0,1,34.64
2026-08-12,S005,SHL1698,0,1,1,2,2,0,0,0.0
2026-08-12,S006,SHL1698,0,1,0,0,0,0,1,34.64
2026-08-12,S007,SHL1698,0,2,2,2,2,0,0,0.0
2026-08-12,S008,SHL1698,0,4,2,3,0,0,2,69.28
2026-08-12,S009,SHL1698,0,0,0,0,2,0,0,0.0
2026-08-12,S010,SHL1698,0,1,1,1,0,0,0,0.0
2026-08-12,S001,SHL1699,0,0,0,1,1,0,0,0.0
2026-08-12,S002,SHL1699,1,0,1,3,2,0,0,0.0
2026-08-12,S003,SHL1699,1,2,3,1,1,0,0,0.0
2026-08-12,S004,SHL1699,0,1,1,3,3,0,0,0.0
2026-08-12,S005,SHL1699,0,1,1,2,1,0,0,0.0
2026-08-12,S006,SHL1699,0,1,1,1,2,0,0,0.0
2026-08-12,S007,SHL1699,0,1,1,3,3,0,0,0.0
2026-08-12,S008,SHL1699,0,1,0,0,2,0,1,42.61
2026-08-12,S009,SHL1699,1,5,4,3,2,0,2,85.22
2026-08-12,S010,SHL1699,1,1,0,0,2,0,2,85.22
2026-08-12,S001,SHL1700,0,1,1,1,3,0,0,0.0
2026-08-12,S002,SHL1700,0,1,0,1,2,0,1,35.81
2026-08-12,S003,SHL1700,0,1,0,1,2,0,1,35.81
2026-08-12,S004,SHL1700,1,4,3,0,2,0,2,71.62
2026-08-12,S005,SHL1700,1,0,0,1,2,0,1,35.81
2026-08-12,S006,SHL1700,1,9,6,2,2,0,4,143.24
2026-08-12,S007,SHL1700,0,19,12,1,0,0,7,250.67
2026-08-12,S008,SHL1700,1,1,1,0,0,0,1,35.81
2026-08-12,S009,SHL1700,0,0,0,0,1,0,0,0.0
2026-08-12,S010,SHL1700,1,3,2,2,3,0,2,71.62
2026-08-12,S001,ORG1701,1,0,1,2,0,0,0,0.0
2026-08-12,S002,ORG1701,0,4,3,3,2,0,1,24.73
2026-08-12,S003,ORG1701,0,1,1,2,0,0,0,0.0
2026-08-12,S004,ORG1701,0,1,0,2,3,1,1,24.73
2026-08-12,S005,ORG1701,1,0,1,2,2,0,0,0.0
2026-08-12,S006,ORG1701,0,5,4,1,2,0,1,24.73
2026-08-12,S007,ORG1701,0,6,4,2,0,0,2,49.46
2026-08-12,S008,ORG1701,0,2,2,1,0,0,0,0.0
2026-08-12,S009,ORG1701,0,0,0,0,3,0,0,0.0
2026-08-12,S010,ORG1701,1,1,1,0,1,0,1,24.73
2026-08-12,S001,ORG1702,1,0,1,1,2,0,0,0.0
2026-08-12,S002,ORG1702,0,0,0,0,3,0,0,0.0
2026-08-12,S003,ORG1702,0,1,0,3,1,0,1,17.21
2026-08-12,S004,ORG1702,1,0,0,2,3,0,1,17.21
2026-08-12,S005,ORG1702,1,1,1,1,2,0,1,17.21
2026-08-12,S006,ORG1702,1,0,0,3,1,0,1,17.21
2026-08-12,S007,ORG1702,1,0,0,2,1,0,1,17.21
2026-08-12,S008,ORG1702,1,3,2,1,2,0,2,34.42
2026-08-12,S009,ORG1702,2,3,3,2,0,0,2,34.42
2026-08-12,S010,ORG1702,0,1,0,3,2,0,1,17.21
2026-08-12,S001,ORG1703,0,0,0,1,3,0,0,0.0
2026-08-12,S002,ORG1703,0,3,2,0,0,0,1,24.12
2026-08-12,S003,ORG1703,0,1,1,2,3,0,0,0.0
2026-08-12,S004,ORG1703,0,0,0,2,2,0,0,0.0
2026-08-12,S005,ORG1703,1,0,0,2,3,0,1,24.12
2026-08-12,S006,ORG1703,0,4,3,2,3,0,1,24.12
2026-08-12,S007,ORG1703,0,0,0,0,0,0,0,0.0
2026-08-12,S008,ORG1703,0,0,0,2,3,0,0,0.0
2026-08-12,S009,ORG1703,1,0,0,0,0,0,1,24.12
2026-08-12,S010,ORG1703,0,0,0,3,0,0,0,0.0
2026-08-12,S001,ORG1704,0,0,0,1,1,0,0,0.0
2026-08-12,S002,ORG1704,2,7,6,1,3,0,3,51.51
2026-08-12,S003,ORG1704,0,1,0,0,2,0,1,17.17
2026-08-12,S004,ORG1704,1,1,2,1,1,0,0,0.0
2026-08-12,S005,ORG1704,0,4,2,0,2,0,2,34.34
2026-08-12,S006,ORG1704,0,0,0,0,1,0,0,0.0
2026-08-12,S007,ORG1704,1,0,0,1,1,0,1,17.17
2026-08-12,S008,ORG1704,1,7,5,0,0,0,3,51.51
2026-08-12,S009,ORG1704,0,1,0,0,0,0,1,17.17
2026-08-12,S010,ORG1704,1,0,0,0,1,0,1,17.17
2026-08-12,S001,ORG1705,0,3,2,0,2,0,1,6.52
2026-08-12,S002,ORG1705,2,4,4,1,1,0,2,13.04
2026-08-12,S003,ORG1705,1,1,2,3,2,0,0,0.0
2026-08-12,S004,ORG1705,0,3,2,3,1,0,1,6.52
2026-08-12,S005,ORG1705,1,0,0,2,0,0,1,6.52
2026-08-12,S006,ORG1705,0,1,0,2,3,0,1,6.52
2026-08-12,S007,ORG1705,1,1,1,2,2,0,1,6.52
2026-08-12,S008,ORG1705,0,0,0,2,3,0,0,0.0
2026-08-12,S009,ORG1705,0,2,1,0,2,0,1,6.52
2026-08-12,S010,ORG1705,0,1,0,2,3,0,1,6.52
2026-08-12,S001,ORG1706,1,0,0,0,2,0,1,26.82
2026-08-12,S002,ORG1706,1,0,0,2,1,0,1,26.82
2026-08-12,S003,ORG1706,0,1,1,1,2,0,0,0.0
2026-08-12,S004,ORG1706,0,0,0,2,0,0,0,0.0
2026-08-12,S005,ORG1706,1,0,0,0,3,0,1,26.82
2026-08-12,S006,ORG1706,1,0,0,1,2,0,1,26.82
2026-08-12,S007,ORG1706,2,7,7,3,3,0,2,53.64
2026-08-12,S008,ORG1706,0,0,0,1,2,0,0,0.0
2026-08-12,S009,ORG1706,0,1,0,1,3,0,1,26.82
2026-08-12,S010,ORG1706,0,4,2,3,0,0,2,53.64
2026-08-12,S001,ORG1707,0,0,0,3,1,0,0,0.0
2026-08-12,S002,ORG1707,1,1,1,3,2,0,1,9.92
2026-08-12,S003,ORG1707,0,1,0,1,2,0,1,9.92
2026-08-12,S004,ORG1707,0,0,0,1,1,0,0,0.0
2026-08-12,S005,ORG1707,0,0,0,2,0,0,0,0.0
2026-08-12,S006,ORG1707,0,2,1,1,2,0,1,9.92
2026-08-12,S007,ORG1707,2,7,5,0,1,0,4,39.68
2026-08-12,S008,ORG1707,0,2,0,0,1,0,2,19.84
2026-08-12,S009,ORG1707,1,2,2,0,0,1,1,9.92
2026-08-12,S010,ORG1707,1,2,2,2,3,0,1,9.92
2026-08-12,S001,ORG1708,0,0,0,3,1,0,0,0.0
2026-08-12,S002,ORG1708,1,0,0,3,1,0,1,32.71
2026-08-12,S003,ORG1708,1,0,0,1,2,0,1,32.71
2026-08-12,S004,ORG1708,1,2,2,3,3,0,1,32.71
2026-08-12,S005,ORG1708,0,1,0,3,0,0,1,32.71
2026-08-12,S006,ORG1708,1,0,1,2,0,0,0,0.0
2026-08-12,S007,ORG1708,2,3,2,3,0,0,3,98.13
2026-08-12,S008,ORG1708,0,0,0,2,3,0,0,0.0
2026-08-12,S009,ORG1708,2,5,5,0,1,0,2,65.42
2026-08-12,S010,ORG1708,0,4,3,1,2,0,1,32.71
2026-08-12,S001,ORG1709,0,2,1,0,0,0,1,25.17
2026-08-12,S002,ORG1709,0,5,4,1,0,0,1,25.17
2026-08-12,S003,ORG1709,0,0,0,1,2,0,0,0.0
2026-08-12,S004,ORG1709,1,0,1,2,1,0,0,0.0
2026-08-12,S005,ORG1709,0,0,0,0,1,0,0,0.0
2026-08-12,S006,ORG1709,0,6,4,1,3,0,2,50.34
2026-08-12,S007,ORG1709,0,0,0,1,0,0,0,0.0
2026-08-12,S008,ORG1709,1,0,0,0,0,0,1,25.17
2026-08-12,S009,ORG1709,0,0,0,3,1,0,0,0.0
2026-08-12,S010,ORG1709,1,5,4,2,1,0,2,50.34
2026-08-12,S001,ORG1710,1,5,4,2,2,0,2,84.22
2026-08-12,S002,ORG1710,0,1,0,1,0,0,1,42.11
2026-08-12,S003,ORG1710,1,3,3,1,0,0,1,42.11
2026-08-12,S004,ORG1710,1,7,5,2,0,0,3,126.33
2026-08-12,S005,ORG1710,0,0,0,2,2,0,0,0.0
2026-08-12,S006,ORG1710,0,3,2,2,3,0,1,42.11
2026-08-12,S007,ORG1710,0,7,4,1,0,0,3,126.33
2026-08-12,S008,ORG1710,1,3,2,3,3,0,2,84.22
2026-08-12,S009,ORG1710,0,1,0,0,0,0,1,42.11
2026-08-12,S010,ORG1710,1,0,0,0,1,0,1,42.11
2026-08-12,S001,ORG1711,1,0,0,3,3,0,1,36.32
2026-08-12,S002,ORG1711,0,8,4,0,2,0,4,145.28
2026-08-12,S003,ORG1711,0,2,2,2,2,0,0,0.0
2026-08-12,S004,ORG1711,0,1,0,1,0,0,1,36.32
2026-08-12,S005,ORG1711,1,0,0,2,2,0,1,36.32
2026-08-12,S006,ORG1711,0,0,0,2,0,0,0,0.0
2026-08-12,S007,ORG1711,0,4,3,3,2,0,1,36.32
2026-08-12,S008,ORG1711,3,9,8,0,1,0,4,145.28
2026-08-12,S009,ORG1711,0,0,0,1,1,0,0,0.0
2026-08-12,S010,ORG1711,0,1,1,3,1,0,0,0.0
2026-08-12,S001,ORG1712,0,0,0,1,0,0,0,0.0
2026-08-12,S002,ORG1712,0,0,0,2,0,0,0,0.0
2026-08-12,S003,ORG1712,0,0,0,2,0,0,0,0.0
2026-08-12,S004,ORG1712,0,0,0,0,1,0,0,0.0
2026-08-12,S005,ORG1712,0,2,2,1,2,0,0,0.0
2026-08-12,S006,ORG1712,1,0,0,3,2,0,1,23.11
2026-08-12,S007,ORG1712,2,1,1,3,0,0,2,46.22
2026-08-12,S008,ORG1712,0,1,0,0,3,0,1,23.11
2026-08-12,S009,ORG1712,0,0,0,3,0,0,0,0.0
2026-08-12,S010,ORG1712,0,4,2,2,1,0,2,46.22
2026-08-12,S001,ORG1713,1,3,3,0,2,0,1,29.8
2026-08-12,S002,ORG1713,0,8,5,2,1,0,3,89.4
2026-08-12,S003,ORG1713,1,6,5,3,3,0,2,59.6
2026-08-12,S004,ORG1713,1,2,2,1,2,0,1,29.8
2026-08-12,S005,ORG1713,0,0,0,2,3,0,0,0.0
2026-08-12,S006,ORG1713,2,11,9,3,3,0,4,119.2
2026-08-12,S007,ORG1713,2,1,1,0,3,0,2,59.6
2026-08-12,S008,ORG1713,0,1,1,2,3,0,0,0.0
2026-08-12,S009,ORG1713,0,1,1,0,0,0,0,0.0
2026-08-12,S010,ORG1713,0,1,1,0,0,0,0,0.0
2026-08-12,S001,ORG1714,0,0,0,2,0,0,0,0.0
2026-08-12,S002,ORG1714,1,0,0,3,3,0,1,15.23
2026-08-12,S003,ORG1714,0,0,0,2,1,0,0,0.0
2026-08-12,S004,ORG1714,0,2,0,3,2,0,2,30.46
2026-08-12,S005,ORG1714,0,0,0,1,3,0,0,0.0
2026-08-12,S006,ORG1714,0,0,0,2,1,0,0,0.0
2026-08-12,S007,ORG1714,0,0,0,3,3,0,0,0.0
2026-08-12,S008,ORG1714,0,0,0,2,3,0,0,0.0
2026-08-12,S009,ORG1714,0,0,0,3,1,0,0,0.0
2026-08-12,S010,ORG1714,0,6,4,1,3,0,2,30.46
2026-08-12,S001,ORG1715,1,1,0,3,0,0,2,65.06
2026-08-12,S002,ORG1715,0,2,1,0,0,0,1,32.53
2026-08-12,S003,ORG1715,0,0,0,0,3,0,0,0.0
2026-08-12,S004,ORG1715,1,0,0,1,2,0,1,32.53
2026-08-12,S005,ORG1715,0,0,0,1,2,0,0,0.0
2026-08-12,S006,ORG1715,1,2,1,3,2,1,2,65.06
2026-08-12,S007,ORG1715,0,0,0,3,1,0,0,0.0
2026-08-12,S008,ORG1715,0,0,0,0,0,0,0,0.0
2026-08-12,S009,ORG1715,0,0,0,3,1,0,0,0.0
2026-08-12,S010,ORG1715,1,0,0,2,0,0,1,32.53
2026-08-12,S001,ORG1716,0,0,0,0,1,0,0,0.0
2026-08-12,S002,ORG1716,0,0,0,1,3,0,0,0.0
2026-08-12,S003,ORG1716,1,1,0,0,1,0,2,55.8
2026-08-12,S004,ORG1716,0,0,0,1,1,0,0,0.0
2026-08-12,S005,ORG1716,0,0,0,3,0,0,0,0.0
2026-08-12,S006,ORG1716,2,0,0,1,1,0,2,55.8
2026-08-12,S007,ORG1716,1,4,3,2,3,0,2,55.8
2026-08-12,S008,ORG1716,0,0,0,1,0,0,0,0.0
2026-08-12,S009,ORG1716,1,0,0,1,0,0,1,27.9
2026-08-12,S010,ORG1716,1,3,3,0,0,0,1,27.9
2026-08-12,S001,ORG1717,1,0,1,1,1,0,0,0.0
2026-08-12,S002,ORG1717,2,4,3,3,0,0,3,109.05
2026-08-12,S003,ORG1717,2,3,3,2,2,0,2,72.7
2026-08-12,S004,ORG1717,0,0,0,1,1,0,0,0.0
2026-08-12,S005,ORG1717,1,1,2,2,0,0,0,0.0
2026-08-12,S006,ORG1717,0,0,0,2,0,0,0,0.0
2026-08-12,S007,ORG1717,1,3,3,2,1,0,1,36.35
2026-08-12,S008,ORG1717,0,5,3,1,0,0,2,72.7
2026-08-12,S009,ORG1717,0,0,0,0,2,0,0,0.0
2026-08-12,S010,ORG1717,2,4,4,3,2,0,2,72.7
2026-08-12,S001,ORG1718,1,0,0,0,3,0,1,19.26
2026-08-12,S002,ORG1718,1,2,2,1,1,0,1,19.26
2026-08-12,S003,ORG1718,1,2,2,2,0,0,1,19.26
2026-08-12,S004,ORG1718,0,0,0,2,1,0,0,0.0
2026-08-12,S005,ORG1718,0,0,0,2,1,0,0,0.0
2026-08-12,S006,ORG1718,1,11,7,3,1,0,5,96.3
2026-08-12,S007,ORG1718,0,4,3,0,0,0,1,19.26
2026-08-12,S008,ORG1718,1,3,2,2,0,0,2,38.52
2026-08-12,S009,ORG1718,1,0,1,2,1,0,0,0.0
2026-08-12,S010,ORG1718,0,0,0,1,3,0,0,0.0
2026-08-12,S001,ORG1719,0,0,0,3,0,0,0,0.0
2026-08-12,S002,ORG1719,0,5,4,1,2,0,1,12.41
2026-08-12,S003,ORG1719,1,3,3,2,3,0,1,12.41
2026-08-12,S004,ORG1719,0,0,0,0,1,0,0,0.0
2026-08-12,S005,ORG1719,0,0,0,0,3,0,0,0.0
2026-08-12,S006,ORG1719,0,1,1,2,1,0,0,0.0
2026-08-12,S007,ORG1719,0,0,0,0,2,0,0,0.0
2026-08-12,S008,ORG1719,0,2,1,2,2,0,1,12.41
2026-08-12,S009,ORG1719,1,0,0,1,2,0,1,12.41
2026-08-12,S010,ORG1719,0,1,1,0,1,0,0,0.0
2026-08-12,S001,ORG1720,2,4,3,1,2,0,3,141.12
2026-08-12,S002,ORG1720,0,0,0,1,1,0,0,0.0
2026-08-12,S003,ORG1720,0,0,0,3,0,0,0,0.0
2026-08-12,S004,ORG1720,1,0,0,2,0,0,1,47.04
2026-08-12,S005,ORG1720,0,0,0,3,0,0,0,0.0
2026-08-12,S006,ORG1720,1,0,0,0,2,0,1,47.04
2026-08-12,S007,ORG1720,0,0,0,2,3,0,0,0.0
2026-08-12,S008,ORG1720,0,0,0,2,3,0,0,0.0
2026-08-12,S009,ORG1720,0,1,0,0,3,1,1,47.04
2026-08-12,S010,ORG1720,0,0,0,0,3,0,0,0.0
2026-08-12,S001,ORG1721,0,0,0,1,2,0,0,0.0
2026-08-12,S002,ORG1721,0,0,0,1,2,0,0,0.0
2026-08-12,S003,ORG1721,1,0,0,3,1,0,1,40.48
2026-08-12,S004,ORG1721,0,0,0,1,1,0,0,0.0
2026-08-12,S005,ORG1721,0,0,0,0,2,0,0,0.0
2026-08-12,S006,ORG1721,0,1,0,2,3,0,1,40.48
2026-08-12,S007,ORG1721,2,2,2,0,3,0,2,80.96
2026-08-12,S008,ORG1721,1,0,0,0,1,0,1,40.48
2026-08-12,S009,ORG1721,2,9,7,3,3,0,4,161.92
2026-08-12,S010,ORG1721,0,1,0,3,2,0,1,40.48
2026-08-12,S001,ORG1722,1,2,2,2,0,0,1,33.58
2026-08-12,S002,ORG1722,0,1,0,2,2,0,1,33.58
2026-08-12,S003,ORG1722,0,4,3,0,1,0,1,33.58
2026-08-12,S004,ORG1722,1,0,0,1,1,0,1,33.58
2026-08-12,S005,ORG1722,1,0,1,3,3,0,0,0.0
2026-08-12,S006,ORG1722,1,6,4,3,0,0,3,100.74
2026-08-12,S007,ORG1722,0,3,1,0,2,0,2,67.16
2026-08-12,S008,ORG1722,2,2,2,1,1,0,2,67.16
2026-08-12,S009,ORG1722,1,6,5,3,1,0,2,67.16
2026-08-12,S010,ORG1722,0,0,0,1,3,0,0,0.0
2026-08-12,S001,ORG1723,0,0,0,0,3,0,0,0.0
2026-08-12,S002,ORG1723,0,1,1,1,2,0,0,0.0
2026-08-12,S003,ORG1723,1,0,1,1,1,0,0,0.0
2026-08-12,S004,ORG1723,0,0,0,2,3,0,0,0.0
2026-08-12,S005,ORG1723,0,0,0,0,3,0,0,0.0
2026-08-12,S006,ORG1723,2,3,3,3,3,0,2,45.28
2026-08-12,S007,ORG1723,0,5,3,3,2,0,2,45.28
2026-08-12,S008,ORG1723,1,2,2,3,1,0,1,22.64
2026-08-12,S009,ORG1723,0,1,0,2,1,0,1,22.64
2026-08-12,S010,ORG1723,0,1,0,3,2,0,1,22.64
2026-08-12,S001,ORG1724,0,0,0,1,1,0,0,0.0
2026-08-12,S002,ORG1724,0,1,1,1,2,0,0,0.0
2026-08-12,S003,ORG1724,0,1,1,2,3,0,0,0.0
2026-08-12,S004,ORG1724,0,1,0,3,1,0,1,19.95
2026-08-12,S005,ORG1724,1,0,1,0,0,0,0,0.0
2026-08-12,S006,ORG1724,0,1,0,2,2,0,1,19.95
2026-08-12,S007,ORG1724,2,3,3,0,0,0,2,39.9
2026-08-12,S008,ORG1724,1,0,1,0,3,0,0,0.0
2026-08-12,S009,ORG1724,2,1,1,0,0,0,2,39.9
2026-08-12,S010,ORG1724,0,0,0,2,1,0,0,0.0
2026-08-12,S001,ORG1725,0,2,2,1,2,0,0,0.0
2026-08-12,S002,ORG1725,0,0,0,0,2,0,0,0.0
2026-08-12,S003,ORG1725,0,1,0,3,1,0,1,22.13
2026-08-12,S004,ORG1725,1,3,2,3,0,0,2,44.26
2026-08-12,S005,ORG1725,0,0,0,0,2,0,0,0.0
2026-08-12,S006,ORG1725,2,17,11,1,0,0,8,177.04
2026-08-12,S007,ORG1725,1,1,1,0,0,0,1,22.13
2026-08-12,S008,ORG1725,0,1,0,1,3,0,1,22.13
2026-08-12,S009,ORG1725,0,2,2,0,3,0,0,0.0
2026-08-12,S010,ORG1725,1,0,0,1,3,0,1,22.13
2026-08-12,S001,ORG1726,1,5,5,3,1,0,1,24.39
2026-08-12,S002,ORG1726,2,7,6,2,3,0,3,73.17
2026-08-12,S003,ORG1726,1,9,6,2,0,0,4,97.56
2026-08-12,S004,ORG1726,0,0,0,1,0,0,0,0.0
2026-08-12,S005,ORG1726,0,1,0,1,0,0,1,24.39
2026-08-12,S006,ORG1726,0,2,0,2,3,0,2,48.78
2026-08-12,S007,ORG1726,0,1,1,3,0,0,0,0.0
2026-08-12,S008,ORG1726,2,3,3,2,3,0,2,48.78
2026-08-12,S009,ORG1726,0,1,1,2,1,1,0,0.0
2026-08-12,S010,ORG1726,1,3,3,2,1,0,1,24.39
2026-08-12,S001,ORG1727,1,1,1,1,3,0,1,43.35
2026-08-12,S002,ORG1727,1,0,0,3,1,0,1,43.35
2026-08-12,S003,ORG1727,0,0,0,3,3,0,0,0.0
2026-08-12,S004,ORG1727,0,0,0,1,2,0,0,0.0
2026-08-12,S005,ORG1727,0,0,0,0,3,0,0,0.0
2026-08-12,S006,ORG1727,0,0,0,1,3,0,0,0.0
2026-08-12,S007,ORG1727,0,4,2,2,1,0,2,86.7
2026-08-12,S008,ORG1727,1,0,0,0,1,0,1,43.35
2026-08-12,S009,ORG1727,0,0,0,0,2,0,0,0.0
2026-08-12,S010,ORG1727,0,0,0,2,3,0,0,0.0
2026-08-12,S001,ORG1728,1,0,0,2,2,0,1,25.01
2026-08-12,S002,ORG1728,1,3,2,2,3,0,2,50.02
2026-08-12,S003,ORG1728,0,0,0,3,1,0,0,0.0
2026-08-12,S004,ORG1728,0,3,2,1,1,0,1,25.01
2026-08-12,S005,ORG1728,0,1,1,2,1,0,0,0.0
2026-08-12,S006,ORG1728,0,1,1,3,1,0,0,0.0
2026-08-12,S007,ORG1728,0,1,1,3,0,0,0,0.0
2026-08-12,S008,ORG1728,0,2,2,2,0,0,0,0.0
2026-08-12,S009,ORG1728,0,0,0,0,2,0,0,0.0
2026-08-12,S010,ORG1728,0,2,1,0,1,0,1,25.01
2026-08-12,S001,ORG1729,1,0,0,1,1,0,1,50.4
2026-08-12,S002,ORG1729,1,0,0,2,1,0,1,50.4
2026-08-12,S003,ORG1729,1,7,5,3,0,0,3,151.2
2026-08-12,S004,ORG1729,0,1,0,0,3,0,1,50.4
2026-08-12,S005,ORG1729,0,0,0,1,1,0,0,0.0
2026-08-12,S006,ORG1729,1,0,0,0,0,0,1,50.4
2026-08-12,S007,ORG1729,1,3,2,0,2,0,2,100.8
2026-08-12,S008,ORG1729,0,1,0,2,1,0,1,50.4
2026-08-12,S009,ORG1729,0,0,0,3,0,0,0,0.0
2026-08-12,S010,ORG1729,1,2,2,2,0,0,1,50.4
2026-08-12,S001,ORG1730,0,1,0,0,0,1,1,44.46
2026-08-12,S002,ORG1730,0,0,0,3,2,0,0,0.0
2026-08-12,S003,ORG1730,1,0,0,3,2,0,1,44.46
2026-08-12,S004,ORG1730,0,0,0,2,0,0,0,0.0
2026-08-12,S005,ORG1730,0,1,1,2,2,0,0,0.0
2026-08-12,S006,ORG1730,0,8,5,2,2,0,3,133.38
2026-08-12,S007,ORG1730,0,2,1,3,0,0,1,44.46
2026-08-12,S008,ORG1730,1,2,2,1,2,0,1,44.46
2026-08-12,S009,ORG1730,1,1,1,0,0,0,1,44.46
2026-08-12,S010,ORG1730,1,0,0,1,2,0,1,44.46
2026-08-12,S001,ORG1731,1,0,1,1,2,0,0,0.0
2026-08-12,S002,ORG1731,0,3,2,3,2,0,1,12.58
2026-08-12,S003,ORG1731,0,0,0,0,1,0,0,0.0
2026-08-12,S004,ORG1731,0,0,0,0,3,0,0,0.0
2026-08-12,S005,ORG1731,0,1,0,3,2,0,1,12.58
2026-08-12,S006,ORG1731,2,0,0,3,0,0,2,25.16
2026-08-12,S007,ORG1731,2,6,5,0,0,0,3,37.74
2026-08-12,S008,ORG1731,0,6,5,2,2,0,1,12.58
2026-08-12,S009,ORG1731,0,1,0,1,1,1,1,12.58
2026-08-12,S010,ORG1731,0,9,5,2,3,0,4,50.32
2026-08-12,S001,ORG1732,1,1,2,3,0,0,0,0.0
2026-08-12,S002,ORG1732,1,3,3,3,1,0,1,47.79
2026-08-12,S003,ORG1732,0,5,2,1,2,0,3,143.37
2026-08-12,S004,ORG1732,1,4,3,0,2,0,2,95.58
2026-08-12,S005,ORG1732,0,1,0,2,2,0,1,47.79
2026-08-12,S006,ORG1732,0,0,0,1,3,0,0,0.0
2026-08-12,S007,ORG1732,0,3,2,1,2,0,1,47.79
2026-08-12,S008,ORG1732,1,0,0,2,1,0,1,47.79
2026-08-12,S009,ORG1732,1,0,0,0,2,0,1,47.79
2026-08-12,S010,ORG1732,1,0,1,3,0,0,0,0.0
2026-08-12,S001,ORG1733,1,3,3,2,0,0,1,46.79
2026-08-12,S002,ORG1733,0,16,11,0,1,0,5,233.95
2026-08-12,S003,ORG1733,0,0,0,3,0,0,0,0.0
2026-08-12,S004,ORG1733,0,0,0,1,1,0,0,0.0
2026-08-12,S005,ORG1733,1,2,2,0,2,0,1,46.79
2026-08-12,S006,ORG1733,1,6,4,0,1,0,3,140.37
2026-08-12,S007,ORG1733,1,0,1,0,1,0,0,0.0
2026-08-12,S008,ORG1733,1,6,5,2,3,0,2,93.58
2026-08-12,S009,ORG1733,2,5,4,3,1,0,3,140.37
2026-08-12,S010,ORG1733,0,0,0,0,1,0,0,0.0
2026-08-12,S001,ORG1734,0,1,0,2,1,0,1,40.19
2026-08-12,S002,ORG1734,0,0,0,2,0,0,0,0.0
2026-08-12,S003,ORG1734,0,0,0,3,0,0,0,0.0
2026-08-12,S004,ORG1734,0,0,0,3,2,0,0,0.0
2026-08-12,S005,ORG1734,0,0,0,1,2,0,0,0.0
2026-08-12,S006,ORG1734,0,0,0,1,0,0,0,0.0
2026-08-12,S007,ORG1734,0,0,0,0,3,0,0,0.0
2026-08-12,S008,ORG1734,0,0,0,0,3,0,0,0.0
2026-08-12,S009,ORG1734,0,1,1,0,2,0,0,0.0
2026-08-12,S010,ORG1734,0,0,0,0,0,0,0,0.0
2026-08-12,S001,ORG1735,1,0,1,0,3,0,0,0.0
2026-08-12,S002,ORG1735,1,8,7,0,2,0,2,72.7
2026-08-12,S003,ORG1735,0,0,0,0,2,0,0,0.0
2026-08-12,S004,ORG1735,1,0,1,1,2,0,0,0.0
2026-08-12,S005,ORG1735,1,3,2,0,1,0,2,72.7
2026-08-12,S006,ORG1735,1,3,3,3,3,0,1,36.35
2026-08-12,S007,ORG1735,1,0,0,3,0,0,1,36.35
2026-08-12,S008,ORG1735,2,5,4,3,1,0,3,109.05
2026-08-12,S009,ORG1735,0,6,4,1,2,0,2,72.7
2026-08-12,S010,ORG1735,0,1,0,1,3,0,1,36.35
2026-08-12,S001,ORG1736,0,0,0,1,1,0,0,0.0
2026-08-12,S002,ORG1736,2,3,3,0,1,0,2,85.68
2026-08-12,S003,ORG1736,0,2,1,0,2,0,1,42.84
2026-08-12,S004,ORG1736,0,0,0,3,3,0,0,0.0
2026-08-12,S005,ORG1736,1,0,0,3,0,1,1,42.84
2026-08-12,S006,ORG1736,1,2,1,0,1,0,2,85.68
2026-08-12,S007,ORG1736,0,0,0,0,0,0,0,0.0
2026-08-12,S008,ORG1736,1,2,1,3,3,0,2,85.68
2026-08-12,S009,ORG1736,0,1,0,2,3,0,1,42.84
2026-08-12,S010,ORG1736,0,1,0,2,2,0,1,42.84
2026-08-12,S001,ORG1737,1,0,1,3,3,0,0,0.0
2026-08-12,S002,ORG1737,0,2,1,2,1,0,1,29.12
2026-08-12,S003,ORG1737,1,2,2,2,0,0,1,29.12
2026-08-12,S004,ORG1737,0,1,0,3,2,0,1,29.12
2026-08-12,S005,ORG1737,0,0,0,1,2,0,0,0.0
2026-08-12,S006,ORG1737,0,2,1,2,3,0,1,29.12
2026-08-12,S007,ORG1737,0,2,0,0,2,0,2,58.24
2026-08-12,S008,ORG1737,0,0,0,2,3,0,0,0.0
2026-08-12,S009,ORG1737,1,5,3,0,1,0,3,87.36
2026-08-12,S010,ORG1737,1,2,2,1,3,0,1,29.12
2026-08-12,S001,ORG1738,0,1,0,1,3,0,1,20.24
2026-08-12,S002,ORG1738,0,0,0,3,0,0,0,0.0
2026-08-12,S003,ORG1738,1,2,1,3,1,0,2,40.48
2026-08-12,S004,ORG1738,1,3,3,2,1,0,1,20.24
2026-08-12,S005,ORG1738,1,0,0,2,2,0,1,20.24
2026-08-12,S006,ORG1738,0,1,0,3,1,0,1,20.24
2026-08-12,S007,ORG1738,1,3,3,1,1,0,1,20.24
2026-08-12,S008,ORG1738,2,0,0,1,0,0,2,40.48
2026-08-12,S009,ORG1738,0,3,3,3,2,0,0,0.0
2026-08-12,S010,ORG1738,1,1,1,2,3,0,1,20.24
2026-08-12,S001,ORG1739,1,1,2,2,1,0,0,0.0
2026-08-12,S002,ORG1739,0,0,0,3,2,0,0,0.0
2026-08-12,S003,ORG1739,1,1,2,0,1,0,0,0.0
2026-08-12,S004,ORG1739,1,2,2,2,0,0,1,34.92
2026-08-12,S005,ORG1739,0,5,4,2,3,1,1,34.92
2026-08-12,S006,ORG1739,0,0,0,1,2,0,0,0.0
2026-08-12,S007,ORG1739,2,2,2,2,3,0,2,69.84
2026-08-12,S008,ORG1739,1,1,1,2,0,0,1,34.92
2026-08-12,S009,ORG1739,2,4,4,1,0,0,2,69.84
2026-08-12,S010,ORG1739,0,0,0,3,0,0,0,0.0
2026-08-12,S001,ORG1740,0,1,0,1,3,0,1,11.49
2026-08-12,S002,ORG1740,1,2,1,2,3,0,2,22.98
2026-08-12,S003,ORG1740,1,0,0,1,3,0,1,11.49
2026-08-12,S004,ORG1740,0,0,0,0,3,0,0,0.0
2026-08-12,S005,ORG1740,0,0,0,2,2,0,0,0.0
2026-08-12,S006,ORG1740,1,5,3,3,1,0,3,34.47
2026-08-12,S007,ORG1740,0,0,0,0,1,0,0,0.0
2026-08-12,S008,ORG1740,0,0,0,3,2,0,0,0.0
2026-08-12,S009,ORG1740,0,2,1,3,1,0,1,11.49
2026-08-12,S010,ORG1740,0,0,0,1,3,0,0,0.0
2026-08-12,S001,ORG1741,0,0,0,2,2,0,0,0.0
2026-08-12,S002,ORG1741,0,0,0,1,3,0,0,0.0
2026-08-12,S003,ORG1741,1,2,1,0,2,0,2,65.14
2026-08-12,S004,ORG1741,0,0,0,1,1,0,0,0.0
2026-08-12,S005,ORG1741,0,1,0,0,2,0,1,32.57
2026-08-12,S006,ORG1741,1,2,2,0,1,0,1,32.57
2026-08-12,S007,ORG1741,0,0,0,1,2,0,0,0.0
2026-08-12,S008,ORG1741,0,2,1,3,3,0,1,32.57
2026-08-12,S009,ORG1741,1,0,0,0,3,0,1,32.57
2026-08-12,S010,ORG1741,2,5,5,1,3,0,2,65.14
2026-08-12,S001,ORG1742,0,0,0,3,2,0,0,0.0
2026-08-12,S002,ORG1742,1,1,0,1,3,0,2,44.48
2026-08-12,S003,ORG1742,1,0,0,0,2,0,1,22.24
2026-08-12,S004,ORG1742,1,0,1,2,0,0,0,0.0
2026-08-12,S005,ORG1742,0,0,0,3,1,0,0,0.0
2026-08-12,S006,ORG1742,1,0,0,0,2,0,1,22.24
2026-08-12,S007,ORG1742,0,0,0,1,3,0,0,0.0
2026-08-12,S008,ORG1742,0,5,3,0,1,0,2,44.48
2026-08-12,S009,ORG1742,0,2,1,0,1,0,1,22.24
2026-08-12,S010,ORG1742,1,2,2,1,3,0,1,22.24
2026-08-12,S001,ORG1743,1,0,0,2,0,0,1,59.64
2026-08-12,S002,ORG1743,1,5,4,3,1,0,2,119.28
2026-08-12,S003,ORG1743,1,5,5,0,0,0,1,59.64
2026-08-12,S004,ORG1743,0,0,0,0,1,0,0,0.0
2026-08-12,S005,ORG1743,2,0,0,2,2,0,2,119.28
2026-08-12,S006,ORG1743,1,3,3,1,2,0,1,59.64
2026-08-12,S007,ORG1743,0,0,0,1,1,0,0,0.0
2026-08-12,S008,ORG1743,0,4,3,3,2,0,1,59.64
2026-08-12,S009,ORG1743,0,7,5,1,2,0,2,119.28
2026-08-12,S010,ORG1743,1,2,2,1,0,1,1,59.64
2026-08-12,S001,ORG1744,0,4,3,3,0,0,1,8.42
2026-08-12,S002,ORG1744,0,2,2,0,1,0,0,0.0
2026-08-12,S003,ORG1744,1,14,9,0,3,0,6,50.52
2026-08-12,S004,ORG1744,1,1,2,3,1,0,0,0.0
2026-08-12,S005,ORG1744,1,0,1,1,0,0,0,0.0
2026-08-12,S006,ORG1744,2,13,9,2,0,0,6,50.52
2026-08-12,S007,ORG1744,0,4,3,0,2,0,1,8.42
2026-08-12,S008,ORG1744,1,12,8,1,1,1,5,42.1
2026-08-12,S009,ORG1744,0,3,3,2,0,1,0,0.0
2026-08-12,S010,ORG1744,0,4,3,2,3,0,1,8.42
2026-08-12,S001,ORG1745,1,0,0,2,0,0,1,8.28
2026-08-12,S002,ORG1745,0,1,1,0,1,0,0,0.0
2026-08-12,S003,ORG1745,1,2,2,2,0,0,1,8.28
2026-08-12,S004,ORG1745,0,0,0,0,3,0,0,0.0
2026-08-12,S005,ORG1745,0,3,2,3,3,0,1,8.28
2026-08-12,S006,ORG1745,1,3,3,2,2,0,1,8.28
2026-08-12,S007,ORG1745,2,2,2,3,1,0,2,16.56
2026-08-12,S008,ORG1745,0,2,1,1,3,0,1,8.28
2026-08-12,S009,ORG1745,1,0,0,1,0,0,1,8.28
2026-08-12,S010,ORG1745,0,0,0,3,3,0,0,0.0
2026-08-12,S001,ORG1746,0,0,0,3,0,0,0,0.0
2026-08-12,S002,ORG1746,0,0,0,1,2,0,0,0.0
2026-08-12,S003,ORG1746,2,3,3,1,1,0,2,69.5
2026-08-12,S004,ORG1746,1,0,1,3,0,1,0,0.0
2026-08-12,S005,ORG1746,0,3,2,1,1,0,1,34.75
2026-08-12,S006,ORG1746,0,0,0,3,1,0,0,0.0
2026-08-12,S007,ORG1746,0,0,0,2,2,0,0,0.0
2026-08-12,S008,ORG1746,0,4,2,2,3,0,2,69.5
2026-08-12,S009,ORG1746,0,2,1,0,3,0,1,34.75
2026-08-12,S010,ORG1746,0,1,0,2,2,0,1,34.75
2026-08-12,S001,ORG1747,0,1,0,2,1,1,1,21.9
2026-08-12,S002,ORG1747,1,3,2,1,0,0,2,43.8
2026-08-12,S003,ORG1747,1,0,1,2,3,0,0,0.0
2026-08-12,S004,ORG1747,0,4,3,2,2,0,1,21.9
2026-08-12,S005,ORG1747,0,1,0,1,1,0,1,21.9
2026-08-12,S006,ORG1747,0,1,0,3,0,0,1,21.9
2026-08-12,S007,ORG1747,0,7,5,3,0,0,2,43.8
2026-08-12,S008,ORG1747,0,1,0,0,2,0,1,21.9
2026-08-12,S009,ORG1747,0,0,0,1,1,0,0,0.0
2026-08-12,S010,ORG1747,1,2,2,2,1,0,1,21.9
2026-08-12,S001,ORG1748,0,5,3,0,3,0,2,18.2
2026-08-12,S002,ORG1748,0,2,0,2,2,0,2,18.2
2026-08-12,S003,ORG1748,0,2,1,0,3,0,1,9.1
2026-08-12,S004,ORG1748,1,2,2,0,3,0,1,9.1
2026-08-12,S005,ORG1748,1,2,1,1,2,0,2,18.2
2026-08-12,S006,ORG1748,1,8,6,0,3,0,3,27.3
2026-08-12,S007,ORG1748,1,10,7,0,1,0,4,36.4
2026-08-12,S008,ORG1748,1,3,3,2,3,0,1,9.1
2026-08-12,S009,ORG1748,1,0,1,0,0,0,0,0.0
2026-08-12,S010,ORG1748,0,0,0,1,3,0,0,0.0
2026-08-12,S001,ORG1749,0,0,0,2,1,0,0,0.0
2026-08-12,S002,ORG1749,0,1,0,2,1,0,1,15.07
2026-08-12,S003,ORG1749,0,1,1,0,2,0,0,0.0
2026-08-12,S004,ORG1749,0,0,0,3,1,0,0,0.0
2026-08-12,S005,ORG1749,0,4,3,0,0,0,1,15.07
2026-08-12,S006,ORG1749,2,0,0,3,1,0,2,30.14
2026-08-12,S007,ORG1749,0,3,3,3,3,0,0,0.0
2026-08-12,S008,ORG1749,2,1,1,2,0,0,2,30.14
2026-08-12,S009,ORG1749,1,1,1,3,0,0,1,15.07
2026-08-12,S010,ORG1749,2,5,5,2,0,0,2,30.14
2026-08-12,S001,ORG1750,1,0,0,3,1,0,1,40.42
2026-08-12,S002,ORG1750,0,6,4,0,1,0,2,80.84
2026-08-12,S003,ORG1750,0,8,5,1,2,0,3,121.26
2026-08-12,S004,ORG1750,0,0,0,0,3,0,0,0.0
2026-08-12,S005,ORG1750,1,0,0,0,1,0,1,40.42
2026-08-12,S006,ORG1750,0,5,3,2,3,0,2,80.84
2026-08-12,S007,ORG1750,1,1,2,3,2,0,0,0.0
2026-08-12,S008,ORG1750,1,1,1,2,2,0,1,40.42
2026-08-12,S009,ORG1750,0,1,0,1,1,0,1,40.42
2026-08-12,S010,ORG1750,0,1,1,3,2,0,0,0.0
2026-08-12,S001,ORG1751,1,0,0,0,3,0,1,17.12
2026-08-12,S002,ORG1751,0,0,0,3,2,0,0,0.0
2026-08-12,S003,ORG1751,0,1,0,2,3,0,1,17.12
2026-08-12,S004,ORG1751,0,0,0,2,0,0,0,0.0
2026-08-12,S005,ORG1751,1,0,1,2,3,0,0,0.0
2026-08-12,S006,ORG1751,0,1,0,3,0,0,1,17.12
2026-08-12,S007,ORG1751,0,0,0,0,1,0,0,0.0
2026-08-12,S008,ORG1751,1,4,3,1,2,0,2,34.24
2026-08-12,S009,ORG1751,1,10,7,1,0,0,4,68.48
2026-08-12,S010,ORG1751,1,7,7,2,1,0,1,17.12
2026-08-12,S001,ORG1752,0,0,0,0,1,0,0,0.0
2026-08-12,S002,ORG1752,0,2,1,0,3,0,1,33.58
2026-08-12,S003,ORG1752,0,1,1,2,2,0,0,0.0
2026-08-12,S004,ORG1752,1,1,1,2,3,0,1,33.58
2026-08-12,S005,ORG1752,1,1,2,2,1,0,0,0.0
2026-08-12,S006,ORG1752,0,5,3,2,0,0,2,67.16
2026-08-12,S007,ORG1752,1,3,2,1,2,0,2,67.16
2026-08-12,S008,ORG1752,0,0,0,2,3,0,0,0.0
2026-08-12,S009,ORG1752,1,6,4,1,1,0,3,100.74
2026-08-12,S010,ORG1752,1,0,0,0,2,0,1,33.58
2026-08-12,S001,ORG1753,0,0,0,3,3,0,0,0.0
2026-08-12,S002,ORG1753,0,2,1,3,2,0,1,22.0
2026-08-12,S003,ORG1753,0,1,0,1,1,0,1,22.0
2026-08-12,S004,ORG1753,0,0,0,1,3,0,0,0.0
2026-08-12,S005,ORG1753,0,1,0,1,3,0,1,22.0
2026-08-12,S006,ORG1753,1,0,1,3,3,0,0,0.0
2026-08-12,S007,ORG1753,0,2,2,3,3,0,0,0.0
2026-08-12,S008,ORG1753,0,1,1,2,2,0,0,0.0
2026-08-12,S009,ORG1753,0,3,2,0,2,0,1,22.0
2026-08-12,S010,ORG1753,0,0,0,0,0,0,0,0.0
2026-08-12,S001,ORG1754,0,6,4,2,2,0,2,54.78
2026-08-12,S002,ORG1754,0,0,0,1,1,0,0,0.0
2026-08-12,S003,ORG1754,0,1,0,1,1,0,1,27.39
2026-08-12,S004,ORG1754,0,1,1,1,2,0,0,0.0
2026-08-12,S005,ORG1754,0,0,0,2,3,0,0,0.0
2026-08-12,S006,ORG1754,0,3,3,1,1,0,0,0.0
2026-08-12,S007,ORG1754,1,3,3,3,0,0,1,27.39
2026-08-12,S008,ORG1754,0,2,1,1,0,0,1,27.39
2026-08-12,S009,ORG1754,1,1,1,3,2,0,1,27.39
2026-08-12,S010,ORG1754,0,2,2,0,2,0,0,0.0
2026-08-12,S001,ORG1755,0,0,0,3,0,0,0,0.0
2026-08-12,S002,ORG1755,1,2,2,3,2,0,1,41.62
2026-08-12,S003,ORG1755,1,1,1,1,3,0,1,41.62
2026-08-12,S004,ORG1755,0,9,6,0,1,0,3,124.86
2026-08-12,S005,ORG1755,1,7,5,1,1,0,3,124.86
2026-08-12,S006,ORG1755,0,0,0,0,0,0,0,0.0
2026-08-12,S007,ORG1755,0,1,0,2,3,0,1,41.62
2026-08-12,S008,ORG1755,0,10,5,1,0,0,5,208.1
2026-08-12,S009,ORG1755,0,0,0,1,0,0,0,0.0
2026-08-12,S010,ORG1755,0,0,0,2,3,0,0,0.0
2026-08-12,S001,ORG1756,1,2,2,1,2,0,1,18.2
2026-08-12,S002,ORG1756,0,4,3,2,1,0,1,18.2
2026-08-12,S003,ORG1756,1,0,1,0,1,0,0,0.0
2026-08-12,S004,ORG1756,1,1,2,3,1,1,0,0.0
2026-08-12,S005,ORG1756,0,0,0,2,1,0,0,0.0
2026-08-12,S006,ORG1756,0,2,1,1,2,0,1,18.2
2026-08-12,S007,ORG1756,0,1,1,0,2,0,0,0.0
2026-08-12,S008,ORG1756,1,1,1,0,0,0,1,18.2
2026-08-12,S009,ORG1756,0,4,3,3,2,0,1,18.2
2026-08-12,S010,ORG1756,1,0,1,2,3,0,0,0.0
2026-08-12,S001,ORG1757,0,0,0,0,0,0,0,0.0
2026-08-12,S002,ORG1757,0,4,3,2,1,0,1,13.74
2026-08-12,S003,ORG1757,0,0,0,0,0,0,0,0.0
2026-08-12,S004,ORG1757,0,2,1,1,2,0,1,13.74
2026-08-12,S005,ORG1757,1,0,1,2,1,0,0,0.0
2026-08-12,S006,ORG1757,0,11,8,3,2,0,3,41.22
2026-08-12,S007,ORG1757,1,0,1,3,2,0,0,0.0
2026-08-12,S008,ORG1757,1,2,3,0,1,0,0,0.0
2026-08-12,S009,ORG1757,0,1,1,0,2,1,0,0.0
2026-08-12,S010,ORG1757,2,5,4,2,2,0,3,41.22
2026-08-12,S001,ORG1758,0,0,0,3,2,0,0,0.0
2026-08-12,S002,ORG1758,2,7,6,3,1,0,3,98.88
2026-08-12,S003,ORG1758,0,0,0,2,0,0,0,0.0
2026-08-12,S004,ORG1758,2,10,9,0,3,0,3,98.88
2026-08-12,S005,ORG1758,0,1,1,0,2,1,0,0.0
2026-08-12,S006,ORG1758,2,7,6,3,0,0,3,98.88
2026-08-12,S007,ORG1758,0,0,0,0,2,1,0,0.0
2026-08-12,S008,ORG1758,1,0,0,1,2,0,1,32.96
2026-08-12,S009,ORG1758,1,5,4,2,0,0,2,65.92
2026-08-12,S010,ORG1758,1,4,4,1,3,0,1,32.96
2026-08-12,S001,ORG1759,0,4,3,0,2,0,1,31.08
2026-08-12,S002,ORG1759,1,3,3,0,2,0,1,31.08
2026-08-12,S003,ORG1759,1,1,2,0,3,0,0,0.0
2026-08-12,S004,ORG1759,0,1,1,2,1,0,0,0.0
2026-08-12,S005,ORG1759,1,1,0,2,2,0,2,62.16
2026-08-12,S006,ORG1759,2,6,4,0,2,0,4,124.32
2026-08-12,S007,ORG1759,0,1,1,0,0,0,0,0.0
2026-08-12,S008,ORG1759,1,4,4,2,1,0,1,31.08
2026-08-12,S009,ORG1759,1,2,2,1,1,0,1,31.08
2026-08-12,S010,ORG1759,0,3,2,3,0,0,1,31.08
2026-08-12,S001,ORG1760,1,2,2,3,3,0,1,18.58
2026-08-12,S002,ORG1760,1,3,3,2,2,0,1,18.58
2026-08-12,S003,ORG1760,0,0,0,0,3,0,0,0.0
2026-08-12,S004,ORG1760,0,1,0,0,1,0,1,18.58
2026-08-12,S005,ORG1760,1,1,1,0,2,0,1,18.58
2026-08-12,S006,ORG1760,0,0,0,1,3,0,0,0.0
2026-08-12,S007,ORG1760,0,4,2,1,3,0,2,37.16
2026-08-12,S008,ORG1760,1,0,0,0,0,0,1,18.58
2026-08-12,S009,ORG1760,0,1,0,2,0,0,1,18.58
2026-08-12,S010,ORG1760,0,1,0,3,3,0,1,18.58
2026-08-12,S001,ORG1761,1,0,1,0,3,0,0,0.0
2026-08-12,S002,ORG1761,2,5,5,1,3,0,2,38.32
2026-08-12,S003,ORG1761,1,0,1,0,2,0,0,0.0
2026-08-12,S004,ORG1761,0,0,0,2,0,0,0,0.0
2026-08-12,S005,ORG1761,0,3,3,0,1,0,0,0.0
2026-08-12,S006,ORG1761,0,5,4,1,1,0,1,19.16
2026-08-12,S007,ORG1761,0,3,2,3,2,0,1,19.16
2026-08-12,S008,ORG1761,0,9,6,1,2,0,3,57.48
2026-08-12,S009,ORG1761,0,0,0,0,0,0,0,0.0
2026-08-12,S010,ORG1761,0,0,0,2,0,0,0,0.0
2026-08-12,S001,ORG1762,0,2,1,3,1,0,1,28.93
2026-08-12,S002,ORG1762,0,1,0,3,1,0,1,28.93
2026-08-12,S003,ORG1762,0,0,0,3,0,0,0,0.0
2026-08-12,S004,ORG1762,0,1,1,2,0,0,0,0.0
2026-08-12,S005,ORG1762,0,0,0,1,3,0,0,0.0
2026-08-12,S006,ORG1762,1,1,1,1,2,0,1,28.93
2026-08-12,S007,ORG1762,0,6,4,3,1,0,2,57.86
2026-08-12,S008,ORG1762,1,3,2,3,3,0,2,57.86
2026-08-12,S009,ORG1762,2,4,4,2,3,0,2,57.86
2026-08-12,S010,ORG1762,0,1,1,1,3,0,0,0.0
2026-08-12,S001,ORG1763,1,2,2,0,0,0,1,38.47
2026-08-12,S002,ORG1763,0,0,0,0,3,0,0,0.0
2026-08-12,S003,ORG1763,0,3,2,0,0,0,1,38.47
2026-08-12,S004,ORG1763,0,2,2,0,0,0,0,0.0
2026-08-12,S005,ORG1763,2,5,4,3,1,0,3,115.41
2026-08-12,S006,ORG1763,2,2,2,0,1,0,2,76.94
2026-08-12,S007,ORG1763,1,2,2,0,0,0,1,38.47
2026-08-12,S008,ORG1763,1,2,2,0,0,0,1,38.47
2026-08-12,S009,ORG1763,0,0,0,2,3,0,0,0.0
2026-08-12,S010,ORG1763,0,5,4,1,2,0,1,38.47
2026-08-12,S001,ORG1764,0,0,0,1,3,0,0,0.0
2026-08-12,S002,ORG1764,0,0,0,3,3,0,0,0.0
2026-08-12,S003,ORG1764,0,0,0,0,1,0,0,0.0
2026-08-12,S004,ORG1764,0,2,1,3,3,1,1,28.62
2026-08-12,S005,ORG1764,1,4,3,2,3,0,2,57.24
2026-08-12,S006,ORG1764,0,3,2,3,1,0,1,28.62
2026-08-12,S007,ORG1764,0,0,0,3,3,0,0,0.0
2026-08-12,S008,ORG1764,0,0,0,0,1,0,0,0.0
2026-08-12,S009,ORG1764,1,0,1,0,1,0,0,0.0
2026-08-12,S010,ORG1764,0,4,2,0,1,0,2,57.24
2026-08-12,S001,ORG1765,0,0,0,2,0,0,0,0.0
2026-08-12,S002,ORG1765,0,5,3,1,3,0,2,58.82
2026-08-12,S003,ORG1765,0,4,2,2,2,0,2,58.82
2026-08-12,S004,ORG1765,1,0,1,3,1,0,0,0.0
2026-08-12,S005,ORG1765,0,0,0,0,0,0,0,0.0
2026-08-12,S006,ORG1765,1,0,0,2,2,0,1,29.41
2026-08-12,S007,ORG1765,1,7,5,2,2,0,3,88.23
2026-08-12,S008,ORG1765,0,2,1,2,1,0,1,29.41
2026-08-12,S009,ORG1765,0,0,0,1,2,0,0,0.0
2026-08-12,S010,ORG1765,0,0,0,1,0,0,0,0.0
2026-08-12,S001,ORG1766,0,2,2,3,0,0,0,0.0
2026-08-12,S002,ORG1766,0,14,9,2,2,0,5,100.5
2026-08-12,S003,ORG1766,0,3,1,0,1,0,2,40.2
2026-08-12,S004,ORG1766,0,0,0,0,1,0,0,0.0
2026-08-12,S005,ORG1766,0,1,1,0,3,0,0,0.0
2026-08-12,S006,ORG1766,1,3,3,1,1,0,1,20.1
2026-08-12,S007,ORG1766,0,5,3,1,2,0,2,40.2
2026-08-12,S008,ORG1766,0,10,7,2,3,1,3,60.3
2026-08-12,S009,ORG1766,0,0,0,2,1,0,0,0.0
2026-08-12,S010,ORG1766,0,3,2,1,2,0,1,20.1
2026-08-12,S001,ORG1767,0,1,0,1,3,0,1,23.57
2026-08-12,S002,ORG1767,0,2,1,3,1,0,1,23.57
2026-08-12,S003,ORG1767,1,1,2,0,0,0,0,0.0
2026-08-12,S004,ORG1767,1,3,3,0,2,0,1,23.57
2026-08-12,S005,ORG1767,0,0,0,3,2,0,0,0.0
2026-08-12,S006,ORG1767,0,3,2,2,3,0,1,23.57
2026-08-12,S007,ORG1767,0,1,1,2,3,0,0,0.0
2026-08-12,S008,ORG1767,0,0,0,1,3,0,0,0.0
2026-08-12,S009,ORG1767,0,2,2,1,0,0,0,0.0
2026-08-12,S010,ORG1767,0,1,0,3,1,0,1,23.57
2026-08-12,S001,ORG1768,0,0,0,3,0,0,0,0.0
2026-08-12,S002,ORG1768,1,2,2,2,0,0,1,6.3
2026-08-12,S003,ORG1768,0,0,0,0,0,0,0,0.0
2026-08-12,S004,ORG1768,0,0,0,1,2,0,0,0.0
2026-08-12,S005,ORG1768,0,0,0,2,3,0,0,0.0
2026-08-12,S006,ORG1768,0,3,2,1,2,0,1,6.3
2026-08-12,S007,ORG1768,0,3,2,1,1,0,1,6.3
2026-08-12,S008,ORG1768,1,0,1,3,2,0,0,0.0
2026-08-12,S009,ORG1768,0,0,0,3,1,0,0,0.0
2026-08-12,S010,ORG1768,1,0,0,0,0,0,1,6.3
2026-08-12,S001,ORG1769,0,4,3,3,2,0,1,44.26
2026-08-12,S002,ORG1769,0,2,2,3,1,0,0,0.0
2026-08-12,S003,ORG1769,1,0,1,2,0,0,0,0.0
2026-08-12,S004,ORG1769,0,1,0,1,3,0,1,44.26
2026-08-12,S005,ORG1769,1,0,1,1,0,0,0,0.0
2026-08-12,S006,ORG1769,0,2,1,2,0,0,1,44.26
2026-08-12,S007,ORG1769,0,1,1,3,2,0,0,0.0
2026-08-12,S008,ORG1769,2,0,0,1,0,0,2,88.52
2026-08-12,S009,ORG1769,0,1,0,0,2,0,1,44.26
2026-08-12,S010,ORG1769,1,0,0,0,0,1,1,44.26
2026-08-12,S001,ORG1770,0,0,0,0,2,0,0,0.0
2026-08-12,S002,ORG1770,3,11,9,0,0,0,5,100.25
2026-08-12,S003,ORG1770,1,0,1,3,3,0,0,0.0
2026-08-12,S004,ORG1770,0,0,0,1,0,0,0,0.0
2026-08-12,S005,ORG1770,1,1,1,2,1,0,1,20.05
2026-08-12,S006,ORG1770,1,4,3,3,3,0,2,40.1
2026-08-12,S007,ORG1770,0,1,0,0,3,0,1,20.05
2026-08-12,S008,ORG1770,0,0,0,0,0,0,0,0.0
2026-08-12,S009,ORG1770,0,0,0,1,0,0,0,0.0
2026-08-12,S010,ORG1770,0,4,3,3,2,0,1,20.05
2026-08-12,S001,LGT1771,0,1,1,3,1,0,0,0.0
2026-08-12,S002,LGT1771,2,0,0,1,2,0,2,52.44
2026-08-12,S003,LGT1771,1,1,2,0,2,0,0,0.0
2026-08-12,S004,LGT1771,1,0,0,0,0,0,1,26.22
2026-08-12,S005,LGT1771,1,5,4,0,1,0,2,52.44
2026-08-12,S006,LGT1771,1,1,0,2,0,0,2,52.44
2026-08-12,S007,LGT1771,0,0,0,1,3,0,0,0.0
2026-08-12,S008,LGT1771,1,2,2,0,1,0,1,26.22
2026-08-12,S009,LGT1771,0,4,2,0,2,0,2,52.44
2026-08-12,S010,LGT1771,0,0,0,3,3,0,0,0.0
2026-08-12,S001,LGT1772,0,3,2,3,3,0,1,71.23
2026-08-12,S002,LGT1772,0,8,7,2,1,0,1,71.23
2026-08-12,S003,LGT1772,2,4,4,1,3,0,2,142.46
2026-08-12,S004,LGT1772,1,3,4,1,1,0,0,0.0
2026-08-12,S005,LGT1772,1,2,2,0,0,0,1,71.23
2026-08-12,S006,LGT1772,2,3,3,0,0,0,2,142.46
2026-08-12,S007,LGT1772,2,8,6,3,0,0,4,284.92
2026-08-12,S008,LGT1772,1,1,2,1,0,0,0,0.0
2026-08-12,S009,LGT1772,1,0,0,1,0,1,1,71.23
2026-08-12,S010,LGT1772,1,5,4,2,2,0,2,142.46
2026-08-12,S001,LGT1773,0,2,1,2,3,0,1,114.47
2026-08-12,S002,LGT1773,0,3,2,3,0,0,1,114.47
2026-08-12,S003,LGT1773,1,0,0,1,0,0,1,114.47
2026-08-12,S004,LGT1773,0,5,5,0,1,0,0,0.0
2026-08-12,S005,LGT1773,1,7,5,1,0,0,3,343.41
2026-08-12,S006,LGT1773,2,14,12,2,0,0,4,457.88
2026-08-12,S007,LGT1773,0,7,6,1,3,0,1,114.47
2026-08-12,S008,LGT1773,1,1,2,0,3,0,0,0.0
2026-08-12,S009,LGT1773,0,2,2,3,1,0,0,0.0
2026-08-12,S010,LGT1773,1,10,8,1,1,0,3,343.41
2026-08-12,S001,LGT1774,1,0,0,2,3,0,1,96.12
2026-08-12,S002,LGT1774,0,1,0,3,0,0,1,96.12
2026-08-12,S003,LGT1774,0,3,3,3,2,0,0,0.0
2026-08-12,S004,LGT1774,0,0,0,0,2,0,0,0.0
2026-08-12,S005,LGT1774,0,0,0,3,0,0,0,0.0
2026-08-12,S006,LGT1774,0,0,0,3,2,0,0,0.0
2026-08-12,S007,LGT1774,1,1,1,0,1,0,1,96.12
2026-08-12,S008,LGT1774,0,4,3,3,3,0,1,96.12
2026-08-12,S009,LGT1774,0,2,1,0,1,0,1,96.12
2026-08-12,S010,LGT1774,0,0,0,2,3,0,0,0.0
2026-08-12,S001,LGT1775,0,7,5,2,0,0,2,220.04
2026-08-12,S002,LGT1775,0,2,1,0,3,0,1,110.02
2026-08-12,S003,LGT1775,1,3,3,1,2,0,1,110.02
2026-08-12,S004,LGT1775,0,6,4,1,3,0,2,220.04
2026-08-12,S005,LGT1775,0,6,5,0,0,0,1,110.02
2026-08-12,S006,LGT1775,1,0,1,0,0,0,0,0.0
2026-08-12,S007,LGT1775,2,9,8,2,0,0,3,330.06
2026-08-12,S008,LGT1775,0,10,9,2,0,0,1,110.02
2026-08-12,S009,LGT1775,0,6,5,3,0,0,1,110.02
2026-08-12,S010,LGT1775,0,0,0,2,3,0,0,0.0
2026-08-12,S001,LGT1776,1,1,1,3,0,0,1,41.56
2026-08-12,S002,LGT1776,1,1,2,0,3,0,0,0.0
2026-08-12,S003,LGT1776,1,2,3,0,2,0,0,0.0
2026-08-12,S004,LGT1776,1,1,0,3,1,0,2,83.12
2026-08-12,S005,LGT1776,0,10,7,1,3,0,3,124.68
2026-08-12,S006,LGT1776,1,6,5,1,1,0,2,83.12
2026-08-12,S007,LGT1776,2,7,6,3,1,0,3,124.68
2026-08-12,S008,LGT1776,0,7,6,3,3,0,1,41.56
2026-08-12,S009,LGT1776,1,9,9,3,1,0,1,41.56
2026-08-12,S010,LGT1776,1,0,1,1,1,0,0,0.0
2026-08-12,S001,LGT1777,0,2,2,1,2,0,0,0.0
2026-08-12,S002,LGT1777,1,2,3,1,3,0,0,0.0
2026-08-12,S003,LGT1777,0,0,0,2,3,0,0,0.0
2026-08-12,S004,LGT1777,0,3,2,2,3,0,1,100.68
2026-08-12,S005,LGT1777,1,1,1,1,0,0,1,100.68
2026-08-12,S006,LGT1777,0,10,8,2,2,0,2,201.36
2026-08-12,S007,LGT1777,0,4,2,1,1,0,2,201.36
2026-08-12,S008,LGT1777,0,4,3,3,2,0,1,100.68
2026-08-12,S009,LGT1777,2,2,2,0,2,0,2,201.36
2026-08-12,S010,LGT1777,0,3,2,3,2,0,1,100.68
2026-08-12,S001,LGT1778,1,1,1,2,1,0,1,112.61
2026-08-12,S002,LGT1778,2,3,3,1,0,0,2,225.22
2026-08-12,S003,LGT1778,0,6,4,2,2,0,2,225.22
2026-08-12,S004,LGT1778,0,5,5,1,2,0,0,0.0
2026-08-12,S005,LGT1778,1,6,6,3,1,0,1,112.61
2026-08-12,S006,LGT1778,1,0,1,1,0,0,0,0.0
2026-08-12,S007,LGT1778,1,0,1,2,2,0,0,0.0
2026-08-12,S008,LGT1778,1,3,3,2,0,0,1,112.61
2026-08-12,S009,LGT1778,0,6,5,3,0,0,1,112.61
2026-08-12,S010,LGT1778,0,3,3,2,2,0,0,0.0
2026-08-12,S001,LGT1779,0,3,2,2,2,0,1,91.28
2026-08-12,S002,LGT1779,0,9,7,3,2,0,2,182.56
2026-08-12,S003,LGT1779,0,12,9,2,1,0,3,273.84
2026-08-12,S004,LGT1779,0,1,1,0,2,0,0,0.0
2026-08-12,S005,LGT1779,1,7,7,3,0,0,1,91.28
2026-08-12,S006,LGT1779,0,0,0,0,1,0,0,0.0
2026-08-12,S007,LGT1779,1,3,3,2,0,0,1,91.28
2026-08-12,S008,LGT1779,1,4,4,0,0,0,1,91.28
2026-08-12,S009,LGT1779,1,1,2,0,2,0,0,0.0
2026-08-12,S010,LGT1779,0,4,3,2,1,0,1,91.28
2026-08-12,S001,LGT1780,2,8,7,1,1,0,3,167.64
2026-08-12,S002,LGT1780,1,9,8,1,0,0,2,111.76
2026-08-12,S003,LGT1780,1,0,0,2,0,0,1,55.88
2026-08-12,S004,LGT1780,0,2,1,2,0,0,1,55.88
2026-08-12,S005,LGT1780,0,4,3,1,3,0,1,55.88
2026-08-12,S006,LGT1780,0,0,0,1,2,0,0,0.0
2026-08-12,S007,LGT1780,0,1,1,0,0,0,0,0.0
2026-08-12,S008,LGT1780,1,7,7,0,3,0,1,55.88
2026-08-12,S009,LGT1780,0,7,5,0,0,0,2,111.76
2026-08-12,S010,LGT1780,2,6,6,1,2,0,2,111.76
2026-08-12,S001,LGT1781,1,0,1,0,0,1,0,0.0
2026-08-12,S002,LGT1781,0,0,0,1,3,0,0,0.0
2026-08-12,S003,LGT1781,0,2,1,3,2,0,1,54.21
2026-08-12,S004,LGT1781,1,1,2,1,1,0,0,0.0
2026-08-12,S005,LGT1781,0,0,0,1,2,0,0,0.0
2026-08-12,S006,LGT1781,1,5,4,0,2,0,2,108.42
2026-08-12,S007,LGT1781,0,2,1,3,0,0,1,54.21
2026-08-12,S008,LGT1781,1,0,1,0,1,0,0,0.0
2026-08-12,S009,LGT1781,1,0,0,3,2,0,1,54.21
2026-08-12,S010,LGT1781,1,0,1,2,1,0,0,0.0
2026-08-12,S001,LGT1782,1,1,1,1,2,0,1,58.28
2026-08-12,S002,LGT1782,0,1,0,1,2,0,1,58.28
2026-08-12,S003,LGT1782,0,2,1,1,0,0,1,58.28
2026-08-12,S004,LGT1782,0,1,0,2,1,0,1,58.28
2026-08-12,S005,LGT1782,1,1,1,3,1,0,1,58.28
2026-08-12,S006,LGT1782,3,9,8,0,2,0,4,233.12
2026-08-12,S007,LGT1782,1,2,2,1,3,0,1,58.28
2026-08-12,S008,LGT1782,0,1,0,1,2,0,1,58.28
2026-08-12,S009,LGT1782,0,1,1,0,1,0,0,0.0
2026-08-12,S010,LGT1782,0,1,1,0,1,0,0,0.0
2026-08-12,S001,LGT1783,0,0,0,0,0,0,0,0.0
2026-08-12,S002,LGT1783,1,6,6,0,3,0,1,36.72
2026-08-12,S003,LGT1783,1,3,3,2,2,0,1,36.72
2026-08-12,S004,LGT1783,0,0,0,2,1,0,0,0.0
2026-08-12,S005,LGT1783,0,0,0,0,3,0,0,0.0
2026-08-12,S006,LGT1783,1,0,1,0,0,0,0,0.0
2026-08-12,S007,LGT1783,2,6,5,2,0,0,3,110.16
2026-08-12,S008,LGT1783,0,3,2,2,3,0,1,36.72
2026-08-12,S009,LGT1783,1,1,2,3,1,0,0,0.0
2026-08-12,S010,LGT1783,0,2,1,1,2,0,1,36.72
2026-08-12,S001,LGT1784,1,3,3,3,3,0,1,35.56
2026-08-12,S002,LGT1784,2,4,4,0,2,0,2,71.12
2026-08-12,S003,LGT1784,1,2,3,3,2,0,0,0.0
2026-08-12,S004,LGT1784,0,2,2,3,0,0,0,0.0
2026-08-12,S005,LGT1784,2,4,4,3,3,0,2,71.12
2026-08-12,S006,LGT1784,2,5,5,1,1,0,2,71.12
2026-08-12,S007,LGT1784,1,3,3,0,0,0,1,35.56
2026-08-12,S008,LGT1784,0,1,1,3,1,0,0,0.0
2026-08-12,S009,LGT1784,0,9,8,2,1,0,1,35.56
2026-08-12,S010,LGT1784,1,4,4,1,1,0,1,35.56
2026-08-12,S001,LGT1785,0,0,0,2,2,0,0,0.0
2026-08-12,S002,LGT1785,0,1,0,3,2,0,1,44.46
2026-08-12,S003,LGT1785,1,4,5,3,0,0,0,0.0
2026-08-12,S004,LGT1785,0,2,1,1,3,0,1,44.46
2026-08-12,S005,LGT1785,2,6,5,3,1,0,3,133.38
2026-08-12,S006,LGT1785,1,3,3,3,3,0,1,44.46
2026-08-12,S007,LGT1785,0,4,3,0,0,0,1,44.46
2026-08-12,S008,LGT1785,0,1,1,1,1,0,0,0.0
2026-08-12,S009,LGT1785,2,7,7,3,3,0,2,88.92
2026-08-12,S010,LGT1785,1,0,1,3,3,0,0,0.0
2026-08-12,S001,LGT1786,0,2,2,1,2,0,0,0.0
2026-08-12,S002,LGT1786,0,1,0,2,0,0,1,49.21
2026-08-12,S003,LGT1786,0,0,0,0,1,0,0,0.0
2026-08-12,S004,LGT1786,0,0,0,2,3,0,0,0.0
2026-08-12,S005,LGT1786,0,4,3,2,3,0,1,49.21
2026-08-12,S006,LGT1786,1,9,8,3,3,0,2,98.42
2026-08-12,S007,LGT1786,0,0,0,2,1,0,0,0.0
2026-08-12,S008,LGT1786,0,4,3,3,0,0,1,49.21
2026-08-12,S009,LGT1786,0,3,2,3,0,1,1,49.21
2026-08-12,S010,LGT1786,0,1,1,3,2,0,0,0.0
2026-08-12,S001,LGT1787,0,0,0,1,0,0,0,0.0
2026-08-12,S002,LGT1787,0,5,4,0,0,0,1,37.42
2026-08-12,S003,LGT1787,0,2,2,0,2,0,0,0.0
2026-08-12,S004,LGT1787,1,0,0,2,0,0,1,37.42
2026-08-12,S005,LGT1787,1,4,4,2,1,0,1,37.42
2026-08-12,S006,LGT1787,1,1,2,0,0,0,0,0.0
2026-08-12,S007,LGT1787,1,6,6,0,2,0,1,37.42
2026-08-12,S008,LGT1787,0,0,0,1,0,0,0,0.0
2026-08-12,S009,LGT1787,0,0,0,2,2,0,0,0.0
2026-08-12,S010,LGT1787,0,0,0,0,3,0,0,0.0
2026-08-12,S001,LGT1788,1,1,2,2,1,0,0,0.0
2026-08-12,S002,LGT1788,0,1,0,0,2,0,1,96.14
2026-08-12,S003,LGT1788,1,1,1,2,1,0,1,96.14
2026-08-12,S004,LGT1788,0,8,6,2,0,0,2,192.28
2026-08-12,S005,LGT1788,0,2,1,2,2,0,1,96.14
2026-08-12,S006,LGT1788,0,5,4,0,2,0,1,96.14
2026-08-12,S007,LGT1788,1,3,3,1,3,0,1,96.14
2026-08-12,S008,LGT1788,0,5,4,2,0,0,1,96.14
2026-08-12,S009,LGT1788,1,3,3,3,0,0,1,96.14
2026-08-12,S010,LGT1788,1,7,6,2,3,0,2,192.28
2026-08-12,S001,LGT1789,0,1,0,1,1,0,1,82.38
2026-08-12,S002,LGT1789,1,0,0,3,0,0,1,82.38
2026-08-12,S003,LGT1789,0,3,3,0,0,0,0,0.0
2026-08-12,S004,LGT1789,0,1,1,3,3,0,0,0.0
2026-08-12,S005,LGT1789,1,0,0,1,0,0,1,82.38
2026-08-12,S006,LGT1789,0,5,4,3,1,0,1,82.38
2026-08-12,S007,LGT1789,1,3,4,1,1,0,0,0.0
2026-08-12,S008,LGT1789,1,8,8,0,3,0,1,82.38
2026-08-12,S009,LGT1789,1,2,2,1,1,0,1,82.38
2026-08-12,S010,LGT1789,1,2,2,1,0,0,1,82.38
2026-08-12,S001,LGT1790,1,5,4,0,2,0,2,40.2
2026-08-12,S002,LGT1790,0,0,0,3,2,0,0,0.0
2026-08-12,S003,LGT1790,0,0,0,0,2,0,0,0.0
2026-08-12,S004,LGT1790,0,0,0,3,0,0,0,0.0
2026-08-12,S005,LGT1790,0,0,0,0,1,0,0,0.0
2026-08-12,S006,LGT1790,0,0,0,2,3,0,0,0.0
2026-08-12,S007,LGT1790,0,0,0,2,3,0,0,0.0
2026-08-12,S008,LGT1790,2,7,6,0,3,0,3,60.3
2026-08-12,S009,LGT1790,0,0,0,2,2,0,0,0.0
2026-08-12,S010,LGT1790,0,2,1,2,1,0,1,20.1
2026-08-12,S001,LGT1791,0,0,0,3,2,0,0,0.0
2026-08-12,S002,LGT1791,0,3,2,0,3,0,1,33.7
2026-08-12,S003,LGT1791,1,2,2,0,3,0,1,33.7
2026-08-12,S004,LGT1791,1,0,1,0,3,1,0,0.0
2026-08-12,S005,LGT1791,1,2,3,2,2,0,0,0.0
2026-08-12,S006,LGT1791,1,0,0,3,1,0,1,33.7
2026-08-12,S007,LGT1791,2,4,4,2,3,0,2,67.4
2026-08-12,S008,LGT1791,1,1,2,2,0,0,0,0.0
2026-08-12,S009,LGT1791,0,0,0,1,0,0,0,0.0
2026-08-12,S010,LGT1791,0,2,2,2,0,0,0,0.0
2026-08-12,S001,LGT1792,1,0,0,3,2,0,1,106.38
2026-08-12,S002,LGT1792,0,1,0,1,1,0,1,106.38
2026-08-12,S003,LGT1792,0,9,8,1,0,0,1,106.38
2026-08-12,S004,LGT1792,0,1,0,2,3,0,1,106.38
2026-08-12,S005,LGT1792,0,3,3,0,0,0,0,0.0
2026-08-12,S006,LGT1792,1,10,9,3,3,0,2,212.76
2026-08-12,S007,LGT1792,1,4,4,2,2,0,1,106.38
2026-08-12,S008,LGT1792,1,10,8,0,3,0,3,319.14
2026-08-12,S009,LGT1792,0,1,0,0,1,0,1,106.38
2026-08-12,S010,LGT1792,0,0,0,3,3,0,0,0.0
2026-08-12,S001,LGT1793,0,0,0,2,3,0,0,0.0
2026-08-12,S002,LGT1793,0,1,0,1,3,0,1,66.74
2026-08-12,S003,LGT1793,0,7,5,2,3,0,2,133.48
2026-08-12,S004,LGT1793,0,0,0,3,0,0,0,0.0
2026-08-12,S005,LGT1793,0,0,0,1,3,1,0,0.0
2026-08-12,S006,LGT1793,0,1,0,1,1,0,1,66.74
2026-08-12,S007,LGT1793,0,0,0,1,3,0,0,0.0
2026-08-12,S008,LGT1793,1,0,1,1,3,0,0,0.0
2026-08-12,S009,LGT1793,0,4,3,0,2,0,1,66.74
2026-08-12,S010,LGT1793,1,2,2,3,3,1,1,66.74
2026-08-12,S001,LGT1794,1,5,5,3,3,0,1,102.16
2026-08-12,S002,LGT1794,2,8,7,3,0,0,3,306.48
2026-08-12,S003,LGT1794,2,2,2,3,3,0,2,204.32
2026-08-12,S004,LGT1794,1,2,2,0,3,0,1,102.16
2026-08-12,S005,LGT1794,0,4,4,1,0,0,0,0.0
2026-08-12,S006,LGT1794,2,5,4,3,1,0,3,306.48
2026-08-12,S007,LGT1794,0,0,0,2,1,0,0,0.0
2026-08-12,S008,LGT1794,1,8,7,3,1,0,2,204.32
2026-08-12,S009,LGT1794,0,0,0,1,3,0,0,0.0
2026-08-12,S010,LGT1794,1,6,4,3,3,0,3,306.48
2026-08-12,S001,LGT1795,0,0,0,0,1,0,0,0.0
2026-08-12,S002,LGT1795,1,2,2,0,1,0,1,73.48
2026-08-12,S003,LGT1795,0,0,0,0,0,0,0,0.0
2026-08-12,S004,LGT1795,0,4,3,3,0,0,1,73.48
2026-08-12,S005,LGT1795,0,1,1,2,3,0,0,0.0
2026-08-12,S006,LGT1795,0,0,0,0,0,0,0,0.0
2026-08-12,S007,LGT1795,0,1,1,1,2,0,0,0.0
2026-08-12,S008,LGT1795,1,2,2,3,3,0,1,73.48
2026-08-12,S009,LGT1795,0,3,2,2,0,0,1,73.48
2026-08-12,S010,LGT1795,0,0,0,0,3,0,0,0.0
2026-08-12,S001,LGT1796,0,2,1,2,3,0,1,109.57
2026-08-12,S002,LGT1796,0,0,0,0,0,0,0,0.0
2026-08-12,S003,LGT1796,0,1,1,1,3,0,0,0.0
2026-08-12,S004,LGT1796,0,1,1,2,1,0,0,0.0
2026-08-12,S005,LGT1796,0,1,0,0,3,0,1,109.57
2026-08-12,S006,LGT1796,1,0,1,1,3,0,0,0.0
2026-08-12,S007,LGT1796,0,2,2,0,2,0,0,0.0
2026-08-12,S008,LGT1796,2,10,9,1,3,0,3,328.71
2026-08-12,S009,LGT1796,0,5,4,3,1,0,1,109.57
2026-08-12,S010,LGT1796,0,1,1,3,0,0,0,0.0
2026-08-12,S001,LGT1797,0,0,0,3,0,0,0,0.0
2026-08-12,S002,LGT1797,0,6,5,3,3,0,1,104.0
2026-08-12,S003,LGT1797,0,7,5,0,0,0,2,208.0
2026-08-12,S004,LGT1797,1,0,1,1,1,0,0,0.0
2026-08-12,S005,LGT1797,0,7,5,1,0,0,2,208.0
2026-08-12,S006,LGT1797,2,10,8,2,1,0,4,416.0
2026-08-12,S007,LGT1797,1,1,0,0,2,0,2,208.0
2026-08-12,S008,LGT1797,0,10,8,0,1,0,2,208.0
2026-08-12,S009,LGT1797,0,0,0,3,2,0,0,0.0
2026-08-12,S010,LGT1797,0,7,5,0,1,0,2,208.0
2026-08-12,S001,LGT1798,0,0,0,3,0,0,0,0.0
2026-08-12,S002,LGT1798,1,2,2,3,3,0,1,92.64
2026-08-12,S003,LGT1798,0,0,0,2,1,0,0,0.0
2026-08-12,S004,LGT1798,0,1,0,1,1,0,1,92.64
2026-08-12,S005,LGT1798,1,5,5,2,1,0,1,92.64
2026-08-12,S006,LGT1798,0,1,1,2,2,0,0,0.0
2026-08-12,S007,LGT1798,1,0,0,2,0,0,1,92.64
2026-08-12,S008,LGT1798,0,3,2,3,3,0,1,92.64
2026-08-12,S009,LGT1798,0,0,0,2,3,0,0,0.0
2026-08-12,S010,LGT1798,2,2,2,0,0,0,2,185.28
2026-08-12,S001,LGT1799,0,1,0,0,1,0,1,83.88
2026-08-12,S002,LGT1799,1,0,1,1,1,0,0,0.0
2026-08-12,S003,LGT1799,1,7,7,2,3,0,1,83.88
2026-08-12,S004,LGT1799,1,1,2,1,3,0,0,0.0
2026-08-12,S005,LGT1799,0,6,5,3,3,0,1,83.88
2026-08-12,S006,LGT1799,2,14,12,0,1,0,4,335.52
2026-08-12,S007,LGT1799,1,0,1,2,1,0,0,0.0
2026-08-12,S008,LGT1799,1,4,4,2,2,0,1,83.88
2026-08-12,S009,LGT1799,0,3,3,0,0,0,0,0.0
2026-08-12,S010,LGT1799,1,3,3,1,1,0,1,83.88
2026-08-12,S001,LGT1800,0,0,0,2,3,0,0,0.0
2026-08-12,S002,LGT1800,0,6,5,2,1,0,1,40.53
2026-08-12,S003,LGT1800,2,14,11,1,0,0,5,202.65
2026-08-12,S004,LGT1800,1,1,2,2,2,0,0,0.0
2026-08-12,S005,LGT1800,2,5,5,0,1,0,2,81.06
2026-08-12,S006,LGT1800,1,0,1,0,1,0,0,0.0
2026-08-12,S007,LGT1800,0,2,1,3,2,0,1,40.53
2026-08-12,S008,LGT1800,0,1,0,1,0,0,1,40.53
2026-08-12,S009,LGT1800,1,7,6,2,1,0,2,81.06
2026-08-12,S010,LGT1800,0,0,0,2,2,0,0,0.0
2026-08-12,S001,LGT1801,0,0,0,0,2,0,0,0.0
2026-08-12,S002,LGT1801,0,0,0,3,1,0,0,0.0
2026-08-12,S003,LGT1801,0,10,8,0,0,0,2,213.62
2026-08-12,S004,LGT1801,1,2,2,1,1,0,1,106.81
2026-08-12,S005,LGT1801,2,4,3,0,3,0,3,320.43
2026-08-12,S006,LGT1801,0,3,2,3,3,0,1,106.81
2026-08-12,S007,LGT1801,0,1,1,1,1,0,0,0.0
2026-08-12,S008,LGT1801,0,2,1,2,3,0,1,106.81
2026-08-12,S009,LGT1801,1,4,3,3,3,0,2,213.62
2026-08-12,S010,LGT1801,1,1,2,2,0,0,0,0.0
2026-08-12,S001,LGT1802,0,14,11,2,0,0,3,66.27
2026-08-12,S002,LGT1802,1,3,3,1,2,0,1,22.09
2026-08-12,S003,LGT1802,1,5,4,1,3,0,2,44.18
2026-08-12,S004,LGT1802,1,5,5,3,1,0,1,22.09
2026-08-12,S005,LGT1802,2,8,7,3,1,0,3,66.27
2026-08-12,S006,LGT1802,2,6,5,2,2,0,3,66.27
2026-08-12,S007,LGT1802,2,6,6,1,3,0,2,44.18
2026-08-12,S008,LGT1802,2,1,1,3,2,0,2,44.18
2026-08-12,S009,LGT1802,3,10,9,3,3,0,4,88.36
2026-08-12,S010,LGT1802,3,14,12,3,3,0,5,110.45
2026-08-12,S001,LGT1803,0,4,3,3,2,0,1,105.61
2026-08-12,S002,LGT1803,2,5,5,2,1,0,2,211.22
2026-08-12,S003,LGT1803,0,0,0,3,0,0,0,0.0
2026-08-12,S004,LGT1803,1,3,3,1,0,0,1,105.61
2026-08-12,S005,LGT1803,0,2,2,1,0,0,0,0.0
2026-08-12,S006,LGT1803,1,1,2,3,0,0,0,0.0
2026-08-12,S007,LGT1803,1,0,1,3,0,0,0,0.0
2026-08-12,S008,LGT1803,1,3,3,2,2,0,1,105.61
2026-08-12,S009,LGT1803,1,0,1,3,1,0,0,0.0
2026-08-12,S010,LGT1803,0,1,0,3,0,0,1,105.61
2026-08-12,S001,LGT1804,2,4,4,2,2,0,2,106.28
2026-08-12,S002,LGT1804,2,13,11,3,3,0,4,212.56
2026-08-12,S003,LGT1804,0,0,0,0,3,0,0,0.0
2026-08-12,S004,LGT1804,1,0,1,0,3,0,0,0.0
2026-08-12,S005,LGT1804,0,0,0,2,3,0,0,0.0
2026-08-12,S006,LGT1804,1,6,6,1,2,0,1,53.14
2026-08-12,S007,LGT1804,1,1,1,3,2,0,1,53.14
2026-08-12,S008,LGT1804,0,2,2,3,0,0,0,0.0
2026-08-12,S009,LGT1804,0,1,1,2,1,0,0,0.0
2026-08-12,S010,LGT1804,1,2,2,0,3,0,1,53.14
2026-08-12,S001,LGT1805,0,1,1,1,2,0,0,0.0
2026-08-12,S002,LGT1805,1,6,5,1,2,0,2,112.64
2026-08-12,S003,LGT1805,0,0,0,3,1,0,0,0.0
2026-08-12,S004,LGT1805,0,4,3,1,2,0,1,56.32
2026-08-12,S005,LGT1805,1,3,2,0,2,0,2,112.64
2026-08-12,S006,LGT1805,0,5,5,1,3,0,0,0.0
2026-08-12,S007,LGT1805,0,9,7,1,1,0,2,112.64
2026-08-12,S008,LGT1805,1,11,8,2,3,0,4,225.28
2026-08-12,S009,LGT1805,2,5,5,1,1,0,2,112.64
2026-08-12,S010,LGT1805,0,0,0,3,0,0,0,0.0
2026-08-12,S001,LGT1806,1,3,3,1,2,0,1,69.16
2026-08-12,S002,LGT1806,0,2,2,3,0,0,0,0.0
2026-08-12,S003,LGT1806,0,4,3,1,0,0,1,69.16
2026-08-12,S004,LGT1806,1,2,2,0,1,0,1,69.16
2026-08-12,S005,LGT1806,0,9,7,3,2,0,2,138.32
2026-08-12,S006,LGT1806,1,6,5,0,2,1,2,138.32
2026-08-12,S007,LGT1806,0,5,3,2,3,0,2,138.32
2026-08-12,S008,LGT1806,0,3,2,0,0,0,1,69.16
2026-08-12,S009,LGT1806,1,0,0,0,3,0,1,69.16
2026-08-12,S010,LGT1806,0,2,2,0,3,0,0,0.0
2026-08-12,S001,LGT1807,0,1,1,0,0,0,0,0.0
2026-08-12,S002,LGT1807,3,10,9,0,0,0,4,146.64
2026-08-12,S003,LGT1807,0,2,1,0,2,0,1,36.66
2026-08-12,S004,LGT1807,1,0,1,2,0,0,0,0.0
2026-08-12,S005,LGT1807,1,7,5,2,0,0,3,109.98
2026-08-12,S006,LGT1807,0,7,4,2,3,0,3,109.98
2026-08-12,S007,LGT1807,1,1,2,3,1,0,0,0.0
2026-08-12,S008,LGT1807,0,3,1,3,1,0,2,73.32
2026-08-12,S009,LGT1807,1,0,1,2,0,0,0,0.0
2026-08-12,S010,LGT1807,1,2,1,1,2,0,2,73.32
2026-08-12,S001,LGT1808,0,2,1,2,3,0,1,71.63
2026-08-12,S002,LGT1808,0,9,6,3,2,0,3,214.89
2026-08-12,S003,LGT1808,1,2,2,3,0,0,1,71.63
2026-08-12,S004,LGT1808,0,3,2,2,3,0,1,71.63
2026-08-12,S005,LGT1808,0,0,0,2,2,0,0,0.0
2026-08-12,S006,LGT1808,0,4,3,3,3,1,1,71.63
2026-08-12,S007,LGT1808,1,0,1,1,3,0,0,0.0
2026-08-12,S008,LGT1808,1,3,4,1,0,0,0,0.0
2026-08-12,S009,LGT1808,3,8,7,2,1,0,4,286.52
2026-08-12,S010,LGT1808,1,0,1,1,3,0,0,0.0
2026-08-12,S001,LGT1809,0,1,0,2,3,0,1,83.43
2026-08-12,S002,LGT1809,1,1,1,3,2,0,1,83.43
2026-08-12,S003,LGT1809,0,0,0,0,3,0,0,0.0
2026-08-12,S004,LGT1809,1,0,1,0,1,0,0,0.0
2026-08-12,S005,LGT1809,0,0,0,2,3,0,0,0.0
2026-08-12,S006,LGT1809,0,1,0,3,3,0,1,83.43
2026-08-12,S007,LGT1809,0,3,2,0,0,0,1,83.43
2026-08-12,S008,LGT1809,0,1,0,3,1,0,1,83.43
2026-08-12,S009,LGT1809,0,0,0,0,1,0,0,0.0
2026-08-12,S010,LGT1809,0,0,0,0,0,0,0,0.0
2026-08-12,S001,LGT1810,0,1,0,1,0,0,1,38.32
2026-08-12,S002,LGT1810,2,8,7,3,1,0,3,114.96
2026-08-12,S003,LGT1810,1,1,1,1,3,0,1,38.32
2026-08-12,S004,LGT1810,0,1,1,2,1,0,0,0.0
2026-08-12,S005,LGT1810,1,7,5,3,2,0,3,114.96
2026-08-12,S006,LGT1810,1,3,3,3,0,0,1,38.32
2026-08-12,S007,LGT1810,0,8,6,3,1,0,2,76.64
2026-08-12,S008,LGT1810,2,5,5,3,3,0,2,76.64
2026-08-12,S009,LGT1810,1,1,1,3,1,0,1,38.32
2026-08-12,S010,LGT1810,1,0,0,0,0,0,1,38.32
2026-08-12,S001,LGT1811,0,1,1,2,0,0,0,0.0
2026-08-12,S002,LGT1811,1,8,7,1,3,0,2,188.94
2026-08-12,S003,LGT1811,1,5,5,1,1,0,1,94.47
2026-08-12,S004,LGT1811,1,5,4,3,3,0,2,188.94
2026-08-12,S005,LGT1811,0,8,5,1,1,0,3,283.41
2026-08-12,S006,LGT1811,2,8,7,0,3,0,3,283.41
2026-08-12,S007,LGT1811,0,1,1,3,3,0,0,0.0
2026-08-12,S008,LGT1811,1,2,2,0,2,0,1,94.47
2026-08-12,S009,LGT1811,0,3,2,1,2,0,1,94.47
2026-08-12,S010,LGT1811,1,0,1,2,1,0,0,0.0
2026-08-12,S001,LGT1812,0,4,3,1,0,0,1,92.81
2026-08-12,S002,LGT1812,0,0,0,1,2,0,0,0.0
2026-08-12,S003,LGT1812,0,3,3,0,0,0,0,0.0
2026-08-12,S004,LGT1812,0,7,5,2,3,0,2,185.62
2026-08-12,S005,LGT1812,0,2,2,1,0,0,0,0.0
2026-08-12,S006,LGT1812,1,1,1,0,1,0,1,92.81
2026-08-12,S007,LGT1812,0,0,0,2,0,0,0,0.0
2026-08-12,S008,LGT1812,0,5,3,0,3,0,2,185.62
2026-08-12,S009,LGT1812,0,0,0,0,2,0,0,0.0
2026-08-12,S010,LGT1812,0,0,0,0,2,0,0,0.0
2026-08-12,S001,LGT1813,0,0,0,2,3,0,0,0.0
2026-08-12,S002,LGT1813,1,8,7,2,2,0,2,186.7
2026-08-12,S003,LGT1813,0,1,1,2,3,1,0,0.0
2026-08-12,S004,LGT1813,0,1,1,2,1,0,0,0.0
2026-08-12,S005,LGT1813,0,1,1,2,0,0,0,0.0
2026-08-12,S006,LGT1813,1,2,2,2,3,0,1,93.35
2026-08-12,S007,LGT1813,1,3,3,1,2,0,1,93.35
2026-08-12,S008,LGT1813,0,3,2,0,2,0,1,93.35
2026-08-12,S009,LGT1813,0,2,1,1,0,0,1,93.35
2026-08-12,S010,LGT1813,0,3,2,1,2,0,1,93.35
2026-08-12,S001,LGT1814,0,2,1,0,2,0,1,85.0
2026-08-12,S002,LGT1814,0,0,0,3,0,0,0,0.0
2026-08-12,S003,LGT1814,0,4,3,2,3,0,1,85.0
2026-08-12,S004,LGT1814,1,0,0,2,3,0,1,85.0
2026-08-12,S005,LGT1814,1,0,0,2,2,0,1,85.0
2026-08-12,S006,LGT1814,0,3,3,1,3,0,0,0.0
2026-08-12,S007,LGT1814,0,10,8,1,2,0,2,170.0
2026-08-12,S008,LGT1814,1,3,3,2,0,0,1,85.0
2026-08-12,S009,LGT1814,0,0,0,2,2,0,0,0.0
2026-08-12,S010,LGT1814,0,2,1,1,0,0,1,85.0
2026-08-12,S001,LGT1815,1,2,2,3,1,0,1,117.19
2026-08-12,S002,LGT1815,0,1,1,2,3,0,0,0.0
2026-08-12,S003,LGT1815,0,3,2,3,0,0,1,117.19
2026-08-12,S004,LGT1815,1,0,1,3,1,0,0,0.0
2026-08-12,S005,LGT1815,1,1,1,2,2,0,1,117.19
2026-08-12,S006,LGT1815,1,3,4,1,0,0,0,0.0
2026-08-12,S007,LGT1815,1,10,8,1,0,0,3,351.57
2026-08-12,S008,LGT1815,0,2,2,1,0,0,0,0.0
2026-08-12,S009,LGT1815,0,0,0,1,0,0,0,0.0
2026-08-12,S010,LGT1815,1,0,1,0,2,0,0,0.0
2026-08-12,S001,LGT1816,0,0,0,3,1,0,0,0.0
2026-08-12,S002,LGT1816,0,2,2,1,3,0,0,0.0
2026-08-12,S003,LGT1816,0,0,0,3,1,0,0,0.0
2026-08-12,S004,LGT1816,0,0,0,1,0,0,0,0.0
2026-08-12,S005,LGT1816,1,2,2,0,3,0,1,63.74
2026-08-12,S006,LGT1816,1,8,6,1,0,0,3,191.22
2026-08-12,S007,LGT1816,0,0,0,0,0,0,0,0.0
2026-08-12,S008,LGT1816,1,2,2,2,1,0,1,63.74
2026-08-12,S009,LGT1816,0,0,0,2,0,0,0,0.0
2026-08-12,S010,LGT1816,0,0,0,2,2,0,0,0.0
2026-08-12,S001,LGT1817,1,0,1,1,1,0,0,0.0
2026-08-12,S002,LGT1817,2,3,3,0,0,0,2,207.78
2026-08-12,S003,LGT1817,0,1,0,3,3,0,1,103.89
2026-08-12,S004,LGT1817,0,0,0,1,0,0,0,0.0
2026-08-12,S005,LGT1817,0,3,2,0,0,0,1,103.89
2026-08-12,S006,LGT1817,1,4,3,3,0,0,2,207.78
2026-08-12,S007,LGT1817,0,0,0,2,0,0,0,0.0
2026-08-12,S008,LGT1817,0,7,6,2,2,0,1,103.89
2026-08-12,S009,LGT1817,1,0,1,1,3,0,0,0.0
2026-08-12,S010,LGT1817,0,1,1,0,3,0,0,0.0
2026-08-12,S001,LGT1818,2,0,0,0,3,0,2,116.42
2026-08-12,S002,LGT1818,1,2,2,0,3,0,1,58.21
2026-08-12,S003,LGT1818,0,1,0,0,3,0,1,58.21
2026-08-12,S004,LGT1818,1,0,0,3,3,0,1,58.21
2026-08-12,S005,LGT1818,1,3,3,0,1,0,1,58.21
2026-08-12,S006,LGT1818,0,0,0,2,1,0,0,0.0
2026-08-12,S007,LGT1818,0,0,0,3,1,0,0,0.0
2026-08-12,S008,LGT1818,0,3,2,3,3,0,1,58.21
2026-08-12,S009,LGT1818,1,0,1,3,2,0,0,0.0
2026-08-12,S010,LGT1818,0,0,0,2,2,0,0,0.0
2026-08-12,S001,LGT1819,0,3,2,1,1,0,1,49.24
2026-08-12,S002,LGT1819,2,15,12,1,1,0,5,246.2
2026-08-12,S003,LGT1819,0,16,11,3,3,0,5,246.2
2026-08-12,S004,LGT1819,0,4,3,2,0,0,1,49.24
2026-08-12,S005,LGT1819,0,2,0,0,2,0,2,98.48
2026-08-12,S006,LGT1819,2,11,9,3,3,0,4,196.96
2026-08-12,S007,LGT1819,1,4,4,1,2,0,1,49.24
2026-08-12,S008,LGT1819,0,14,11,1,3,0,3,147.72
2026-08-12,S009,LGT1819,0,2,2,1,0,0,0,0.0
2026-08-12,S010,LGT1819,2,4,4,1,2,0,2,98.48
2026-08-12,S001,LGT1820,0,10,7,3,0,0,3,334.11
2026-08-12,S002,LGT1820,1,8,6,3,1,0,3,334.11
2026-08-12,S003,LGT1820,0,2,1,0,0,0,1,111.37
2026-08-12,S004,LGT1820,0,1,1,1,3,0,0,0.0
2026-08-12,S005,LGT1820,0,3,2,2,2,0,1,111.37
2026-08-12,S006,LGT1820,1,4,4,2,2,1,1,111.37
2026-08-12,S007,LGT1820,1,4,5,0,0,0,0,0.0
2026-08-12,S008,LGT1820,0,6,4,1,1,0,2,222.74
2026-08-12,S009,LGT1820,1,10,8,2,2,0,3,334.11
2026-08-12,S010,LGT1820,0,2,1,3,3,0,1,111.37
2026-08-12,S001,LGT1821,0,2,1,1,3,0,1,57.19
2026-08-12,S002,LGT1821,0,4,2,3,1,0,2,114.38
2026-08-12,S003,LGT1821,0,1,0,3,1,0,1,57.19
2026-08-12,S004,LGT1821,1,0,1,1,3,0,0,0.0
2026-08-12,S005,LGT1821,1,3,3,1,0,0,1,57.19
2026-08-12,S006,LGT1821,1,11,9,0,2,0,3,171.57
2026-08-12,S007,LGT1821,0,2,2,0,3,0,0,0.0
2026-08-12,S008,LGT1821,1,5,4,1,1,0,2,114.38
2026-08-12,S009,LGT1821,0,2,1,0,0,0,1,57.19
2026-08-12,S010,LGT1821,2,6,6,1,3,0,2,114.38
2026-08-12,S001,LGT1822,1,1,1,0,2,1,1,60.72
2026-08-12,S002,LGT1822,0,0,0,2,3,0,0,0.0
2026-08-12,S003,LGT1822,0,0,0,3,2,0,0,0.0
2026-08-12,S004,LGT1822,0,0,0,3,2,0,0,0.0
2026-08-12,S005,LGT1822,0,0,0,0,1,0,0,0.0
2026-08-12,S006,LGT1822,2,4,3,3,0,0,3,182.16
2026-08-12,S007,LGT1822,1,2,3,1,2,0,0,0.0
2026-08-12,S008,LGT1822,0,1,1,2,1,0,0,0.0
2026-08-12,S009,LGT1822,0,0,0,2,1,0,0,0.0
2026-08-12,S010,LGT1822,0,3,2,3,1,0,1,60.72
2026-08-12,S001,LGT1823,0,1,1,2,2,0,0,0.0
2026-08-12,S002,LGT1823,0,1,0,0,0,0,1,29.79
2026-08-12,S003,LGT1823,0,17,12,3,3,0,5,148.95
2026-08-12,S004,LGT1823,1,3,3,3,2,0,1,29.79
2026-08-12,S005,LGT1823,1,5,4,2,2,0,2,59.58
2026-08-12,S006,LGT1823,0,12,9,1,3,0,3,89.37
2026-08-12,S007,LGT1823,0,5,4,0,0,0,1,29.79
2026-08-12,S008,LGT1823,1,2,2,2,3,0,1,29.79
2026-08-12,S009,LGT1823,0,0,0,3,1,0,0,0.0
2026-08-12,S010,LGT1823,0,0,0,1,1,0,0,0.0
2026-08-12,S001,LGT1824,0,2,1,0,1,0,1,72.68
2026-08-12,S002,LGT1824,0,2,1,1,0,1,1,72.68
2026-08-12,S003,LGT1824,0,1,1,1,1,0,0,0.0
2026-08-12,S004,LGT1824,1,0,0,2,0,0,1,72.68
2026-08-12,S005,LGT1824,0,0,0,2,2,0,0,0.0
2026-08-12,S006,LGT1824,2,7,6,0,2,0,3,218.04
2026-08-12,S007,LGT1824,0,6,5,0,3,0,1,72.68
2026-08-12,S008,LGT1824,2,5,5,0,3,0,2,145.36
2026-08-12,S009,LGT1824,2,14,12,0,1,0,4,290.72
2026-08-12,S010,LGT1824,1,2,2,1,3,0,1,72.68
2026-08-12,S001,LGT1825,0,1,0,3,0,0,1,34.28
2026-08-12,S002,LGT1825,1,6,4,0,0,0,3,102.84
2026-08-12,S003,LGT1825,0,1,1,2,1,0,0,0.0
2026-08-12,S004,LGT1825,0,0,0,0,1,0,0,0.0
2026-08-12,S005,LGT1825,0,9,5,3,1,0,4,137.12
2026-08-12,S006,LGT1825,1,0,1,3,3,0,0,0.0
2026-08-12,S007,LGT1825,1,4,3,2,3,0,2,68.56
2026-08-12,S008,LGT1825,1,0,1,0,3,0,0,0.0
2026-08-12,S009,LGT1825,0,4,3,2,0,1,1,34.28
2026-08-12,S010,LGT1825,1,1,2,2,0,0,0,0.0
2026-08-12,S001,LGT1826,1,2,3,3,3,0,0,0.0
2026-08-12,S002,LGT1826,1,7,6,3,2,0,2,126.16
2026-08-12,S003,LGT1826,1,1,2,3,3,0,0,0.0
2026-08-12,S004,LGT1826,0,2,2,0,0,0,0,0.0
2026-08-12,S005,LGT1826,1,4,4,3,2,0,1,63.08
2026-08-12,S006,LGT1826,0,3,2,0,2,0,1,63.08
2026-08-12,S007,LGT1826,1,4,3,0,0,0,2,126.16
2026-08-12,S008,LGT1826,0,3,3,3,3,0,0,0.0
2026-08-12,S009,LGT1826,0,3,2,2,1,0,1,63.08
2026-08-12,S010,LGT1826,0,0,0,0,3,0,0,0.0
2026-08-12,S001,LGT1827,1,2,1,3,2,0,2,79.18
2026-08-12,S002,LGT1827,0,4,3,2,1,0,1,39.59
2026-08-12,S003,LGT1827,1,0,0,3,1,0,1,39.59
2026-08-12,S004,LGT1827,1,0,1,1,0,0,0,0.0
2026-08-12,S005,LGT1827,0,7,6,0,0,0,1,39.59
2026-08-12,S006,LGT1827,1,3,2,3,1,0,2,79.18
2026-08-12,S007,LGT1827,1,2,2,1,1,0,1,39.59
2026-08-12,S008,LGT1827,1,8,6,1,2,0,3,118.77
2026-08-12,S009,LGT1827,0,0,0,0,1,0,0,0.0
2026-08-12,S010,LGT1827,1,1,2,2,3,0,0,0.0
2026-08-12,S001,LGT1828,0,6,5,2,2,0,1,43.14
2026-08-12,S002,LGT1828,1,1,2,1,2,0,0,0.0
2026-08-12,S003,LGT1828,1,0,0,3,2,0,1,43.14
2026-08-12,S004,LGT1828,0,2,2,1,0,0,0,0.0
2026-08-12,S005,LGT1828,0,0,0,1,2,0,0,0.0
2026-08-12,S006,LGT1828,0,12,9,3,2,0,3,129.42
2026-08-12,S007,LGT1828,0,1,1,2,0,0,0,0.0
2026-08-12,S008,LGT1828,0,1,0,0,1,0,1,43.14
2026-08-12,S009,LGT1828,0,0,0,0,0,0,0,0.0
2026-08-12,S010,LGT1828,0,0,0,1,2,0,0,0.0
2026-08-12,S001,LGT1829,1,3,3,1,2,0,1,65.06
2026-08-12,S002,LGT1829,1,2,3,2,0,0,0,0.0
2026-08-12,S003,LGT1829,1,0,1,0,2,0,0,0.0
2026-08-12,S004,LGT1829,1,13,10,0,2,0,4,260.24
2026-08-12,S005,LGT1829,0,2,2,2,0,0,0,0.0
2026-08-12,S006,LGT1829,0,5,4,0,3,0,1,65.06
2026-08-12,S007,LGT1829,3,16,15,2,0,0,4,260.24
2026-08-12,S008,LGT1829,2,12,11,0,3,0,3,195.18
2026-08-12,S009,LGT1829,1,5,5,0,2,0,1,65.06
2026-08-12,S010,LGT1829,0,3,2,2,2,0,1,65.06
2026-08-12,S001,LGT1830,0,0,0,1,1,0,0,0.0
2026-08-12,S002,LGT1830,1,0,1,0,0,0,0,0.0
2026-08-12,S003,LGT1830,1,0,1,3,1,1,0,0.0
2026-08-12,S004,LGT1830,1,5,4,3,3,0,2,42.86
2026-08-12,S005,LGT1830,0,2,1,1,2,0,1,21.43
2026-08-12,S006,LGT1830,2,7,6,1,1,0,3,64.29
2026-08-12,S007,LGT1830,0,7,5,3,2,0,2,42.86
2026-08-12,S008,LGT1830,0,1,0,3,2,0,1,21.43
2026-08-12,S009,LGT1830,0,4,2,3,2,0,2,42.86
2026-08-12,S010,LGT1830,1,0,0,1,2,0,1,21.43
2026-08-12,S001,LGT1831,0,1,0,2,1,0,1,34.6
2026-08-12,S002,LGT1831,0,6,4,3,0,0,2,69.2
2026-08-12,S003,LGT1831,0,3,2,0,2,0,1,34.6
2026-08-12,S004,LGT1831,0,2,2,2,1,0,0,0.0
2026-08-12,S005,LGT1831,0,0,0,1,0,0,0,0.0
2026-08-12,S006,LGT1831,1,4,4,0,2,1,1,34.6
2026-08-12,S007,LGT1831,0,3,3,0,1,0,0,0.0
2026-08-12,S008,LGT1831,0,7,6,3,2,0,1,34.6
2026-08-12,S009,LGT1831,0,5,4,0,0,0,1,34.6
2026-08-12,S010,LGT1831,0,1,0,3,2,0,1,34.6
2026-08-12,S001,LGT1832,0,2,1,0,3,0,1,72.77
2026-08-12,S002,LGT1832,0,2,2,1,1,0,0,0.0
2026-08-12,S003,LGT1832,0,2,1,3,0,0,1,72.77
2026-08-12,S004,LGT1832,0,1,0,0,0,0,1,72.77
2026-08-12,S005,LGT1832,0,2,0,3,1,0,2,145.54
2026-08-12,S006,LGT1832,1,4,4,2,0,0,1,72.77
2026-08-12,S007,LGT1832,1,3,3,0,1,0,1,72.77
2026-08-12,S008,LGT1832,0,11,8,0,1,0,3,218.31
2026-08-12,S009,LGT1832,0,1,0,3,1,0,1,72.77
2026-08-12,S010,LGT1832,1,0,0,2,2,0,1,72.77
2026-08-12,S001,LGT1833,0,0,0,3,0,0,0,0.0
2026-08-12,S002,LGT1833,0,0,0,1,3,0,0,0.0
2026-08-12,S003,LGT1833,1,2,2,0,0,0,1,92.09
2026-08-12,S004,LGT1833,1,1,2,2,2,0,0,0.0
2026-08-12,S005,LGT1833,0,8,6,0,3,0,2,184.18
2026-08-12,S006,LGT1833,0,8,6,0,1,0,2,184.18
2026-08-12,S007,LGT1833,1,5,5,3,2,0,1,92.09
2026-08-12,S008,LGT1833,1,5,5,1,0,0,1,92.09
2026-08-12,S009,LGT1833,1,0,0,0,2,0,1,92.09
2026-08-12,S010,LGT1833,0,0,0,0,0,0,0,0.0
2026-08-12,S001,LGT1834,1,0,0,1,2,0,1,86.19
2026-08-12,S002,LGT1834,0,1,1,0,0,0,0,0.0
2026-08-12,S003,LGT1834,0,0,0,2,3,0,0,0.0
2026-08-12,S004,LGT1834,0,0,0,2,1,0,0,0.0
2026-08-12,S005,LGT1834,1,1,2,3,3,0,0,0.0
2026-08-12,S006,LGT1834,1,0,1,0,0,0,0,0.0
2026-08-12,S007,LGT1834,0,5,4,2,1,0,1,86.19
2026-08-12,S008,LGT1834,1,0,0,1,1,0,1,86.19
2026-08-12,S009,LGT1834,0,0,0,0,0,0,0,0.0
2026-08-12,S010,LGT1834,0,1,0,2,1,0,1,86.19
2026-08-12,S001,LGT1835,0,6,4,0,3,0,2,120.12
2026-08-12,S002,LGT1835,1,7,6,0,3,0,2,120.12
2026-08-12,S003,LGT1835,1,5,4,3,0,0,2,120.12
2026-08-12,S004,LGT1835,0,8,6,3,2,0,2,120.12
2026-08-12,S005,LGT1835,0,8,6,3,2,0,2,120.12
2026-08-12,S006,LGT1835,2,0,0,2,3,0,2,120.12
2026-08-12,S007,LGT1835,2,7,7,3,3,0,2,120.12
2026-08-12,S008,LGT1835,1,0,0,1,0,0,1,60.06
2026-08-12,S009,LGT1835,1,0,0,0,0,0,1,60.06
2026-08-12,S010,LGT1835,1,5,6,1,1,0,0,0.0
2026-08-12,S001,FLR1836,1,4,4,0,2,1,1,117.16
2026-08-12,S002,FLR1836,0,0,0,0,1,0,0,0.0
2026-08-12,S003,FLR1836,1,1,1,2,1,0,1,117.16
2026-08-12,S004,FLR1836,1,2,3,1,3,0,0,0.0
2026-08-12,S005,FLR1836,1,4,3,0,1,0,2,234.32
2026-08-12,S006,FLR1836,2,6,6,2,2,0,2,234.32
2026-08-12,S007,FLR1836,0,4,4,1,1,0,0,0.0
2026-08-12,S008,FLR1836,0,4,3,2,2,0,1,117.16
2026-08-12,S009,FLR1836,1,5,4,0,1,0,2,234.32
2026-08-12,S010,FLR1836,1,1,2,0,1,0,0,0.0
2026-08-12,S001,FLR1837,1,0,1,3,1,0,0,0.0
2026-08-12,S002,FLR1837,2,7,6,2,3,0,3,377.64
2026-08-12,S003,FLR1837,0,2,1,1,2,0,1,125.88
2026-08-12,S004,FLR1837,1,9,7,3,0,0,3,377.64
2026-08-12,S005,FLR1837,0,7,5,0,0,0,2,251.76
2026-08-12,S006,FLR1837,1,2,1,1,0,0,2,251.76
2026-08-12,S007,FLR1837,1,0,0,3,3,0,1,125.88
2026-08-12,S008,FLR1837,1,2,3,1,0,0,0,0.0
2026-08-12,S009,FLR1837,0,2,1,0,3,0,1,125.88
2026-08-12,S010,FLR1837,2,4,4,0,3,0,2,251.76
2026-08-12,S001,FLR1838,0,0,0,2,2,0,0,0.0
2026-08-12,S002,FLR1838,0,1,1,1,0,0,0,0.0
2026-08-12,S003,FLR1838,1,2,1,2,1,0,2,420.88
2026-08-12,S004,FLR1838,0,2,2,2,0,0,0,0.0
2026-08-12,S005,FLR1838,1,1,1,2,3,0,1,210.44
2026-08-12,S006,FLR1838,1,7,5,2,3,0,3,631.32
2026-08-12,S007,FLR1838,1,4,4,3,1,0,1,210.44
2026-08-12,S008,FLR1838,1,3,2,1,3,0,2,420.88
2026-08-12,S009,FLR1838,0,0,0,3,2,0,0,0.0
2026-08-12,S010,FLR1838,0,0,0,0,3,0,0,0.0
2026-08-12,S001,FLR1839,0,5,5,3,2,0,0,0.0
2026-08-12,S002,FLR1839,2,4,4,2,3,0,2,306.66
2026-08-12,S003,FLR1839,1,0,0,1,0,0,1,153.33
2026-08-12,S004,FLR1839,1,0,0,1,2,0,1,153.33
2026-08-12,S005,FLR1839,0,1,1,3,0,0,0,0.0
2026-08-12,S006,FLR1839,1,0,1,3,0,0,0,0.0
2026-08-12,S007,FLR1839,0,0,0,3,0,0,0,0.0
2026-08-12,S008,FLR1839,1,3,3,1,3,0,1,153.33
2026-08-12,S009,FLR1839,0,0,0,2,2,0,0,0.0
2026-08-12,S010,FLR1839,0,0,0,0,3,0,0,0.0
2026-08-12,S001,FLR1840,1,1,1,3,3,0,1,114.12
2026-08-12,S002,FLR1840,0,1,1,1,1,1,0,0.0
2026-08-12,S003,FLR1840,0,1,1,1,2,0,0,0.0
2026-08-12,S004,FLR1840,0,0,0,3,0,0,0,0.0
2026-08-12,S005,FLR1840,1,0,0,2,3,0,1,114.12
2026-08-12,S006,FLR1840,2,8,8,1,1,0,2,228.24
2026-08-12,S007,FLR1840,1,7,7,3,0,0,1,114.12
2026-08-12,S008,FLR1840,0,14,10,3,1,0,4,456.48
2026-08-12,S009,FLR1840,1,4,3,0,1,0,2,228.24
2026-08-12,S010,FLR1840,0,1,1,3,1,0,0,0.0
2026-08-12,S001,FLR1841,0,0,0,2,2,0,0,0.0
2026-08-12,S002,FLR1841,0,0,0,1,1,0,0,0.0
2026-08-12,S003,FLR1841,0,0,0,1,2,0,0,0.0
2026-08-12,S004,FLR1841,1,2,2,1,3,0,1,70.67
2026-08-12,S005,FLR1841,0,1,0,1,2,0,1,70.67
2026-08-12,S006,FLR1841,2,5,5,2,3,0,2,141.34
2026-08-12,S007,FLR1841,0,1,1,2,3,0,0,0.0
2026-08-12,S008,FLR1841,0,2,2,0,0,0,0,0.0
2026-08-12,S009,FLR1841,1,0,0,3,1,0,1,70.67
2026-08-12,S010,FLR1841,0,2,2,1,2,0,0,0.0
2026-08-12,S001,FLR1842,0,0,0,3,1,0,0,0.0
2026-08-12,S002,FLR1842,1,3,2,1,2,0,2,364.6
2026-08-12,S003,FLR1842,1,0,1,3,2,0,0,0.0
2026-08-12,S004,FLR1842,1,3,3,0,0,0,1,182.3
2026-08-12,S005,FLR1842,0,1,1,2,3,0,0,0.0
2026-08-12,S006,FLR1842,0,1,1,1,3,0,0,0.0
2026-08-12,S007,FLR1842,1,1,1,1,0,0,1,182.3
2026-08-12,S008,FLR1842,0,1,0,2,3,0,1,182.3
2026-08-12,S009,FLR1842,2,2,2,3,0,0,2,364.6
2026-08-12,S010,FLR1842,0,7,5,2,1,0,2,364.6
2026-08-12,S001,FLR1843,1,4,4,1,1,0,1,180.66
2026-08-12,S002,FLR1843,0,6,4,3,1,0,2,361.32
2026-08-12,S003,FLR1843,1,1,0,3,3,0,2,361.32
2026-08-12,S004,FLR1843,0,1,1,1,3,0,0,0.0
2026-08-12,S005,FLR1843,0,0,0,3,3,0,0,0.0
2026-08-12,S006,FLR1843,0,3,2,2,1,0,1,180.66
2026-08-12,S007,FLR1843,1,1,1,0,1,0,1,180.66
2026-08-12,S008,FLR1843,1,1,2,2,2,0,0,0.0
2026-08-12,S009,FLR1843,0,6,5,3,2,0,1,180.66
2026-08-12,S010,FLR1843,0,0,0,1,3,0,0,0.0
2026-08-12,S001,FLR1844,0,0,0,0,1,0,0,0.0
2026-08-12,S002,FLR1844,0,2,2,0,1,0,0,0.0
2026-08-12,S003,FLR1844,0,5,4,2,3,0,1,102.08
2026-08-12,S004,FLR1844,0,1,1,1,2,0,0,0.0
2026-08-12,S005,FLR1844,1,0,0,3,3,0,1,102.08
2026-08-12,S006,FLR1844,0,1,0,2,2,0,1,102.08
2026-08-12,S007,FLR1844,1,0,1,2,0,0,0,0.0
2026-08-12,S008,FLR1844,1,5,5,1,1,0,1,102.08
2026-08-12,S009,FLR1844,0,2,1,2,0,0,1,102.08
2026-08-12,S010,FLR1844,0,9,7,2,0,0,2,204.16
2026-08-12,S001,FLR1845,0,3,3,1,2,0,0,0.0
2026-08-12,S002,FLR1845,0,1,1,1,0,0,0,0.0
2026-08-12,S003,FLR1845,0,2,1,0,0,0,1,176.25
2026-08-12,S004,FLR1845,1,3,3,1,1,0,1,176.25
2026-08-12,S005,FLR1845,0,1,0,1,3,0,1,176.25
2026-08-12,S006,FLR1845,0,4,3,0,2,0,1,176.25
2026-08-12,S007,FLR1845,0,2,2,3,0,0,0,0.0
2026-08-12,S008,FLR1845,0,1,0,1,0,0,1,176.25
2026-08-12,S009,FLR1845,0,5,4,0,1,0,1,176.25
2026-08-12,S010,FLR1845,0,0,0,0,3,0,0,0.0
2026-08-12,S001,FLR1846,0,8,7,3,3,0,1,170.42
2026-08-12,S002,FLR1846,1,0,0,2,2,0,1,170.42
2026-08-12,S003,FLR1846,0,6,4,3,0,0,2,340.84
2026-08-12,S004,FLR1846,0,0,0,0,2,0,0,0.0
2026-08-12,S005,FLR1846,0,0,0,0,1,0,0,0.0
2026-08-12,S006,FLR1846,1,5,5,1,3,0,1,170.42
2026-08-12,S007,FLR1846,1,7,6,0,3,0,2,340.84
2026-08-12,S008,FLR1846,0,0,0,2,3,0,0,0.0
2026-08-12,S009,FLR1846,1,13,11,2,1,0,3,511.26
2026-08-12,S010,FLR1846,1,0,1,0,2,0,0,0.0
2026-08-12,S001,FLR1847,0,1,1,0,2,1,0,0.0
2026-08-12,S002,FLR1847,3,9,8,2,1,0,4,405.76
2026-08-12,S003,FLR1847,1,4,3,3,0,0,2,202.88
2026-08-12,S004,FLR1847,0,2,1,1,0,0,1,101.44
2026-08-12,S005,FLR1847,0,8,6,2,1,0,2,202.88
2026-08-12,S006,FLR1847,0,10,7,2,2,0,3,304.32
2026-08-12,S007,FLR1847,1,1,2,0,3,0,0,0.0
2026-08-12,S008,FLR1847,0,4,3,3,3,0,1,101.44
2026-08-12,S009,FLR1847,0,4,3,2,3,0,1,101.44
2026-08-12,S010,FLR1847,1,3,3,0,0,0,1,101.44
2026-08-12,S001,FLR1848,0,0,0,3,1,0,0,0.0
2026-08-12,S002,FLR1848,1,1,1,1,1,0,1,131.97
2026-08-12,S003,FLR1848,0,2,2,1,2,0,0,0.0
2026-08-12,S004,FLR1848,1,0,1,2,2,0,0,0.0
2026-08-12,S005,FLR1848,0,0,0,3,0,0,0,0.0
2026-08-12,S006,FLR1848,0,2,0,2,1,1,2,263.94
2026-08-12,S007,FLR1848,1,0,1,2,1,0,0,0.0
2026-08-12,S008,FLR1848,2,0,0,1,0,1,2,263.94
2026-08-12,S009,FLR1848,0,0,0,0,1,0,0,0.0
2026-08-12,S010,FLR1848,1,1,0,0,0,0,2,263.94
2026-08-12,S001,FLR1849,0,3,3,1,1,0,0,0.0
2026-08-12,S002,FLR1849,0,2,1,2,2,0,1,181.52
2026-08-12,S003,FLR1849,1,6,5,3,3,0,2,363.04
2026-08-12,S004,FLR1849,1,6,5,0,2,0,2,363.04
2026-08-12,S005,FLR1849,0,0,0,0,2,0,0,0.0
2026-08-12,S006,FLR1849,1,2,2,3,1,0,1,181.52
2026-08-12,S007,FLR1849,1,12,9,3,3,0,4,726.08
2026-08-12,S008,FLR1849,0,3,3,0,0,0,0,0.0
2026-08-12,S009,FLR1849,1,1,2,1,0,0,0,0.0
2026-08-12,S010,FLR1849,0,0,0,1,1,0,0,0.0
2026-08-12,S001,FLR1850,0,2,2,3,0,0,0,0.0
2026-08-12,S002,FLR1850,1,3,2,3,1,0,2,357.74
2026-08-12,S003,FLR1850,1,1,1,0,0,0,1,178.87
2026-08-12,S004,FLR1850,0,0,0,1,2,0,0,0.0
2026-08-12,S005,FLR1850,2,0,0,1,0,0,2,357.74
2026-08-12,S006,FLR1850,0,3,3,3,3,0,0,0.0
2026-08-12,S007,FLR1850,0,2,2,2,3,0,0,0.0
2026-08-12,S008,FLR1850,2,2,2,0,1,0,2,357.74
2026-08-12,S009,FLR1850,1,0,0,0,2,0,1,178.87
2026-08-12,S010,FLR1850,1,0,1,0,1,0,0,0.0
2026-08-12,S001,FLR1851,0,2,1,1,2,0,1,107.3
2026-08-12,S002,FLR1851,3,14,12,2,3,0,5,536.5
2026-08-12,S003,FLR1851,1,0,0,3,3,0,1,107.3
2026-08-12,S004,FLR1851,1,1,0,3,1,0,2,214.6
2026-08-12,S005,FLR1851,0,0,0,2,2,0,0,0.0
2026-08-12,S006,FLR1851,0,2,1,0,3,0,1,107.3
2026-08-12,S007,FLR1851,1,2,2,1,1,0,1,107.3
2026-08-12,S008,FLR1851,1,2,2,3,0,0,1,107.3
2026-08-12,S009,FLR1851,0,0,0,0,0,0,0,0.0
2026-08-12,S010,FLR1851,0,0,0,1,1,0,0,0.0
2026-08-12,S001,FLR1852,0,0,0,1,0,0,0,0.0
2026-08-12,S002,FLR1852,2,6,6,3,1,0,2,149.7
2026-08-12,S003,FLR1852,1,3,3,0,3,0,1,74.85
2026-08-12,S004,FLR1852,1,1,1,3,1,0,1,74.85
2026-08-12,S005,FLR1852,0,1,1,3,3,0,0,0.0
2026-08-12,S006,FLR1852,1,7,6,2,3,0,2,149.7
2026-08-12,S007,FLR1852,1,0,0,3,0,0,1,74.85
2026-08-12,S008,FLR1852,2,10,8,1,3,0,4,299.4
2026-08-12,S009,FLR1852,1,3,3,1,0,0,1,74.85
2026-08-12,S010,FLR1852,0,6,5,3,2,0,1,74.85
2026-08-12,S001,FLR1853,0,1,0,3,2,0,1,198.02
2026-08-12,S002,FLR1853,0,0,0,0,3,0,0,0.0
2026-08-12,S003,FLR1853,1,0,0,0,2,0,1,198.02
2026-08-12,S004,FLR1853,0,0,0,2,3,0,0,0.0
2026-08-12,S005,FLR1853,0,1,0,1,3,0,1,198.02
2026-08-12,S006,FLR1853,1,3,2,3,1,0,2,396.04
2026-08-12,S007,FLR1853,1,2,2,0,1,0,1,198.02
2026-08-12,S008,FLR1853,0,0,0,1,2,0,0,0.0
2026-08-12,S009,FLR1853,1,0,1,3,3,0,0,0.0
2026-08-12,S010,FLR1853,1,0,1,2,1,0,0,0.0
2026-08-12,S001,FLR1854,0,8,7,0,2,0,1,136.7
2026-08-12,S002,FLR1854,1,3,3,1,0,0,1,136.7
2026-08-12,S003,FLR1854,0,0,0,0,0,0,0,0.0
2026-08-12,S004,FLR1854,1,9,6,0,3,0,4,546.8
2026-08-12,S005,FLR1854,0,6,4,0,3,0,2,273.4
2026-08-12,S006,FLR1854,0,8,5,3,2,0,3,410.1
2026-08-12,S007,FLR1854,0,2,0,1,3,0,2,273.4
2026-08-12,S008,FLR1854,2,4,4,2,2,1,2,273.4
2026-08-12,S009,FLR1854,0,3,2,2,2,0,1,136.7
2026-08-12,S010,FLR1854,1,3,3,0,0,0,1,136.7
2026-08-12,S001,FLR1855,1,0,0,2,2,0,1,68.98
2026-08-12,S002,FLR1855,1,0,0,1,2,0,1,68.98
2026-08-12,S003,FLR1855,1,1,1,2,1,0,1,68.98
2026-08-12,S004,FLR1855,0,2,1,0,0,0,1,68.98
2026-08-12,S005,FLR1855,1,0,1,3,2,0,0,0.0
2026-08-12,S006,FLR1855,1,0,1,2,2,0,0,0.0
2026-08-12,S007,FLR1855,0,3,3,2,3,0,0,0.0
2026-08-12,S008,FLR1855,1,5,5,3,3,0,1,68.98
2026-08-12,S009,FLR1855,0,0,0,0,0,0,0,0.0
2026-08-12,S010,FLR1855,0,2,1,2,3,0,1,68.98
2026-08-12,S001,FLR1856,0,0,0,1,2,0,0,0.0
2026-08-12,S002,FLR1856,1,1,2,1,1,0,0,0.0
2026-08-12,S003,FLR1856,0,0,0,1,1,0,0,0.0
2026-08-12,S004,FLR1856,1,0,0,0,1,0,1,48.16
2026-08-12,S005,FLR1856,0,2,1,2,1,0,1,48.16
2026-08-12,S006,FLR1856,1,5,4,2,0,0,2,96.32
2026-08-12,S007,FLR1856,1,0,1,2,3,0,0,0.0
2026-08-12,S008,FLR1856,2,8,7,3,1,0,3,144.48
2026-08-12,S009,FLR1856,0,0,0,0,1,0,0,0.0
2026-08-12,S010,FLR1856,0,0,0,0,0,0,0,0.0
2026-08-12,S001,FLR1857,0,0,0,0,2,0,0,0.0
2026-08-12,S002,FLR1857,1,3,3,2,0,0,1,149.33
2026-08-12,S003,FLR1857,1,0,1,2,2,0,0,0.0
2026-08-12,S004,FLR1857,1,2,3,1,0,0,0,0.0
2026-08-12,S005,FLR1857,0,4,3,3,1,0,1,149.33
2026-08-12,S006,FLR1857,1,2,3,1,3,0,0,0.0
2026-08-12,S007,FLR1857,1,7,6,0,3,0,2,298.66
2026-08-12,S008,FLR1857,1,5,5,2,2,0,1,149.33
2026-08-12,S009,FLR1857,1,0,1,3,3,0,0,0.0
2026-08-12,S010,FLR1857,1,1,2,0,2,0,0,0.0
2026-08-12,S001,FLR1858,1,3,3,1,0,0,1,131.93
2026-08-12,S002,FLR1858,0,2,1,1,0,0,1,131.93
2026-08-12,S003,FLR1858,1,4,4,3,0,0,1,131.93
2026-08-12,S004,FLR1858,0,0,0,0,0,0,0,0.0
2026-08-12,S005,FLR1858,0,0,0,2,1,0,0,0.0
2026-08-12,S006,FLR1858,2,6,6,2,1,0,2,263.86
2026-08-12,S007,FLR1858,0,2,0,3,0,0,2,263.86
2026-08-12,S008,FLR1858,0,3,3,1,1,0,0,0.0
2026-08-12,S009,FLR1858,0,4,3,2,3,0,1,131.93
2026-08-12,S010,FLR1858,0,6,5,1,0,0,1,131.93
2026-08-12,S001,FLR1859,0,3,3,0,2,0,0,0.0
2026-08-12,S002,FLR1859,0,1,0,0,3,0,1,55.38
2026-08-12,S003,FLR1859,0,6,4,2,3,0,2,110.76
2026-08-12,S004,FLR1859,0,2,1,2,3,0,1,55.38
2026-08-12,S005,FLR1859,0,13,10,1,1,0,3,166.14
2026-08-12,S006,FLR1859,1,2,3,2,3,0,0,0.0
2026-08-12,S007,FLR1859,1,4,5,0,1,0,0,0.0
2026-08-12,S008,FLR1859,1,3,3,0,0,0,1,55.38
2026-08-12,S009,FLR1859,2,6,6,1,3,0,2,110.76
2026-08-12,S010,FLR1859,0,2,2,0,3,0,0,0.0
2026-08-12,S001,FLR1860,0,0,0,2,2,0,0,0.0
2026-08-12,S002,FLR1860,0,5,4,1,2,0,1,136.2
2026-08-12,S003,FLR1860,0,0,0,3,0,0,0,0.0
2026-08-12,S004,FLR1860,0,2,1,3,2,0,1,136.2
2026-08-12,S005,FLR1860,0,0,0,0,0,0,0,0.0
2026-08-12,S006,FLR1860,0,4,2,1,2,0,2,272.4
2026-08-12,S007,FLR1860,1,1,2,1,2,0,0,0.0
2026-08-12,S008,FLR1860,1,2,2,2,2,0,1,136.2
2026-08-12,S009,FLR1860,1,1,2,0,3,0,0,0.0
2026-08-12,S010,FLR1860,1,0,1,0,1,0,0,0.0
2026-08-12,S001,FLR1861,0,0,0,0,0,0,0,0.0
2026-08-12,S002,FLR1861,0,0,0,3,0,0,0,0.0
2026-08-12,S003,FLR1861,1,2,2,2,2,0,1,148.29
2026-08-12,S004,FLR1861,1,0,0,1,2,0,1,148.29
2026-08-12,S005,FLR1861,1,0,0,0,1,0,1,148.29
2026-08-12,S006,FLR1861,1,4,3,2,2,0,2,296.58
2026-08-12,S007,FLR1861,2,3,3,0,3,0,2,296.58
2026-08-12,S008,FLR1861,0,0,0,1,0,0,0,0.0
2026-08-12,S009,FLR1861,0,0,0,3,3,0,0,0.0
2026-08-12,S010,FLR1861,1,0,0,0,0,0,1,148.29
2026-08-12,S001,FLR1862,0,4,3,2,0,0,1,100.6
2026-08-12,S002,FLR1862,1,3,2,3,1,1,2,201.2
2026-08-12,S003,FLR1862,0,1,0,1,0,0,1,100.6
2026-08-12,S004,FLR1862,0,1,0,0,3,0,1,100.6
2026-08-12,S005,FLR1862,1,2,2,3,1,0,1,100.6
2026-08-12,S006,FLR1862,0,6,4,3,2,0,2,201.2
2026-08-12,S007,FLR1862,2,2,2,2,1,0,2,201.2
2026-08-12,S008,FLR1862,1,5,4,2,0,0,2,201.2
2026-08-12,S009,FLR1862,1,0,0,2,0,0,1,100.6
2026-08-12,S010,FLR1862,0,0,0,2,1,0,0,0.0
2026-08-12,S001,FLR1863,0,2,2,3,1,0,0,0.0
2026-08-12,S002,FLR1863,0,0,0,2,2,0,0,0.0
2026-08-12,S003,FLR1863,0,0,0,1,0,0,0,0.0
2026-08-12,S004,FLR1863,0,0,0,1,1,0,0,0.0
2026-08-12,S005,FLR1863,0,1,1,1,0,0,0,0.0
2026-08-12,S006,FLR1863,0,0,0,1,0,0,0,0.0
2026-08-12,S007,FLR1863,0,1,0,3,1,0,1,111.27
2026-08-12,S008,FLR1863,0,0,0,2,2,0,0,0.0
2026-08-12,S009,FLR1863,2,10,8,3,0,1,4,445.08
2026-08-12,S010,FLR1863,0,2,1,0,0,0,1,111.27
2026-08-12,S001,FLR1864,0,0,0,2,2,0,0,0.0
2026-08-12,S002,FLR1864,0,16,11,2,1,0,5,501.65
2026-08-12,S003,FLR1864,0,3,2,0,1,0,1,100.33
2026-08-12,S004,FLR1864,1,1,2,3,2,0,0,0.0
2026-08-12,S005,FLR1864,1,0,0,0,0,0,1,100.33
2026-08-12,S006,FLR1864,0,9,7,1,3,0,2,200.66
2026-08-12,S007,FLR1864,0,7,6,3,0,0,1,100.33
2026-08-12,S008,FLR1864,1,12,10,3,1,0,3,300.99
2026-08-12,S009,FLR1864,1,1,2,2,1,0,0,0.0
2026-08-12,S010,FLR1864,0,4,4,2,1,0,0,0.0
2026-08-12,S001,FLR1865,1,7,6,3,2,0,2,321.42
2026-08-12,S002,FLR1865,0,4,3,2,0,0,1,160.71
2026-08-12,S003,FLR1865,0,0,0,0,0,0,0,0.0
2026-08-12,S004,FLR1865,1,1,2,3,1,0,0,0.0
2026-08-12,S005,FLR1865,0,0,0,3,3,0,0,0.0
2026-08-12,S006,FLR1865,1,1,1,0,1,0,1,160.71
2026-08-12,S007,FLR1865,1,1,2,0,3,0,0,0.0
2026-08-12,S008,FLR1865,0,2,2,2,2,0,0,0.0
2026-08-12,S009,FLR1865,1,0,0,1,1,0,1,160.71
2026-08-12,S010,FLR1865,0,1,0,0,2,0,1,160.71
2026-08-12,S001,FLR1866,1,2,2,0,1,0,1,187.05
2026-08-12,S002,FLR1866,1,1,2,3,0,0,0,0.0
2026-08-12,S003,FLR1866,0,1,1,2,0,0,0,0.0
2026-08-12,S004,FLR1866,0,5,4,0,1,0,1,187.05
2026-08-12,S005,FLR1866,0,6,5,0,2,0,1,187.05
2026-08-12,S006,FLR1866,0,2,1,3,3,0,1,187.05
2026-08-12,S007,FLR1866,1,6,5,3,1,0,2,374.1
2026-08-12,S008,FLR1866,1,1,1,3,0,0,1,187.05
2026-08-12,S009,FLR1866,2,8,7,1,3,0,3,561.15
2026-08-12,S010,FLR1866,1,0,0,0,2,0,1,187.05
2026-08-12,S001,FLR1867,0,0,0,2,3,0,0,0.0
2026-08-12,S002,FLR1867,2,1,1,1,1,0,2,248.56
2026-08-12,S003,FLR1867,1,1,1,0,1,0,1,124.28
2026-08-12,S004,FLR1867,0,0,0,0,2,0,0,0.0
2026-08-12,S005,FLR1867,0,0,0,0,0,0,0,0.0
2026-08-12,S006,FLR1867,1,10,8,1,2,0,3,372.84
2026-08-12,S007,FLR1867,0,7,6,1,0,0,1,124.28
2026-08-12,S008,FLR1867,1,6,5,1,2,0,2,248.56
2026-08-12,S009,FLR1867,0,1,1,3,2,0,0,0.0
2026-08-12,S010,FLR1867,0,1,1,1,2,0,0,0.0
2026-08-12,S001,FLR1868,0,0,0,0,1,0,0,0.0
2026-08-12,S002,FLR1868,2,4,4,2,3,0,2,231.3
2026-08-12,S003,FLR1868,0,2,1,1,3,0,1,115.65
2026-08-12,S004,FLR1868,2,5,5,1,2,0,2,231.3
2026-08-12,S005,FLR1868,0,3,3,2,3,0,0,0.0
2026-08-12,S006,FLR1868,3,10,9,2,2,0,4,462.6
2026-08-12,S007,FLR1868,0,2,2,3,2,0,0,0.0
2026-08-12,S008,FLR1868,2,8,7,2,0,0,3,346.95
2026-08-12,S009,FLR1868,0,9,7,3,3,0,2,231.3
2026-08-12,S010,FLR1868,0,1,0,0,0,0,1,115.65
2026-08-12,S001,FLR1869,1,2,3,2,2,0,0,0.0
2026-08-12,S002,FLR1869,1,12,9,0,0,0,4,603.6
2026-08-12,S003,FLR1869,0,2,2,0,1,0,0,0.0
2026-08-12,S004,FLR1869,1,1,1,2,2,0,1,150.9
2026-08-12,S005,FLR1869,1,0,0,2,3,0,1,150.9
2026-08-12,S006,FLR1869,0,3,3,3,3,0,0,0.0
2026-08-12,S007,FLR1869,1,0,1,2,0,0,0,0.0
2026-08-12,S008,FLR1869,2,10,8,2,1,0,4,603.6
2026-08-12,S009,FLR1869,0,5,4,3,2,0,1,150.9
2026-08-12,S010,FLR1869,0,1,1,3,2,0,0,0.0
2026-08-12,S001,FLR1870,1,9,7,3,1,0,3,239.67
2026-08-12,S002,FLR1870,1,3,3,2,3,0,1,79.89
2026-08-12,S003,FLR1870,0,0,0,3,0,0,0,0.0
2026-08-12,S004,FLR1870,0,3,2,1,3,0,1,79.89
2026-08-12,S005,FLR1870,0,2,2,2,3,0,0,0.0
2026-08-12,S006,FLR1870,0,0,0,0,1,0,0,0.0
2026-08-12,S007,FLR1870,0,0,0,3,1,0,0,0.0
2026-08-12,S008,FLR1870,0,4,3,3,3,0,1,79.89
2026-08-12,S009,FLR1870,0,1,0,0,0,0,1,79.89
2026-08-12,S010,FLR1870,1,1,1,3,2,0,1,79.89
2026-08-12,S001,FLR1871,0,1,1,3,0,0,0,0.0
2026-08-12,S002,FLR1871,1,3,4,1,1,0,0,0.0
2026-08-12,S003,FLR1871,0,0,0,2,1,0,0,0.0
2026-08-12,S004,FLR1871,0,1,0,0,0,0,1,161.35
2026-08-12,S005,FLR1871,2,4,4,2,3,0,2,322.7
2026-08-12,S006,FLR1871,0,1,1,1,1,0,0,0.0
2026-08-12,S007,FLR1871,1,4,4,0,3,0,1,161.35
2026-08-12,S008,FLR1871,0,2,2,2,0,0,0,0.0
2026-08-12,S009,FLR1871,0,3,2,0,0,0,1,161.35
2026-08-12,S010,FLR1871,1,2,1,0,0,0,2,322.7
2026-08-12,S001,FLR1872,1,4,4,2,2,0,1,50.38
2026-08-12,S002,FLR1872,1,1,2,0,1,0,0,0.0
2026-08-12,S003,FLR1872,2,12,10,0,0,0,4,201.52
2026-08-12,S004,FLR1872,0,2,1,1,2,0,1,50.38
2026-08-12,S005,FLR1872,1,0,0,0,0,0,1,50.38
2026-08-12,S006,FLR1872,1,2,2,3,2,0,1,50.38
2026-08-12,S007,FLR1872,0,4,3,1,2,0,1,50.38
2026-08-12,S008,FLR1872,0,11,8,3,0,0,3,151.14
2026-08-12,S009,FLR1872,0,1,1,2,1,0,0,0.0
2026-08-12,S010,FLR1872,0,2,2,2,2,0,0,0.0
2026-08-12,S001,FLR1873,0,2,2,3,2,0,0,0.0
2026-08-12,S002,FLR1873,1,1,1,2,2,0,1,104.38
2026-08-12,S003,FLR1873,1,0,0,2,1,0,1,104.38
2026-08-12,S004,FLR1873,0,5,5,0,0,0,0,0.0
2026-08-12,S005,FLR1873,1,2,3,0,3,0,0,0.0
2026-08-12,S006,FLR1873,2,4,4,2,1,0,2,208.76
2026-08-12,S007,FLR1873,1,0,1,0,2,0,0,0.0
2026-08-12,S008,FLR1873,1,0,0,0,3,0,1,104.38
2026-08-12,S009,FLR1873,0,1,0,1,2,0,1,104.38
2026-08-12,S010,FLR1873,1,5,4,2,2,0,2,208.76
2026-08-12,S001,FLR1874,0,1,0,1,2,0,1,117.06
2026-08-12,S002,FLR1874,0,1,0,2,3,0,1,117.06
2026-08-12,S003,FLR1874,1,5,4,0,1,0,2,234.12
2026-08-12,S004,FLR1874,0,0,0,2,3,0,0,0.0
2026-08-12,S005,FLR1874,0,0,0,3,0,0,0,0.0
2026-08-12,S006,FLR1874,0,4,4,0,3,0,0,0.0
2026-08-12,S007,FLR1874,0,2,2,2,3,0,0,0.0
2026-08-12,S008,FLR1874,1,1,2,3,0,0,0,0.0
2026-08-12,S009,FLR1874,0,4,3,3,1,0,1,117.06
2026-08-12,S010,FLR1874,1,1,2,3,1,0,0,0.0
2026-08-12,S001,FLR1875,1,0,0,0,3,0,1,58.6
2026-08-12,S002,FLR1875,1,4,3,0,2,0,2,117.2
2026-08-12,S003,FLR1875,1,0,1,2,0,0,0,0.0
2026-08-12,S004,FLR1875,1,3,3,2,3,0,1,58.6
2026-08-12,S005,FLR1875,0,1,0,2,2,0,1,58.6
2026-08-12,S006,FLR1875,0,1,0,2,1,0,1,58.6
2026-08-12,S007,FLR1875,0,1,1,2,0,0,0,0.0
2026-08-12,S008,FLR1875,0,4,2,2,3,0,2,117.2
2026-08-12,S009,FLR1875,0,1,1,2,1,0,0,0.0
2026-08-12,S010,FLR1875,0,3,2,0,2,0,1,58.6
2026-08-12,S001,FLR1876,1,5,5,0,1,0,1,185.21
2026-08-12,S002,FLR1876,0,1,0,1,0,0,1,185.21
2026-08-12,S003,FLR1876,1,2,1,1,2,0,2,370.42
2026-08-12,S004,FLR1876,2,4,4,2,2,0,2,370.42
2026-08-12,S005,FLR1876,0,2,2,1,1,0,0,0.0
2026-08-12,S006,FLR1876,1,6,5,2,0,0,2,370.42
2026-08-12,S007,FLR1876,1,0,0,3,1,0,1,185.21
2026-08-12,S008,FLR1876,1,1,2,2,0,0,0,0.0
2026-08-12,S009,FLR1876,0,0,0,0,1,0,0,0.0
2026-08-12,S010,FLR1876,0,0,0,2,2,0,0,0.0
2026-08-12,S001,FLR1877,1,4,3,0,0,0,2,348.34
2026-08-12,S002,FLR1877,0,0,0,0,3,0,0,0.0
2026-08-12,S003,FLR1877,0,1,0,0,0,0,1,174.17
2026-08-12,S004,FLR1877,0,0,0,3,1,0,0,0.0
2026-08-12,S005,FLR1877,0,0,0,3,3,0,0,0.0
2026-08-12,S006,FLR1877,1,0,0,0,2,0,1,174.17
2026-08-12,S007,FLR1877,1,3,3,2,0,0,1,174.17
2026-08-12,S008,FLR1877,1,6,6,2,1,0,1,174.17
2026-08-12,S009,FLR1877,1,0,0,2,0,0,1,174.17
2026-08-12,S010,FLR1877,0,1,1,2,0,0,0,0.0
2026-08-12,S001,FLR1878,0,2,2,2,1,0,0,0.0
2026-08-12,S002,FLR1878,1,1,1,2,1,0,1,144.93
2026-08-12,S003,FLR1878,0,0,0,3,1,0,0,0.0
2026-08-12,S004,FLR1878,1,0,1,1,2,0,0,0.0
2026-08-12,S005,FLR1878,0,0,0,3,0,0,0,0.0
2026-08-12,S006,FLR1878,0,1,1,1,3,0,0,0.0
2026-08-12,S007,FLR1878,0,8,7,2,3,0,1,144.93
2026-08-12,S008,FLR1878,1,3,3,0,2,0,1,144.93
2026-08-12,S009,FLR1878,1,0,0,1,3,0,1,144.93
2026-08-12,S010,FLR1878,0,3,2,1,2,0,1,144.93
2026-08-12,S001,FLR1879,1,2,2,3,0,0,1,110.75
2026-08-12,S002,FLR1879,1,3,4,3,3,0,0,0.0
2026-08-12,S003,FLR1879,0,4,3,2,1,0,1,110.75
2026-08-12,S004,FLR1879,0,1,0,3,1,0,1,110.75
2026-08-12,S005,FLR1879,0,0,0,2,3,0,0,0.0
2026-08-12,S006,FLR1879,0,3,2,1,0,0,1,110.75
2026-08-12,S007,FLR1879,0,2,2,2,1,0,0,0.0
2026-08-12,S008,FLR1879,2,9,8,2,3,0,3,332.25
2026-08-12,S009,FLR1879,0,5,4,3,0,0,1,110.75
2026-08-12,S010,FLR1879,2,3,3,3,3,0,2,221.5
2026-08-12,S001,FLR1880,1,3,3,0,1,0,1,163.4
2026-08-12,S002,FLR1880,0,1,0,2,1,0,1,163.4
2026-08-12,S003,FLR1880,0,3,1,3,3,0,2,326.8
2026-08-12,S004,FLR1880,2,4,4,1,0,0,2,326.8
2026-08-12,S005,FLR1880,0,0,0,0,3,0,0,0.0
2026-08-12,S006,FLR1880,0,3,2,3,1,0,1,163.4
2026-08-12,S007,FLR1880,1,1,1,2,2,0,1,163.4
2026-08-12,S008,FLR1880,0,0,0,1,3,0,0,0.0
2026-08-12,S009,FLR1880,0,4,3,1,1,0,1,163.4
2026-08-12,S010,FLR1880,1,4,4,0,2,0,1,163.4
2026-08-12,S001,PEN1881,1,2,3,0,1,0,0,0.0
2026-08-12,S002,PEN1881,0,3,3,2,3,0,0,0.0
2026-08-12,S003,PEN1881,1,0,0,1,0,0,1,248.68
2026-08-12,S004,PEN1881,0,1,0,1,1,0,1,248.68
2026-08-12,S005,PEN1881,0,0,0,0,3,0,0,0.0
2026-08-12,S006,PEN1881,2,4,4,3,1,0,2,497.36
2026-08-12,S007,PEN1881,1,1,0,2,1,0,2,497.36
2026-08-12,S008,PEN1881,0,2,2,1,1,0,0,0.0
2026-08-12,S009,PEN1881,1,2,2,3,2,0,1,248.68
2026-08-12,S010,PEN1881,0,0,0,0,0,0,0,0.0
2026-08-12,S001,PEN1882,0,0,0,1,0,0,0,0.0
2026-08-12,S002,PEN1882,1,14,11,0,3,0,4,846.6
2026-08-12,S003,PEN1882,0,4,3,0,1,0,1,211.65
2026-08-12,S004,PEN1882,0,0,0,0,1,0,0,0.0
2026-08-12,S005,PEN1882,0,4,4,3,0,0,0,0.0
2026-08-12,S006,PEN1882,2,4,4,1,0,0,2,423.3
2026-08-12,S007,PEN1882,1,2,2,1,3,0,1,211.65
2026-08-12,S008,PEN1882,2,6,6,2,1,0,2,423.3
2026-08-12,S009,PEN1882,0,11,8,2,2,0,3,634.95
2026-08-12,S010,PEN1882,0,0,0,3,2,0,0,0.0
2026-08-12,S001,PEN1883,1,5,5,3,2,0,1,158.25
2026-08-12,S002,PEN1883,1,2,2,2,1,0,1,158.25
2026-08-12,S003,PEN1883,0,0,0,0,1,0,0,0.0
2026-08-12,S004,PEN1883,0,3,3,2,3,0,0,0.0
2026-08-12,S005,PEN1883,1,5,5,2,3,0,1,158.25
2026-08-12,S006,PEN1883,0,1,0,2,0,1,1,158.25
2026-08-12,S007,PEN1883,0,1,0,2,1,0,1,158.25
2026-08-12,S008,PEN1883,0,4,3,3,3,0,1,158.25
2026-08-12,S009,PEN1883,1,0,0,2,3,0,1,158.25
2026-08-12,S010,PEN1883,0,0,0,1,3,0,0,0.0
2026-08-12,S001,PEN1884,0,2,2,2,0,0,0,0.0
2026-08-12,S002,PEN1884,1,0,1,2,0,0,0,0.0
2026-08-12,S003,PEN1884,1,0,0,1,3,0,1,190.55
2026-08-12,S004,PEN1884,1,0,0,1,2,0,1,190.55
2026-08-12,S005,PEN1884,1,0,0,3,0,0,1,190.55
2026-08-12,S006,PEN1884,0,0,0,1,2,0,0,0.0
2026-08-12,S007,PEN1884,0,6,4,3,2,0,2,381.1
2026-08-12,S008,PEN1884,0,1,0,1,2,0,1,190.55
2026-08-12,S009,PEN1884,0,0,0,3,0,0,0,0.0
2026-08-12,S010,PEN1884,0,2,1,3,0,0,1,190.55
2026-08-12,S001,PEN1885,1,1,2,1,3,0,0,0.0
2026-08-12,S002,PEN1885,1,0,0,0,0,0,1,147.14
2026-08-12,S003,PEN1885,0,0,0,3,1,0,0,0.0
2026-08-12,S004,PEN1885,0,0,0,3,1,0,0,0.0
2026-08-12,S005,PEN1885,0,0,0,0,1,0,0,0.0
2026-08-12,S006,PEN1885,0,0,0,3,0,0,0,0.0
2026-08-12,S007,PEN1885,0,6,4,0,2,0,2,294.28
2026-08-12,S008,PEN1885,1,4,2,2,2,0,3,441.42
2026-08-12,S009,PEN1885,2,3,3,0,2,0,2,294.28
2026-08-12,S010,PEN1885,0,0,0,3,1,0,0,0.0
2026-08-12,S001,PEN1886,0,1,1,3,2,0,0,0.0
2026-08-12,S002,PEN1886,1,0,1,0,1,0,0,0.0
2026-08-12,S003,PEN1886,0,2,2,2,3,0,0,0.0
2026-08-12,S004,PEN1886,0,4,4,1,3,0,0,0.0
2026-08-12,S005,PEN1886,0,4,3,2,2,0,1,164.41
2026-08-12,S006,PEN1886,1,4,4,2,2,0,1,164.41
2026-08-12,S007,PEN1886,2,4,4,1,3,0,2,328.82
2026-08-12,S008,PEN1886,1,8,6,2,0,0,3,493.23
2026-08-12,S009,PEN1886,1,0,1,1,0,0,0,0.0
2026-08-12,S010,PEN1886,0,2,1,2,2,0,1,164.41
2026-08-12,S001,PEN1887,1,0,1,2,2,0,0,0.0
2026-08-12,S002,PEN1887,0,4,3,1,3,0,1,284.49
2026-08-12,S003,PEN1887,1,1,1,1,0,0,1,284.49
2026-08-12,S004,PEN1887,1,0,1,0,3,0,0,0.0
2026-08-12,S005,PEN1887,1,8,8,2,1,0,1,284.49
2026-08-12,S006,PEN1887,2,7,6,2,0,0,3,853.47
2026-08-12,S007,PEN1887,1,5,4,3,3,0,2,568.98
2026-08-12,S008,PEN1887,1,4,3,1,2,0,2,568.98
2026-08-12,S009,PEN1887,1,5,4,0,2,0,2,568.98
2026-08-12,S010,PEN1887,0,1,1,0,3,0,0,0.0
2026-08-12,S001,PEN1888,0,3,2,3,1,0,1,71.3
2026-08-12,S002,PEN1888,2,6,6,1,3,0,2,142.6
2026-08-12,S003,PEN1888,1,1,0,0,1,0,2,142.6
2026-08-12,S004,PEN1888,1,0,1,0,2,0,0,0.0
2026-08-12,S005,PEN1888,2,8,7,1,2,0,3,213.9
2026-08-12,S006,PEN1888,0,13,11,2,0,0,2,142.6
2026-08-12,S007,PEN1888,0,2,2,0,1,0,0,0.0
2026-08-12,S008,PEN1888,1,0,0,3,3,0,1,71.3
2026-08-12,S009,PEN1888,2,5,4,0,1,0,3,213.9
2026-08-12,S010,PEN1888,1,1,2,2,0,0,0,0.0
2026-08-12,S001,PEN1889,0,0,0,2,3,0,0,0.0
2026-08-12,S002,PEN1889,1,1,2,1,3,0,0,0.0
2026-08-12,S003,PEN1889,1,6,4,0,2,0,3,325.5
2026-08-12,S004,PEN1889,0,0,0,2,1,0,0,0.0
2026-08-12,S005,PEN1889,1,3,3,1,0,0,1,108.5
2026-08-12,S006,PEN1889,0,0,0,0,3,0,0,0.0
2026-08-12,S007,PEN1889,0,7,5,3,3,0,2,217.0
2026-08-12,S008,PEN1889,0,0,0,1,2,0,0,0.0
2026-08-12,S009,PEN1889,1,0,1,2,2,0,0,0.0
2026-08-12,S010,PEN1889,1,2,2,2,1,0,1,108.5
2026-08-12,S001,PEN1890,0,11,8,0,1,0,3,466.71
2026-08-12,S002,PEN1890,0,3,3,0,0,0,0,0.0
2026-08-12,S003,PEN1890,0,3,3,3,3,0,0,0.0
2026-08-12,S004,PEN1890,0,6,4,2,0,0,2,311.14
2026-08-12,S005,PEN1890,0,1,0,1,3,0,1,155.57
2026-08-12,S006,PEN1890,0,24,17,2,1,0,7,1088.99
2026-08-12,S007,PEN1890,0,9,6,3,0,0,3,466.71
2026-08-12,S008,PEN1890,3,11,9,0,0,0,5,777.85
2026-08-12,S009,PEN1890,1,3,3,0,3,0,1,155.57
2026-08-12,S010,PEN1890,1,0,1,0,3,0,0,0.0
2026-08-12,S001,PEN1891,0,0,0,2,0,0,0,0.0
2026-08-12,S002,PEN1891,0,0,0,1,0,0,0,0.0
2026-08-12,S003,PEN1891,0,1,0,1,2,0,1,92.73
2026-08-12,S004,PEN1891,0,0,0,1,0,0,0,0.0
2026-08-12,S005,PEN1891,0,0,0,3,2,0,0,0.0
2026-08-12,S006,PEN1891,1,2,3,1,2,0,0,0.0
2026-08-12,S007,PEN1891,0,0,0,0,2,0,0,0.0
2026-08-12,S008,PEN1891,0,0,0,1,3,0,0,0.0
2026-08-12,S009,PEN1891,0,0,0,3,3,0,0,0.0
2026-08-12,S010,PEN1891,2,3,3,0,2,0,2,185.46
2026-08-12,S001,PEN1892,2,7,7,2,2,0,2,179.92
2026-08-12,S002,PEN1892,0,5,5,3,3,0,0,0.0
2026-08-12,S003,PEN1892,0,3,3,0,2,0,0,0.0
2026-08-12,S004,PEN1892,1,1,1,2,3,0,1,89.96
2026-08-12,S005,PEN1892,1,5,4,3,0,0,2,179.92
2026-08-12,S006,PEN1892,0,9,6,0,3,0,3,269.88
2026-08-12,S007,PEN1892,0,9,6,2,3,0,3,269.88
2026-08-12,S008,PEN1892,0,5,5,0,1,0,0,0.0
2026-08-12,S009,PEN1892,1,5,5,1,0,0,1,89.96
2026-08-12,S010,PEN1892,0,2,1,3,2,0,1,89.96
2026-08-12,S001,PEN1893,0,0,0,3,3,0,0,0.0
2026-08-12,S002,PEN1893,1,0,0,3,1,0,1,170.55
2026-08-12,S003,PEN1893,0,0,0,3,3,0,0,0.0
2026-08-12,S004,PEN1893,0,3,2,3,1,0,1,170.55
2026-08-12,S005,PEN1893,0,1,1,0,0,0,0,0.0
2026-08-12,S006,PEN1893,0,12,9,0,0,0,3,511.65
2026-08-12,S007,PEN1893,0,4,3,3,1,0,1,170.55
2026-08-12,S008,PEN1893,0,2,0,2,3,0,2,341.1
2026-08-12,S009,PEN1893,1,0,1,0,1,0,0,0.0
2026-08-12,S010,PEN1893,0,0,0,3,1,0,0,0.0
2026-08-12,S001,PEN1894,1,2,3,1,1,0,0,0.0
2026-08-12,S002,PEN1894,2,4,4,3,2,0,2,344.76
2026-08-12,S003,PEN1894,2,0,0,2,3,0,2,344.76
2026-08-12,S004,PEN1894,0,8,5,3,2,0,3,517.14
2026-08-12,S005,PEN1894,0,4,3,0,1,0,1,172.38
2026-08-12,S006,PEN1894,1,0,1,0,3,0,0,0.0
2026-08-12,S007,PEN1894,0,2,2,3,3,0,0,0.0
2026-08-12,S008,PEN1894,0,8,5,1,1,0,3,517.14
2026-08-12,S009,PEN1894,1,1,1,2,1,0,1,172.38
2026-08-12,S010,PEN1894,1,0,0,2,0,0,1,172.38
2026-08-12,S001,PEN1895,0,1,0,2,1,0,1,62.18
2026-08-12,S002,PEN1895,1,1,1,1,3,0,1,62.18
2026-08-12,S003,PEN1895,0,2,1,0,3,0,1,62.18
2026-08-12,S004,PEN1895,2,9,8,0,0,0,3,186.54
2026-08-12,S005,PEN1895,0,1,1,1,1,0,0,0.0
2026-08-12,S006,PEN1895,1,5,5,2,1,0,1,62.18
2026-08-12,S007,PEN1895,0,5,4,0,3,0,1,62.18
2026-08-12,S008,PEN1895,1,1,2,2,3,0,0,0.0
2026-08-12,S009,PEN1895,0,3,2,3,0,0,1,62.18
2026-08-12,S010,PEN1895,0,1,0,3,2,0,1,62.18
2026-08-12,S001,PEN1896,1,1,2,0,3,0,0,0.0
2026-08-12,S002,PEN1896,0,3,3,2,1,0,0,0.0
2026-08-12,S003,PEN1896,1,0,0,1,2,0,1,207.09
2026-08-12,S004,PEN1896,0,1,1,3,2,1,0,0.0
2026-08-12,S005,PEN1896,1,2,1,1,0,0,2,414.18
2026-08-12,S006,PEN1896,0,5,4,3,3,0,1,207.09
2026-08-12,S007,PEN1896,0,1,1,2,2,0,0,0.0
2026-08-12,S008,PEN1896,1,2,2,1,1,0,1,207.09
2026-08-12,S009,PEN1896,1,4,4,2,2,0,1,207.09
2026-08-12,S010,PEN1896,1,1,2,0,2,0,0,0.0
2026-08-12,S001,PEN1897,0,4,3,1,1,0,1,247.4
2026-08-12,S002,PEN1897,0,1,0,0,1,0,1,247.4
2026-08-12,S003,PEN1897,0,1,0,2,1,0,1,247.4
2026-08-12,S004,PEN1897,0,3,2,3,2,0,1,247.4
2026-08-12,S005,PEN1897,1,2,3,1,3,0,0,0.0
2026-08-12,S006,PEN1897,0,0,0,3,0,0,0,0.0
2026-08-12,S007,PEN1897,1,0,1,3,3,0,0,0.0
2026-08-12,S008,PEN1897,1,1,2,2,0,0,0,0.0
2026-08-12,S009,PEN1897,0,0,0,0,1,0,0,0.0
2026-08-12,S010,PEN1897,0,0,0,1,1,0,0,0.0
2026-08-12,S001,PEN1898,0,5,4,1,3,0,1,169.22
2026-08-12,S002,PEN1898,0,0,0,2,1,0,0,0.0
2026-08-12,S003,PEN1898,1,9,8,1,0,0,2,338.44
2026-08-12,S004,PEN1898,0,2,0,2,3,0,2,338.44
2026-08-12,S005,PEN1898,0,3,2,2,0,0,1,169.22
2026-08-12,S006,PEN1898,1,4,4,2,3,0,1,169.22
2026-08-12,S007,PEN1898,2,5,5,3,2,0,2,338.44
2026-08-12,S008,PEN1898,0,3,2,3,1,0,1,169.22
2026-08-12,S009,PEN1898,0,2,1,2,0,0,1,169.22
2026-08-12,S010,PEN1898,0,1,0,1,0,0,1,169.22
2026-08-12,S001,PEN1899,2,5,5,2,2,0,2,224.54
2026-08-12,S002,PEN1899,0,1,0,1,1,0,1,112.27
2026-08-12,S003,PEN1899,0,0,0,1,2,0,0,0.0
2026-08-12,S004,PEN1899,0,1,0,0,1,0,1,112.27
2026-08-12,S005,PEN1899,1,2,2,0,2,0,1,112.27
2026-08-12,S006,PEN1899,1,6,6,3,1,0,1,112.27
2026-08-12,S007,PEN1899,3,11,10,0,0,0,4,449.08
2026-08-12,S008,PEN1899,1,0,0,1,0,0,1,112.27
2026-08-12,S009,PEN1899,1,4,5,3,0,0,0,0.0
2026-08-12,S010,PEN1899,0,5,3,1,0,0,2,224.54
2026-08-12,S001,PEN1900,1,0,0,0,0,0,1,172.28
2026-08-12,S002,PEN1900,0,1,1,2,3,0,0,0.0
2026-08-12,S003,PEN1900,1,6,6,2,0,0,1,172.28
2026-08-12,S004,PEN1900,1,8,7,1,0,0,2,344.56
2026-08-12,S005,PEN1900,1,6,5,1,2,0,2,344.56
2026-08-12,S006,PEN1900,1,17,13,2,2,0,5,861.4
2026-08-12,S007,PEN1900,1,3,3,3,2,0,1,172.28
2026-08-12,S008,PEN1900,0,3,2,2,1,0,1,172.28
2026-08-12,S009,PEN1900,1,11,8,3,3,0,4,689.12
2026-08-12,S010,PEN1900,1,5,5,2,2,0,1,172.28
2026-08-12,S001,PEN1901,2,6,6,3,0,0,2,166.0
2026-08-12,S002,PEN1901,1,1,1,0,2,0,1,83.0
2026-08-12,S003,PEN1901,2,0,0,0,1,0,2,166.0
2026-08-12,S004,PEN1901,2,5,5,0,2,0,2,166.0
2026-08-12,S005,PEN1901,1,11,8,1,2,0,4,332.0
2026-08-12,S006,PEN1901,2,6,5,3,0,0,3,249.0
2026-08-12,S007,PEN1901,1,1,1,2,0,0,1,83.0
2026-08-12,S008,PEN1901,1,3,2,3,3,0,2,166.0
2026-08-12,S009,PEN1901,0,0,0,0,1,0,0,0.0
2026-08-12,S010,PEN1901,1,6,5,1,1,0,2,166.0
2026-08-12,S001,PEN1902,1,1,1,1,3,0,1,175.75
2026-08-12,S002,PEN1902,0,1,0,3,1,0,1,175.75
2026-08-12,S003,PEN1902,1,3,3,2,1,0,1,175.75
2026-08-12,S004,PEN1902,1,1,1,0,1,0,1,175.75
2026-08-12,S005,PEN1902,1,0,1,3,2,0,0,0.0
2026-08-12,S006,PEN1902,1,1,1,0,3,0,1,175.75
2026-08-12,S007,PEN1902,0,1,0,0,1,0,1,175.75
2026-08-12,S008,PEN1902,0,4,3,2,0,0,1,175.75
2026-08-12,S009,PEN1902,0,2,2,0,3,0,0,0.0
2026-08-12,S010,PEN1902,0,2,1,2,3,0,1,175.75
2026-08-12,S001,PEN1903,0,0,0,0,1,0,0,0.0
2026-08-12,S002,PEN1903,1,2,2,3,2,0,1,93.71
2026-08-12,S003,PEN1903,2,4,4,2,2,0,2,187.42
2026-08-12,S004,PEN1903,0,3,3,0,3,1,0,0.0
2026-08-12,S005,PEN1903,0,1,0,3,0,0,1,93.71
2026-08-12,S006,PEN1903,1,6,6,0,2,0,1,93.71
2026-08-12,S007,PEN1903,0,5,3,1,0,0,2,187.42
2026-08-12,S008,PEN1903,0,1,1,3,3,0,0,0.0
2026-08-12,S009,PEN1903,0,7,5,1,0,0,2,187.42
2026-08-12,S010,PEN1903,0,2,1,0,1,0,1,93.71
2026-08-12,S001,PEN1904,1,2,2,2,2,0,1,192.0
2026-08-12,S002,PEN1904,1,2,1,2,1,0,2,384.0
2026-08-12,S003,PEN1904,1,3,2,3,1,0,2,384.0
2026-08-12,S004,PEN1904,0,3,2,0,0,0,1,192.0
2026-08-12,S005,PEN1904,0,1,1,1,1,1,0,0.0
2026-08-12,S006,PEN1904,0,6,5,2,2,0,1,192.0
2026-08-12,S007,PEN1904,0,3,2,1,2,0,1,192.0
2026-08-12,S008,PEN1904,0,1,1,3,2,0,0,0.0
2026-08-12,S009,PEN1904,1,0,1,3,2,0,0,0.0
2026-08-12,S010,PEN1904,0,4,2,3,0,0,2,384.0
2026-08-12,S001,PEN1905,1,4,4,1,1,0,1,124.54
2026-08-12,S002,PEN1905,1,0,1,2,3,1,0,0.0
2026-08-12,S003,PEN1905,1,1,1,0,2,0,1,124.54
2026-08-12,S004,PEN1905,2,7,6,0,1,0,3,373.62
2026-08-12,S005,PEN1905,1,6,6,3,1,0,1,124.54
2026-08-12,S006,PEN1905,1,2,2,2,3,0,1,124.54
2026-08-12,S007,PEN1905,2,5,4,3,3,0,3,373.62
2026-08-12,S008,PEN1905,1,9,8,3,2,0,2,249.08
2026-08-12,S009,PEN1905,0,8,7,3,2,0,1,124.54
2026-08-12,S010,PEN1905,1,0,1,2,3,0,0,0.0
2026-08-12,S001,PEN1906,1,0,0,1,0,0,1,192.13
2026-08-12,S002,PEN1906,0,0,0,1,0,0,0,0.0
2026-08-12,S003,PEN1906,0,2,1,2,0,0,1,192.13
2026-08-12,S004,PEN1906,0,0,0,3,2,0,0,0.0
2026-08-12,S005,PEN1906,0,7,6,3,0,0,1,192.13
2026-08-12,S006,PEN1906,0,4,3,1,0,0,1,192.13
2026-08-12,S007,PEN1906,0,0,0,2,2,0,0,0.0
2026-08-12,S008,PEN1906,0,1,1,1,0,0,0,0.0
2026-08-12,S009,PEN1906,1,4,4,2,3,0,1,192.13
2026-08-12,S010,PEN1906,0,0,0,3,3,0,0,0.0
2026-08-12,S001,PEN1907,0,4,3,2,3,0,1,117.96
2026-08-12,S002,PEN1907,0,3,3,0,0,0,0,0.0
2026-08-12,S003,PEN1907,2,5,5,1,2,0,2,235.92
2026-08-12,S004,PEN1907,0,0,0,3,0,0,0,0.0
2026-08-12,S005,PEN1907,1,5,5,1,0,0,1,117.96
2026-08-12,S006,PEN1907,0,6,4,3,2,0,2,235.92
2026-08-12,S007,PEN1907,0,10,8,2,1,0,2,235.92
2026-08-12,S008,PEN1907,0,3,2,2,2,0,1,117.96
2026-08-12,S009,PEN1907,1,1,2,1,3,0,0,0.0
2026-08-12,S010,PEN1907,0,0,0,3,2,0,0,0.0
2026-08-12,S001,PEN1908,0,7,5,3,2,0,2,225.48
2026-08-12,S002,PEN1908,0,2,1,0,2,0,1,112.74
2026-08-12,S003,PEN1908,2,7,7,0,1,0,2,225.48
2026-08-12,S004,PEN1908,0,1,1,2,1,0,0,0.0
2026-08-12,S005,PEN1908,1,9,7,3,1,0,3,338.22
2026-08-12,S006,PEN1908,2,4,4,0,0,0,2,225.48
2026-08-12,S007,PEN1908,1,6,6,1,0,0,1,112.74
2026-08-12,S008,PEN1908,1,0,1,0,0,0,0,0.0
2026-08-12,S009,PEN1908,1,8,7,1,1,0,2,225.48
2026-08-12,S010,PEN1908,1,2,2,3,2,0,1,112.74
2026-08-12,S001,PEN1909,1,0,1,3,2,0,0,0.0
2026-08-12,S002,PEN1909,1,1,1,3,3,0,1,132.89
2026-08-12,S003,PEN1909,1,0,0,2,1,0,1,132.89
2026-08-12,S004,PEN1909,0,2,1,2,0,0,1,132.89
2026-08-12,S005,PEN1909,1,1,0,2,3,0,2,265.78
2026-08-12,S006,PEN1909,1,8,6,1,2,0,3,398.67
2026-08-12,S007,PEN1909,0,3,2,0,3,0,1,132.89
2026-08-12,S008,PEN1909,1,0,0,3,3,0,1,132.89
2026-08-12,S009,PEN1909,0,0,0,3,1,0,0,0.0
2026-08-12,S010,PEN1909,0,1,0,0,0,0,1,132.89
2026-08-12,S001,PEN1910,0,0,0,3,0,0,0,0.0
2026-08-12,S002,PEN1910,2,6,6,3,1,0,2,556.5
2026-08-12,S003,PEN1910,1,1,2,2,3,0,0,0.0
2026-08-12,S004,PEN1910,0,2,1,0,2,0,1,278.25
2026-08-12,S005,PEN1910,0,5,4,0,1,0,1,278.25
2026-08-12,S006,PEN1910,1,0,0,1,2,0,1,278.25
2026-08-12,S007,PEN1910,1,1,1,2,0,0,1,278.25
2026-08-12,S008,PEN1910,0,7,6,2,0,0,1,278.25
2026-08-12,S009,PEN1910,0,1,1,0,0,0,0,0.0
2026-08-12,S010,PEN1910,0,1,0,2,1,0,1,278.25
2026-08-12,S001,PEN1911,0,2,1,3,2,0,1,66.57
2026-08-12,S002,PEN1911,1,2,2,1,3,0,1,66.57
2026-08-12,S003,PEN1911,3,11,10,2,0,0,4,266.28
2026-08-12,S004,PEN1911,1,0,1,0,2,0,0,0.0
2026-08-12,S005,PEN1911,0,6,5,3,1,0,1,66.57
2026-08-12,S006,PEN1911,2,9,7,0,0,0,4,266.28
2026-08-12,S007,PEN1911,1,4,3,1,0,0,2,133.14
2026-08-12,S008,PEN1911,0,5,4,1,1,0,1,66.57
2026-08-12,S009,PEN1911,0,6,5,0,1,0,1,66.57
2026-08-12,S010,PEN1911,0,0,0,0,3,0,0,0.0
2026-08-12,S001,PEN1912,1,0,0,3,1,0,1,50.61
2026-08-12,S002,PEN1912,0,0,0,3,0,0,0,0.0
2026-08-12,S003,PEN1912,1,0,0,1,0,0,1,50.61
2026-08-12,S004,PEN1912,0,1,0,2,2,0,1,50.61
2026-08-12,S005,PEN1912,1,2,2,1,0,0,1,50.61
2026-08-12,S006,PEN1912,1,0,0,1,2,0,1,50.61
2026-08-12,S007,PEN1912,0,1,0,2,3,0,1,50.61
2026-08-12,S008,PEN1912,0,1,1,2,2,0,0,0.0
2026-08-12,S009,PEN1912,0,1,0,0,1,1,1,50.61
2026-08-12,S010,PEN1912,1,2,1,2,3,0,2,101.22
2026-08-12,S001,PEN1913,0,5,3,1,3,0,2,255.14
2026-08-12,S002,PEN1913,0,0,0,2,2,0,0,0.0
2026-08-12,S003,PEN1913,0,2,1,3,2,0,1,127.57
2026-08-12,S004,PEN1913,0,2,2,1,1,0,0,0.0
2026-08-12,S005,PEN1913,0,0,0,0,1,0,0,0.0
2026-08-12,S006,PEN1913,1,3,3,2,0,0,1,127.57
2026-08-12,S007,PEN1913,0,2,2,1,3,0,0,0.0
2026-08-12,S008,PEN1913,1,0,1,3,0,0,0,0.0
2026-08-12,S009,PEN1913,0,0,0,1,2,0,0,0.0
2026-08-12,S010,PEN1913,0,0,0,1,2,0,0,0.0
2026-08-12,S001,PEN1914,0,4,3,2,0,0,1,98.2
2026-08-12,S002,PEN1914,0,0,0,2,1,0,0,0.0
2026-08-12,S003,PEN1914,1,0,1,1,3,0,0,0.0
2026-08-12,S004,PEN1914,1,0,1,3,1,0,0,0.0
2026-08-12,S005,PEN1914,0,0,0,0,1,0,0,0.0
2026-08-12,S006,PEN1914,0,0,0,1,0,0,0,0.0
2026-08-12,S007,PEN1914,0,1,1,0,0,0,0,0.0
2026-08-12,S008,PEN1914,1,0,0,0,1,0,1,98.2
2026-08-12,S009,PEN1914,0,0,0,3,1,0,0,0.0
2026-08-12,S010,PEN1914,0,5,4,3,1,0,1,98.2
2026-08-12,S001,PEN1915,0,0,0,0,3,0,0,0.0
2026-08-12,S002,PEN1915,1,1,1,1,0,0,1,159.78
2026-08-12,S003,PEN1915,2,4,4,3,1,0,2,319.56
2026-08-12,S004,PEN1915,1,0,1,3,2,0,0,0.0
2026-08-12,S005,PEN1915,1,0,0,2,3,0,1,159.78
2026-08-12,S006,PEN1915,1,3,3,1,3,0,1,159.78
2026-08-12,S007,PEN1915,0,3,2,0,2,0,1,159.78
2026-08-12,S008,PEN1915,0,3,3,0,1,0,0,0.0
2026-08-12,S009,PEN1915,0,0,0,0,2,0,0,0.0
2026-08-12,S010,PEN1915,0,1,0,2,0,0,1,159.78
2026-08-12,S001,PEN1916,0,9,6,2,2,0,3,371.76
2026-08-12,S002,PEN1916,1,1,1,3,0,0,1,123.92
2026-08-12,S003,PEN1916,1,0,1,2,2,0,0,0.0
2026-08-12,S004,PEN1916,0,1,1,3,3,0,0,0.0
2026-08-12,S005,PEN1916,0,0,0,3,3,0,0,0.0
2026-08-12,S006,PEN1916,0,3,2,1,1,0,1,123.92
2026-08-12,S007,PEN1916,0,1,0,2,1,0,1,123.92
2026-08-12,S008,PEN1916,0,4,2,3,3,0,2,247.84
2026-08-12,S009,PEN1916,0,0,0,1,0,0,0,0.0
2026-08-12,S010,PEN1916,0,3,2,1,1,0,1,123.92
2026-08-12,S001,PEN1917,0,4,3,2,1,0,1,148.18
2026-08-12,S002,PEN1917,0,0,0,2,1,0,0,0.0
2026-08-12,S003,PEN1917,1,0,1,0,1,0,0,0.0
2026-08-12,S004,PEN1917,1,5,5,3,3,1,1,148.18
2026-08-12,S005,PEN1917,1,0,0,2,2,0,1,148.18
2026-08-12,S006,PEN1917,0,1,0,0,3,0,1,148.18
2026-08-12,S007,PEN1917,1,3,3,0,0,0,1,148.18
2026-08-12,S008,PEN1917,0,6,4,2,3,0,2,296.36
2026-08-12,S009,PEN1917,1,1,2,0,2,0,0,0.0
2026-08-12,S010,PEN1917,0,1,1,3,1,0,0,0.0
2026-08-12,S001,PEN1918,0,3,3,3,3,0,0,0.0
2026-08-12,S002,PEN1918,1,1,2,1,0,0,0,0.0
2026-08-12,S003,PEN1918,1,0,0,1,1,0,1,227.12
2026-08-12,S004,PEN1918,1,4,3,1,0,0,2,454.24
2026-08-12,S005,PEN1918,1,0,1,0,3,0,0,0.0
2026-08-12,S006,PEN1918,0,9,6,3,0,0,3,681.36
2026-08-12,S007,PEN1918,0,2,1,2,3,0,1,227.12
2026-08-12,S008,PEN1918,1,3,3,3,1,0,1,227.12
2026-08-12,S009,PEN1918,1,2,2,3,1,0,1,227.12
2026-08-12,S010,PEN1918,1,2,2,2,2,0,1,227.12
2026-08-12,S001,PEN1919,2,7,6,1,1,0,3,374.7
2026-08-12,S002,PEN1919,0,0,0,1,2,0,0,0.0
2026-08-12,S003,PEN1919,0,0,0,3,0,0,0,0.0
2026-08-12,S004,PEN1919,0,1,0,1,1,0,1,124.9
2026-08-12,S005,PEN1919,0,1,0,1,2,0,1,124.9
2026-08-12,S006,PEN1919,1,3,2,3,3,0,2,249.8
2026-08-12,S007,PEN1919,0,3,3,3,1,0,0,0.0
2026-08-12,S008,PEN1919,0,1,1,2,3,0,0,0.0
2026-08-12,S009,PEN1919,0,1,0,2,3,0,1,124.9
2026-08-12,S010,PEN1919,1,4,4,0,0,0,1,124.9
2026-08-12,S001,PEN1920,0,2,2,3,1,0,0,0.0
2026-08-12,S002,PEN1920,0,0,0,2,3,0,0,0.0
2026-08-12,S003,PEN1920,0,10,9,3,2,0,1,125.3
2026-08-12,S004,PEN1920,1,1,1,1,0,0,1,125.3
2026-08-12,S005,PEN1920,0,1,1,1,0,0,0,0.0
2026-08-12,S006,PEN1920,1,5,5,2,3,0,1,125.3
2026-08-12,S007,PEN1920,1,0,0,1,1,0,1,125.3
2026-08-12,S008,PEN1920,2,6,6,0,1,0,2,250.6
2026-08-12,S009,PEN1920,1,0,1,2,0,0,0,0.0
2026-08-12,S010,PEN1920,1,0,1,1,2,0,0,0.0
2026-08-12,S001,CHR1921,1,1,0,0,1,0,2,111.7
2026-08-12,S002,CHR1921,0,0,0,1,0,0,0,0.0
2026-08-12,S003,CHR1921,0,5,4,0,1,0,1,55.85
2026-08-12,S004,CHR1921,1,2,2,2,2,0,1,55.85
2026-08-12,S005,CHR1921,0,0,0,3,1,0,0,0.0
2026-08-12,S006,CHR1921,0,1,0,0,3,0,1,55.85
2026-08-12,S007,CHR1921,0,2,0,0,0,0,2,111.7
2026-08-12,S008,CHR1921,0,0,0,0,0,0,0,0.0
2026-08-12,S009,CHR1921,0,0,0,0,1,0,0,0.0
2026-08-12,S010,CHR1921,0,5,4,2,1,0,1,55.85
2026-08-12,S001,CHR1922,0,2,2,0,0,0,0,0.0
2026-08-12,S002,CHR1922,1,0,1,1,0,0,0,0.0
2026-08-12,S003,CHR1922,3,6,5,2,0,0,4,244.44
2026-08-12,S004,CHR1922,0,0,0,2,1,0,0,0.0
2026-08-12,S005,CHR1922,0,2,0,1,0,0,2,122.22
2026-08-12,S006,CHR1922,0,0,0,3,2,0,0,0.0
2026-08-12,S007,CHR1922,0,2,0,2,2,0,2,122.22
2026-08-12,S008,CHR1922,1,1,1,0,0,0,1,61.11
2026-08-12,S009,CHR1922,0,0,0,2,3,0,0,0.0
2026-08-12,S010,CHR1922,1,1,0,3,2,0,2,122.22
2026-08-12,S001,CHR1923,0,0,0,2,1,0,0,0.0
2026-08-12,S002,CHR1923,0,0,0,3,2,0,0,0.0
2026-08-12,S003,CHR1923,2,0,0,2,3,0,2,57.6
2026-08-12,S004,CHR1923,2,2,2,2,3,0,2,57.6
2026-08-12,S005,CHR1923,1,0,0,2,2,0,1,28.8
2026-08-12,S006,CHR1923,0,0,0,1,3,0,0,0.0
2026-08-12,S007,CHR1923,0,0,0,0,3,0,0,0.0
2026-08-12,S008,CHR1923,0,0,0,1,0,0,0,0.0
2026-08-12,S009,CHR1923,1,0,0,3,3,0,1,28.8
2026-08-12,S010,CHR1923,0,0,0,1,1,0,0,0.0
2026-08-12,S001,CHR1924,0,0,0,3,2,0,0,0.0
2026-08-12,S002,CHR1924,0,1,0,2,2,0,1,80.56
2026-08-12,S003,CHR1924,1,0,0,3,0,0,1,80.56
2026-08-12,S004,CHR1924,1,0,0,3,2,0,1,80.56
2026-08-12,S005,CHR1924,0,0,0,0,1,0,0,0.0
2026-08-12,S006,CHR1924,1,0,0,2,2,0,1,80.56
2026-08-12,S007,CHR1924,0,0,0,1,3,0,0,0.0
2026-08-12,S008,CHR1924,0,2,0,1,2,0,2,161.12
2026-08-12,S009,CHR1924,0,0,0,2,2,0,0,0.0
2026-08-12,S010,CHR1924,0,1,1,0,3,0,0,0.0
2026-08-12,S001,CHR1925,0,2,0,1,3,0,2,71.34
2026-08-12,S002,CHR1925,1,0,1,2,2,0,0,0.0
2026-08-12,S003,CHR1925,0,4,3,1,1,0,1,35.67
2026-08-12,S004,CHR1925,0,6,3,3,2,0,3,107.01
2026-08-12,S005,CHR1925,1,0,0,1,0,1,1,35.67
2026-08-12,S006,CHR1925,0,1,0,3,1,0,1,35.67
2026-08-12,S007,CHR1925,0,4,3,0,3,0,1,35.67
2026-08-12,S008,CHR1925,0,0,0,3,3,0,0,0.0
2026-08-12,S009,CHR1925,0,0,0,0,1,0,0,0.0
2026-08-12,S010,CHR1925,0,0,0,0,0,0,0,0.0
2026-08-12,S001,CHR1926,2,3,3,2,2,0,2,66.18
2026-08-12,S002,CHR1926,1,0,0,3,1,0,1,33.09
2026-08-12,S003,CHR1926,2,0,0,2,1,0,2,66.18
2026-08-12,S004,CHR1926,0,0,0,2,2,0,0,0.0
2026-08-12,S005,CHR1926,1,0,1,3,1,1,0,0.0
2026-08-12,S006,CHR1926,0,1,0,2,2,0,1,33.09
2026-08-12,S007,CHR1926,1,3,3,2,2,0,1,33.09
2026-08-12,S008,CHR1926,1,0,0,3,2,0,1,33.09
2026-08-12,S009,CHR1926,0,1,1,0,2,0,0,0.0
2026-08-12,S010,CHR1926,1,1,1,3,2,0,1,33.09
2026-08-12,S001,CHR1927,0,0,0,2,3,0,0,0.0
2026-08-12,S002,CHR1927,0,5,4,1,0,0,1,36.16
2026-08-12,S003,CHR1927,1,1,1,1,0,0,1,36.16
2026-08-12,S004,CHR1927,1,1,0,0,1,0,2,72.32
2026-08-12,S005,CHR1927,0,0,0,3,1,0,0,0.0
2026-08-12,S006,CHR1927,0,1,0,0,3,0,1,36.16
2026-08-12,S007,CHR1927,2,0,0,0,1,0,2,72.32
2026-08-12,S008,CHR1927,0,1,0,3,0,0,1,36.16
2026-08-12,S009,CHR1927,0,2,0,1,1,0,2,72.32
2026-08-12,S010,CHR1927,0,0,0,2,2,0,0,0.0
2026-08-12,S001,CHR1928,1,0,0,0,2,0,1,61.62
2026-08-12,S002,CHR1928,0,1,0,3,3,0,1,61.62
2026-08-12,S003,CHR1928,0,0,0,1,2,0,0,0.0
2026-08-12,S004,CHR1928,1,1,1,0,1,0,1,61.62
2026-08-12,S005,CHR1928,1,1,0,0,0,0,2,123.24
2026-08-12,S006,CHR1928,1,0,0,1,0,0,1,61.62
2026-08-12,S007,CHR1928,0,0,0,2,0,0,0,0.0
2026-08-12,S008,CHR1928,0,0,0,3,1,0,0,0.0
2026-08-12,S009,CHR1928,0,1,0,1,0,0,1,61.62
2026-08-12,S010,CHR1928,0,1,0,1,2,0,1,61.62
2026-08-12,S001,CHR1929,0,0,0,0,0,0,0,0.0
2026-08-12,S002,CHR1929,0,0,0,3,0,0,0,0.0
2026-08-12,S003,CHR1929,0,0,0,1,0,0,0,0.0
2026-08-12,S004,CHR1929,1,1,0,0,0,0,2,142.5
2026-08-12,S005,CHR1929,0,1,0,3,3,0,1,71.25
2026-08-12,S006,CHR1929,0,0,0,1,0,0,0,0.0
2026-08-12,S007,CHR1929,1,0,1,2,2,0,0,0.0
2026-08-12,S008,CHR1929,1,0,0,2,1,0,1,71.25
2026-08-12,S009,CHR1929,0,0,0,0,0,0,0,0.0
2026-08-12,S010,CHR1929,0,0,0,1,0,0,0,0.0
2026-08-12,S001,CHR1930,0,1,0,2,0,0,1,56.97
2026-08-12,S002,CHR1930,0,1,0,1,3,0,1,56.97
2026-08-12,S003,CHR1930,0,3,2,3,3,0,1,56.97
2026-08-12,S004,CHR1930,0,0,0,0,1,0,0,0.0
2026-08-12,S005,CHR1930,0,2,1,1,3,0,1,56.97
2026-08-12,S006,CHR1930,1,1,1,0,1,0,1,56.97
2026-08-12,S007,CHR1930,1,0,0,2,0,0,1,56.97
2026-08-12,S008,CHR1930,1,0,1,3,0,0,0,0.0
2026-08-12,S009,CHR1930,0,0,0,3,1,0,0,0.0
2026-08-12,S010,CHR1930,0,3,1,0,0,0,2,113.94
2026-08-12,S001,CHR1931,0,0,0,0,3,0,0,0.0
2026-08-12,S002,CHR1931,0,2,2,2,1,0,0,0.0
2026-08-12,S003,CHR1931,0,1,0,0,0,0,1,38.44
2026-08-12,S004,CHR1931,0,0,0,1,3,0,0,0.0
2026-08-12,S005,CHR1931,1,0,1,2,2,0,0,0.0
2026-08-12,S006,CHR1931,0,0,0,0,2,0,0,0.0
2026-08-12,S007,CHR1931,1,0,1,1,0,0,0,0.0
2026-08-12,S008,CHR1931,0,0,0,1,0,0,0,0.0
2026-08-12,S009,CHR1931,0,0,0,1,1,0,0,0.0
2026-08-12,S010,CHR1931,0,5,4,3,2,0,1,38.44
2026-08-12,S001,CHR1932,0,5,3,2,2,0,2,153.4
2026-08-12,S002,CHR1932,0,1,1,0,3,0,0,0.0
2026-08-12,S003,CHR1932,2,3,3,1,1,0,2,153.4
2026-08-12,S004,CHR1932,0,0,0,2,3,0,0,0.0
2026-08-12,S005,CHR1932,0,3,2,2,3,0,1,76.7
2026-08-12,S006,CHR1932,0,1,0,1,1,0,1,76.7
2026-08-12,S007,CHR1932,1,0,0,1,1,0,1,76.7
2026-08-12,S008,CHR1932,0,0,0,3,3,0,0,0.0
2026-08-12,S009,CHR1932,0,0,0,1,2,1,0,0.0
2026-08-12,S010,CHR1932,0,0,0,2,2,0,0,0.0
2026-08-12,S001,CHR1933,1,0,0,3,3,0,1,48.68
2026-08-12,S002,CHR1933,0,0,0,0,1,1,0,0.0
2026-08-12,S003,CHR1933,0,1,1,1,1,0,0,0.0
2026-08-12,S004,CHR1933,2,5,5,3,2,0,2,97.36
2026-08-12,S005,CHR1933,0,1,0,0,3,0,1,48.68
2026-08-12,S006,CHR1933,0,0,0,2,3,0,0,0.0
2026-08-12,S007,CHR1933,0,0,0,1,3,0,0,0.0
2026-08-12,S008,CHR1933,1,1,0,1,0,0,2,97.36
2026-08-12,S009,CHR1933,0,0,0,2,1,0,0,0.0
2026-08-12,S010,CHR1933,0,0,0,2,1,0,0,0.0
2026-08-12,S001,CHR1934,1,0,0,1,3,0,1,13.61
2026-08-12,S002,CHR1934,1,0,0,2,2,0,1,13.61
2026-08-12,S003,CHR1934,2,0,0,0,0,0,2,27.22
2026-08-12,S004,CHR1934,0,1,0,1,3,0,1,13.61
2026-08-12,S005,CHR1934,1,0,0,0,1,0,1,13.61
2026-08-12,S006,CHR1934,1,4,4,2,2,0,1,13.61
2026-08-12,S007,CHR1934,0,0,0,0,1,0,0,0.0
2026-08-12,S008,CHR1934,1,1,0,3,0,0,2,27.22
2026-08-12,S009,CHR1934,0,1,0,0,1,0,1,13.61
2026-08-12,S010,CHR1934,0,0,0,2,0,0,0,0.0
2026-08-12,S001,CHR1935,1,0,0,1,1,0,1,55.2
2026-08-12,S002,CHR1935,0,0,0,1,3,0,0,0.0
2026-08-12,S003,CHR1935,0,6,4,0,1,0,2,110.4
2026-08-12,S004,CHR1935,0,1,0,3,0,0,1,55.2
2026-08-12,S005,CHR1935,1,0,0,2,3,0,1,55.2
2026-08-12,S006,CHR1935,0,1,0,3,3,0,1,55.2
2026-08-12,S007,CHR1935,0,1,0,2,1,0,1,55.2
2026-08-12,S008,CHR1935,0,0,0,3,2,0,0,0.0
2026-08-12,S009,CHR1935,1,0,0,1,2,0,1,55.2
2026-08-12,S010,CHR1935,0,1,0,3,3,0,1,55.2
2026-08-12,S001,CHR1936,1,0,0,2,3,1,1,49.53
2026-08-12,S002,CHR1936,1,0,0,3,0,0,1,49.53
2026-08-12,S003,CHR1936,0,1,0,2,2,0,1,49.53
2026-08-12,S004,CHR1936,0,1,0,2,2,0,1,49.53
2026-08-12,S005,CHR1936,2,3,3,2,0,0,2,99.06
2026-08-12,S006,CHR1936,1,0,0,3,0,0,1,49.53
2026-08-12,S007,CHR1936,1,1,0,1,0,0,2,99.06
2026-08-12,S008,CHR1936,1,0,1,3,2,0,0,0.0
2026-08-12,S009,CHR1936,0,0,0,3,2,0,0,0.0
2026-08-12,S010,CHR1936,0,0,0,2,3,0,0,0.0
2026-08-12,S001,CHR1937,0,0,0,1,3,0,0,0.0
2026-08-12,S002,CHR1937,0,1,0,2,1,0,1,79.94
2026-08-12,S003,CHR1937,2,0,0,2,3,0,2,159.88
2026-08-12,S004,CHR1937,0,0,0,1,2,0,0,0.0
2026-08-12,S005,CHR1937,0,0,0,3,1,0,0,0.0
2026-08-12,S006,CHR1937,0,0,0,0,3,0,0,0.0
2026-08-12,S007,CHR1937,1,0,1,0,2,0,0,0.0
2026-08-12,S008,CHR1937,0,0,0,1,3,0,0,0.0
2026-08-12,S009,CHR1937,0,1,0,3,1,0,1,79.94
2026-08-12,S010,CHR1937,0,0,0,1,0,0,0,0.0
2026-08-12,S001,CHR1938,0,0,0,3,2,0,0,0.0
2026-08-12,S002,CHR1938,0,1,1,1,3,0,0,0.0
2026-08-12,S003,CHR1938,0,2,0,3,3,0,2,60.42
2026-08-12,S004,CHR1938,0,1,0,2,1,0,1,30.21
2026-08-12,S005,CHR1938,1,0,0,2,2,0,1,30.21
2026-08-12,S006,CHR1938,0,1,0,2,1,0,1,30.21
2026-08-12,S007,CHR1938,0,3,2,2,0,0,1,30.21
2026-08-12,S008,CHR1938,0,0,0,1,2,0,0,0.0
2026-08-12,S009,CHR1938,0,0,0,2,1,0,0,0.0
2026-08-12,S010,CHR1938,1,3,3,1,3,0,1,30.21
2026-08-12,S001,CHR1939,0,1,0,2,0,0,1,71.81
2026-08-12,S002,CHR1939,2,0,0,3,3,0,2,143.62
2026-08-12,S003,CHR1939,1,1,0,1,2,0,2,143.62
2026-08-12,S004,CHR1939,0,0,0,3,1,0,0,0.0
2026-08-12,S005,CHR1939,1,0,0,2,0,0,1,71.81
2026-08-12,S006,CHR1939,1,0,0,3,2,0,1,71.81
2026-08-12,S007,CHR1939,1,0,1,3,0,0,0,0.0
2026-08-12,S008,CHR1939,1,1,1,2,2,0,1,71.81
2026-08-12,S009,CHR1939,0,1,0,1,3,0,1,71.81
2026-08-12,S010,CHR1939,0,2,0,2,1,0,2,143.62
2026-08-12,S001,CHR1940,1,0,0,1,0,0,1,25.6
2026-08-12,S002,CHR1940,0,0,0,3,0,0,0,0.0
2026-08-12,S003,CHR1940,0,0,0,2,2,0,0,0.0
2026-08-12,S004,CHR1940,0,0,0,1,0,0,0,0.0
2026-08-12,S005,CHR1940,0,0,0,1,1,0,0,0.0
2026-08-12,S006,CHR1940,1,0,0,1,2,0,1,25.6
2026-08-12,S007,CHR1940,1,4,3,1,3,0,2,51.2
2026-08-12,S008,CHR1940,1,0,0,0,2,0,1,25.6
2026-08-12,S009,CHR1940,0,0,0,3,3,0,0,0.0
2026-08-12,S010,CHR1940,0,0,0,2,1,0,0,0.0
2026-08-12,S001,CHR1941,1,2,2,0,2,0,1,23.15
2026-08-12,S002,CHR1941,0,4,3,2,2,0,1,23.15
2026-08-12,S003,CHR1941,0,1,0,1,3,0,1,23.15
2026-08-12,S004,CHR1941,0,0,0,2,3,0,0,0.0
2026-08-12,S005,CHR1941,0,0,0,0,2,0,0,0.0
2026-08-12,S006,CHR1941,0,0,0,2,0,0,0,0.0
2026-08-12,S007,CHR1941,1,0,0,2,1,0,1,23.15
2026-08-12,S008,CHR1941,0,1,0,1,0,0,1,23.15
2026-08-12,S009,CHR1941,1,0,0,2,0,0,1,23.15
2026-08-12,S010,CHR1941,0,1,0,2,1,0,1,23.15
2026-08-12,S001,CHR1942,0,0,0,1,0,0,0,0.0
2026-08-12,S002,CHR1942,0,1,0,0,3,0,1,26.21
2026-08-12,S003,CHR1942,0,0,0,1,1,0,0,0.0
2026-08-12,S004,CHR1942,0,4,2,3,3,0,2,52.42
2026-08-12,S005,CHR1942,0,0,0,2,3,0,0,0.0
2026-08-12,S006,CHR1942,0,1,1,0,2,0,0,0.0
2026-08-12,S007,CHR1942,0,1,0,0,3,1,1,26.21
2026-08-12,S008,CHR1942,0,5,4,3,0,0,1,26.21
2026-08-12,S009,CHR1942,0,0,0,2,0,0,0,0.0
2026-08-12,S010,CHR1942,0,0,0,1,1,0,0,0.0
2026-08-12,S001,CHR1943,0,7,5,0,2,0,2,65.22
2026-08-12,S002,CHR1943,0,0,0,2,2,1,0,0.0
2026-08-12,S003,CHR1943,0,0,0,3,3,0,0,0.0
2026-08-12,S004,CHR1943,0,0,0,0,1,0,0,0.0
2026-08-12,S005,CHR1943,0,0,0,2,0,0,0,0.0
2026-08-12,S006,CHR1943,2,0,0,0,0,0,2,65.22
2026-08-12,S007,CHR1943,1,0,0,1,1,0,1,32.61
2026-08-12,S008,CHR1943,0,2,0,2,2,1,2,65.22
2026-08-12,S009,CHR1943,1,0,0,1,0,1,1,32.61
2026-08-12,S010,CHR1943,0,0,0,3,3,0,0,0.0
2026-08-12,S001,CHR1944,0,0,0,0,0,0,0,0.0
2026-08-12,S002,CHR1944,0,1,0,0,3,0,1,19.68
2026-08-12,S003,CHR1944,2,6,5,2,0,0,3,59.04
2026-08-12,S004,CHR1944,0,1,0,1,2,0,1,19.68
2026-08-12,S005,CHR1944,0,1,0,2,3,0,1,19.68
2026-08-12,S006,CHR1944,0,0,0,0,2,0,0,0.0
2026-08-12,S007,CHR1944,2,0,0,2,3,0,2,39.36
2026-08-12,S008,CHR1944,1,0,0,1,3,0,1,19.68
2026-08-12,S009,CHR1944,1,0,0,0,0,0,1,19.68
2026-08-12,S010,CHR1944,0,0,0,0,2,0,0,0.0
2026-08-12,S001,CHR1945,0,0,0,3,1,0,0,0.0
2026-08-12,S002,CHR1945,0,2,1,1,3,0,1,49.47
2026-08-12,S003,CHR1945,0,1,0,1,3,0,1,49.47
2026-08-12,S004,CHR1945,0,0,0,0,1,0,0,0.0
2026-08-12,S005,CHR1945,0,1,0,3,3,0,1,49.47
2026-08-12,S006,CHR1945,0,0,0,1,0,0,0,0.0
2026-08-12,S007,CHR1945,1,0,0,2,3,0,1,49.47
2026-08-12,S008,CHR1945,0,0,0,1,1,0,0,0.0
2026-08-12,S009,CHR1945,0,1,0,1,3,0,1,49.47
2026-08-12,S010,CHR1945,0,0,0,2,3,0,0,0.0
2026-08-12,S001,CHR1946,0,1,0,3,0,0,1,15.62
2026-08-12,S002,CHR1946,0,0,0,3,3,0,0,0.0
2026-08-12,S003,CHR1946,0,0,0,0,2,0,0,0.0
2026-08-12,S004,CHR1946,0,0,0,2,1,0,0,0.0
2026-08-12,S005,CHR1946,2,6,5,2,0,0,3,46.86
2026-08-12,S006,CHR1946,0,0,0,1,0,0,0,0.0
2026-08-12,S007,CHR1946,0,3,2,3,3,0,1,15.62
2026-08-12,S008,CHR1946,0,1,0,2,3,0,1,15.62
2026-08-12,S009,CHR1946,0,2,1,0,1,0,1,15.62
2026-08-12,S010,CHR1946,0,1,0,1,3,0,1,15.62
2026-08-12,S001,CHR1947,0,0,0,3,1,0,0,0.0
2026-08-12,S002,CHR1947,1,1,2,1,3,0,0,0.0
2026-08-12,S003,CHR1947,0,0,0,0,2,0,0,0.0
2026-08-12,S004,CHR1947,0,0,0,2,2,0,0,0.0
2026-08-12,S005,CHR1947,0,0,0,0,1,0,0,0.0
2026-08-12,S006,CHR1947,1,0,0,1,1,0,1,45.24
2026-08-12,S007,CHR1947,0,0,0,1,0,0,0,0.0
2026-08-12,S008,CHR1947,0,1,0,0,0,0,1,45.24
2026-08-12,S009,CHR1947,1,0,1,3,2,0,0,0.0
2026-08-12,S010,CHR1947,0,0,0,2,0,0,0,0.0
2026-08-12,S001,CHR1948,0,1,0,2,1,0,1,87.89
2026-08-12,S002,CHR1948,1,5,5,0,1,0,1,87.89
2026-08-12,S003,CHR1948,1,1,0,1,1,0,2,175.78
2026-08-12,S004,CHR1948,0,2,0,0,1,0,2,175.78
2026-08-12,S005,CHR1948,1,0,0,0,0,0,1,87.89
2026-08-12,S006,CHR1948,1,0,1,0,0,0,0,0.0
2026-08-12,S007,CHR1948,0,2,0,3,0,0,2,175.78
2026-08-12,S008,CHR1948,1,1,1,0,1,0,1,87.89
2026-08-12,S009,CHR1948,0,1,0,3,2,0,1,87.89
2026-08-12,S010,CHR1948,0,1,0,0,2,0,1,87.89
2026-08-12,S001,CHR1949,0,0,0,1,3,0,0,0.0
2026-08-12,S002,CHR1949,1,0,0,1,3,0,1,78.65
2026-08-12,S003,CHR1949,2,0,0,2,3,0,2,157.3
2026-08-12,S004,CHR1949,0,0,0,2,1,0,0,0.0
2026-08-12,S005,CHR1949,1,0,0,2,2,0,1,78.65
2026-08-12,S006,CHR1949,1,0,0,3,3,0,1,78.65
2026-08-12,S007,CHR1949,0,1,0,3,2,0,1,78.65
2026-08-12,S008,CHR1949,0,0,0,1,0,0,0,0.0
2026-08-12,S009,CHR1949,0,0,0,0,2,0,0,0.0
2026-08-12,S010,CHR1949,0,0,0,3,3,0,0,0.0
2026-08-12,S001,CHR1950,0,0,0,0,3,0,0,0.0
2026-08-12,S002,CHR1950,2,0,0,1,1,0,2,37.9
2026-08-12,S003,CHR1950,0,0,0,0,2,0,0,0.0
2026-08-12,S004,CHR1950,0,1,1,1,2,0,0,0.0
2026-08-12,S005,CHR1950,0,1,0,1,3,0,1,18.95
2026-08-12,S006,CHR1950,2,0,0,3,2,0,2,37.9
2026-08-12,S007,CHR1950,1,0,0,3,0,0,1,18.95
2026-08-12,S008,CHR1950,1,0,0,3,1,0,1,18.95
2026-08-12,S009,CHR1950,1,0,0,3,3,0,1,18.95
2026-08-12,S010,CHR1950,0,0,0,2,0,0,0,0.0
2026-08-12,S001,CHR1951,0,0,0,0,0,0,0,0.0
2026-08-12,S002,CHR1951,1,1,2,3,0,0,0,0.0
2026-08-12,S003,CHR1951,1,0,0,0,2,0,1,21.17
2026-08-12,S004,CHR1951,0,0,0,3,1,0,0,0.0
2026-08-12,S005,CHR1951,1,0,0,3,1,0,1,21.17
2026-08-12,S006,CHR1951,1,0,1,0,3,0,0,0.0
2026-08-12,S007,CHR1951,0,0,0,0,1,0,0,0.0
2026-08-12,S008,CHR1951,2,1,0,0,2,0,3,63.51
2026-08-12,S009,CHR1951,0,0,0,1,0,0,0,0.0
2026-08-12,S010,CHR1951,0,0,0,0,1,0,0,0.0
2026-08-12,S001,CHR1952,0,2,0,3,1,0,2,112.68
2026-08-12,S002,CHR1952,1,4,4,0,1,0,1,56.34
2026-08-12,S003,CHR1952,0,3,2,0,1,0,1,56.34
2026-08-12,S004,CHR1952,0,0,0,0,0,0,0,0.0
2026-08-12,S005,CHR1952,0,1,0,3,2,0,1,56.34
2026-08-12,S006,CHR1952,0,1,0,3,1,0,1,56.34
2026-08-12,S007,CHR1952,0,1,0,0,0,0,1,56.34
2026-08-12,S008,CHR1952,1,0,0,2,0,0,1,56.34
2026-08-12,S009,CHR1952,1,0,0,2,0,0,1,56.34
2026-08-12,S010,CHR1952,0,0,0,3,0,0,0,0.0
2026-08-12,S001,CHR1953,0,1,0,0,3,0,1,9.91
2026-08-12,S002,CHR1953,0,0,0,1,3,0,0,0.0
2026-08-12,S003,CHR1953,0,2,0,3,3,0,2,19.82
2026-08-12,S004,CHR1953,1,0,0,3,3,0,1,9.91
2026-08-12,S005,CHR1953,0,0,0,1,2,0,0,0.0
2026-08-12,S006,CHR1953,0,0,0,3,1,0,0,0.0
2026-08-12,S007,CHR1953,0,8,5,3,3,0,3,29.73
2026-08-12,S008,CHR1953,0,0,0,2,2,0,0,0.0
2026-08-12,S009,CHR1953,1,0,0,0,2,0,1,9.91
2026-08-12,S010,CHR1953,1,0,0,1,1,0,1,9.91
2026-08-12,S001,CHR1954,1,1,0,3,3,1,2,132.94
2026-08-12,S002,CHR1954,1,0,0,2,0,0,1,66.47
2026-08-12,S003,CHR1954,1,0,0,3,0,1,1,66.47
2026-08-12,S004,CHR1954,0,0,0,3,1,0,0,0.0
2026-08-12,S005,CHR1954,0,3,2,0,3,0,1,66.47
2026-08-12,S006,CHR1954,1,2,2,1,1,0,1,66.47
2026-08-12,S007,CHR1954,0,1,0,3,0,0,1,66.47
2026-08-12,S008,CHR1954,0,0,0,3,1,0,0,0.0
2026-08-12,S009,CHR1954,0,1,0,1,3,0,1,66.47
2026-08-12,S010,CHR1954,1,1,2,1,1,0,0,0.0
2026-08-12,S001,CHR1955,0,1,0,3,1,0,1,70.98
2026-08-12,S002,CHR1955,0,0,0,2,2,0,0,0.0
2026-08-12,S003,CHR1955,0,0,0,3,3,0,0,0.0
2026-08-12,S004,CHR1955,0,0,0,2,2,0,0,0.0
2026-08-12,S005,CHR1955,0,0,0,1,1,0,0,0.0
2026-08-12,S006,CHR1955,0,0,0,3,3,0,0,0.0
2026-08-12,S007,CHR1955,0,3,2,1,3,0,1,70.98
2026-08-12,S008,CHR1955,0,0,0,3,1,0,0,0.0
2026-08-12,S009,CHR1955,0,2,0,1,2,0,2,141.96
2026-08-12,S010,CHR1955,0,0,0,1,2,0,0,0.0
2026-08-12,S001,CHR1956,0,0,0,0,2,0,0,0.0
2026-08-12,S002,CHR1956,0,0,0,0,1,0,0,0.0
2026-08-12,S003,CHR1956,1,0,0,0,0,0,1,14.01
2026-08-12,S004,CHR1956,0,1,1,1,3,0,0,0.0
2026-08-12,S005,CHR1956,0,0,0,3,2,0,0,0.0
2026-08-12,S006,CHR1956,0,1,0,2,2,0,1,14.01
2026-08-12,S007,CHR1956,0,1,1,2,2,0,0,0.0
2026-08-12,S008,CHR1956,0,2,1,1,0,0,1,14.01
2026-08-12,S009,CHR1956,0,0,0,0,1,0,0,0.0
2026-08-12,S010,CHR1956,0,0,0,2,1,0,0,0.0
2026-08-12,S001,CHR1957,0,2,2,1,3,0,0,0.0
2026-08-12,S002,CHR1957,0,4,3,1,0,0,1,47.35
2026-08-12,S003,CHR1957,1,0,0,0,2,0,1,47.35
2026-08-12,S004,CHR1957,0,2,1,0,3,0,1,47.35
2026-08-12,S005,CHR1957,0,4,4,3,2,0,0,0.0
2026-08-12,S006,CHR1957,0,1,1,1,0,0,0,0.0
2026-08-12,S007,CHR1957,2,0,0,0,2,0,2,94.7
2026-08-12,S008,CHR1957,1,4,3,0,3,0,2,94.7
2026-08-12,S009,CHR1957,1,0,0,0,2,0,1,47.35
2026-08-12,S010,CHR1957,0,5,3,3,2,0,2,94.7
2026-08-12,S001,CHR1958,1,0,0,0,0,0,1,75.25
2026-08-12,S002,CHR1958,0,0,0,1,2,0,0,0.0
2026-08-12,S003,CHR1958,0,0,0,0,1,0,0,0.0
2026-08-12,S004,CHR1958,0,1,0,3,2,0,1,75.25
2026-08-12,S005,CHR1958,1,0,0,1,2,0,1,75.25
2026-08-12,S006,CHR1958,0,0,0,0,0,0,0,0.0
2026-08-12,S007,CHR1958,0,0,0,2,1,0,0,0.0
2026-08-12,S008,CHR1958,0,3,2,2,3,0,1,75.25
2026-08-12,S009,CHR1958,1,0,0,2,2,0,1,75.25
2026-08-12,S010,CHR1958,0,0,0,1,0,0,0,0.0
2026-08-12,S001,CHR1959,0,0,0,3,3,0,0,0.0
2026-08-12,S002,CHR1959,0,0,0,0,2,0,0,0.0
2026-08-12,S003,CHR1959,1,0,0,3,0,0,1,25.57
2026-08-12,S004,CHR1959,0,0,0,3,0,0,0,0.0
2026-08-12,S005,CHR1959,1,0,0,2,3,0,1,25.57
2026-08-12,S006,CHR1959,1,0,0,1,3,0,1,25.57
2026-08-12,S007,CHR1959,0,0,0,1,2,0,0,0.0
2026-08-12,S008,CHR1959,0,0,0,3,1,0,0,0.0
2026-08-12,S009,CHR1959,1,0,0,1,1,0,1,25.57
2026-08-12,S010,CHR1959,1,0,1,2,2,0,0,0.0
2026-08-12,S001,CHR1960,0,0,0,2,3,0,0,0.0
2026-08-12,S002,CHR1960,0,0,0,2,3,0,0,0.0
2026-08-12,S003,CHR1960,0,1,0,2,0,0,1,56.81
2026-08-12,S004,CHR1960,0,0,0,1,2,0,0,0.0
2026-08-12,S005,CHR1960,0,0,0,2,1,0,0,0.0
2026-08-12,S006,CHR1960,1,1,2,2,2,0,0,0.0
2026-08-12,S007,CHR1960,0,0,0,0,2,0,0,0.0
2026-08-12,S008,CHR1960,1,3,4,3,0,0,0,0.0
2026-08-12,S009,CHR1960,0,1,1,3,3,0,0,0.0
2026-08-12,S010,CHR1960,0,0,0,0,0,0,0,0.0
2026-08-12,S001,CHR1961,0,0,0,0,1,0,0,0.0
2026-08-12,S002,CHR1961,0,0,0,2,1,0,0,0.0
2026-08-12,S003,CHR1961,0,1,1,0,0,0,0,0.0
2026-08-12,S004,CHR1961,0,0,0,2,2,0,0,0.0
2026-08-12,S005,CHR1961,0,0,0,0,1,0,0,0.0
2026-08-12,S006,CHR1961,0,1,0,0,3,0,1,73.53
2026-08-12,S007,CHR1961,1,0,1,0,1,0,0,0.0
2026-08-12,S008,CHR1961,0,0,0,0,1,0,0,0.0
2026-08-12,S009,CHR1961,0,0,0,1,3,0,0,0.0
2026-08-12,S010,CHR1961,0,2,0,2,0,0,2,147.06
2026-08-12,S001,CHR1962,0,0,0,1,0,0,0,0.0
2026-08-12,S002,CHR1962,1,0,0,2,2,0,1,14.0
2026-08-12,S003,CHR1962,0,0,0,3,2,0,0,0.0
2026-08-12,S004,CHR1962,0,0,0,1,1,0,0,0.0
2026-08-12,S005,CHR1962,1,0,0,0,1,0,1,14.0
2026-08-12,S006,CHR1962,1,0,0,0,3,0,1,14.0
2026-08-12,S007,CHR1962,0,0,0,3,2,0,0,0.0
2026-08-12,S008,CHR1962,1,0,0,3,0,0,1,14.0
2026-08-12,S009,CHR1962,0,0,0,3,1,0,0,0.0
2026-08-12,S010,CHR1962,0,4,3,2,3,0,1,14.0
2026-08-12,S001,CHR1963,1,0,0,0,1,0,1,52.02
2026-08-12,S002,CHR1963,1,0,0,2,2,0,1,52.02
2026-08-12,S003,CHR1963,0,1,0,1,2,0,1,52.02
2026-08-12,S004,CHR1963,0,0,0,0,3,0,0,0.0
2026-08-12,S005,CHR1963,2,0,0,1,1,0,2,104.04
2026-08-12,S006,CHR1963,0,3,2,3,0,0,1,52.02
2026-08-12,S007,CHR1963,0,1,1,2,0,0,0,0.0
2026-08-12,S008,CHR1963,2,0,0,3,3,0,2,104.04
2026-08-12,S009,CHR1963,0,3,2,0,3,0,1,52.02
2026-08-12,S010,CHR1963,0,2,2,1,0,0,0,0.0
2026-08-12,S001,CHR1964,1,0,0,1,3,0,1,89.52
2026-08-12,S002,CHR1964,0,0,0,2,1,0,0,0.0
2026-08-12,S003,CHR1964,0,1,0,0,2,0,1,89.52
2026-08-12,S004,CHR1964,0,0,0,1,1,0,0,0.0
2026-08-12,S005,CHR1964,1,0,1,1,2,0,0,0.0
2026-08-12,S006,CHR1964,0,2,0,0,0,0,2,179.04
2026-08-12,S007,CHR1964,0,0,0,3,3,0,0,0.0
2026-08-12,S008,CHR1964,0,0,0,1,1,0,0,0.0
2026-08-12,S009,CHR1964,0,0,0,3,1,0,0,0.0
2026-08-12,S010,CHR1964,1,2,2,2,3,0,1,89.52
2026-08-12,S001,CHR1965,0,1,0,3,2,0,1,19.75
2026-08-12,S002,CHR1965,0,1,0,2,2,0,1,19.75
2026-08-12,S003,CHR1965,0,0,0,0,0,0,0,0.0
2026-08-12,S004,CHR1965,1,0,0,3,0,0,1,19.75
2026-08-12,S005,CHR1965,1,0,0,0,1,0,1,19.75
2026-08-12,S006,CHR1965,0,0,0,2,2,0,0,0.0
2026-08-12,S007,CHR1965,0,0,0,0,0,1,0,0.0
2026-08-12,S008,CHR1965,1,0,1,3,0,0,0,0.0
2026-08-12,S009,CHR1965,0,0,0,2,0,0,0,0.0
2026-08-12,S010,CHR1965,1,0,0,0,3,0,1,19.75
2026-08-12,S001,CHR1966,0,1,0,3,1,0,1,52.13
2026-08-12,S002,CHR1966,0,1,0,2,3,0,1,52.13
2026-08-12,S003,CHR1966,1,1,0,2,0,0,2,104.26
2026-08-12,S004,CHR1966,0,0,0,3,0,0,0,0.0
2026-08-12,S005,CHR1966,0,0,0,1,0,0,0,0.0
2026-08-12,S006,CHR1966,1,0,0,2,0,0,1,52.13
2026-08-12,S007,CHR1966,0,1,0,1,2,0,1,52.13
2026-08-12,S008,CHR1966,0,1,0,2,3,0,1,52.13
2026-08-12,S009,CHR1966,0,1,0,2,1,0,1,52.13
2026-08-12,S010,CHR1966,1,0,0,3,0,0,1,52.13
2026-08-12,S001,CHR1967,1,0,0,0,0,0,1,21.02
2026-08-12,S002,CHR1967,0,0,0,3,1,1,0,0.0
2026-08-12,S003,CHR1967,1,0,0,3,2,0,1,21.02
2026-08-12,S004,CHR1967,0,0,0,3,1,0,0,0.0
2026-08-12,S005,CHR1967,1,0,0,2,0,0,1,21.02
2026-08-12,S006,CHR1967,0,1,0,0,1,0,1,21.02
2026-08-12,S007,CHR1967,0,0,0,3,0,0,0,0.0
2026-08-12,S008,CHR1967,1,0,0,0,2,0,1,21.02
2026-08-12,S009,CHR1967,0,1,0,3,0,0,1,21.02
2026-08-12,S010,CHR1967,0,0,0,1,2,0,0,0.0
2026-08-12,S001,CHR1968,0,0,0,2,1,0,0,0.0
2026-08-12,S002,CHR1968,1,3,4,2,3,0,0,0.0
2026-08-12,S003,CHR1968,0,1,1,2,0,0,0,0.0
2026-08-12,S004,CHR1968,0,0,0,2,2,0,0,0.0
2026-08-12,S005,CHR1968,0,0,0,1,2,0,0,0.0
2026-08-12,S006,CHR1968,0,0,0,1,3,0,0,0.0
2026-08-12,S007,CHR1968,0,0,0,1,3,0,0,0.0
2026-08-12,S008,CHR1968,0,2,1,1,0,0,1,12.45
2026-08-12,S009,CHR1968,0,1,0,1,3,0,1,12.45
2026-08-12,S010,CHR1968,1,0,0,0,1,0,1,12.45
2026-08-12,S001,CHR1969,0,1,0,1,0,0,1,9.02
2026-08-12,S002,CHR1969,0,0,0,3,1,0,0,0.0
2026-08-12,S003,CHR1969,0,1,0,1,0,0,1,9.02
2026-08-12,S004,CHR1969,0,2,0,0,2,0,2,18.04
2026-08-12,S005,CHR1969,1,0,0,2,2,0,1,9.02
2026-08-12,S006,CHR1969,0,1,1,3,0,0,0,0.0
2026-08-12,S007,CHR1969,0,2,0,1,0,0,2,18.04
2026-08-12,S008,CHR1969,0,0,0,3,2,0,0,0.0
2026-08-12,S009,CHR1969,1,0,0,2,1,0,1,9.02
2026-08-12,S010,CHR1969,1,0,0,1,2,0,1,9.02
2026-08-12,S001,CHR1970,0,1,0,2,1,0,1,36.17
2026-08-12,S002,CHR1970,1,0,0,0,1,0,1,36.17
2026-08-12,S003,CHR1970,0,0,0,2,3,0,0,0.0
2026-08-12,S004,CHR1970,0,0,0,1,3,0,0,0.0
2026-08-12,S005,CHR1970,1,0,0,1,3,0,1,36.17
2026-08-12,S006,CHR1970,1,0,0,0,2,0,1,36.17
2026-08-12,S007,CHR1970,0,0,0,3,2,0,0,0.0
2026-08-12,S008,CHR1970,1,3,3,1,3,0,1,36.17
2026-08-12,S009,CHR1970,1,0,0,0,0,0,1,36.17
2026-08-12,S010,CHR1970,0,1,0,0,3,0,1,36.17
2026-08-12,S001,CHR1971,1,0,0,2,3,0,1,67.01
2026-08-12,S002,CHR1971,0,0,0,3,1,0,0,0.0
2026-08-12,S003,CHR1971,1,0,0,2,2,0,1,67.01
2026-08-12,S004,CHR1971,0,0,0,3,0,0,0,0.0
2026-08-12,S005,CHR1971,1,0,0,3,3,0,1,67.01
2026-08-12,S006,CHR1971,0,1,0,1,3,0,1,67.01
2026-08-12,S007,CHR1971,0,1,0,3,3,0,1,67.01
2026-08-12,S008,CHR1971,1,0,0,2,0,0,1,67.01
2026-08-12,S009,CHR1971,0,0,0,0,0,0,0,0.0
2026-08-12,S010,CHR1971,1,0,0,0,1,0,1,67.01
2026-08-12,S001,CHR1972,1,1,1,2,2,0,1,42.9
2026-08-12,S002,CHR1972,0,0,0,2,1,0,0,0.0
2026-08-12,S003,CHR1972,0,4,1,0,2,0,3,128.7
2026-08-12,S004,CHR1972,1,0,0,0,1,0,1,42.9
2026-08-12,S005,CHR1972,0,2,0,1,0,0,2,85.8
2026-08-12,S006,CHR1972,1,0,1,1,0,1,0,0.0
2026-08-12,S007,CHR1972,0,5,4,1,0,0,1,42.9
2026-08-12,S008,CHR1972,1,1,2,3,2,0,0,0.0
2026-08-12,S009,CHR1972,2,5,5,2,0,0,2,85.8
2026-08-12,S010,CHR1972,0,1,0,2,0,0,1,42.9
2026-08-12,S001,CHR1973,0,0,0,3,1,0,0,0.0
2026-08-12,S002,CHR1973,2,0,0,2,2,0,2,122.5
2026-08-12,S003,CHR1973,0,0,0,3,1,0,0,0.0
2026-08-12,S004,CHR1973,1,0,0,1,1,1,1,61.25
2026-08-12,S005,CHR1973,0,0,0,1,0,0,0,0.0
2026-08-12,S006,CHR1973,1,0,0,1,2,0,1,61.25
2026-08-12,S007,CHR1973,1,0,1,0,2,0,0,0.0
2026-08-12,S008,CHR1973,1,0,0,3,0,0,1,61.25
2026-08-12,S009,CHR1973,0,0,0,3,0,0,0,0.0
2026-08-12,S010,CHR1973,0,1,1,1,3,0,0,0.0
2026-08-12,S001,CHR1974,0,1,1,3,2,0,0,0.0
2026-08-12,S002,CHR1974,0,0,0,0,2,0,0,0.0
2026-08-12,S003,CHR1974,2,0,0,2,2,0,2,16.52
2026-08-12,S004,CHR1974,1,0,0,3,3,0,1,8.26
2026-08-12,S005,CHR1974,0,0,0,2,2,0,0,0.0
2026-08-12,S006,CHR1974,0,1,0,2,2,0,1,8.26
2026-08-12,S007,CHR1974,0,1,0,3,3,0,1,8.26
2026-08-12,S008,CHR1974,1,1,0,0,1,0,2,16.52
2026-08-12,S009,CHR1974,1,0,0,0,2,0,1,8.26
2026-08-12,S010,CHR1974,1,0,0,3,2,0,1,8.26
2026-08-12,S001,CHR1975,0,0,0,1,1,0,0,0.0
2026-08-12,S002,CHR1975,0,0,0,3,2,0,0,0.0
2026-08-12,S003,CHR1975,0,1,0,3,1,0,1,38.4
2026-08-12,S004,CHR1975,2,0,0,1,1,0,2,76.8
2026-08-12,S005,CHR1975,1,0,0,3,0,0,1,38.4
2026-08-12,S006,CHR1975,1,1,0,2,0,0,2,76.8
2026-08-12,S007,CHR1975,0,1,0,0,2,0,1,38.4
2026-08-12,S008,CHR1975,0,0,0,0,3,0,0,0.0
2026-08-12,S009,CHR1975,0,0,0,0,3,0,0,0.0
2026-08-12,S010,CHR1975,0,1,0,2,1,0,1,38.4
2026-08-12,S001,CHR1976,0,4,3,2,0,0,1,36.53
2026-08-12,S002,CHR1976,1,1,2,2,3,0,0,0.0
2026-08-12,S003,CHR1976,1,0,0,1,1,0,1,36.53
2026-08-12,S004,CHR1976,0,1,0,2,3,0,1,36.53
2026-08-12,S005,CHR1976,1,0,0,2,2,0,1,36.53
2026-08-12,S006,CHR1976,0,1,0,0,1,0,1,36.53
2026-08-12,S007,CHR1976,1,0,0,1,2,0,1,36.53
2026-08-12,S008,CHR1976,1,0,0,0,1,0,1,36.53
2026-08-12,S009,CHR1976,0,0,0,1,0,0,0,0.0
2026-08-12,S010,CHR1976,0,1,0,0,1,0,1,36.53
2026-08-12,S001,CHR1977,1,0,0,0,3,0,1,48.76
2026-08-12,S002,CHR1977,0,0,0,0,1,0,0,0.0
2026-08-12,S003,CHR1977,0,1,0,2,0,0,1,48.76
2026-08-12,S004,CHR1977,0,0,0,1,3,0,0,0.0
2026-08-12,S005,CHR1977,0,2,0,1,2,0,2,97.52
2026-08-12,S006,CHR1977,1,0,0,0,2,0,1,48.76
2026-08-12,S007,CHR1977,0,1,0,3,0,0,1,48.76
2026-08-12,S008,CHR1977,1,0,0,0,2,0,1,48.76
2026-08-12,S009,CHR1977,1,4,5,1,2,0,0,0.0
2026-08-12,S010,CHR1977,0,1,0,0,0,0,1,48.76
2026-08-12,S001,CHR1978,1,1,0,3,2,0,2,62.68
2026-08-12,S002,CHR1978,1,0,0,0,1,0,1,31.34
2026-08-12,S003,CHR1978,0,2,0,3,0,0,2,62.68
2026-08-12,S004,CHR1978,0,0,0,3,3,0,0,0.0
2026-08-12,S005,CHR1978,1,0,1,0,0,0,0,0.0
2026-08-12,S006,CHR1978,1,1,0,2,0,0,2,62.68
2026-08-12,S007,CHR1978,1,0,0,1,0,0,1,31.34
2026-08-12,S008,CHR1978,1,4,4,0,3,0,1,31.34
2026-08-12,S009,CHR1978,0,2,2,0,0,0,0,0.0
2026-08-12,S010,CHR1978,0,1,0,1,3,0,1,31.34
2026-08-12,S001,CHR1979,0,2,0,2,0,0,2,148.9
2026-08-12,S002,CHR1979,0,0,0,2,2,0,0,0.0
2026-08-12,S003,CHR1979,0,0,0,2,2,0,0,0.0
2026-08-12,S004,CHR1979,0,0,0,0,3,0,0,0.0
2026-08-12,S005,CHR1979,0,0,0,3,3,0,0,0.0
2026-08-12,S006,CHR1979,0,4,3,2,0,0,1,74.45
2026-08-12,S007,CHR1979,0,0,0,1,3,0,0,0.0
2026-08-12,S008,CHR1979,0,0,0,3,0,0,0,0.0
2026-08-12,S009,CHR1979,0,0,0,1,3,0,0,0.0
2026-08-12,S010,CHR1979,1,0,0,1,2,0,1,74.45
2026-08-12,S001,CHR1980,0,0,0,0,0,0,0,0.0
2026-08-12,S002,CHR1980,0,1,0,2,0,0,1,56.99
2026-08-12,S003,CHR1980,1,0,0,1,0,0,1,56.99
2026-08-12,S004,CHR1980,0,0,0,3,3,0,0,0.0
2026-08-12,S005,CHR1980,0,4,3,1,3,0,1,56.99
2026-08-12,S006,CHR1980,0,0,0,2,2,0,0,0.0
2026-08-12,S007,CHR1980,1,0,0,3,0,0,1,56.99
2026-08-12,S008,CHR1980,0,0,0,2,2,0,0,0.0
2026-08-12,S009,CHR1980,1,2,2,1,0,0,1,56.99
2026-08-12,S010,CHR1980,0,1,0,0,3,0,1,56.99
2026-08-12,S001,CHR1981,0,1,0,3,1,0,1,37.65
2026-08-12,S002,CHR1981,1,2,2,2,1,0,1,37.65
2026-08-12,S003,CHR1981,2,0,0,3,0,0,2,75.3
2026-08-12,S004,CHR1981,0,1,1,1,1,0,0,0.0
2026-08-12,S005,CHR1981,0,1,0,1,2,0,1,37.65
2026-08-12,S006,CHR1981,0,2,1,0,0,0,1,37.65
2026-08-12,S007,CHR1981,0,5,3,0,3,0,2,75.3
2026-08-12,S008,CHR1981,2,0,0,2,2,0,2,75.3
2026-08-12,S009,CHR1981,0,2,0,2,0,0,2,75.3
2026-08-12,S010,CHR1981,2,0,0,3,2,0,2,75.3
2026-08-12,S001,CHR1982,0,0,0,0,2,0,0,0.0
2026-08-12,S002,CHR1982,0,0,0,1,3,0,0,0.0
2026-08-12,S003,CHR1982,0,1,0,2,2,0,1,74.33
2026-08-12,S004,CHR1982,0,0,0,0,3,0,0,0.0
2026-08-12,S005,CHR1982,1,0,0,2,2,0,1,74.33
2026-08-12,S006,CHR1982,0,1,0,0,1,0,1,74.33
2026-08-12,S007,CHR1982,0,4,2,3,3,0,2,148.66
2026-08-12,S008,CHR1982,0,0,0,2,3,0,0,0.0
2026-08-12,S009,CHR1982,0,1,0,1,1,0,1,74.33
2026-08-12,S010,CHR1982,0,0,0,2,2,0,0,0.0
2026-08-12,S001,CHR1983,0,0,0,3,2,0,0,0.0
2026-08-12,S002,CHR1983,0,5,5,0,3,0,0,0.0
2026-08-12,S003,CHR1983,0,0,0,1,0,0,0,0.0
2026-08-12,S004,CHR1983,0,0,0,3,1,0,0,0.0
2026-08-12,S005,CHR1983,0,0,0,2,2,0,0,0.0
2026-08-12,S006,CHR1983,0,0,0,0,0,0,0,0.0
2026-08-12,S007,CHR1983,0,0,0,1,2,0,0,0.0
2026-08-12,S008,CHR1983,2,0,0,2,2,0,2,70.64
2026-08-12,S009,CHR1983,0,3,2,2,3,0,1,35.32
2026-08-12,S010,CHR1983,1,0,0,2,3,0,1,35.32
2026-08-12,S001,CHR1984,1,0,0,1,1,0,1,65.19
2026-08-12,S002,CHR1984,0,0,0,3,2,0,0,0.0
2026-08-12,S003,CHR1984,1,1,1,2,0,0,1,65.19
2026-08-12,S004,CHR1984,1,0,0,1,2,0,1,65.19
2026-08-12,S005,CHR1984,0,0,0,3,3,0,0,0.0
2026-08-12,S006,CHR1984,0,0,0,1,2,0,0,0.0
2026-08-12,S007,CHR1984,0,1,0,1,1,0,1,65.19
2026-08-12,S008,CHR1984,1,2,1,3,1,0,2,130.38
2026-08-12,S009,CHR1984,0,0,0,0,2,0,0,0.0
2026-08-12,S010,CHR1984,1,0,0,1,1,0,1,65.19
2026-08-12,S001,CHR1985,0,1,0,0,2,0,1,66.3
2026-08-12,S002,CHR1985,1,0,0,3,0,0,1,66.3
2026-08-12,S003,CHR1985,0,2,0,1,2,0,2,132.6
2026-08-12,S004,CHR1985,0,0,0,3,2,0,0,0.0
2026-08-12,S005,CHR1985,1,0,0,1,0,1,1,66.3
2026-08-12,S006,CHR1985,1,0,0,2,2,0,1,66.3
2026-08-12,S007,CHR1985,0,0,0,1,3,0,0,0.0
2026-08-12,S008,CHR1985,0,2,1,3,3,0,1,66.3
2026-08-12,S009,CHR1985,1,4,4,0,1,0,1,66.3
2026-08-12,S010,CHR1985,1,0,0,1,1,0,1,66.3
2026-08-12,S001,HAL1986,0,0,0,1,3,0,0,0.0
2026-08-12,S002,HAL1986,0,1,0,0,2,0,1,10.58
2026-08-12,S003,HAL1986,1,0,1,1,0,0,0,0.0
2026-08-12,S004,HAL1986,0,0,0,3,0,0,0,0.0
2026-08-12,S005,HAL1986,0,1,0,3,3,0,1,10.58
2026-08-12,S006,HAL1986,1,0,0,3,1,0,1,10.58
2026-08-12,S007,HAL1986,0,1,1,0,0,0,0,0.0
2026-08-12,S008,HAL1986,0,2,1,0,0,0,1,10.58
2026-08-12,S009,HAL1986,0,0,0,3,2,0,0,0.0
2026-08-12,S010,HAL1986,2,0,0,0,2,1,2,21.16
2026-08-12,S001,HAL1987,1,0,1,3,0,0,0,0.0
2026-08-12,S002,HAL1987,0,1,0,2,1,0,1,18.13
2026-08-12,S003,HAL1987,1,1,1,1,0,0,1,18.13
2026-08-12,S004,HAL1987,0,0,0,0,0,0,0,0.0
2026-08-12,S005,HAL1987,0,0,0,2,3,0,0,0.0
2026-08-12,S006,HAL1987,1,0,0,2,2,0,1,18.13
2026-08-12,S007,HAL1987,0,0,0,2,3,0,0,0.0
2026-08-12,S008,HAL1987,1,0,0,3,1,0,1,18.13
2026-08-12,S009,HAL1987,1,0,1,0,0,0,0,0.0
2026-08-12,S010,HAL1987,0,1,0,2,2,0,1,18.13
2026-08-12,S001,HAL1988,1,4,3,3,2,0,2,45.84
2026-08-12,S002,HAL1988,0,0,0,1,0,0,0,0.0
2026-08-12,S003,HAL1988,0,0,0,3,2,0,0,0.0
2026-08-12,S004,HAL1988,1,2,2,3,3,0,1,22.92
2026-08-12,S005,HAL1988,1,0,0,1,2,0,1,22.92
2026-08-12,S006,HAL1988,1,0,0,1,3,0,1,22.92
2026-08-12,S007,HAL1988,0,1,0,0,3,0,1,22.92
2026-08-12,S008,HAL1988,0,2,1,2,1,0,1,22.92
2026-08-12,S009,HAL1988,0,0,0,1,2,0,0,0.0
2026-08-12,S010,HAL1988,0,0,0,2,1,0,0,0.0
2026-08-12,S001,HAL1989,1,0,0,1,2,0,1,41.05
2026-08-12,S002,HAL1989,0,1,0,2,3,0,1,41.05
2026-08-12,S003,HAL1989,0,0,0,2,3,0,0,0.0
2026-08-12,S004,HAL1989,0,0,0,3,1,0,0,0.0
2026-08-12,S005,HAL1989,1,4,4,1,3,0,1,41.05
2026-08-12,S006,HAL1989,0,1,0,1,0,0,1,41.05
2026-08-12,S007,HAL1989,0,0,0,1,0,0,0,0.0
2026-08-12,S008,HAL1989,0,0,0,2,0,0,0,0.0
2026-08-12,S009,HAL1989,0,1,1,0,3,0,0,0.0
2026-08-12,S010,HAL1989,0,1,0,1,3,0,1,41.05
2026-08-12,S001,HAL1990,0,0,0,2,0,0,0,0.0
2026-08-12,S002,HAL1990,1,2,2,0,0,1,1,27.43
2026-08-12,S003,HAL1990,2,0,0,2,2,0,2,54.86
2026-08-12,S004,HAL1990,1,0,0,1,0,0,1,27.43
2026-08-12,S005,HAL1990,2,0,0,2,2,0,2,54.86
2026-08-12,S006,HAL1990,0,2,0,3,3,0,2,54.86
2026-08-12,S007,HAL1990,1,6,5,3,1,0,2,54.86
2026-08-12,S008,HAL1990,0,1,0,0,2,0,1,27.43
2026-08-12,S009,HAL1990,0,0,0,2,2,0,0,0.0
2026-08-12,S010,HAL1990,0,0,0,0,2,0,0,0.0
2026-08-12,S001,HAL1991,0,0,0,2,0,0,0,0.0
2026-08-12,S002,HAL1991,1,1,1,0,0,0,1,32.58
2026-08-12,S003,HAL1991,1,0,0,0,3,0,1,32.58
2026-08-12,S004,HAL1991,1,0,0,0,2,0,1,32.58
2026-08-12,S005,HAL1991,2,0,0,3,2,0,2,65.16
2026-08-12,S006,HAL1991,1,1,0,0,3,0,2,65.16
2026-08-12,S007,HAL1991,0,1,0,3,1,0,1,32.58
2026-08-12,S008,HAL1991,1,0,0,2,1,0,1,32.58
2026-08-12,S009,HAL1991,1,0,1,2,1,0,0,0.0
2026-08-12,S010,HAL1991,0,1,0,2,2,0,1,32.58
2026-08-12,S001,HAL1992,0,0,0,3,0,0,0,0.0
2026-08-12,S002,HAL1992,2,0,0,3,3,0,2,36.5
2026-08-12,S003,HAL1992,0,0,0,1,0,0,0,0.0
2026-08-12,S004,HAL1992,0,1,0,1,2,0,1,18.25
2026-08-12,S005,HAL1992,0,1,0,0,0,1,1,18.25
2026-08-12,S006,HAL1992,1,0,0,3,3,0,1,18.25
2026-08-12,S007,HAL1992,0,1,0,3,1,0,1,18.25
2026-08-12,S008,HAL1992,0,1,0,3,0,0,1,18.25
2026-08-12,S009,HAL1992,0,0,0,3,3,0,0,0.0
2026-08-12,S010,HAL1992,1,5,5,3,1,0,1,18.25
2026-08-12,S001,HAL1993,0,0,0,0,0,0,0,0.0
2026-08-12,S002,HAL1993,0,0,0,1,2,0,0,0.0
2026-08-12,S003,HAL1993,0,0,0,2,2,0,0,0.0
2026-08-12,S004,HAL1993,0,0,0,2,1,0,0,0.0
2026-08-12,S005,HAL1993,0,0,0,1,1,0,0,0.0
2026-08-12,S006,HAL1993,0,0,0,2,2,0,0,0.0
2026-08-12,S007,HAL1993,0,0,0,1,0,0,0,0.0
2026-08-12,S008,HAL1993,0,0,0,2,2,0,0,0.0
2026-08-12,S009,HAL1993,0,0,0,3,2,0,0,0.0
2026-08-12,S010,HAL1993,1,0,0,2,1,0,1,38.69
2026-08-12,S001,HAL1994,0,0,0,0,3,0,0,0.0
2026-08-12,S002,HAL1994,0,0,0,3,1,0,0,0.0
2026-08-12,S003,HAL1994,0,0,0,2,1,0,0,0.0
2026-08-12,S004,HAL1994,0,0,0,2,3,0,0,0.0
2026-08-12,S005,HAL1994,0,0,0,0,2,0,0,0.0
2026-08-12,S006,HAL1994,0,0,0,2,2,0,0,0.0
2026-08-12,S007,HAL1994,1,0,0,2,0,0,1,12.36
2026-08-12,S008,HAL1994,0,0,0,0,1,0,0,0.0
2026-08-12,S009,HAL1994,1,0,0,3,3,0,1,12.36
2026-08-12,S010,HAL1994,1,0,0,2,0,0,1,12.36
2026-08-12,S001,HAL1995,0,0,0,0,2,0,0,0.0
2026-08-12,S002,HAL1995,0,0,0,0,3,0,0,0.0
2026-08-12,S003,HAL1995,0,0,0,3,3,0,0,0.0
2026-08-12,S004,HAL1995,0,0,0,2,2,0,0,0.0
2026-08-12,S005,HAL1995,0,0,0,0,2,0,0,0.0
2026-08-12,S006,HAL1995,1,0,0,2,2,0,1,20.46
2026-08-12,S007,HAL1995,0,0,0,3,2,0,0,0.0
2026-08-12,S008,HAL1995,0,0,0,3,2,0,0,0.0
2026-08-12,S009,HAL1995,0,0,0,2,2,0,0,0.0
2026-08-12,S010,HAL1995,0,0,0,0,0,0,0,0.0
2026-08-12,S001,HAL1996,0,0,0,1,2,0,0,0.0
2026-08-12,S002,HAL1996,0,0,0,1,0,0,0,0.0
2026-08-12,S003,HAL1996,0,0,0,2,0,0,0,0.0
2026-08-12,S004,HAL1996,0,0,0,2,1,0,0,0.0
2026-08-12,S005,HAL1996,0,0,0,1,0,0,0,0.0
2026-08-12,S006,HAL1996,0,0,0,2,0,0,0,0.0
2026-08-12,S007,HAL1996,1,5,4,3,1,0,2,41.94
2026-08-12,S008,HAL1996,1,1,1,2,3,0,1,20.97
2026-08-12,S009,HAL1996,0,4,3,0,3,0,1,20.97
2026-08-12,S010,HAL1996,0,0,0,3,0,0,0,0.0
2026-08-12,S001,HAL1997,0,1,0,1,2,0,1,15.42
2026-08-12,S002,HAL1997,1,0,0,0,1,0,1,15.42
2026-08-12,S003,HAL1997,1,0,0,3,2,0,1,15.42
2026-08-12,S004,HAL1997,0,0,0,1,0,0,0,0.0
2026-08-12,S005,HAL1997,1,0,0,0,1,0,1,15.42
2026-08-12,S006,HAL1997,0,0,0,3,1,0,0,0.0
2026-08-12,S007,HAL1997,0,1,0,3,2,0,1,15.42
2026-08-12,S008,HAL1997,0,1,0,0,0,0,1,15.42
2026-08-12,S009,HAL1997,1,8,6,1,3,0,3,46.26
2026-08-12,S010,HAL1997,1,0,0,0,3,0,1,15.42
2026-08-12,S001,HAL1998,0,0,0,2,1,0,0,0.0
2026-08-12,S002,HAL1998,0,2,2,1,3,0,0,0.0
2026-08-12,S003,HAL1998,1,1,1,1,2,0,1,23.41
2026-08-12,S004,HAL1998,1,4,4,2,2,0,1,23.41
2026-08-12,S005,HAL1998,0,1,0,3,1,0,1,23.41
2026-08-12,S006,HAL1998,0,0,0,1,2,1,0,0.0
2026-08-12,S007,HAL1998,0,0,0,3,3,0,0,0.0
2026-08-12,S008,HAL1998,1,0,0,3,2,0,1,23.41
2026-08-12,S009,HAL1998,0,1,0,3,2,0,1,23.41
2026-08-12,S010,HAL1998,0,0,0,1,0,0,0,0.0
2026-08-12,S001,HAL1999,0,0,0,2,1,0,0,0.0
2026-08-12,S002,HAL1999,0,0,0,0,0,0,0,0.0
2026-08-12,S003,HAL1999,0,0,0,3,2,0,0,0.0
2026-08-12,S004,HAL1999,0,0,0,2,2,0,0,0.0
2026-08-12,S005,HAL1999,0,1,0,1,0,0,1,37.1
2026-08-12,S006,HAL1999,0,0,0,1,1,0,0,0.0
2026-08-12,S007,HAL1999,0,0,0,1,0,0,0,0.0
2026-08-12,S008,HAL1999,0,0,0,3,3,1,0,0.0
2026-08-12,S009,HAL1999,0,0,0,2,0,0,0,0.0
2026-08-12,S010,HAL1999,1,0,0,1,1,0,1,37.1
2026-08-12,S001,HAL2000,0,2,2,3,0,0,0,0.0
2026-08-12,S002,HAL2000,1,3,3,0,3,0,1,46.28
2026-08-12,S003,HAL2000,0,0,0,2,0,0,0,0.0
2026-08-12,S004,HAL2000,0,1,0,2,0,0,1,46.28
2026-08-12,S005,HAL2000,2,2,2,3,3,0,2,92.56
2026-08-12,S006,HAL2000,0,1,0,1,2,0,1,46.28
2026-08-12,S007,HAL2000,0,2,2,2,3,0,0,0.0
2026-08-12,S008,HAL2000,0,0,0,1,0,0,0,0.0
2026-08-12,S009,HAL2000,1,0,0,0,3,0,1,46.28
2026-08-12,S010,HAL2000,0,0,0,0,2,0,0,0.0
2026-08-12,S001,HAL2001,1,0,0,1,1,0,1,28.3
2026-08-12,S002,HAL2001,0,1,0,1,2,0,1,28.3
2026-08-12,S003,HAL2001,0,1,0,3,1,1,1,28.3
2026-08-12,S004,HAL2001,0,1,0,0,0,0,1,28.3
2026-08-12,S005,HAL2001,0,0,0,3,3,0,0,0.0
2026-08-12,S006,HAL2001,0,1,0,3,0,0,1,28.3
2026-08-12,S007,HAL2001,0,1,0,0,1,0,1,28.3
2026-08-12,S008,HAL2001,0,0,0,0,1,0,0,0.0
2026-08-12,S009,HAL2001,0,0,0,1,1,0,0,0.0
2026-08-12,S010,HAL2001,0,1,0,3,2,0,1,28.3
2026-08-12,S001,HAL2002,1,0,0,2,2,0,1,43.67
2026-08-12,S002,HAL2002,2,0,0,0,0,0,2,87.34
2026-08-12,S003,HAL2002,0,0,0,2,0,0,0,0.0
2026-08-12,S004,HAL2002,0,0,0,2,2,0,0,0.0
2026-08-12,S005,HAL2002,1,0,0,1,0,0,1,43.67
2026-08-12,S006,HAL2002,0,1,0,0,0,0,1,43.67
2026-08-12,S007,HAL2002,0,1,0,3,3,0,1,43.67
2026-08-12,S008,HAL2002,0,0,0,1,2,0,0,0.0
2026-08-12,S009,HAL2002,0,0,0,0,1,0,0,0.0
2026-08-12,S010,HAL2002,0,0,0,1,3,0,0,0.0
2026-08-12,S001,HAL2003,0,0,0,0,0,0,0,0.0
2026-08-12,S002,HAL2003,1,0,0,2,3,0,1,29.55
2026-08-12,S003,HAL2003,0,1,0,1,0,0,1,29.55
2026-08-12,S004,HAL2003,0,1,1,0,0,0,0,0.0
2026-08-12,S005,HAL2003,0,1,0,1,3,0,1,29.55
2026-08-12,S006,HAL2003,1,0,0,3,0,0,1,29.55
2026-08-12,S007,HAL2003,0,0,0,3,0,0,0,0.0
2026-08-12,S008,HAL2003,1,0,0,1,2,1,1,29.55
2026-08-12,S009,HAL2003,0,0,0,0,2,0,0,0.0
2026-08-12,S010,HAL2003,0,0,0,2,0,0,0,0.0
2026-08-12,S001,HAL2004,1,0,0,1,2,0,1,13.88
2026-08-12,S002,HAL2004,0,0,0,2,1,0,0,0.0
2026-08-12,S003,HAL2004,0,1,0,2,1,0,1,13.88
2026-08-12,S004,HAL2004,0,0,0,1,1,0,0,0.0
2026-08-12,S005,HAL2004,1,2,2,3,2,0,1,13.88
2026-08-12,S006,HAL2004,1,0,0,1,1,0,1,13.88
2026-08-12,S007,HAL2004,1,1,0,1,0,0,2,27.76
2026-08-12,S008,HAL2004,2,3,3,2,1,0,2,27.76
2026-08-12,S009,HAL2004,0,0,0,1,0,0,0,0.0
2026-08-12,S010,HAL2004,0,0,0,2,2,0,0,0.0
2026-08-12,S001,HAL2005,0,0,0,3,3,0,0,0.0
2026-08-12,S002,HAL2005,0,1,0,1,2,0,1,40.62
2026-08-12,S003,HAL2005,1,0,0,1,2,0,1,40.62
2026-08-12,S004,HAL2005,0,1,0,0,0,0,1,40.62
2026-08-12,S005,HAL2005,0,0,0,0,2,0,0,0.0
2026-08-12,S006,HAL2005,0,0,0,2,1,0,0,0.0
2026-08-12,S007,HAL2005,0,0,0,0,1,0,0,0.0
2026-08-12,S008,HAL2005,0,1,0,0,0,0,1,40.62
2026-08-12,S009,HAL2005,0,0,0,1,1,0,0,0.0
2026-08-12,S010,HAL2005,0,0,0,2,2,0,0,0.0
2026-08-12,S001,HAL2006,0,0,0,3,2,0,0,0.0
2026-08-12,S002,HAL2006,0,0,0,3,3,0,0,0.0
2026-08-12,S003,HAL2006,1,0,0,1,2,0,1,23.02
2026-08-12,S004,HAL2006,0,1,0,1,2,0,1,23.02
2026-08-12,S005,HAL2006,0,0,0,1,1,0,0,0.0
2026-08-12,S006,HAL2006,0,0,0,2,1,0,0,0.0
2026-08-12,S007,HAL2006,0,1,0,0,2,0,1,23.02
2026-08-12,S008,HAL2006,0,1,1,2,3,0,0,0.0
2026-08-12,S009,HAL2006,1,0,0,1,1,0,1,23.02
2026-08-12,S010,HAL2006,0,0,0,1,2,0,0,0.0
2026-08-12,S001,HAL2007,0,0,0,1,2,0,0,0.0
2026-08-12,S002,HAL2007,0,0,0,2,2,0,0,0.0
2026-08-12,S003,HAL2007,0,1,0,1,3,0,1,35.85
2026-08-12,S004,HAL2007,2,0,0,1,2,0,2,71.7
2026-08-12,S005,HAL2007,0,0,0,1,1,0,0,0.0
2026-08-12,S006,HAL2007,0,4,3,2,1,0,1,35.85
2026-08-12,S007,HAL2007,0,1,0,0,0,0,1,35.85
2026-08-12,S008,HAL2007,0,0,0,2,3,0,0,0.0
2026-08-12,S009,HAL2007,0,0,0,1,3,0,0,0.0
2026-08-12,S010,HAL2007,0,0,0,2,1,0,0,0.0
2026-08-12,S001,HAL2008,0,0,0,3,1,0,0,0.0
2026-08-12,S002,HAL2008,2,0,0,0,1,0,2,35.22
2026-08-12,S003,HAL2008,0,2,2,3,3,0,0,0.0
2026-08-12,S004,HAL2008,0,1,0,3,3,0,1,17.61
2026-08-12,S005,HAL2008,0,0,0,1,0,0,0,0.0
2026-08-12,S006,HAL2008,0,1,0,1,0,0,1,17.61
2026-08-12,S007,HAL2008,1,0,0,2,2,1,1,17.61
2026-08-12,S008,HAL2008,0,1,0,3,1,0,1,17.61
2026-08-12,S009,HAL2008,0,1,0,1,0,0,1,17.61
2026-08-12,S010,HAL2008,0,1,0,3,2,0,1,17.61
2026-08-12,S001,HAL2009,1,0,0,0,2,0,1,25.0
2026-08-12,S002,HAL2009,0,1,0,0,2,0,1,25.0
2026-08-12,S003,HAL2009,1,0,0,3,0,0,1,25.0
2026-08-12,S004,HAL2009,0,0,0,2,3,0,0,0.0
2026-08-12,S005,HAL2009,1,0,0,3,3,0,1,25.0
2026-08-12,S006,HAL2009,0,1,0,0,3,0,1,25.0
2026-08-12,S007,HAL2009,1,0,0,1,0,0,1,25.0
2026-08-12,S008,HAL2009,0,0,0,0,2,0,0,0.0
2026-08-12,S009,HAL2009,0,0,0,2,2,0,0,0.0
2026-08-12,S010,HAL2009,0,0,0,0,2,0,0,0.0
2026-08-12,S001,HAL2010,0,0,0,2,2,0,0,0.0
2026-08-12,S002,HAL2010,0,0,0,3,2,0,0,0.0
2026-08-12,S003,HAL2010,0,3,2,0,0,0,1,7.66
2026-08-12,S004,HAL2010,1,0,0,0,0,0,1,7.66
2026-08-12,S005,HAL2010,1,0,0,3,3,0,1,7.66
2026-08-12,S006,HAL2010,1,0,0,1,1,0,1,7.66
2026-08-12,S007,HAL2010,1,0,0,2,3,0,1,7.66
2026-08-12,S008,HAL2010,1,1,0,2,3,0,2,15.32
2026-08-12,S009,HAL2010,0,0,0,2,2,0,0,0.0
2026-08-12,S010,HAL2010,0,1,0,3,3,0,1,7.66
2026-08-12,S001,HAL2011,0,0,0,2,0,0,0,0.0
2026-08-12,S002,HAL2011,1,1,1,3,0,0,1,5.87
2026-08-12,S003,HAL2011,0,0,0,2,0,0,0,0.0
2026-08-12,S004,HAL2011,1,0,0,2,0,0,1,5.87
2026-08-12,S005,HAL2011,0,0,0,2,2,0,0,0.0
2026-08-12,S006,HAL2011,1,0,0,3,0,0,1,5.87
2026-08-12,S007,HAL2011,0,0,0,3,0,0,0,0.0
2026-08-12,S008,HAL2011,0,0,0,1,2,0,0,0.0
2026-08-12,S009,HAL2011,0,0,0,3,3,0,0,0.0
2026-08-12,S010,HAL2011,0,0,0,1,1,0,0,0.0
2026-08-12,S001,HAL2012,0,0,0,1,2,0,0,0.0
2026-08-12,S002,HAL2012,0,0,0,0,3,1,0,0.0
2026-08-12,S003,HAL2012,0,0,0,2,0,0,0,0.0
2026-08-12,S004,HAL2012,0,0,0,3,0,0,0,0.0
2026-08-12,S005,HAL2012,1,0,0,3,1,0,1,32.86
2026-08-12,S006,HAL2012,1,2,2,2,2,0,1,32.86
2026-08-12,S007,HAL2012,0,1,0,0,2,0,1,32.86
2026-08-12,S008,HAL2012,0,0,0,3,2,0,0,0.0
2026-08-12,S009,HAL2012,1,3,3,3,1,0,1,32.86
2026-08-12,S010,HAL2012,0,0,0,0,1,0,0,0.0
2026-08-12,S001,HAL2013,0,0,0,3,0,0,0,0.0
2026-08-12,S002,HAL2013,0,4,3,0,1,0,1,19.53
2026-08-12,S003,HAL2013,0,1,0,0,0,0,1,19.53
2026-08-12,S004,HAL2013,0,1,0,0,0,0,1,19.53
2026-08-12,S005,HAL2013,0,1,0,1,1,0,1,19.53
2026-08-12,S006,HAL2013,0,1,0,3,0,0,1,19.53
2026-08-12,S007,HAL2013,0,0,0,3,1,0,0,0.0
2026-08-12,S008,HAL2013,1,2,2,1,3,1,1,19.53
2026-08-12,S009,HAL2013,0,1,0,2,1,0,1,19.53
2026-08-12,S010,HAL2013,0,3,2,3,3,0,1,19.53
2026-08-12,S001,HAL2014,0,0,0,2,2,0,0,0.0
2026-08-12,S002,HAL2014,0,0,0,2,3,1,0,0.0
2026-08-12,S003,HAL2014,0,1,0,1,0,0,1,19.97
2026-08-12,S004,HAL2014,0,0,0,2,1,0,0,0.0
2026-08-12,S005,HAL2014,1,1,1,3,3,0,1,19.97
2026-08-12,S006,HAL2014,0,0,0,0,2,0,0,0.0
2026-08-12,S007,HAL2014,0,1,0,0,0,1,1,19.97
2026-08-12,S008,HAL2014,0,2,1,3,0,0,1,19.97
2026-08-12,S009,HAL2014,0,0,0,2,0,0,0,0.0
2026-08-12,S010,HAL2014,1,0,0,0,0,0,1,19.97
2026-08-12,S001,HAL2015,0,0,0,2,1,0,0,0.0
2026-08-12,S002,HAL2015,0,1,0,3,2,0,1,17.34
2026-08-12,S003,HAL2015,0,0,0,2,0,0,0,0.0
2026-08-12,S004,HAL2015,0,2,1,2,0,0,1,17.34
2026-08-12,S005,HAL2015,0,0,0,3,1,0,0,0.0
2026-08-12,S006,HAL2015,0,1,0,0,2,0,1,17.34
2026-08-12,S007,HAL2015,0,0,0,0,1,0,0,0.0
2026-08-12,S008,HAL2015,0,0,0,0,2,1,0,0.0
2026-08-12,S009,HAL2015,1,0,0,2,2,0,1,17.34
2026-08-12,S010,HAL2015,0,1,0,3,3,0,1,17.34
2026-08-12,S001,HAL2016,1,0,0,0,3,0,1,16.73
2026-08-12,S002,HAL2016,1,0,0,2,0,0,1,16.73
2026-08-12,S003,HAL2016,2,2,2,3,0,0,2,33.46
2026-08-12,S004,HAL2016,0,0,0,3,0,0,0,0.0
2026-08-12,S005,HAL2016,0,0,0,1,0,0,0,0.0
2026-08-12,S006,HAL2016,0,2,0,1,3,0,2,33.46
2026-08-12,S007,HAL2016,0,2,1,1,1,0,1,16.73
2026-08-12,S008,HAL2016,0,0,0,0,1,0,0,0.0
2026-08-12,S009,HAL2016,2,0,0,1,2,0,2,33.46
2026-08-12,S010,HAL2016,1,0,0,2,3,1,1,16.73
2026-08-12,S001,HAL2017,1,0,0,3,2,0,1,38.61
2026-08-12,S002,HAL2017,1,2,2,2,1,0,1,38.61
2026-08-12,S003,HAL2017,0,1,0,2,3,0,1,38.61
2026-08-12,S004,HAL2017,0,0,0,1,0,0,0,0.0
2026-08-12,S005,HAL2017,1,0,1,3,0,0,0,0.0
2026-08-12,S006,HAL2017,0,0,0,3,3,0,0,0.0
2026-08-12,S007,HAL2017,1,0,0,0,1,0,1,38.61
2026-08-12,S008,HAL2017,1,0,0,2,2,0,1,38.61
2026-08-12,S009,HAL2017,1,0,0,0,3,0,1,38.61
2026-08-12,S010,HAL2017,0,2,0,2,1,0,2,77.22
2026-08-12,S001,HAL2018,1,0,0,2,0,0,1,30.77
2026-08-12,S002,HAL2018,0,1,0,3,1,0,1,30.77
2026-08-12,S003,HAL2018,0,0,0,2,2,0,0,0.0
2026-08-12,S004,HAL2018,1,0,0,3,2,0,1,30.77
2026-08-12,S005,HAL2018,0,0,0,2,1,0,0,0.0
2026-08-12,S006,HAL2018,0,1,1,1,0,0,0,0.0
2026-08-12,S007,HAL2018,0,0,0,3,3,0,0,0.0
2026-08-12,S008,HAL2018,1,0,0,1,2,0,1,30.77
2026-08-12,S009,HAL2018,0,0,0,1,1,0,0,0.0
2026-08-12,S010,HAL2018,0,1,0,2,0,0,1,30.77
2026-08-12,S001,HAL2019,0,0,0,3,2,0,0,0.0
2026-08-12,S002,HAL2019,1,2,2,2,1,0,1,30.67
2026-08-12,S003,HAL2019,0,0,0,1,1,0,0,0.0
2026-08-12,S004,HAL2019,0,0,0,1,1,0,0,0.0
2026-08-12,S005,HAL2019,0,1,0,3,3,0,1,30.67
2026-08-12,S006,HAL2019,0,0,0,0,0,0,0,0.0
2026-08-12,S007,HAL2019,1,1,0,3,3,0,2,61.34
2026-08-12,S008,HAL2019,0,2,1,1,1,0,1,30.67
2026-08-12,S009,HAL2019,0,0,0,1,1,0,0,0.0
2026-08-12,S010,HAL2019,0,0,0,3,3,0,0,0.0
2026-08-12,S001,HAL2020,0,0,0,1,0,0,0,0.0
2026-08-12,S002,HAL2020,0,0,0,0,0,0,0,0.0
2026-08-12,S003,HAL2020,1,0,1,2,3,0,0,0.0
2026-08-12,S004,HAL2020,1,0,0,2,0,0,1,25.77
2026-08-12,S005,HAL2020,0,6,4,1,2,0,2,51.54
2026-08-12,S006,HAL2020,1,0,0,3,2,0,1,25.77
2026-08-12,S007,HAL2020,0,1,0,1,2,1,1,25.77
2026-08-12,S008,HAL2020,2,0,0,1,0,0,2,51.54
2026-08-12,S009,HAL2020,0,1,0,0,3,0,1,25.77
2026-08-12,S010,HAL2020,0,2,2,0,3,0,0,0.0
2026-08-12,S001,SUM2021,0,0,0,2,2,0,0,0.0
2026-08-12,S002,SUM2021,0,1,1,1,1,0,0,0.0
2026-08-12,S003,SUM2021,0,3,2,0,0,0,1,32.1
2026-08-12,S004,SUM2021,1,2,1,0,3,0,2,64.2
2026-08-12,S005,SUM2021,0,3,2,0,2,0,1,32.1
2026-08-12,S006,SUM2021,0,1,0,1,3,0,1,32.1
2026-08-12,S007,SUM2021,0,1,1,2,1,0,0,0.0
2026-08-12,S008,SUM2021,0,2,2,3,1,0,0,0.0
2026-08-12,S009,SUM2021,0,1,0,2,0,0,1,32.1
2026-08-12,S010,SUM2021,1,0,1,2,1,0,0,0.0
2026-08-12,S001,SUM2022,1,5,4,0,2,0,2,81.6
2026-08-12,S002,SUM2022,0,2,1,0,0,0,1,40.8
2026-08-12,S003,SUM2022,1,0,1,3,0,0,0,0.0
2026-08-12,S004,SUM2022,1,4,3,2,2,0,2,81.6
2026-08-12,S005,SUM2022,1,0,0,2,2,0,1,40.8
2026-08-12,S006,SUM2022,0,0,0,0,1,0,0,0.0
2026-08-12,S007,SUM2022,1,1,2,1,0,1,0,0.0
2026-08-12,S008,SUM2022,1,4,3,3,2,0,2,81.6
2026-08-12,S009,SUM2022,0,1,1,3,2,0,0,0.0
2026-08-12,S010,SUM2022,0,0,0,3,0,0,0,0.0
2026-08-12,S001,SUM2023,0,0,0,0,1,0,0,0.0
2026-08-12,S002,SUM2023,2,3,3,2,1,0,2,28.54
2026-08-12,S003,SUM2023,0,0,0,1,1,0,0,0.0
2026-08-12,S004,SUM2023,0,4,3,2,0,0,1,14.27
2026-08-12,S005,SUM2023,0,0,0,1,3,0,0,0.0
2026-08-12,S006,SUM2023,0,1,0,2,2,0,1,14.27
2026-08-12,S007,SUM2023,0,2,2,0,2,1,0,0.0
2026-08-12,S008,SUM2023,0,6,4,3,3,0,2,28.54
2026-08-12,S009,SUM2023,3,9,8,0,1,0,4,57.08
2026-08-12,S010,SUM2023,0,0,0,1,3,0,0,0.0
2026-08-12,S001,SUM2024,0,0,0,1,1,0,0,0.0
2026-08-12,S002,SUM2024,0,0,0,1,3,0,0,0.0
2026-08-12,S003,SUM2024,0,0,0,2,0,0,0,0.0
2026-08-12,S004,SUM2024,1,0,1,3,3,0,0,0.0
2026-08-12,S005,SUM2024,0,3,2,0,1,1,1,49.61
2026-08-12,S006,SUM2024,1,1,2,2,3,0,0,0.0
2026-08-12,S007,SUM2024,0,5,4,2,1,0,1,49.61
2026-08-12,S008,SUM2024,0,2,2,0,2,0,0,0.0
2026-08-12,S009,SUM2024,0,2,2,2,1,0,0,0.0
2026-08-12,S010,SUM2024,0,0,0,1,3,0,0,0.0
2026-08-12,S001,SUM2025,1,2,3,2,0,0,0,0.0
2026-08-12,S002,SUM2025,1,1,1,3,3,0,1,30.56
2026-08-12,S003,SUM2025,1,1,1,0,1,0,1,30.56
2026-08-12,S004,SUM2025,1,5,4,2,0,0,2,61.12
2026-08-12,S005,SUM2025,1,5,5,0,1,0,1,30.56
2026-08-12,S006,SUM2025,0,5,3,0,0,0,2,61.12
2026-08-12,S007,SUM2025,0,3,2,3,2,0,1,30.56
2026-08-12,S008,SUM2025,0,6,4,0,0,0,2,61.12
2026-08-12,S009,SUM2025,0,2,1,0,3,0,1,30.56
2026-08-12,S010,SUM2025,0,0,0,2,1,0,0,0.0
2026-08-12,S001,SUM2026,1,2,2,2,3,0,1,55.53
2026-08-12,S002,SUM2026,0,0,0,1,3,0,0,0.0
2026-08-12,S003,SUM2026,1,3,3,3,1,0,1,55.53
2026-08-12,S004,SUM2026,2,1,1,2,2,0,2,111.06
2026-08-12,S005,SUM2026,0,0,0,3,0,0,0,0.0
2026-08-12,S006,SUM2026,0,6,5,3,0,0,1,55.53
2026-08-12,S007,SUM2026,0,0,0,3,3,0,0,0.0
2026-08-12,S008,SUM2026,1,4,3,3,3,0,2,111.06
2026-08-12,S009,SUM2026,0,1,1,0,2,0,0,0.0
2026-08-12,S010,SUM2026,0,4,3,3,2,0,1,55.53
2026-08-12,S001,SUM2027,0,0,0,0,1,0,0,0.0
2026-08-12,S002,SUM2027,1,1,2,0,1,0,0,0.0
2026-08-12,S003,SUM2027,1,1,1,2,2,0,1,58.32
2026-08-12,S004,SUM2027,0,3,2,3,2,0,1,58.32
2026-08-12,S005,SUM2027,0,0,0,0,2,0,0,0.0
2026-08-12,S006,SUM2027,1,6,5,3,2,0,2,116.64
2026-08-12,S007,SUM2027,0,0,0,2,0,0,0,0.0
2026-08-12,S008,SUM2027,0,1,0,2,0,0,1,58.32
2026-08-12,S009,SUM2027,1,0,1,0,1,0,0,0.0
2026-08-12,S010,SUM2027,0,0,0,2,3,0,0,0.0
2026-08-12,S001,SUM2028,2,3,3,2,1,0,2,133.82
2026-08-12,S002,SUM2028,0,10,8,3,2,0,2,133.82
2026-08-12,S003,SUM2028,2,4,4,2,2,0,2,133.82
2026-08-12,S004,SUM2028,1,0,0,3,3,0,1,66.91
2026-08-12,S005,SUM2028,2,0,0,3,3,0,2,133.82
2026-08-12,S006,SUM2028,0,4,2,1,2,0,2,133.82
2026-08-12,S007,SUM2028,2,7,7,1,2,0,2,133.82
2026-08-12,S008,SUM2028,0,6,5,1,2,0,1,66.91
2026-08-12,S009,SUM2028,1,4,4,3,3,0,1,66.91
2026-08-12,S010,SUM2028,1,1,1,1,2,0,1,66.91
2026-08-12,S001,SUM2029,1,1,2,1,1,0,0,0.0
2026-08-12,S002,SUM2029,1,5,5,0,2,0,1,64.48
2026-08-12,S003,SUM2029,0,0,0,3,1,0,0,0.0
2026-08-12,S004,SUM2029,0,4,4,3,2,0,0,0.0
2026-08-12,S005,SUM2029,1,2,2,0,3,0,1,64.48
2026-08-12,S006,SUM2029,1,5,5,2,2,0,1,64.48
2026-08-12,S007,SUM2029,0,0,0,3,1,0,0,0.0
2026-08-12,S008,SUM2029,0,4,3,1,3,0,1,64.48
2026-08-12,S009,SUM2029,1,9,7,2,1,0,3,193.44
2026-08-12,S010,SUM2029,0,1,1,1,1,0,0,0.0
2026-08-12,S001,SUM2030,0,4,4,1,3,0,0,0.0
2026-08-12,S002,SUM2030,0,5,3,1,1,0,2,39.4
2026-08-12,S003,SUM2030,3,8,7,3,1,0,4,78.8
2026-08-12,S004,SUM2030,1,0,1,2,3,0,0,0.0
2026-08-12,S005,SUM2030,1,1,1,3,0,0,1,19.7
2026-08-12,S006,SUM2030,0,1,0,3,0,0,1,19.7
2026-08-12,S007,SUM2030,1,1,1,2,3,0,1,19.7
2026-08-12,S008,SUM2030,0,6,4,3,0,0,2,39.4
2026-08-12,S009,SUM2030,0,2,1,3,2,0,1,19.7
2026-08-12,S010,SUM2030,0,0,0,0,3,0,0,0.0
2026-08-12,S001,SUM2031,0,3,2,0,3,1,1,29.28
2026-08-12,S002,SUM2031,1,2,2,3,2,1,1,29.28
2026-08-12,S003,SUM2031,0,3,2,0,3,0,1,29.28
2026-08-12,S004,SUM2031,0,0,0,2,3,0,0,0.0
2026-08-12,S005,SUM2031,0,7,5,3,0,0,2,58.56
2026-08-12,S006,SUM2031,0,14,12,0,1,0,2,58.56
2026-08-12,S007,SUM2031,0,0,0,3,0,0,0,0.0
2026-08-12,S008,SUM2031,0,3,3,3,3,0,0,0.0
2026-08-12,S009,SUM2031,1,0,0,0,1,0,1,29.28
2026-08-12,S010,SUM2031,0,0,0,1,1,0,0,0.0
2026-08-12,S001,SUM2032,0,1,1,3,3,0,0,0.0
2026-08-12,S002,SUM2032,1,7,6,3,2,0,2,115.16
2026-08-12,S003,SUM2032,0,0,0,0,2,0,0,0.0
2026-08-12,S004,SUM2032,2,3,3,2,2,0,2,115.16
2026-08-12,S005,SUM2032,0,5,3,2,1,0,2,115.16
2026-08-12,S006,SUM2032,0,12,8,1,1,0,4,230.32
2026-08-12,S007,SUM2032,0,11,8,0,3,0,3,172.74
2026-08-12,S008,SUM2032,0,2,2,0,2,0,0,0.0
2026-08-12,S009,SUM2032,1,5,4,3,1,0,2,115.16
2026-08-12,S010,SUM2032,0,0,0,1,2,0,0,0.0
2026-08-12,S001,SUM2033,0,2,2,0,2,0,0,0.0
2026-08-12,S002,SUM2033,1,0,0,0,0,0,1,69.61
2026-08-12,S003,SUM2033,0,0,0,0,2,0,0,0.0
2026-08-12,S004,SUM2033,0,0,0,1,3,0,0,0.0
2026-08-12,S005,SUM2033,1,4,4,3,1,0,1,69.61
2026-08-12,S006,SUM2033,1,1,2,0,0,0,0,0.0
2026-08-12,S007,SUM2033,0,0,0,0,2,1,0,0.0
2026-08-12,S008,SUM2033,0,9,6,0,0,0,3,208.83
2026-08-12,S009,SUM2033,0,0,0,0,1,0,0,0.0
2026-08-12,S010,SUM2033,0,3,2,3,1,0,1,69.61
2026-08-12,S001,SUM2034,1,0,0,3,2,0,1,77.2
2026-08-12,S002,SUM2034,1,5,4,2,0,0,2,154.4
2026-08-12,S003,SUM2034,0,5,4,0,0,0,1,77.2
2026-08-12,S004,SUM2034,1,4,4,2,2,0,1,77.2
2026-08-12,S005,SUM2034,0,0,0,0,0,0,0,0.0
2026-08-12,S006,SUM2034,1,5,4,0,0,0,2,154.4
2026-08-12,S007,SUM2034,1,0,0,2,3,0,1,77.2
2026-08-12,S008,SUM2034,0,4,3,2,1,0,1,77.2
2026-08-12,S009,SUM2034,1,0,1,2,2,0,0,0.0
2026-08-12,S010,SUM2034,0,3,3,3,0,0,0,0.0
2026-08-12,S001,SUM2035,0,0,0,0,3,0,0,0.0
2026-08-12,S002,SUM2035,1,0,0,3,0,0,1,41.87
2026-08-12,S003,SUM2035,0,8,6,3,3,0,2,83.74
2026-08-12,S004,SUM2035,1,4,3,1,1,0,2,83.74
2026-08-12,S005,SUM2035,1,0,1,0,2,0,0,0.0
2026-08-12,S006,SUM2035,0,2,1,2,1,0,1,41.87
2026-08-12,S007,SUM2035,1,4,3,0,1,0,2,83.74
2026-08-12,S008,SUM2035,1,2,2,1,2,0,1,41.87
2026-08-12,S009,SUM2035,2,7,7,1,0,0,2,83.74
2026-08-12,S010,SUM2035,2,6,5,2,3,0,3,125.61
2026-08-12,S001,SUM2036,0,0,0,3,1,0,0,0.0
2026-08-12,S002,SUM2036,0,1,1,1,1,0,0,0.0
2026-08-12,S003,SUM2036,1,0,0,3,3,0,1,13.89
2026-08-12,S004,SUM2036,0,2,2,1,2,1,0,0.0
2026-08-12,S005,SUM2036,0,2,1,3,3,0,1,13.89
2026-08-12,S006,SUM2036,0,6,4,2,1,0,2,27.78
2026-08-12,S007,SUM2036,1,1,1,1,1,0,1,13.89
2026-08-12,S008,SUM2036,1,7,5,1,2,0,3,41.67
2026-08-12,S009,SUM2036,0,2,1,3,2,0,1,13.89
2026-08-12,S010,SUM2036,1,0,1,1,3,0,0,0.0
2026-08-12,S001,SUM2037,1,8,7,0,1,0,2,72.36
2026-08-12,S002,SUM2037,1,0,0,3,1,0,1,36.18
2026-08-12,S003,SUM2037,1,5,4,3,3,0,2,72.36
2026-08-12,S004,SUM2037,0,1,1,1,0,0,0,0.0
2026-08-12,S005,SUM2037,0,3,2,1,0,0,1,36.18
2026-08-12,S006,SUM2037,2,4,4,1,3,0,2,72.36
2026-08-12,S007,SUM2037,1,8,6,1,0,0,3,108.54
2026-08-12,S008,SUM2037,1,0,1,3,0,0,0,0.0
2026-08-12,S009,SUM2037,0,0,0,2,2,0,0,0.0
2026-08-12,S010,SUM2037,0,1,1,3,2,0,0,0.0
2026-08-12,S001,SUM2038,2,0,0,2,0,0,2,23.56
2026-08-12,S002,SUM2038,0,3,3,0,0,0,0,0.0
2026-08-12,S003,SUM2038,0,10,7,1,1,1,3,35.34
2026-08-12,S004,SUM2038,1,6,5,3,3,0,2,23.56
2026-08-12,S005,SUM2038,1,4,3,2,0,0,2,23.56
2026-08-12,S006,SUM2038,1,10,8,1,3,0,3,35.34
2026-08-12,S007,SUM2038,2,5,4,1,0,0,3,35.34
2026-08-12,S008,SUM2038,0,3,2,1,2,0,1,11.78
2026-08-12,S009,SUM2038,0,1,0,3,2,0,1,11.78
2026-08-12,S010,SUM2038,0,6,5,0,2,0,1,11.78
2026-08-12,S001,SUM2039,0,1,1,3,3,0,0,0.0
2026-08-12,S002,SUM2039,2,8,7,1,1,0,3,48.15
2026-08-12,S003,SUM2039,0,2,0,1,3,0,2,32.1
2026-08-12,S004,SUM2039,0,2,2,3,3,1,0,0.0
2026-08-12,S005,SUM2039,2,6,5,3,2,0,3,48.15
2026-08-12,S006,SUM2039,2,4,4,2,2,0,2,32.1
2026-08-12,S007,SUM2039,1,19,13,3,1,0,7,112.35
2026-08-12,S008,SUM2039,1,8,6,3,3,0,3,48.15
2026-08-12,S009,SUM2039,1,0,0,1,1,0,1,16.05
2026-08-12,S010,SUM2039,2,5,5,1,0,0,2,32.1
2026-08-12,S001,SUM2040,1,0,0,1,0,0,1,63.89
2026-08-12,S002,SUM2040,1,4,3,0,3,0,2,127.78
2026-08-12,S003,SUM2040,1,0,1,2,0,0,0,0.0
2026-08-12,S004,SUM2040,1,3,3,2,0,0,1,63.89
2026-08-12,S005,SUM2040,0,0,0,3,2,0,0,0.0
2026-08-12,S006,SUM2040,2,8,6,2,2,0,4,255.56
2026-08-12,S007,SUM2040,1,5,4,3,0,0,2,127.78
2026-08-12,S008,SUM2040,1,3,3,3,1,0,1,63.89
2026-08-12,S009,SUM2040,0,1,1,2,3,1,0,0.0
2026-08-12,S010,SUM2040,1,2,1,0,0,0,2,127.78
2026-08-12,S001,SUM2041,1,2,2,0,2,0,1,46.45
2026-08-12,S002,SUM2041,0,1,0,3,2,0,1,46.45
2026-08-12,S003,SUM2041,1,0,1,3,2,0,0,0.0
2026-08-12,S004,SUM2041,0,0,0,1,2,0,0,0.0
2026-08-12,S005,SUM2041,1,0,1,3,1,0,0,0.0
2026-08-12,S006,SUM2041,1,0,1,2,2,0,0,0.0
2026-08-12,S007,SUM2041,0,0,0,2,0,0,0,0.0
2026-08-12,S008,SUM2041,1,0,1,3,2,0,0,0.0
2026-08-12,S009,SUM2041,0,0,0,2,1,0,0,0.0
2026-08-12,S010,SUM2041,1,0,1,2,3,0,0,0.0
2026-08-12,S001,SUM2042,0,0,0,0,1,0,0,0.0
2026-08-12,S002,SUM2042,0,4,3,3,2,0,1,72.46
2026-08-12,S003,SUM2042,0,0,0,3,1,0,0,0.0
2026-08-12,S004,SUM2042,1,0,0,3,2,0,1,72.46
2026-08-12,S005,SUM2042,0,2,1,0,3,0,1,72.46
2026-08-12,S006,SUM2042,2,0,0,1,2,0,2,144.92
2026-08-12,S007,SUM2042,0,0,0,3,0,0,0,0.0
2026-08-12,S008,SUM2042,1,0,0,3,3,0,1,72.46
2026-08-12,S009,SUM2042,0,4,3,0,3,0,1,72.46
2026-08-12,S010,SUM2042,0,0,0,0,3,0,0,0.0
2026-08-12,S001,SUM2043,0,2,1,0,3,1,1,71.8
2026-08-12,S002,SUM2043,1,0,1,1,3,0,0,0.0
2026-08-12,S003,SUM2043,1,0,0,1,3,0,1,71.8
2026-08-12,S004,SUM2043,0,0,0,2,1,0,0,0.0
2026-08-12,S005,SUM2043,0,3,3,1,0,0,0,0.0
2026-08-12,S006,SUM2043,1,1,2,3,2,0,0,0.0
2026-08-12,S007,SUM2043,1,3,4,1,2,0,0,0.0
2026-08-12,S008,SUM2043,0,0,0,0,1,0,0,0.0
2026-08-12,S009,SUM2043,2,3,3,0,3,0,2,143.6
2026-08-12,S010,SUM2043,1,1,1,0,1,0,1,71.8
2026-08-12,S001,SUM2044,1,4,4,2,0,0,1,66.66
2026-08-12,S002,SUM2044,1,10,8,3,1,0,3,199.98
2026-08-12,S003,SUM2044,2,4,4,1,2,0,2,133.32
2026-08-12,S004,SUM2044,1,3,2,1,0,0,2,133.32
2026-08-12,S005,SUM2044,0,1,0,0,0,0,1,66.66
2026-08-12,S006,SUM2044,1,10,7,3,2,1,4,266.64
2026-08-12,S007,SUM2044,2,2,2,0,2,0,2,133.32
2026-08-12,S008,SUM2044,0,5,4,1,0,0,1,66.66
2026-08-12,S009,SUM2044,0,3,3,1,1,0,0,0.0
2026-08-12,S010,SUM2044,0,7,5,2,2,0,2,133.32
2026-08-12,S001,SUM2045,0,3,2,2,2,0,1,64.68
2026-08-12,S002,SUM2045,1,0,0,3,3,0,1,64.68
2026-08-12,S003,SUM2045,0,1,0,3,0,0,1,64.68
2026-08-12,S004,SUM2045,1,4,3,2,0,0,2,129.36
2026-08-12,S005,SUM2045,0,0,0,2,2,0,0,0.0
2026-08-12,S006,SUM2045,1,1,1,0,1,0,1,64.68
2026-08-12,S007,SUM2045,0,4,2,3,2,0,2,129.36
2026-08-12,S008,SUM2045,1,0,0,3,1,0,1,64.68
2026-08-12,S009,SUM2045,0,6,4,1,2,1,2,129.36
2026-08-12,S010,SUM2045,0,2,2,1,2,0,0,0.0
2026-08-12,S001,SUM2046,0,2,1,3,3,0,1,52.36
2026-08-12,S002,SUM2046,0,0,0,2,1,1,0,0.0
2026-08-12,S003,SUM2046,0,4,3,2,1,0,1,52.36
2026-08-12,S004,SUM2046,0,1,0,1,1,0,1,52.36
2026-08-12,S005,SUM2046,0,0,0,1,2,0,0,0.0
2026-08-12,S006,SUM2046,1,4,3,0,0,0,2,104.72
2026-08-12,S007,SUM2046,0,0,0,2,1,0,0,0.0
2026-08-12,S008,SUM2046,1,0,1,2,1,0,0,0.0
2026-08-12,S009,SUM2046,1,0,0,0,0,0,1,52.36
2026-08-12,S010,SUM2046,2,10,9,1,2,0,3,157.08
2026-08-12,S001,SUM2047,1,0,0,2,3,0,1,52.64
2026-08-12,S002,SUM2047,1,0,1,3,1,0,0,0.0
2026-08-12,S003,SUM2047,0,2,1,2,3,0,1,52.64
2026-08-12,S004,SUM2047,0,0,0,2,1,0,0,0.0
2026-08-12,S005,SUM2047,0,0,0,3,3,0,0,0.0
2026-08-12,S006,SUM2047,1,4,4,2,1,0,1,52.64
2026-08-12,S007,SUM2047,0,3,3,3,1,0,0,0.0
2026-08-12,S008,SUM2047,0,4,3,1,2,0,1,52.64
2026-08-12,S009,SUM2047,1,1,2,3,1,0,0,0.0
2026-08-12,S010,SUM2047,1,0,0,0,3,0,1,52.64
2026-08-12,S001,SUM2048,1,1,1,3,0,0,1,38.19
2026-08-12,S002,SUM2048,1,2,2,1,3,1,1,38.19
2026-08-12,S003,SUM2048,0,0,0,1,3,0,0,0.0
2026-08-12,S004,SUM2048,0,4,2,2,0,0,2,76.38
2026-08-12,S005,SUM2048,0,0,0,2,2,0,0,0.0
2026-08-12,S006,SUM2048,1,5,4,0,2,0,2,76.38
2026-08-12,S007,SUM2048,0,2,2,3,1,0,0,0.0
2026-08-12,S008,SUM2048,0,3,2,2,1,0,1,38.19
2026-08-12,S009,SUM2048,1,0,0,1,2,0,1,38.19
2026-08-12,S010,SUM2048,1,2,2,1,3,0,1,38.19
2026-08-12,S001,SUM2049,1,0,0,0,0,0,1,60.9
2026-08-12,S002,SUM2049,2,0,0,1,0,0,2,121.8
2026-08-12,S003,SUM2049,0,0,0,1,3,0,0,0.0
2026-08-12,S004,SUM2049,0,0,0,1,3,0,0,0.0
2026-08-12,S005,SUM2049,0,4,3,1,1,0,1,60.9
2026-08-12,S006,SUM2049,0,1,0,2,1,0,1,60.9
2026-08-12,S007,SUM2049,1,4,5,1,2,0,0,0.0
2026-08-12,S008,SUM2049,1,0,1,0,3,0,0,0.0
2026-08-12,S009,SUM2049,1,2,1,3,2,0,2,121.8
2026-08-12,S010,SUM2049,1,4,4,2,0,0,1,60.9
2026-08-12,S001,SUM2050,0,4,3,3,2,0,1,28.19
2026-08-12,S002,SUM2050,1,0,0,1,3,0,1,28.19
2026-08-12,S003,SUM2050,0,2,1,1,3,0,1,28.19
2026-08-12,S004,SUM2050,1,5,4,1,1,0,2,56.38
2026-08-12,S005,SUM2050,0,0,0,0,0,0,0,0.0
2026-08-12,S006,SUM2050,1,0,1,1,1,0,0,0.0
2026-08-12,S007,SUM2050,0,2,2,2,0,0,0,0.0
2026-08-12,S008,SUM2050,0,0,0,0,3,0,0,0.0
2026-08-12,S009,SUM2050,0,0,0,3,1,0,0,0.0
2026-08-12,S010,SUM2050,0,0,0,3,0,0,0,0.0
2026-08-12,S001,SUM2051,1,1,2,2,2,0,0,0.0
2026-08-12,S002,SUM2051,0,5,4,3,2,0,1,20.5
2026-08-12,S003,SUM2051,0,0,0,1,0,0,0,0.0
2026-08-12,S004,SUM2051,1,2,3,3,2,0,0,0.0
2026-08-12,S005,SUM2051,1,0,1,3,0,0,0,0.0
2026-08-12,S006,SUM2051,0,1,1,0,0,0,0,0.0
2026-08-12,S007,SUM2051,2,5,5,0,0,0,2,41.0
2026-08-12,S008,SUM2051,1,4,4,2,2,0,1,20.5
2026-08-12,S009,SUM2051,0,2,1,2,2,0,1,20.5
2026-08-12,S010,SUM2051,1,0,0,2,3,0,1,20.5
2026-08-12,S001,SUM2052,0,4,3,2,3,0,1,23.95
2026-08-12,S002,SUM2052,1,8,6,2,2,0,3,71.85
2026-08-12,S003,SUM2052,1,0,0,0,1,0,1,23.95
2026-08-12,S004,SUM2052,0,1,0,0,0,0,1,23.95
2026-08-12,S005,SUM2052,0,1,0,3,3,0,1,23.95
2026-08-12,S006,SUM2052,0,1,0,3,1,0,1,23.95
2026-08-12,S007,SUM2052,0,1,0,1,0,0,1,23.95
2026-08-12,S008,SUM2052,0,9,7,3,1,0,2,47.9
2026-08-12,S009,SUM2052,0,3,2,2,0,1,1,23.95
2026-08-12,S010,SUM2052,1,2,2,2,3,0,1,23.95
2026-08-12,S001,SUM2053,1,4,4,1,3,0,1,28.35
2026-08-12,S002,SUM2053,2,6,5,1,1,1,3,85.05
2026-08-12,S003,SUM2053,0,5,4,1,0,0,1,28.35
2026-08-12,S004,SUM2053,1,1,2,2,0,0,0,0.0
2026-08-12,S005,SUM2053,0,4,2,2,1,0,2,56.7
2026-08-12,S006,SUM2053,0,4,3,1,3,0,1,28.35
2026-08-12,S007,SUM2053,1,2,3,2,0,0,0,0.0
2026-08-12,S008,SUM2053,1,0,0,2,2,0,1,28.35
2026-08-12,S009,SUM2053,0,0,0,1,3,0,0,0.0
2026-08-12,S010,SUM2053,2,6,6,3,0,0,2,56.7
2026-08-12,S001,SUM2054,0,0,0,2,0,1,0,0.0
2026-08-12,S002,SUM2054,0,1,1,0,2,0,0,0.0
2026-08-12,S003,SUM2054,1,0,0,2,3,0,1,42.75
2026-08-12,S004,SUM2054,0,1,1,3,1,0,0,0.0
2026-08-12,S005,SUM2054,0,0,0,1,3,0,0,0.0
2026-08-12,S006,SUM2054,1,0,0,1,2,0,1,42.75
2026-08-12,S007,SUM2054,0,4,3,0,0,0,1,42.75
2026-08-12,S008,SUM2054,0,4,3,2,2,0,1,42.75
2026-08-12,S009,SUM2054,1,0,0,2,2,0,1,42.75
2026-08-12,S010,SUM2054,1,3,3,1,3,0,1,42.75
2026-08-12,S001,SUM2055,0,3,2,2,3,0,1,35.36
2026-08-12,S002,SUM2055,0,10,7,0,3,0,3,106.08
2026-08-12,S003,SUM2055,0,1,0,2,1,0,1,35.36
2026-08-12,S004,SUM2055,0,1,0,0,0,0,1,35.36
2026-08-12,S005,SUM2055,2,4,4,1,1,0,2,70.72
2026-08-12,S006,SUM2055,0,2,2,3,1,0,0,0.0
2026-08-12,S007,SUM2055,2,5,5,1,2,0,2,70.72
2026-08-12,S008,SUM2055,0,5,4,0,1,0,1,35.36
2026-08-12,S009,SUM2055,1,1,2,0,1,0,0,0.0
2026-08-12,S010,SUM2055,1,2,2,1,0,0,1,35.36
2026-08-12,S001,SUM2056,0,2,1,2,2,0,1,30.54
2026-08-12,S002,SUM2056,1,4,3,0,3,1,2,61.08
2026-08-12,S003,SUM2056,0,5,4,3,0,0,1,30.54
2026-08-12,S004,SUM2056,0,2,1,0,2,0,1,30.54
2026-08-12,S005,SUM2056,0,0,0,0,1,0,0,0.0
2026-08-12,S006,SUM2056,0,2,0,1,3,0,2,61.08
2026-08-12,S007,SUM2056,1,3,2,3,0,0,2,61.08
2026-08-12,S008,SUM2056,1,3,3,1,1,0,1,30.54
2026-08-12,S009,SUM2056,0,2,0,3,1,0,2,61.08
2026-08-12,S010,SUM2056,0,1,1,3,1,0,0,0.0
2026-08-12,S001,SUM2057,1,3,2,0,2,0,2,104.62
2026-08-12,S002,SUM2057,0,0,0,3,2,0,0,0.0
2026-08-12,S003,SUM2057,0,0,0,2,3,0,0,0.0
2026-08-12,S004,SUM2057,0,1,1,0,3,0,0,0.0
2026-08-12,S005,SUM2057,0,1,1,3,2,0,0,0.0
2026-08-12,S006,SUM2057,0,5,4,1,2,0,1,52.31
2026-08-12,S007,SUM2057,0,1,0,0,0,0,1,52.31
2026-08-12,S008,SUM2057,1,1,2,3,2,0,0,0.0
2026-08-12,S009,SUM2057,1,0,0,3,0,0,1,52.31
2026-08-12,S010,SUM2057,1,2,2,3,1,0,1,52.31
2026-08-12,S001,SUM2058,0,1,0,0,3,0,1,56.28
2026-08-12,S002,SUM2058,1,0,0,0,3,0,1,56.28
2026-08-12,S003,SUM2058,0,0,0,0,0,0,0,0.0
2026-08-12,S004,SUM2058,1,1,2,3,2,0,0,0.0
2026-08-12,S005,SUM2058,2,6,6,2,3,0,2,112.56
2026-08-12,S006,SUM2058,1,1,2,2,1,0,0,0.0
2026-08-12,S007,SUM2058,1,4,4,3,3,0,1,56.28
2026-08-12,S008,SUM2058,0,4,3,2,0,0,1,56.28
2026-08-12,S009,SUM2058,1,0,0,2,1,0,1,56.28
2026-08-12,S010,SUM2058,1,5,5,1,3,0,1,56.28
2026-08-12,S001,SUM2059,0,0,0,1,1,0,0,0.0
2026-08-12,S002,SUM2059,0,0,0,0,0,0,0,0.0
2026-08-12,S003,SUM2059,0,0,0,3,2,0,0,0.0
2026-08-12,S004,SUM2059,0,0,0,2,0,0,0,0.0
2026-08-12,S005,SUM2059,1,1,0,0,1,0,2,40.98
2026-08-12,S006,SUM2059,0,1,1,3,1,0,0,0.0
2026-08-12,S007,SUM2059,0,1,1,2,3,0,0,0.0
2026-08-12,S008,SUM2059,0,1,0,3,2,0,1,20.49
2026-08-12,S009,SUM2059,1,3,3,1,2,0,1,20.49
2026-08-12,S010,SUM2059,0,6,4,0,2,0,2,40.98
2026-08-12,S001,SUM2060,0,0,0,3,0,0,0,0.0
2026-08-12,S002,SUM2060,1,2,3,1,1,0,0,0.0
2026-08-12,S003,SUM2060,1,0,1,3,3,0,0,0.0
2026-08-12,S004,SUM2060,1,3,3,0,0,0,1,26.27
2026-08-12,S005,SUM2060,2,6,6,3,3,0,2,52.54
2026-08-12,S006,SUM2060,0,5,4,2,3,0,1,26.27
2026-08-12,S007,SUM2060,1,2,2,0,0,0,1,26.27
2026-08-12,S008,SUM2060,1,1,2,2,2,0,0,0.0
2026-08-12,S009,SUM2060,0,2,1,1,2,0,1,26.27
2026-08-12,S010,SUM2060,1,0,1,1,2,0,0,0.0
2026-08-12,S001,SUM2061,0,0,0,3,2,0,0,0.0
2026-08-12,S002,SUM2061,1,0,1,0,0,0,0,0.0
2026-08-12,S003,SUM2061,2,6,6,3,1,0,2,58.94
2026-08-12,S004,SUM2061,0,0,0,2,2,0,0,0.0
2026-08-12,S005,SUM2061,1,0,1,3,0,0,0,0.0
2026-08-12,S006,SUM2061,0,1,0,2,1,0,1,29.47
2026-08-12,S007,SUM2061,1,4,3,2,0,0,2,58.94
2026-08-12,S008,SUM2061,0,3,2,0,3,0,1,29.47
2026-08-12,S009,SUM2061,0,4,3,3,2,0,1,29.47
2026-08-12,S010,SUM2061,0,1,1,0,2,0,0,0.0
2026-08-12,S001,SUM2062,0,0,0,2,2,0,0,0.0
2026-08-12,S002,SUM2062,1,1,1,0,2,0,1,40.76
2026-08-12,S003,SUM2062,1,0,0,0,2,0,1,40.76
2026-08-12,S004,SUM2062,0,0,0,0,1,0,0,0.0
2026-08-12,S005,SUM2062,1,3,3,0,0,0,1,40.76
2026-08-12,S006,SUM2062,1,7,6,3,1,0,2,81.52
2026-08-12,S007,SUM2062,1,1,1,0,3,0,1,40.76
2026-08-12,S008,SUM2062,0,1,1,1,0,0,0,0.0
2026-08-12,S009,SUM2062,0,0,0,1,2,0,0,0.0
2026-08-12,S010,SUM2062,0,1,1,0,1,0,0,0.0
2026-08-12,S001,SUM2063,0,0,0,1,3,0,0,0.0
2026-08-12,S002,SUM2063,1,3,3,0,0,0,1,24.38
2026-08-12,S003,SUM2063,1,2,2,3,0,0,1,24.38
2026-08-12,S004,SUM2063,1,1,2,1,3,0,0,0.0
2026-08-12,S005,SUM2063,0,1,0,0,1,0,1,24.38
2026-08-12,S006,SUM2063,0,1,0,3,1,0,1,24.38
2026-08-12,S007,SUM2063,0,3,2,1,1,0,1,24.38
2026-08-12,S008,SUM2063,1,0,0,2,1,0,1,24.38
2026-08-12,S009,SUM2063,0,1,1,0,1,0,0,0.0
2026-08-12,S010,SUM2063,0,0,0,3,2,0,0,0.0
2026-08-12,S001,SUM2064,2,5,4,2,3,0,3,170.61
2026-08-12,S002,SUM2064,1,2,2,0,0,0,1,56.87
2026-08-12,S003,SUM2064,1,1,2,2,0,0,0,0.0
2026-08-12,S004,SUM2064,0,1,1,0,0,0,0,0.0
2026-08-12,S005,SUM2064,1,2,2,0,3,0,1,56.87
2026-08-12,S006,SUM2064,0,2,1,1,3,0,1,56.87
2026-08-12,S007,SUM2064,0,2,2,3,2,0,0,0.0
2026-08-12,S008,SUM2064,0,0,0,0,0,0,0,0.0
2026-08-12,S009,SUM2064,1,0,0,1,1,0,1,56.87
2026-08-12,S010,SUM2064,0,0,0,1,3,0,0,0.0
2026-08-12,S001,SUM2065,0,0,0,3,2,1,0,0.0
2026-08-12,S002,SUM2065,0,4,3,3,3,0,1,63.51
2026-08-12,S003,SUM2065,1,1,1,1,2,0,1,63.51
2026-08-12,S004,SUM2065,0,1,0,3,2,0,1,63.51
2026-08-12,S005,SUM2065,0,0,0,0,2,0,0,0.0
2026-08-12,S006,SUM2065,0,6,5,0,1,0,1,63.51
2026-08-12,S007,SUM2065,0,6,4,1,0,0,2,127.02
2026-08-12,S008,SUM2065,0,4,2,2,2,0,2,127.02
2026-08-12,S009,SUM2065,0,2,2,1,3,0,0,0.0
2026-08-12,S010,SUM2065,2,4,4,2,0,0,2,127.02
2026-08-12,S001,WIN2066,0,0,0,2,3,0,0,0.0
2026-08-12,S002,WIN2066,0,0,0,2,2,0,0,0.0
2026-08-12,S003,WIN2066,1,0,0,2,0,0,1,12.96
2026-08-12,S004,WIN2066,0,0,0,3,3,0,0,0.0
2026-08-12,S005,WIN2066,0,0,0,2,1,0,0,0.0
2026-08-12,S006,WIN2066,0,4,3,1,0,0,1,12.96
2026-08-12,S007,WIN2066,0,0,0,0,3,0,0,0.0
2026-08-12,S008,WIN2066,0,0,0,0,0,0,0,0.0
2026-08-12,S009,WIN2066,0,0,0,2,3,0,0,0.0
2026-08-12,S010,WIN2066,1,0,0,0,3,0,1,12.96
2026-08-12,S001,WIN2067,0,0,0,2,0,0,0,0.0
2026-08-12,S002,WIN2067,0,5,4,2,3,0,1,32.93
2026-08-12,S003,WIN2067,0,0,0,2,1,0,0,0.0
2026-08-12,S004,WIN2067,0,0,0,2,3,0,0,0.0
2026-08-12,S005,WIN2067,0,3,2,1,1,0,1,32.93
2026-08-12,S006,WIN2067,1,0,0,3,1,0,1,32.93
2026-08-12,S007,WIN2067,0,2,1,0,1,0,1,32.93
2026-08-12,S008,WIN2067,0,0,0,0,0,0,0,0.0
2026-08-12,S009,WIN2067,0,0,0,1,1,0,0,0.0
2026-08-12,S010,WIN2067,2,4,3,2,0,0,3,98.79
2026-08-12,S001,WIN2068,1,0,0,2,0,0,1,41.99
2026-08-12,S002,WIN2068,1,1,1,3,3,0,1,41.99
2026-08-12,S003,WIN2068,2,0,0,0,2,0,2,83.98
2026-08-12,S004,WIN2068,0,0,0,1,0,0,0,0.0
2026-08-12,S005,WIN2068,0,4,3,3,0,0,1,41.99
2026-08-12,S006,WIN2068,1,9,7,3,1,0,3,125.97
2026-08-12,S007,WIN2068,0,7,4,3,2,0,3,125.97
2026-08-12,S008,WIN2068,0,2,2,1,0,0,0,0.0
2026-08-12,S009,WIN2068,1,0,1,0,2,0,0,0.0
2026-08-12,S010,WIN2068,2,0,0,2,2,0,2,83.98
2026-08-12,S001,WIN2069,0,0,0,1,1,0,0,0.0
2026-08-12,S002,WIN2069,0,1,1,0,1,0,0,0.0
2026-08-12,S003,WIN2069,0,0,0,0,2,0,0,0.0
2026-08-12,S004,WIN2069,0,1,1,1,3,0,0,0.0
2026-08-12,S005,WIN2069,0,3,2,1,2,0,1,44.29
2026-08-12,S006,WIN2069,0,1,0,1,2,0,1,44.29
2026-08-12,S007,WIN2069,1,0,1,3,0,0,0,0.0
2026-08-12,S008,WIN2069,1,1,1,1,2,0,1,44.29
2026-08-12,S009,WIN2069,1,1,0,0,0,0,2,88.58
2026-08-12,S010,WIN2069,0,1,0,0,1,0,1,44.29
2026-08-12,S001,WIN2070,0,0,0,0,2,0,0,0.0
2026-08-12,S002,WIN2070,0,1,1,1,0,0,0,0.0
2026-08-12,S003,WIN2070,0,6,4,2,2,0,2,46.32
2026-08-12,S004,WIN2070,0,1,0,0,3,0,1,23.16
2026-08-12,S005,WIN2070,0,3,2,0,1,0,1,23.16
2026-08-12,S006,WIN2070,2,5,4,2,2,0,3,69.48
2026-08-12,S007,WIN2070,1,5,5,3,3,0,1,23.16
2026-08-12,S008,WIN2070,1,2,3,3,2,0,0,0.0
2026-08-12,S009,WIN2070,1,2,3,1,2,0,0,0.0
2026-08-12,S010,WIN2070,0,1,1,3,0,0,0,0.0
2026-08-12,S001,WIN2071,0,0,0,2,3,0,0,0.0
2026-08-12,S002,WIN2071,0,0,0,3,0,0,0,0.0
2026-08-12,S003,WIN2071,0,0,0,1,3,0,0,0.0
2026-08-12,S004,WIN2071,0,0,0,1,2,0,0,0.0
2026-08-12,S005,WIN2071,0,0,0,1,2,0,0,0.0
2026-08-12,S006,WIN2071,1,0,0,3,0,0,1,18.12
2026-08-12,S007,WIN2071,1,0,0,0,0,0,1,18.12
2026-08-12,S008,WIN2071,0,0,0,0,0,0,0,0.0
2026-08-12,S009,WIN2071,0,0,0,2,0,0,0,0.0
2026-08-12,S010,WIN2071,0,0,0,1,0,0,0,0.0
2026-08-12,S001,WIN2072,0,0,0,1,1,0,0,0.0
2026-08-12,S002,WIN2072,1,0,0,0,3,0,1,20.16
2026-08-12,S003,WIN2072,1,1,1,0,3,0,1,20.16
2026-08-12,S004,WIN2072,0,0,0,2,1,0,0,0.0
2026-08-12,S005,WIN2072,0,0,0,2,1,0,0,0.0
2026-08-12,S006,WIN2072,1,0,0,0,3,0,1,20.16
2026-08-12,S007,WIN2072,0,1,1,3,2,0,0,0.0
2026-08-12,S008,WIN2072,0,1,0,1,0,0,1,20.16
2026-08-12,S009,WIN2072,0,0,0,3,0,0,0,0.0
2026-08-12,S010,WIN2072,0,1,1,0,1,0,0,0.0
2026-08-12,S001,WIN2073,0,0,0,2,2,0,0,0.0
2026-08-12,S002,WIN2073,0,1,0,1,3,0,1,42.86
2026-08-12,S003,WIN2073,0,1,0,1,2,0,1,42.86
2026-08-12,S004,WIN2073,1,0,1,1,0,0,0,0.0
2026-08-12,S005,WIN2073,0,1,0,3,2,0,1,42.86
2026-08-12,S006,WIN2073,0,2,0,3,0,0,2,85.72
2026-08-12,S007,WIN2073,0,3,2,3,3,0,1,42.86
2026-08-12,S008,WIN2073,0,1,1,2,0,0,0,0.0
2026-08-12,S009,WIN2073,0,1,0,2,2,0,1,42.86
2026-08-12,S010,WIN2073,0,1,0,1,3,0,1,42.86
2026-08-12,S001,WIN2074,0,2,1,0,2,0,1,47.59
2026-08-12,S002,WIN2074,0,5,4,3,3,0,1,47.59
2026-08-12,S003,WIN2074,0,1,0,3,3,0,1,47.59
2026-08-12,S004,WIN2074,0,0,0,3,3,0,0,0.0
2026-08-12,S005,WIN2074,0,0,0,1,2,0,0,0.0
2026-08-12,S006,WIN2074,2,0,0,3,1,0,2,95.18
2026-08-12,S007,WIN2074,1,2,3,3,2,0,0,0.0
2026-08-12,S008,WIN2074,1,1,1,1,3,0,1,47.59
2026-08-12,S009,WIN2074,0,0,0,0,2,0,0,0.0
2026-08-12,S010,WIN2074,0,0,0,2,1,0,0,0.0
2026-08-12,S001,WIN2075,1,1,1,2,3,0,1,31.68
2026-08-12,S002,WIN2075,1,0,1,2,1,0,0,0.0
2026-08-12,S003,WIN2075,0,0,0,3,2,0,0,0.0
2026-08-12,S004,WIN2075,1,0,0,1,3,0,1,31.68
2026-08-12,S005,WIN2075,0,2,1,2,2,0,1,31.68
2026-08-12,S006,WIN2075,1,5,4,2,3,0,2,63.36
2026-08-12,S007,WIN2075,2,0,0,3,2,0,2,63.36
2026-08-12,S008,WIN2075,0,1,0,0,0,0,1,31.68
2026-08-12,S009,WIN2075,0,0,0,0,3,0,0,0.0
2026-08-12,S010,WIN2075,0,0,0,3,1,0,0,0.0
2026-08-12,S001,WIN2076,0,0,0,3,3,0,0,0.0
2026-08-12,S002,WIN2076,0,2,0,1,3,0,2,26.58
2026-08-12,S003,WIN2076,2,2,2,1,1,0,2,26.58
2026-08-12,S004,WIN2076,0,0,0,0,3,0,0,0.0
2026-08-12,S005,WIN2076,0,5,4,2,2,0,1,13.29
2026-08-12,S006,WIN2076,0,8,6,2,2,0,2,26.58
2026-08-12,S007,WIN2076,1,0,0,1,0,0,1,13.29
2026-08-12,S008,WIN2076,0,6,5,0,0,0,1,13.29
2026-08-12,S009,WIN2076,1,1,2,0,1,0,0,0.0
2026-08-12,S010,WIN2076,0,2,2,2,3,0,0,0.0
2026-08-12,S001,WIN2077,0,2,1,0,0,0,1,40.41
2026-08-12,S002,WIN2077,0,2,0,0,3,0,2,80.82
2026-08-12,S003,WIN2077,0,0,0,1,0,0,0,0.0
2026-08-12,S004,WIN2077,0,0,0,0,3,1,0,0.0
2026-08-12,S005,WIN2077,1,0,0,1,3,0,1,40.41
2026-08-12,S006,WIN2077,0,1,0,1,1,0,1,40.41
2026-08-12,S007,WIN2077,1,0,1,1,1,0,0,0.0
2026-08-12,S008,WIN2077,0,4,2,2,1,0,2,80.82
2026-08-12,S009,WIN2077,0,0,0,0,1,0,0,0.0
2026-08-12,S010,WIN2077,0,0,0,2,3,0,0,0.0
2026-08-12,S001,WIN2078,0,0,0,2,0,0,0,0.0
2026-08-12,S002,WIN2078,0,3,2,1,2,0,1,39.54
2026-08-12,S003,WIN2078,0,0,0,2,2,0,0,0.0
2026-08-12,S004,WIN2078,0,0,0,0,0,0,0,0.0
2026-08-12,S005,WIN2078,2,1,1,0,0,0,2,79.08
2026-08-12,S006,WIN2078,0,0,0,1,1,0,0,0.0
2026-08-12,S007,WIN2078,0,0,0,1,1,0,0,0.0
2026-08-12,S008,WIN2078,0,1,1,2,0,0,0,0.0
2026-08-12,S009,WIN2078,0,0,0,1,3,0,0,0.0
2026-08-12,S010,WIN2078,0,0,0,0,0,0,0,0.0
2026-08-12,S001,WIN2079,0,4,3,3,2,0,1,19.08
2026-08-12,S002,WIN2079,2,3,3,1,1,0,2,38.16
2026-08-12,S003,WIN2079,0,0,0,0,0,0,0,0.0
2026-08-12,S004,WIN2079,0,2,1,3,0,0,1,19.08
2026-08-12,S005,WIN2079,1,1,1,0,3,1,1,19.08
2026-08-12,S006,WIN2079,0,0,0,1,1,0,0,0.0
2026-08-12,S007,WIN2079,0,0,0,2,3,1,0,0.0
2026-08-12,S008,WIN2079,0,1,0,2,2,0,1,19.08
2026-08-12,S009,WIN2079,0,0,0,0,3,0,0,0.0
2026-08-12,S010,WIN2079,0,0,0,2,2,0,0,0.0
2026-08-12,S001,WIN2080,0,0,0,1,0,0,0,0.0
2026-08-12,S002,WIN2080,1,1,1,3,0,0,1,33.22
2026-08-12,S003,WIN2080,1,3,3,3,1,0,1,33.22
2026-08-12,S004,WIN2080,0,3,2,1,3,0,1,33.22
2026-08-12,S005,WIN2080,2,9,8,2,1,0,3,99.66
2026-08-12,S006,WIN2080,0,2,0,0,3,0,2,66.44
2026-08-12,S007,WIN2080,1,15,12,0,2,0,4,132.88
2026-08-12,S008,WIN2080,1,3,3,1,0,0,1,33.22
2026-08-12,S009,WIN2080,1,1,0,0,1,0,2,66.44
2026-08-12,S010,WIN2080,1,3,3,2,0,0,1,33.22
2026-08-12,S001,WIN2081,0,0,0,0,3,0,0,0.0
2026-08-12,S002,WIN2081,0,1,0,3,0,0,1,31.91
2026-08-12,S003,WIN2081,1,0,0,0,0,0,1,31.91
2026-08-12,S004,WIN2081,1,3,3,3,0,0,1,31.91
2026-08-12,S005,WIN2081,1,5,5,1,3,0,1,31.91
2026-08-12,S006,WIN2081,1,5,4,1,2,0,2,63.82
2026-08-12,S007,WIN2081,1,4,4,1,3,0,1,31.91
2026-08-12,S008,WIN2081,1,0,0,1,0,0,1,31.91
2026-08-12,S009,WIN2081,0,0,0,1,3,1,0,0.0
2026-08-12,S010,WIN2081,0,3,2,0,2,0,1,31.91
2026-08-12,S001,WIN2082,0,3,2,2,3,0,1,64.65
2026-08-12,S002,WIN2082,2,11,9,2,0,0,4,258.6
2026-08-12,S003,WIN2082,0,0,0,2,3,0,0,0.0
2026-08-12,S004,WIN2082,0,0,0,0,0,0,0,0.0
2026-08-12,S005,WIN2082,0,3,2,2,1,0,1,64.65
2026-08-12,S006,WIN2082,0,0,0,3,3,0,0,0.0
2026-08-12,S007,WIN2082,0,0,0,3,3,0,0,0.0
2026-08-12,S008,WIN2082,1,1,1,2,0,0,1,64.65
2026-08-12,S009,WIN2082,0,0,0,3,2,0,0,0.0
2026-08-12,S010,WIN2082,0,0,0,1,1,0,0,0.0
2026-08-12,S001,WIN2083,1,5,4,0,2,0,2,52.96
2026-08-12,S002,WIN2083,0,0,0,3,1,0,0,0.0
2026-08-12,S003,WIN2083,1,0,0,0,0,0,1,26.48
2026-08-12,S004,WIN2083,0,1,1,2,0,0,0,0.0
2026-08-12,S005,WIN2083,0,3,2,2,3,0,1,26.48
2026-08-12,S006,WIN2083,1,3,3,1,3,0,1,26.48
2026-08-12,S007,WIN2083,0,0,0,1,1,0,0,0.0
2026-08-12,S008,WIN2083,0,4,3,0,0,0,1,26.48
2026-08-12,S009,WIN2083,2,7,7,2,0,0,2,52.96
2026-08-12,S010,WIN2083,0,0,0,2,0,0,0,0.0
2026-08-12,S001,WIN2084,0,0,0,3,2,0,0,0.0
2026-08-12,S002,WIN2084,0,1,0,0,1,0,1,27.71
2026-08-12,S003,WIN2084,0,0,0,2,0,0,0,0.0
2026-08-12,S004,WIN2084,0,0,0,3,3,0,0,0.0
2026-08-12,S005,WIN2084,0,0,0,3,2,0,0,0.0
2026-08-12,S006,WIN2084,0,1,1,1,3,0,0,0.0
2026-08-12,S007,WIN2084,0,1,0,0,2,0,1,27.71
2026-08-12,S008,WIN2084,0,2,2,0,3,0,0,0.0
2026-08-12,S009,WIN2084,2,0,0,2,2,0,2,55.42
2026-08-12,S010,WIN2084,1,2,2,3,2,0,1,27.71
2026-08-12,S001,WIN2085,1,0,0,3,1,0,1,56.01
2026-08-12,S002,WIN2085,1,0,0,0,1,0,1,56.01
2026-08-12,S003,WIN2085,1,0,0,0,0,0,1,56.01
2026-08-12,S004,WIN2085,1,1,0,0,1,0,2,112.02
2026-08-12,S005,WIN2085,0,0,0,0,1,0,0,0.0
2026-08-12,S006,WIN2085,2,4,3,3,3,0,3,168.03
2026-08-12,S007,WIN2085,1,1,0,1,0,0,2,112.02
2026-08-12,S008,WIN2085,1,0,1,2,0,0,0,0.0
2026-08-12,S009,WIN2085,0,2,2,1,2,0,0,0.0
2026-08-12,S010,WIN2085,1,0,1,3,3,0,0,0.0
2026-08-12,S001,WIN2086,0,1,1,0,2,0,0,0.0
2026-08-12,S002,WIN2086,1,0,0,2,1,0,1,33.79
2026-08-12,S003,WIN2086,0,1,0,2,0,0,1,33.79
2026-08-12,S004,WIN2086,0,1,1,3,0,0,0,0.0
2026-08-12,S005,WIN2086,1,0,0,2,1,0,1,33.79
2026-08-12,S006,WIN2086,1,2,2,3,2,0,1,33.79
2026-08-12,S007,WIN2086,0,1,1,2,2,0,0,0.0
2026-08-12,S008,WIN2086,0,0,0,3,3,0,0,0.0
2026-08-12,S009,WIN2086,0,1,0,1,0,0,1,33.79
2026-08-12,S010,WIN2086,0,3,2,1,1,0,1,33.79
2026-08-12,S001,WIN2087,0,0,0,2,0,0,0,0.0
2026-08-12,S002,WIN2087,0,1,0,0,0,0,1,11.48
2026-08-12,S003,WIN2087,0,5,3,3,2,0,2,22.96
2026-08-12,S004,WIN2087,2,0,0,2,0,1,2,22.96
2026-08-12,S005,WIN2087,1,0,0,1,0,0,1,11.48
2026-08-12,S006,WIN2087,1,1,1,1,3,0,1,11.48
2026-08-12,S007,WIN2087,1,1,2,0,3,0,0,0.0
2026-08-12,S008,WIN2087,1,1,1,0,1,0,1,11.48
2026-08-12,S009,WIN2087,2,3,3,2,2,0,2,22.96
2026-08-12,S010,WIN2087,0,0,0,1,2,0,0,0.0
2026-08-12,S001,WIN2088,1,0,1,2,0,0,0,0.0
2026-08-12,S002,WIN2088,1,0,0,1,2,0,1,52.45
2026-08-12,S003,WIN2088,0,1,0,0,3,0,1,52.45
2026-08-12,S004,WIN2088,1,0,0,1,0,0,1,52.45
2026-08-12,S005,WIN2088,0,3,2,0,2,0,1,52.45
2026-08-12,S006,WIN2088,0,1,0,0,0,0,1,52.45
2026-08-12,S007,WIN2088,0,1,1,0,1,0,0,0.0
2026-08-12,S008,WIN2088,1,0,0,3,1,0,1,52.45
2026-08-12,S009,WIN2088,0,0,0,1,1,0,0,0.0
2026-08-12,S010,WIN2088,0,1,0,2,2,0,1,52.45
2026-08-12,S001,WIN2089,0,0,0,3,2,0,0,0.0
2026-08-12,S002,WIN2089,1,0,1,0,3,0,0,0.0
2026-08-12,S003,WIN2089,0,0,0,1,0,0,0,0.0
2026-08-12,S004,WIN2089,0,2,1,2,3,0,1,35.71
2026-08-12,S005,WIN2089,0,0,0,1,0,0,0,0.0
2026-08-12,S006,WIN2089,0,0,0,1,1,0,0,0.0
2026-08-12,S007,WIN2089,1,0,0,2,0,0,1,35.71
2026-08-12,S008,WIN2089,0,1,0,3,2,0,1,35.71
2026-08-12,S009,WIN2089,1,3,3,0,3,0,1,35.71
2026-08-12,S010,WIN2089,0,0,0,3,3,0,0,0.0
2026-08-12,S001,WIN2090,0,1,0,3,0,0,1,23.21
2026-08-12,S002,WIN2090,1,0,0,1,1,0,1,23.21
2026-08-12,S003,WIN2090,1,0,0,3,2,0,1,23.21
2026-08-12,S004,WIN2090,1,1,1,0,2,0,1,23.21
2026-08-12,S005,WIN2090,1,1,0,0,3,0,2,46.42
2026-08-12,S006,WIN2090,0,5,4,0,1,0,1,23.21
2026-08-12,S007,WIN2090,0,1,0,2,2,0,1,23.21
2026-08-12,S008,WIN2090,0,1,1,3,3,0,0,0.0
2026-08-12,S009,WIN2090,0,0,0,2,3,0,0,0.0
2026-08-12,S010,WIN2090,1,2,2,2,2,0,1,23.21
2026-08-12,S001,WIN2091,2,0,0,3,2,0,2,94.92
2026-08-12,S002,WIN2091,0,2,1,2,1,0,1,47.46
2026-08-12,S003,WIN2091,0,0,0,1,2,0,0,0.0
2026-08-12,S004,WIN2091,0,1,1,2,1,1,0,0.0
2026-08-12,S005,WIN2091,0,0,0,1,0,0,0,0.0
2026-08-12,S006,WIN2091,0,0,0,1,1,0,0,0.0
2026-08-12,S007,WIN2091,0,0,0,0,1,0,0,0.0
2026-08-12,S008,WIN2091,0,0,0,1,1,0,0,0.0
2026-08-12,S009,WIN2091,0,1,0,2,2,0,1,47.46
2026-08-12,S010,WIN2091,1,0,0,2,0,0,1,47.46
2026-08-12,S001,WIN2092,0,0,0,2,1,1,0,0.0
2026-08-12,S002,WIN2092,1,0,1,0,0,0,0,0.0
2026-08-12,S003,WIN2092,1,0,0,1,1,0,1,47.59
2026-08-12,S004,WIN2092,1,0,1,0,3,0,0,0.0
2026-08-12,S005,WIN2092,1,0,0,3,2,0,1,47.59
2026-08-12,S006,WIN2092,0,5,4,2,1,0,1,47.59
2026-08-12,S007,WIN2092,0,0,0,1,2,0,0,0.0
2026-08-12,S008,WIN2092,1,3,3,2,2,0,1,47.59
2026-08-12,S009,WIN2092,1,2,3,3,0,0,0,0.0
2026-08-12,S010,WIN2092,1,0,0,3,2,0,1,47.59
2026-08-12,S001,WIN2093,0,0,0,0,0,0,0,0.0
2026-08-12,S002,WIN2093,0,0,0,3,2,0,0,0.0
2026-08-12,S003,WIN2093,0,1,0,2,2,0,1,32.38
2026-08-12,S004,WIN2093,0,0,0,2,0,0,0,0.0
2026-08-12,S005,WIN2093,1,4,4,3,0,0,1,32.38
2026-08-12,S006,WIN2093,1,3,3,0,2,0,1,32.38
2026-08-12,S007,WIN2093,1,0,0,2,1,0,1,32.38
2026-08-12,S008,WIN2093,1,1,2,0,1,0,0,0.0
2026-08-12,S009,WIN2093,0,0,0,1,2,0,0,0.0
2026-08-12,S010,WIN2093,0,0,0,3,0,0,0,0.0
2026-08-12,S001,WIN2094,0,0,0,1,3,0,0,0.0
2026-08-12,S002,WIN2094,2,0,0,1,2,0,2,56.36
2026-08-12,S003,WIN2094,0,0,0,3,2,0,0,0.0
2026-08-12,S004,WIN2094,0,0,0,1,3,0,0,0.0
2026-08-12,S005,WIN2094,2,3,3,0,1,0,2,56.36
2026-08-12,S006,WIN2094,1,1,2,3,3,0,0,0.0
2026-08-12,S007,WIN2094,1,1,0,2,1,0,2,56.36
2026-08-12,S008,WIN2094,0,2,1,2,3,0,1,28.18
2026-08-12,S009,WIN2094,0,0,0,1,1,0,0,0.0
2026-08-12,S010,WIN2094,0,5,3,3,0,0,2,56.36
2026-08-12,S001,WIN2095,0,0,0,0,2,0,0,0.0
2026-08-12,S002,WIN2095,0,0,0,1,1,0,0,0.0
2026-08-12,S003,WIN2095,0,0,0,3,1,0,0,0.0
2026-08-12,S004,WIN2095,1,1,2,0,2,0,0,0.0
2026-08-12,S005,WIN2095,0,2,2,1,2,0,0,0.0
2026-08-12,S006,WIN2095,1,1,1,2,0,0,1,31.85
2026-08-12,S007,WIN2095,1,0,1,2,0,0,0,0.0
2026-08-12,S008,WIN2095,2,6,6,1,2,0,2,63.7
2026-08-12,S009,WIN2095,0,0,0,3,3,0,0,0.0
2026-08-12,S010,WIN2095,0,1,0,0,1,0,1,31.85
2026-08-12,S001,WIN2096,2,4,4,3,2,0,2,83.76
2026-08-12,S002,WIN2096,0,3,2,2,0,0,1,41.88
2026-08-12,S003,WIN2096,0,0,0,2,1,0,0,0.0
2026-08-12,S004,WIN2096,0,0,0,2,1,0,0,0.0
2026-08-12,S005,WIN2096,1,2,2,1,1,0,1,41.88
2026-08-12,S006,WIN2096,1,0,0,3,3,0,1,41.88
2026-08-12,S007,WIN2096,1,0,0,2,3,0,1,41.88
2026-08-12,S008,WIN2096,0,3,3,1,3,0,0,0.0
2026-08-12,S009,WIN2096,0,2,2,2,3,0,0,0.0
2026-08-12,S010,WIN2096,0,0,0,2,2,0,0,0.0
2026-08-12,S001,WIN2097,0,0,0,3,0,0,0,0.0
2026-08-12,S002,WIN2097,1,3,2,0,3,0,2,52.32
2026-08-12,S003,WIN2097,0,0,0,1,0,0,0,0.0
2026-08-12,S004,WIN2097,1,0,1,2,2,0,0,0.0
2026-08-12,S005,WIN2097,0,0,0,2,3,0,0,0.0
2026-08-12,S006,WIN2097,1,0,0,2,1,0,1,26.16
2026-08-12,S007,WIN2097,1,0,0,2,1,0,1,26.16
2026-08-12,S008,WIN2097,0,6,4,0,2,0,2,52.32
2026-08-12,S009,WIN2097,0,0,0,2,1,0,0,0.0
2026-08-12,S010,WIN2097,0,0,0,2,2,0,0,0.0
2026-08-12,S001,WIN2098,0,0,0,2,1,0,0,0.0
2026-08-12,S002,WIN2098,0,0,0,2,1,0,0,0.0
2026-08-12,S003,WIN2098,0,1,0,3,0,0,1,17.78
2026-08-12,S004,WIN2098,0,0,0,3,2,0,0,0.0
2026-08-12,S005,WIN2098,0,0,0,3,2,0,0,0.0
2026-08-12,S006,WIN2098,1,0,1,3,1,0,0,0.0
2026-08-12,S007,WIN2098,0,0,0,1,0,0,0,0.0
2026-08-12,S008,WIN2098,0,0,0,1,1,0,0,0.0
2026-08-12,S009,WIN2098,0,0,0,2,2,1,0,0.0
2026-08-12,S010,WIN2098,0,3,2,2,0,0,1,17.78
2026-08-12,S001,WIN2099,1,0,0,0,1,0,1,16.34
2026-08-12,S002,WIN2099,0,0,0,3,2,0,0,0.0
2026-08-12,S003,WIN2099,1,1,1,0,2,0,1,16.34
2026-08-12,S004,WIN2099,0,0,0,1,2,0,0,0.0
2026-08-12,S005,WIN2099,0,0,0,3,2,0,0,0.0
2026-08-12,S006,WIN2099,0,1,1,2,0,0,0,0.0
2026-08-12,S007,WIN2099,0,6,6,3,3,0,0,0.0
2026-08-12,S008,WIN2099,2,0,0,0,3,0,2,32.68
2026-08-12,S009,WIN2099,0,0,0,1,2,0,0,0.0
2026-08-12,S010,WIN2099,0,0,0,0,3,0,0,0.0
2026-08-12,S001,WIN2100,0,2,0,2,2,0,2,71.56
2026-08-12,S002,WIN2100,0,1,1,1,2,0,0,0.0
2026-08-12,S003,WIN2100,0,1,1,3,0,0,0,0.0
2026-08-12,S004,WIN2100,0,1,1,0,3,0,0,0.0
2026-08-12,S005,WIN2100,1,1,1,2,3,0,1,35.78
2026-08-12,S006,WIN2100,0,0,0,2,0,0,0,0.0
2026-08-12,S007,WIN2100,0,1,0,1,1,0,1,35.78
2026-08-12,S008,WIN2100,0,0,0,1,1,0,0,0.0
2026-08-12,S009,WIN2100,0,0,0,3,2,0,0,0.0
2026-08-12,S010,WIN2100,0,1,0,2,1,0,1,35.78
2026-08-12,S001,CND2101,1,4,4,1,2,0,1,40.61
2026-08-12,S002,CND2101,0,2,2,0,2,0,0,0.0
2026-08-12,S003,CND2101,0,7,5,2,0,0,2,81.22
2026-08-12,S004,CND2101,0,1,1,2,2,0,0,0.0
2026-08-12,S005,CND2101,1,5,5,2,1,0,1,40.61
2026-08-12,S006,CND2101,1,11,8,0,1,0,4,162.44
2026-08-12,S007,CND2101,1,3,3,0,0,0,1,40.61
2026-08-12,S008,CND2101,0,16,12,0,3,0,4,162.44
2026-08-12,S009,CND2101,1,2,1,3,2,0,2,81.22
2026-08-12,S010,CND2101,0,5,3,0,2,0,2,81.22
2026-08-12,S001,CND2102,0,0,0,3,1,0,0,0.0
2026-08-12,S002,CND2102,0,10,6,0,3,0,4,64.88
2026-08-12,S003,CND2102,0,0,0,0,0,0,0,0.0
2026-08-12,S004,CND2102,0,2,1,0,3,0,1,16.22
2026-08-12,S005,CND2102,0,0,0,2,3,0,0,0.0
2026-08-12,S006,CND2102,0,5,5,2,2,0,0,0.0
2026-08-12,S007,CND2102,0,0,0,0,2,0,0,0.0
2026-08-12,S008,CND2102,0,7,5,0,3,0,2,32.44
2026-08-12,S009,CND2102,0,3,2,2,3,0,1,16.22
2026-08-12,S010,CND2102,0,1,0,2,3,0,1,16.22
2026-08-12,S001,CND2103,0,2,1,2,3,0,1,15.81
2026-08-12,S002,CND2103,0,3,2,0,0,0,1,15.81
2026-08-12,S003,CND2103,0,1,0,3,3,0,1,15.81
2026-08-12,S004,CND2103,0,0,0,2,3,0,0,0.0
2026-08-12,S005,CND2103,0,1,0,1,2,0,1,15.81
2026-08-12,S006,CND2103,0,1,0,3,1,0,1,15.81
2026-08-12,S007,CND2103,0,1,0,3,0,0,1,15.81
2026-08-12,S008,CND2103,0,3,2,1,3,0,1,15.81
2026-08-12,S009,CND2103,1,2,2,2,2,0,1,15.81
2026-08-12,S010,CND2103,1,2,2,3,0,0,1,15.81
2026-08-12,S001,CND2104,0,1,0,3,3,0,1,29.28
2026-08-12,S002,CND2104,1,8,6,1,3,0,3,87.84
2026-08-12,S003,CND2104,2,0,0,1,1,0,2,58.56
2026-08-12,S004,CND2104,0,0,0,1,3,0,0,0.0
2026-08-12,S005,CND2104,0,2,1,2,0,0,1,29.28
2026-08-12,S006,CND2104,1,11,7,0,2,0,5,146.4
2026-08-12,S007,CND2104,1,17,13,0,1,0,5,146.4
2026-08-12,S008,CND2104,1,16,13,2,2,0,4,117.12
2026-08-12,S009,CND2104,0,8,5,0,3,0,3,87.84
2026-08-12,S010,CND2104,1,0,0,0,3,0,1,29.28
2026-08-12,S001,CND2105,0,0,0,1,2,0,0,0.0
2026-08-12,S002,CND2105,1,3,2,3,3,0,2,70.42
2026-08-12,S003,CND2105,0,5,3,3,2,0,2,70.42
2026-08-12,S004,CND2105,0,3,2,0,0,0,1,35.21
2026-08-12,S005,CND2105,1,0,0,3,2,0,1,35.21
2026-08-12,S006,CND2105,0,2,1,1,2,0,1,35.21
2026-08-12,S007,CND2105,2,3,3,1,1,0,2,70.42
2026-08-12,S008,CND2105,0,2,1,0,3,0,1,35.21
2026-08-12,S009,CND2105,0,6,5,1,2,0,1,35.21
2026-08-12,S010,CND2105,0,0,0,2,3,0,0,0.0
2026-08-12,S001,CND2106,0,0,0,0,3,0,0,0.0
2026-08-12,S002,CND2106,0,2,2,1,1,0,0,0.0
2026-08-12,S003,CND2106,1,3,3,1,0,0,1,40.14
2026-08-12,S004,CND2106,0,7,5,0,3,0,2,80.28
2026-08-12,S005,CND2106,1,1,1,0,2,0,1,40.14
2026-08-12,S006,CND2106,0,2,0,2,0,0,2,80.28
2026-08-12,S007,CND2106,1,1,1,1,3,0,1,40.14
2026-08-12,S008,CND2106,0,5,3,2,1,0,2,80.28
2026-08-12,S009,CND2106,1,2,2,0,0,0,1,40.14
2026-08-12,S010,CND2106,1,4,4,1,1,0,1,40.14
2026-08-12,S001,CND2107,2,5,5,1,3,0,2,54.8
2026-08-12,S002,CND2107,1,1,2,2,2,0,0,0.0
2026-08-12,S003,CND2107,1,1,1,1,2,0,1,27.4
2026-08-12,S004,CND2107,1,2,1,2,0,0,2,54.8
2026-08-12,S005,CND2107,0,1,0,1,3,0,1,27.4
2026-08-12,S006,CND2107,1,1,0,3,0,0,2,54.8
2026-08-12,S007,CND2107,1,1,1,2,3,0,1,27.4
2026-08-12,S008,CND2107,2,5,5,2,1,0,2,54.8
2026-08-12,S009,CND2107,1,3,3,1,0,0,1,27.4
2026-08-12,S010,CND2107,0,0,0,0,1,0,0,0.0
2026-08-12,S001,CND2108,1,1,1,0,3,0,1,17.22
2026-08-12,S002,CND2108,2,5,4,2,0,0,3,51.66
2026-08-12,S003,CND2108,2,4,4,1,2,0,2,34.44
2026-08-12,S004,CND2108,0,1,0,0,0,0,1,17.22
2026-08-12,S005,CND2108,0,6,4,2,1,0,2,34.44
2026-08-12,S006,CND2108,0,1,1,1,0,0,0,0.0
2026-08-12,S007,CND2108,1,13,10,2,2,0,4,68.88
2026-08-12,S008,CND2108,2,3,3,0,0,0,2,34.44
2026-08-12,S009,CND2108,1,0,0,3,1,0,1,17.22
2026-08-12,S010,CND2108,0,1,1,1,2,0,0,0.0
2026-08-12,S001,CND2109,0,3,2,0,0,0,1,27.76
2026-08-12,S002,CND2109,1,1,1,2,1,0,1,27.76
2026-08-12,S003,CND2109,0,3,2,1,0,0,1,27.76
2026-08-12,S004,CND2109,0,1,0,2,1,0,1,27.76
2026-08-12,S005,CND2109,0,0,0,3,0,0,0,0.0
2026-08-12,S006,CND2109,0,6,4,3,3,0,2,55.52
2026-08-12,S007,CND2109,0,2,2,3,0,0,0,0.0
2026-08-12,S008,CND2109,1,0,0,2,3,0,1,27.76
2026-08-12,S009,CND2109,0,5,4,0,2,0,1,27.76
2026-08-12,S010,CND2109,0,0,0,0,3,0,0,0.0
2026-08-12,S001,CND2110,1,0,1,2,2,0,0,0.0
2026-08-12,S002,CND2110,0,1,0,1,3,0,1,39.09
2026-08-12,S003,CND2110,0,1,0,0,3,0,1,39.09
2026-08-12,S004,CND2110,0,0,0,3,2,0,0,0.0
2026-08-12,S005,CND2110,1,3,3,3,2,0,1,39.09
2026-08-12,S006,CND2110,1,8,6,3,0,0,3,117.27
2026-08-12,S007,CND2110,1,0,1,0,1,0,0,0.0
2026-08-12,S008,CND2110,0,1,0,0,3,0,1,39.09
2026-08-12,S009,CND2110,0,5,4,2,0,0,1,39.09
2026-08-12,S010,CND2110,1,5,5,0,3,0,1,39.09
2026-08-12,S001,CND2111,0,2,1,3,3,0,1,18.91
2026-08-12,S002,CND2111,0,0,0,2,3,0,0,0.0
2026-08-12,S003,CND2111,0,0,0,2,2,0,0,0.0
2026-08-12,S004,CND2111,0,0,0,2,0,0,0,0.0
2026-08-12,S005,CND2111,0,3,2,2,0,0,1,18.91
2026-08-12,S006,CND2111,1,7,5,2,3,0,3,56.73
2026-08-12,S007,CND2111,2,6,5,3,0,0,3,56.73
2026-08-12,S008,CND2111,0,10,7,3,0,0,3,56.73
2026-08-12,S009,CND2111,1,0,1,1,0,0,0,0.0
2026-08-12,S010,CND2111,0,1,1,3,1,0,0,0.0
2026-08-12,S001,CND2112,0,7,6,1,0,0,1,11.25
2026-08-12,S002,CND2112,2,6,5,1,0,0,3,33.75
2026-08-12,S003,CND2112,1,0,0,0,2,0,1,11.25
2026-08-12,S004,CND2112,0,2,2,3,2,0,0,0.0
2026-08-12,S005,CND2112,1,0,0,3,0,0,1,11.25
2026-08-12,S006,CND2112,0,5,4,1,2,0,1,11.25
2026-08-12,S007,CND2112,0,1,1,0,0,0,0,0.0
2026-08-12,S008,CND2112,0,4,3,3,0,0,1,11.25
2026-08-12,S009,CND2112,3,15,14,1,0,0,4,45.0
2026-08-12,S010,CND2112,1,4,4,3,0,0,1,11.25
2026-08-12,S001,CND2113,0,0,0,3,0,0,0,0.0
2026-08-12,S002,CND2113,0,14,9,3,1,0,5,125.55
2026-08-12,S003,CND2113,0,0,0,3,0,0,0,0.0
2026-08-12,S004,CND2113,0,2,2,2,0,0,0,0.0
2026-08-12,S005,CND2113,0,1,0,2,0,0,1,25.11
2026-08-12,S006,CND2113,0,3,2,0,0,0,1,25.11
2026-08-12,S007,CND2113,0,1,1,1,3,0,0,0.0
2026-08-12,S008,CND2113,0,0,0,1,0,0,0,0.0
2026-08-12,S009,CND2113,0,1,1,0,2,0,0,0.0
2026-08-12,S010,CND2113,0,3,2,3,0,0,1,25.11
2026-08-12,S001,CND2114,1,0,1,0,3,0,0,0.0
2026-08-12,S002,CND2114,1,2,2,3,2,0,1,4.82
2026-08-12,S003,CND2114,1,2,3,0,3,0,0,0.0
2026-08-12,S004,CND2114,0,3,2,2,1,0,1,4.82
2026-08-12,S005,CND2114,1,4,4,2,1,0,1,4.82
2026-08-12,S006,CND2114,2,11,10,1,2,0,3,14.46
2026-08-12,S007,CND2114,1,1,2,1,1,0,0,0.0
2026-08-12,S008,CND2114,2,3,3,3,0,0,2,9.64
2026-08-12,S009,CND2114,0,1,0,0,3,0,1,4.82
2026-08-12,S010,CND2114,0,8,7,0,1,0,1,4.82
2026-08-12,S001,CND2115,1,1,1,1,3,0,1,14.74
2026-08-12,S002,CND2115,1,4,3,2,3,0,2,29.48
2026-08-12,S003,CND2115,0,1,0,0,0,0,1,14.74
2026-08-12,S004,CND2115,0,8,6,2,0,0,2,29.48
2026-08-12,S005,CND2115,0,2,1,3,2,0,1,14.74
2026-08-12,S006,CND2115,0,2,1,2,1,0,1,14.74
2026-08-12,S007,CND2115,1,8,5,3,0,0,4,58.96
2026-08-12,S008,CND2115,0,3,2,0,1,0,1,14.74
2026-08-12,S009,CND2115,0,2,2,3,1,0,0,0.0
2026-08-12,S010,CND2115,0,2,1,0,1,0,1,14.74
2026-08-12,S001,CND2116,0,6,5,3,2,0,1,7.04
2026-08-12,S002,CND2116,0,1,0,0,1,0,1,7.04
2026-08-12,S003,CND2116,2,6,6,1,3,0,2,14.08
2026-08-12,S004,CND2116,2,8,7,1,3,0,3,21.12
2026-08-12,S005,CND2116,1,0,0,2,2,0,1,7.04
2026-08-12,S006,CND2116,0,5,4,0,2,0,1,7.04
2026-08-12,S007,CND2116,0,5,4,1,0,0,1,7.04
2026-08-12,S008,CND2116,0,1,0,0,3,0,1,7.04
2026-08-12,S009,CND2116,0,3,2,2,2,0,1,7.04
2026-08-12,S010,CND2116,1,0,1,0,0,0,0,0.0
2026-08-12,S001,CND2117,0,2,1,0,2,0,1,13.29
2026-08-12,S002,CND2117,2,2,2,0,1,0,2,26.58
2026-08-12,S003,CND2117,1,1,1,3,3,0,1,13.29
2026-08-12,S004,CND2117,0,1,1,3,0,0,0,0.0
2026-08-12,S005,CND2117,2,2,2,2,3,0,2,26.58
2026-08-12,S006,CND2117,0,13,10,0,0,0,3,39.87
2026-08-12,S007,CND2117,1,2,2,3,1,0,1,13.29
2026-08-12,S008,CND2117,0,7,6,1,0,0,1,13.29
2026-08-12,S009,CND2117,0,0,0,0,3,0,0,0.0
2026-08-12,S010,CND2117,1,7,6,1,1,0,2,26.58
2026-08-12,S001,CND2118,0,0,0,2,2,0,0,0.0
2026-08-12,S002,CND2118,0,2,1,1,3,0,1,41.06
2026-08-12,S003,CND2118,1,1,1,3,2,0,1,41.06
2026-08-12,S004,CND2118,0,2,0,1,1,0,2,82.12
2026-08-12,S005,CND2118,0,0,0,2,0,0,0,0.0
2026-08-12,S006,CND2118,0,1,1,2,0,0,0,0.0
2026-08-12,S007,CND2118,1,6,5,1,3,0,2,82.12
2026-08-12,S008,CND2118,1,4,3,2,1,0,2,82.12
2026-08-12,S009,CND2118,1,2,2,1,1,0,1,41.06
2026-08-12,S010,CND2118,1,3,3,0,2,0,1,41.06
2026-08-12,S001,CND2119,0,0,0,2,0,0,0,0.0
2026-08-12,S002,CND2119,1,3,3,1,1,0,1,22.53
2026-08-12,S003,CND2119,0,1,0,1,1,0,1,22.53
2026-08-12,S004,CND2119,1,7,7,2,2,0,1,22.53
2026-08-12,S005,CND2119,0,2,1,0,3,0,1,22.53
2026-08-12,S006,CND2119,0,4,2,2,1,0,2,45.06
2026-08-12,S007,CND2119,2,2,2,0,2,0,2,45.06
2026-08-12,S008,CND2119,1,0,1,1,3,0,0,0.0
2026-08-12,S009,CND2119,1,0,1,2,1,0,0,0.0
2026-08-12,S010,CND2119,1,2,2,3,3,0,1,22.53
2026-08-12,S001,CND2120,1,0,1,3,1,0,0,0.0
2026-08-12,S002,CND2120,1,14,10,1,3,0,5,99.05
2026-08-12,S003,CND2120,0,5,5,0,2,0,0,0.0
2026-08-12,S004,CND2120,0,6,5,2,3,0,1,19.81
2026-08-12,S005,CND2120,0,2,2,0,3,0,0,0.0
2026-08-12,S006,CND2120,1,2,2,1,1,0,1,19.81
2026-08-12,S007,CND2120,0,8,6,3,1,0,2,39.62
2026-08-12,S008,CND2120,0,12,8,1,0,0,4,79.24
2026-08-12,S009,CND2120,0,5,4,2,3,0,1,19.81
2026-08-12,S010,CND2120,1,0,0,0,2,0,1,19.81
2026-08-12,S001,CND2121,1,2,3,2,1,0,0,0.0
2026-08-12,S002,CND2121,3,8,7,0,1,0,4,162.56
2026-08-12,S003,CND2121,1,0,0,2,3,0,1,40.64
2026-08-12,S004,CND2121,1,6,5,2,0,0,2,81.28
2026-08-12,S005,CND2121,1,7,5,2,1,0,3,121.92
2026-08-12,S006,CND2121,0,4,4,0,2,0,0,0.0
2026-08-12,S007,CND2121,0,0,0,3,2,1,0,0.0
2026-08-12,S008,CND2121,0,3,3,2,1,0,0,0.0
2026-08-12,S009,CND2121,1,0,1,0,1,0,0,0.0
2026-08-12,S010,CND2121,1,0,0,1,1,0,1,40.64
2026-08-12,S001,CND2122,0,0,0,2,1,0,0,0.0
2026-08-12,S002,CND2122,0,1,1,1,0,0,0,0.0
2026-08-12,S003,CND2122,0,0,0,2,1,0,0,0.0
2026-08-12,S004,CND2122,0,1,1,0,3,0,0,0.0
2026-08-12,S005,CND2122,0,0,0,3,0,0,0,0.0
2026-08-12,S006,CND2122,0,0,0,0,3,0,0,0.0
2026-08-12,S007,CND2122,0,0,0,2,0,0,0,0.0
2026-08-12,S008,CND2122,1,0,1,0,3,0,0,0.0
2026-08-12,S009,CND2122,1,4,4,1,0,0,1,28.07
2026-08-12,S010,CND2122,0,0,0,3,1,0,0,0.0
2026-08-12,S001,CND2123,1,0,1,1,3,0,0,0.0
2026-08-12,S002,CND2123,1,2,3,0,2,0,0,0.0
2026-08-12,S003,CND2123,0,4,2,2,0,1,2,46.1
2026-08-12,S004,CND2123,1,0,0,1,3,0,1,23.05
2026-08-12,S005,CND2123,0,1,1,2,2,0,0,0.0
2026-08-12,S006,CND2123,1,6,4,2,0,0,3,69.15
2026-08-12,S007,CND2123,1,0,0,1,3,0,1,23.05
2026-08-12,S008,CND2123,0,1,0,0,0,0,1,23.05
2026-08-12,S009,CND2123,1,1,1,2,2,0,1,23.05
2026-08-12,S010,CND2123,1,0,0,2,0,0,1,23.05
2026-08-12,S001,CND2124,0,0,0,2,1,0,0,0.0
2026-08-12,S002,CND2124,0,0,0,0,1,0,0,0.0
2026-08-12,S003,CND2124,0,0,0,0,0,0,0,0.0
2026-08-12,S004,CND2124,0,2,2,0,2,0,0,0.0
2026-08-12,S005,CND2124,0,1,1,2,1,0,0,0.0
2026-08-12,S006,CND2124,1,4,4,1,0,0,1,7.59
2026-08-12,S007,CND2124,0,1,1,0,3,0,0,0.0
2026-08-12,S008,CND2124,0,0,0,1,2,0,0,0.0
2026-08-12,S009,CND2124,0,0,0,1,3,0,0,0.0
2026-08-12,S010,CND2124,1,4,4,2,0,0,1,7.59
2026-08-12,S001,CND2125,0,2,1,3,1,0,1,28.65
2026-08-12,S002,CND2125,0,5,5,0,1,0,0,0.0
2026-08-12,S003,CND2125,0,0,0,2,3,0,0,0.0
2026-08-12,S004,CND2125,1,0,0,1,2,0,1,28.65
2026-08-12,S005,CND2125,1,0,0,1,0,0,1,28.65
2026-08-12,S006,CND2125,0,2,2,0,3,0,0,0.0
2026-08-12,S007,CND2125,0,0,0,1,3,0,0,0.0
2026-08-12,S008,CND2125,0,2,1,2,1,0,1,28.65
2026-08-12,S009,CND2125,1,0,0,0,3,0,1,28.65
2026-08-12,S010,CND2125,0,6,5,0,3,0,1,28.65
2026-08-12,S001,CND2126,0,4,3,2,0,0,1,5.44
2026-08-12,S002,CND2126,1,6,5,1,0,0,2,10.88
2026-08-12,S003,CND2126,1,7,6,0,2,0,2,10.88
2026-08-12,S004,CND2126,1,3,3,0,2,0,1,5.44
2026-08-12,S005,CND2126,0,3,2,0,3,0,1,5.44
2026-08-12,S006,CND2126,0,6,4,0,1,0,2,10.88
2026-08-12,S007,CND2126,1,4,3,2,3,0,2,10.88
2026-08-12,S008,CND2126,0,2,1,1,0,0,1,5.44
2026-08-12,S009,CND2126,0,6,5,0,0,0,1,5.44
2026-08-12,S010,CND2126,1,6,5,0,0,0,2,10.88
2026-08-12,S001,CND2127,0,1,1,0,2,0,0,0.0
2026-08-12,S002,CND2127,2,6,6,0,1,0,2,54.66
2026-08-12,S003,CND2127,1,2,2,3,1,0,1,27.33
2026-08-12,S004,CND2127,1,0,0,2,0,0,1,27.33
2026-08-12,S005,CND2127,1,2,3,1,3,0,0,0.0
2026-08-12,S006,CND2127,2,5,5,0,1,0,2,54.66
2026-08-12,S007,CND2127,0,3,2,2,2,0,1,27.33
2026-08-12,S008,CND2127,1,4,4,3,2,0,1,27.33
2026-08-12,S009,CND2127,0,1,0,2,0,0,1,27.33
2026-08-12,S010,CND2127,0,3,2,2,0,0,1,27.33
2026-08-12,S001,CND2128,1,3,3,1,2,0,1,34.95
2026-08-12,S002,CND2128,1,0,0,0,2,0,1,34.95
2026-08-12,S003,CND2128,0,3,2,2,1,0,1,34.95
2026-08-12,S004,CND2128,1,3,3,3,2,0,1,34.95
2026-08-12,S005,CND2128,1,0,1,2,3,0,0,0.0
2026-08-12,S006,CND2128,0,2,2,0,2,0,0,0.0
2026-08-12,S007,CND2128,0,2,1,1,3,0,1,34.95
2026-08-12,S008,CND2128,0,1,1,2,1,0,0,0.0
2026-08-12,S009,CND2128,1,0,0,1,3,0,1,34.95
2026-08-12,S010,CND2128,0,1,1,2,3,0,0,0.0
2026-08-12,S001,CND2129,2,3,3,1,1,0,2,28.34
2026-08-12,S002,CND2129,0,0,0,3,0,0,0,0.0
2026-08-12,S003,CND2129,1,0,0,1,0,0,1,14.17
2026-08-12,S004,CND2129,0,0,0,2,1,1,0,0.0
2026-08-12,S005,CND2129,0,6,4,1,2,0,2,28.34
2026-08-12,S006,CND2129,0,3,1,2,0,0,2,28.34
2026-08-12,S007,CND2129,2,4,4,3,0,0,2,28.34
2026-08-12,S008,CND2129,1,7,5,2,0,0,3,42.51
2026-08-12,S009,CND2129,1,1,1,0,2,0,1,14.17
2026-08-12,S010,CND2129,0,0,0,0,2,0,0,0.0
2026-08-12,S001,CND2130,0,0,0,0,1,0,0,0.0
2026-08-12,S002,CND2130,1,2,2,1,1,0,1,23.22
2026-08-12,S003,CND2130,1,0,1,2,1,0,0,0.0
2026-08-12,S004,CND2130,1,0,0,1,3,0,1,23.22
2026-08-12,S005,CND2130,0,0,0,1,0,0,0,0.0
2026-08-12,S006,CND2130,0,1,0,1,1,0,1,23.22
2026-08-12,S007,CND2130,1,0,0,1,1,0,1,23.22
2026-08-12,S008,CND2130,0,0,0,3,3,0,0,0.0
2026-08-12,S009,CND2130,1,0,0,2,0,0,1,23.22
2026-08-12,S010,CND2130,0,2,1,2,0,0,1,23.22
2026-08-12,S001,CND2131,1,0,1,0,0,0,0,0.0
2026-08-12,S002,CND2131,0,3,3,2,3,0,0,0.0
2026-08-12,S003,CND2131,0,0,0,1,2,0,0,0.0
2026-08-12,S004,CND2131,0,0,0,0,3,0,0,0.0
2026-08-12,S005,CND2131,1,2,2,2,0,0,1,7.39
2026-08-12,S006,CND2131,0,0,0,0,2,0,0,0.0
2026-08-12,S007,CND2131,0,1,0,2,0,0,1,7.39
2026-08-12,S008,CND2131,0,1,0,1,3,0,1,7.39
2026-08-12,S009,CND2131,1,0,0,2,0,0,1,7.39
2026-08-12,S010,CND2131,0,3,2,0,2,0,1,7.39
2026-08-12,S001,CND2132,1,10,8,2,0,0,3,62.04
2026-08-12,S002,CND2132,1,1,2,0,2,0,0,0.0
2026-08-12,S003,CND2132,0,0,0,1,2,0,0,0.0
2026-08-12,S004,CND2132,0,1,1,0,0,0,0,0.0
2026-08-12,S005,CND2132,0,7,5,2,1,0,2,41.36
2026-08-12,S006,CND2132,0,1,0,1,2,0,1,20.68
2026-08-12,S007,CND2132,0,4,3,1,1,0,1,20.68
2026-08-12,S008,CND2132,0,0,0,1,1,0,0,0.0
2026-08-12,S009,CND2132,0,0,0,3,0,0,0,0.0
2026-08-12,S010,CND2132,0,1,1,0,3,0,0,0.0
2026-08-12,S001,CND2133,1,2,2,3,2,0,1,12.21
2026-08-12,S002,CND2133,0,1,0,1,0,0,1,12.21
2026-08-12,S003,CND2133,2,13,10,0,0,0,5,61.05
2026-08-12,S004,CND2133,1,4,3,3,1,0,2,24.42
2026-08-12,S005,CND2133,0,1,0,3,0,0,1,12.21
2026-08-12,S006,CND2133,0,0,0,1,0,1,0,0.0
2026-08-12,S007,CND2133,1,3,3,2,1,0,1,12.21
2026-08-12,S008,CND2133,0,7,7,0,0,0,0,0.0
2026-08-12,S009,CND2133,1,0,0,3,3,0,1,12.21
2026-08-12,S010,CND2133,0,1,1,0,1,0,0,0.0
2026-08-12,S001,CND2134,0,4,3,0,1,0,1,29.29
2026-08-12,S002,CND2134,2,5,4,3,2,0,3,87.87
2026-08-12,S003,CND2134,0,0,0,2,2,0,0,0.0
2026-08-12,S004,CND2134,1,0,1,0,0,0,0,0.0
2026-08-12,S005,CND2134,1,1,2,1,3,0,0,0.0
2026-08-12,S006,CND2134,1,1,1,0,0,0,1,29.29
2026-08-12,S007,CND2134,1,0,0,3,0,0,1,29.29
2026-08-12,S008,CND2134,1,3,3,0,3,0,1,29.29
2026-08-12,S009,CND2134,2,6,5,1,0,0,3,87.87
2026-08-12,S010,CND2134,1,2,2,1,2,0,1,29.29
2026-08-12,S001,CND2135,0,2,0,1,2,0,2,48.36
2026-08-12,S002,CND2135,0,0,0,3,0,0,0,0.0
2026-08-12,S003,CND2135,0,1,1,1,2,0,0,0.0
2026-08-12,S004,CND2135,0,3,2,0,1,0,1,24.18
2026-08-12,S005,CND2135,1,0,0,3,0,0,1,24.18
2026-08-12,S006,CND2135,0,2,1,3,3,0,1,24.18
2026-08-12,S007,CND2135,1,1,1,3,3,0,1,24.18
2026-08-12,S008,CND2135,1,3,3,3,2,0,1,24.18
2026-08-12,S009,CND2135,0,1,0,2,3,0,1,24.18
2026-08-12,S010,CND2135,1,4,4,0,3,0,1,24.18
2026-08-12,S001,CND2136,0,4,3,0,3,0,1,24.05
2026-08-12,S002,CND2136,1,2,2,1,3,0,1,24.05
2026-08-12,S003,CND2136,0,1,0,0,0,0,1,24.05
2026-08-12,S004,CND2136,2,6,5,3,3,0,3,72.15
2026-08-12,S005,CND2136,1,4,3,1,2,0,2,48.1
2026-08-12,S006,CND2136,3,10,8,3,2,0,5,120.25
2026-08-12,S007,CND2136,1,16,12,1,3,0,5,120.25
2026-08-12,S008,CND2136,0,3,2,2,3,0,1,24.05
2026-08-12,S009,CND2136,1,4,4,0,3,0,1,24.05
2026-08-12,S010,CND2136,2,4,4,0,3,0,2,48.1
2026-08-12,S001,CND2137,1,0,1,0,1,0,0,0.0
2026-08-12,S002,CND2137,0,0,0,2,0,0,0,0.0
2026-08-12,S003,CND2137,1,3,4,2,1,0,0,0.0
2026-08-12,S004,CND2137,0,1,0,0,0,0,1,18.38
2026-08-12,S005,CND2137,0,4,3,0,2,0,1,18.38
2026-08-12,S006,CND2137,0,1,0,1,2,0,1,18.38
2026-08-12,S007,CND2137,2,0,0,0,0,0,2,36.76
2026-08-12,S008,CND2137,1,4,4,2,3,0,1,18.38
2026-08-12,S009,CND2137,0,5,3,1,0,0,2,36.76
2026-08-12,S010,CND2137,0,2,1,3,1,0,1,18.38
2026-08-12,S001,CND2138,1,0,0,2,1,0,1,20.4
2026-08-12,S002,CND2138,1,0,1,2,1,0,0,0.0
2026-08-12,S003,CND2138,1,0,1,1,3,0,0,0.0
2026-08-12,S004,CND2138,1,1,1,3,1,0,1,20.4
2026-08-12,S005,CND2138,1,0,1,3,1,0,0,0.0
2026-08-12,S006,CND2138,1,0,1,0,2,0,0,0.0
2026-08-12,S007,CND2138,0,1,1,3,0,0,0,0.0
2026-08-12,S008,CND2138,1,0,1,0,1,0,0,0.0
2026-08-12,S009,CND2138,0,0,0,0,2,0,0,0.0
2026-08-12,S010,CND2138,0,0,0,3,3,0,0,0.0
2026-08-12,S001,CND2139,1,0,0,0,3,0,1,12.54
2026-08-12,S002,CND2139,1,0,0,3,2,0,1,12.54
2026-08-12,S003,CND2139,2,6,5,2,2,0,3,37.62
2026-08-12,S004,CND2139,0,5,3,3,2,0,2,25.08
2026-08-12,S005,CND2139,0,4,3,1,2,0,1,12.54
2026-08-12,S006,CND2139,1,9,9,1,1,0,1,12.54
2026-08-12,S007,CND2139,0,4,3,3,3,0,1,12.54
2026-08-12,S008,CND2139,1,0,1,0,1,0,0,0.0
2026-08-12,S009,CND2139,0,3,2,2,2,0,1,12.54
2026-08-12,S010,CND2139,0,5,3,1,2,0,2,25.08
2026-08-12,S001,CND2140,0,1,0,2,2,0,1,14.57
2026-08-12,S002,CND2140,1,0,1,2,0,0,0,0.0
2026-08-12,S003,CND2140,0,2,2,1,2,0,0,0.0
2026-08-12,S004,CND2140,0,2,2,1,2,0,0,0.0
2026-08-12,S005,CND2140,0,3,2,0,1,0,1,14.57
2026-08-12,S006,CND2140,1,4,3,3,1,0,2,29.14
2026-08-12,S007,CND2140,0,0,0,2,2,0,0,0.0
2026-08-12,S008,CND2140,0,2,1,0,0,0,1,14.57
2026-08-12,S009,CND2140,0,0,0,2,0,0,0,0.0
2026-08-12,S010,CND2140,1,2,3,0,1,0,0,0.0
2026-08-12,S001,CND2141,0,1,0,0,3,0,1,15.8
2026-08-12,S002,CND2141,1,0,1,0,3,0,0,0.0
2026-08-12,S003,CND2141,1,0,1,2,0,0,0,0.0
2026-08-12,S004,CND2141,1,3,3,1,0,0,1,15.8
2026-08-12,S005,CND2141,0,4,3,3,1,0,1,15.8
2026-08-12,S006,CND2141,0,0,0,3,0,0,0,0.0
2026-08-12,S007,CND2141,1,0,1,2,0,0,0,0.0
2026-08-12,S008,CND2141,1,0,0,1,3,0,1,15.8
2026-08-12,S009,CND2141,2,3,2,1,0,0,3,47.4
2026-08-12,S010,CND2141,0,0,0,1,2,0,0,0.0
2026-08-12,S001,CND2142,1,9,8,3,0,0,2,52.24
2026-08-12,S002,CND2142,0,5,4,2,1,1,1,26.12
2026-08-12,S003,CND2142,0,3,2,3,3,0,1,26.12
2026-08-12,S004,CND2142,0,5,4,0,3,0,1,26.12
2026-08-12,S005,CND2142,0,3,2,0,3,0,1,26.12
2026-08-12,S006,CND2142,1,1,2,2,2,0,0,0.0
2026-08-12,S007,CND2142,2,17,14,0,3,0,5,130.6
2026-08-12,S008,CND2142,2,9,7,3,3,0,4,104.48
2026-08-12,S009,CND2142,1,0,0,2,0,0,1,26.12
2026-08-12,S010,CND2142,1,0,0,3,0,0,1,26.12
2026-08-12,S001,CND2143,1,0,1,2,0,0,0,0.0
2026-08-12,S002,CND2143,1,0,1,1,3,0,0,0.0
2026-08-12,S003,CND2143,0,8,5,2,2,0,3,84.12
2026-08-12,S004,CND2143,0,3,2,0,2,0,1,28.04
2026-08-12,S005,CND2143,1,1,2,3,1,0,0,0.0
2026-08-12,S006,CND2143,0,2,2,0,2,0,0,0.0
2026-08-12,S007,CND2143,1,2,2,2,2,0,1,28.04
2026-08-12,S008,CND2143,0,2,2,0,2,0,0,0.0
2026-08-12,S009,CND2143,2,3,3,0,0,0,2,56.08
2026-08-12,S010,CND2143,0,3,2,0,3,0,1,28.04
2026-08-12,S001,CND2144,1,1,0,2,3,0,2,48.1
2026-08-12,S002,CND2144,0,1,0,1,2,0,1,24.05
2026-08-12,S003,CND2144,0,0,0,1,0,0,0,0.0
2026-08-12,S004,CND2144,0,0,0,0,1,1,0,0.0
2026-08-12,S005,CND2144,2,8,7,3,0,0,3,72.15
2026-08-12,S006,CND2144,1,0,1,3,1,0,0,0.0
2026-08-12,S007,CND2144,0,2,0,1,2,0,2,48.1
2026-08-12,S008,CND2144,0,4,3,0,0,0,1,24.05
2026-08-12,S009,CND2144,0,3,2,2,1,0,1,24.05
2026-08-12,S010,CND2144,1,0,1,3,0,0,0,0.0
2026-08-12,S001,CND2145,2,5,5,0,0,0,2,66.6
2026-08-12,S002,CND2145,0,1,1,2,2,0,0,0.0
2026-08-12,S003,CND2145,1,0,0,1,1,0,1,33.3
2026-08-12,S004,CND2145,0,4,3,2,2,0,1,33.3
2026-08-12,S005,CND2145,0,3,2,1,1,0,1,33.3
2026-08-12,S006,CND2145,0,3,2,1,1,0,1,33.3
2026-08-12,S007,CND2145,1,2,1,3,1,0,2,66.6
2026-08-12,S008,CND2145,0,4,3,1,1,0,1,33.3
2026-08-12,S009,CND2145,0,0,0,0,3,0,0,0.0
2026-08-12,S010,CND2145,0,0,0,2,3,0,0,0.0
2026-08-12,S001,CND2146,1,0,0,1,0,0,1,35.43
2026-08-12,S002,CND2146,0,2,2,1,2,0,0,0.0
2026-08-12,S003,CND2146,1,0,0,0,1,0,1,35.43
2026-08-12,S004,CND2146,0,1,1,3,0,0,0,0.0
2026-08-12,S005,CND2146,0,0,0,0,2,0,0,0.0
2026-08-12,S006,CND2146,0,8,6,2,1,0,2,70.86
2026-08-12,S007,CND2146,0,0,0,3,0,0,0,0.0
2026-08-12,S008,CND2146,0,5,4,1,2,0,1,35.43
2026-08-12,S009,CND2146,1,3,2,1,0,0,2,70.86
2026-08-12,S010,CND2146,0,3,2,1,3,0,1,35.43
2026-08-12,S001,CND2147,0,10,7,2,3,0,3,26.97
2026-08-12,S002,CND2147,0,6,5,2,0,0,1,8.99
2026-08-12,S003,CND2147,0,1,0,0,3,0,1,8.99
2026-08-12,S004,CND2147,0,1,0,1,2,0,1,8.99
2026-08-12,S005,CND2147,1,1,1,3,2,0,1,8.99
2026-08-12,S006,CND2147,2,8,7,3,1,0,3,26.97
2026-08-12,S007,CND2147,1,6,6,3,0,0,1,8.99
2026-08-12,S008,CND2147,0,2,0,3,1,1,2,17.98
2026-08-12,S009,CND2147,1,4,4,2,2,0,1,8.99
2026-08-12,S010,CND2147,0,3,2,0,3,0,1,8.99
2026-08-12,S001,CND2148,0,0,0,0,1,0,0,0.0
2026-08-12,S002,CND2148,0,4,3,2,2,0,1,22.89
2026-08-12,S003,CND2148,0,3,2,2,1,0,1,22.89
2026-08-12,S004,CND2148,2,1,1,0,3,0,2,45.78
2026-08-12,S005,CND2148,0,7,6,0,0,0,1,22.89
2026-08-12,S006,CND2148,0,4,3,1,0,0,1,22.89
2026-08-12,S007,CND2148,0,2,0,2,3,0,2,45.78
2026-08-12,S008,CND2148,0,1,1,0,3,0,0,0.0
2026-08-12,S009,CND2148,0,0,0,3,0,0,0,0.0
2026-08-12,S010,CND2148,0,0,0,0,0,0,0,0.0
2026-08-12,S001,CND2149,1,3,4,1,0,0,0,0.0
2026-08-12,S002,CND2149,1,5,5,0,1,0,1,21.8
2026-08-12,S003,CND2149,0,5,4,1,1,0,1,21.8
2026-08-12,S004,CND2149,0,4,4,1,2,0,0,0.0
2026-08-12,S005,CND2149,1,2,3,3,0,0,0,0.0
2026-08-12,S006,CND2149,2,13,11,2,1,0,4,87.2
2026-08-12,S007,CND2149,0,8,7,1,3,0,1,21.8
2026-08-12,S008,CND2149,2,4,4,3,2,0,2,43.6
2026-08-12,S009,CND2149,1,16,13,0,1,0,4,87.2
2026-08-12,S010,CND2149,0,0,0,1,3,0,0,0.0
2026-08-12,S001,CND2150,0,11,7,2,2,0,4,153.16
2026-08-12,S002,CND2150,0,4,3,2,3,0,1,38.29
2026-08-12,S003,CND2150,1,1,1,3,1,0,1,38.29
2026-08-12,S004,CND2150,1,0,0,3,2,1,1,38.29
2026-08-12,S005,CND2150,1,0,1,1,1,0,0,0.0
2026-08-12,S006,CND2150,1,0,0,2,3,0,1,38.29
2026-08-12,S007,CND2150,0,0,0,3,3,0,0,0.0
2026-08-12,S008,CND2150,1,0,0,2,1,0,1,38.29
2026-08-12,S009,CND2150,1,1,0,1,0,0,2,76.58
2026-08-12,S010,CND2150,0,0,0,3,1,1,0,0.0
2026-08-12,S001,CND2151,1,0,1,0,3,0,0,0.0
2026-08-12,S002,CND2151,1,2,2,2,2,0,1,26.07
2026-08-12,S003,CND2151,1,2,2,2,2,0,1,26.07
2026-08-12,S004,CND2151,0,0,0,2,0,0,0,0.0
2026-08-12,S005,CND2151,1,2,2,1,3,0,1,26.07
2026-08-12,S006,CND2151,1,6,6,3,2,0,1,26.07
2026-08-12,S007,CND2151,0,1,1,2,3,0,0,0.0
2026-08-12,S008,CND2151,0,1,0,1,1,0,1,26.07
2026-08-12,S009,CND2151,0,3,2,2,0,0,1,26.07
2026-08-12,S010,CND2151,0,0,0,2,1,0,0,0.0
2026-08-12,S001,CND2152,1,1,2,3,0,0,0,0.0
2026-08-12,S002,CND2152,1,0,1,3,0,0,0,0.0
2026-08-12,S003,CND2152,1,14,12,1,3,0,3,68.88
2026-08-12,S004,CND2152,1,0,1,3,2,0,0,0.0
2026-08-12,S005,CND2152,1,0,0,0,3,0,1,22.96
2026-08-12,S006,CND2152,2,0,0,1,1,0,2,45.92
2026-08-12,S007,CND2152,2,5,5,1,2,0,2,45.92
2026-08-12,S008,CND2152,0,9,6,3,0,0,3,68.88
2026-08-12,S009,CND2152,1,0,1,1,2,0,0,0.0
2026-08-12,S010,CND2152,0,0,0,1,2,0,0,0.0
2026-08-12,S001,CND2153,1,4,4,2,2,0,1,24.88
2026-08-12,S002,CND2153,1,0,1,0,2,0,0,0.0
2026-08-12,S003,CND2153,0,1,1,3,3,0,0,0.0
2026-08-12,S004,CND2153,0,12,9,3,2,0,3,74.64
2026-08-12,S005,CND2153,0,18,12,1,2,0,6,149.28
2026-08-12,S006,CND2153,2,13,12,3,1,0,3,74.64
2026-08-12,S007,CND2153,2,15,12,1,0,0,5,124.4
2026-08-12,S008,CND2153,1,5,4,2,1,0,2,49.76
2026-08-12,S009,CND2153,1,1,1,2,0,0,1,24.88
2026-08-12,S010,CND2153,2,7,6,2,2,0,3,74.64
2026-08-12,S001,CND2154,0,0,0,0,3,0,0,0.0
2026-08-12,S002,CND2154,0,1,0,2,2,0,1,25.05
2026-08-12,S003,CND2154,1,1,2,3,3,0,0,0.0
2026-08-12,S004,CND2154,0,6,4,3,1,0,2,50.1
2026-08-12,S005,CND2154,0,0,0,2,0,0,0,0.0
2026-08-12,S006,CND2154,0,4,4,0,3,0,0,0.0
2026-08-12,S007,CND2154,2,2,2,2,1,0,2,50.1
2026-08-12,S008,CND2154,3,11,10,3,0,0,4,100.2
2026-08-12,S009,CND2154,0,3,2,0,1,0,1,25.05
2026-08-12,S010,CND2154,0,0,0,2,2,0,0,0.0
2026-08-12,S001,CND2155,0,0,0,2,2,0,0,0.0
2026-08-12,S002,CND2155,0,0,0,3,3,1,0,0.0
2026-08-12,S003,CND2155,1,2,2,0,0,0,1,25.66
2026-08-12,S004,CND2155,1,0,0,1,0,0,1,25.66
2026-08-12,S005,CND2155,0,0,0,0,0,0,0,0.0
2026-08-12,S006,CND2155,0,4,3,0,2,0,1,25.66
2026-08-12,S007,CND2155,0,0,0,3,2,0,0,0.0
2026-08-12,S008,CND2155,1,1,1,3,3,0,1,25.66
2026-08-12,S009,CND2155,0,4,3,3,3,0,1,25.66
2026-08-12,S010,CND2155,0,4,3,1,3,0,1,25.66
2026-08-12,S001,CND2156,1,1,1,3,1,0,1,21.9
2026-08-12,S002,CND2156,0,0,0,1,1,0,0,0.0
2026-08-12,S003,CND2156,0,0,0,3,0,0,0,0.0
2026-08-12,S004,CND2156,0,1,0,2,2,0,1,21.9
2026-08-12,S005,CND2156,0,0,0,2,2,0,0,0.0
2026-08-12,S006,CND2156,0,2,1,1,0,0,1,21.9
2026-08-12,S007,CND2156,0,0,0,3,3,0,0,0.0
2026-08-12,S008,CND2156,1,2,2,0,2,0,1,21.9
2026-08-12,S009,CND2156,0,1,0,2,1,0,1,21.9
2026-08-12,S010,CND2156,1,0,0,1,3,0,1,21.9
2026-08-12,S001,CND2157,1,0,1,2,0,0,0,0.0
2026-08-12,S002,CND2157,0,5,4,2,2,0,1,35.62
2026-08-12,S003,CND2157,0,9,6,2,0,0,3,106.86
2026-08-12,S004,CND2157,1,0,1,2,1,0,0,0.0
2026-08-12,S005,CND2157,1,2,2,0,3,0,1,35.62
2026-08-12,S006,CND2157,0,1,1,2,2,0,0,0.0
2026-08-12,S007,CND2157,1,1,1,2,0,0,1,35.62
2026-08-12,S008,CND2157,1,5,4,1,3,0,2,71.24
2026-08-12,S009,CND2157,1,7,6,0,3,0,2,71.24
2026-08-12,S010,CND2157,1,3,2,0,1,0,2,71.24
2026-08-12,S001,CND2158,0,0,0,0,1,0,0,0.0
2026-08-12,S002,CND2158,0,7,5,3,2,0,2,67.12
2026-08-12,S003,CND2158,0,2,1,3,3,1,1,33.56
2026-08-12,S004,CND2158,1,0,0,0,1,0,1,33.56
2026-08-12,S005,CND2158,1,1,0,1,3,0,2,67.12
2026-08-12,S006,CND2158,0,0,0,2,0,0,0,0.0
2026-08-12,S007,CND2158,0,1,0,0,1,0,1,33.56
2026-08-12,S008,CND2158,2,1,1,0,3,0,2,67.12
2026-08-12,S009,CND2158,0,0,0,3,0,0,0,0.0
2026-08-12,S010,CND2158,0,3,2,3,1,1,1,33.56
2026-08-12,S001,CND2159,0,0,0,0,1,0,0,0.0
2026-08-12,S002,CND2159,0,0,0,1,3,0,0,0.0
2026-08-12,S003,CND2159,1,0,1,3,2,0,0,0.0
2026-08-12,S004,CND2159,0,0,0,1,2,0,0,0.0
2026-08-12,S005,CND2159,0,1,0,2,2,0,1,12.02
2026-08-12,S006,CND2159,0,0,0,3,0,0,0,0.0
2026-08-12,S007,CND2159,0,1,1,1,2,0,0,0.0
2026-08-12,S008,CND2159,0,0,0,1,3,0,0,0.0
2026-08-12,S009,CND2159,0,0,0,3,1,0,0,0.0
2026-08-12,S010,CND2159,0,0,0,1,2,0,0,0.0
2026-08-12,S001,CND2160,0,3,3,0,3,0,0,0.0
2026-08-12,S002,CND2160,0,1,0,2,2,0,1,24.16
2026-08-12,S003,CND2160,0,1,0,3,3,0,1,24.16
2026-08-12,S004,CND2160,0,2,2,2,1,0,0,0.0
2026-08-12,S005,CND2160,0,8,7,1,1,0,1,24.16
2026-08-12,S006,CND2160,2,5,5,3,0,0,2,48.32
2026-08-12,S007,CND2160,0,0,0,1,0,0,0,0.0
2026-08-12,S008,CND2160,1,3,4,0,2,0,0,0.0
2026-08-12,S009,CND2160,0,3,2,2,1,0,1,24.16
2026-08-12,S010,CND2160,1,4,3,2,1,0,2,48.32
2026-08-12,S001,CND2161,1,9,7,1,1,0,3,74.91
2026-08-12,S002,CND2161,0,10,8,3,1,0,2,49.94
2026-08-12,S003,CND2161,0,6,5,1,3,1,1,24.97
2026-08-12,S004,CND2161,1,1,0,0,1,0,2,49.94
2026-08-12,S005,CND2161,0,5,4,3,2,1,1,24.97
2026-08-12,S006,CND2161,0,2,2,1,0,0,0,0.0
2026-08-12,S007,CND2161,0,3,3,1,1,0,0,0.0
2026-08-12,S008,CND2161,0,8,6,3,1,0,2,49.94
2026-08-12,S009,CND2161,0,6,3,2,1,0,3,74.91
2026-08-12,S010,CND2161,1,4,3,1,1,0,2,49.94
2026-08-12,S001,CND2162,0,0,0,3,3,0,0,0.0
2026-08-12,S002,CND2162,0,7,5,2,3,0,2,28.86
2026-08-12,S003,CND2162,0,1,0,2,1,0,1,14.43
2026-08-12,S004,CND2162,0,1,1,0,0,0,0,0.0
2026-08-12,S005,CND2162,1,1,2,2,0,0,0,0.0
2026-08-12,S006,CND2162,0,1,0,0,1,0,1,14.43
2026-08-12,S007,CND2162,0,4,3,1,3,0,1,14.43
2026-08-12,S008,CND2162,2,6,5,0,3,1,3,43.29
2026-08-12,S009,CND2162,0,2,1,3,0,0,1,14.43
2026-08-12,S010,CND2162,2,1,1,0,1,0,2,28.86
2026-08-12,S001,CND2163,2,3,3,0,0,0,2,39.04
2026-08-12,S002,CND2163,0,5,3,1,0,0,2,39.04
2026-08-12,S003,CND2163,2,5,5,1,0,0,2,39.04
2026-08-12,S004,CND2163,1,1,1,0,0,0,1,19.52
2026-08-12,S005,CND2163,0,1,0,1,2,0,1,19.52
2026-08-12,S006,CND2163,1,6,5,3,2,0,2,39.04
2026-08-12,S007,CND2163,0,3,2,2,2,0,1,19.52
2026-08-12,S008,CND2163,1,3,2,2,0,0,2,39.04
2026-08-12,S009,CND2163,0,2,2,1,0,0,0,0.0
2026-08-12,S010,CND2163,0,1,0,1,1,0,1,19.52
2026-08-12,S001,CND2164,0,0,0,3,3,0,0,0.0
2026-08-12,S002,CND2164,1,3,2,2,3,0,2,45.48
2026-08-12,S003,CND2164,0,0,0,0,3,0,0,0.0
2026-08-12,S004,CND2164,0,0,0,3,1,0,0,0.0
2026-08-12,S005,CND2164,0,2,1,0,2,0,1,22.74
2026-08-12,S006,CND2164,1,4,4,0,3,0,1,22.74
2026-08-12,S007,CND2164,0,0,0,1,1,0,0,0.0
2026-08-12,S008,CND2164,0,0,0,0,1,0,0,0.0
2026-08-12,S009,CND2164,0,3,3,3,3,0,0,0.0
2026-08-12,S010,CND2164,1,4,4,2,0,0,1,22.74
2026-08-12,S001,CND2165,0,7,5,2,0,0,2,43.62
2026-08-12,S002,CND2165,0,3,2,3,0,0,1,21.81
2026-08-12,S003,CND2165,0,2,1,3,2,0,1,21.81
2026-08-12,S004,CND2165,0,0,0,2,2,0,0,0.0
2026-08-12,S005,CND2165,1,0,1,1,1,0,0,0.0
2026-08-12,S006,CND2165,0,4,4,3,1,0,0,0.0
2026-08-12,S007,CND2165,0,0,0,1,0,0,0,0.0
2026-08-12,S008,CND2165,0,3,2,2,0,0,1,21.81
2026-08-12,S009,CND2165,0,0,0,0,1,0,0,0.0
2026-08-12,S010,CND2165,1,1,1,3,2,0,1,21.81
2026-08-12,S001,CND2166,0,6,5,0,1,0,1,7.56
2026-08-12,S002,CND2166,0,4,3,0,3,0,1,7.56
2026-08-12,S003,CND2166,0,3,2,0,0,0,1,7.56
2026-08-12,S004,CND2166,0,3,2,3,1,0,1,7.56
2026-08-12,S005,CND2166,0,4,3,2,2,0,1,7.56
2026-08-12,S006,CND2166,1,1,2,2,3,0,0,0.0
2026-08-12,S007,CND2166,1,3,3,3,0,0,1,7.56
2026-08-12,S008,CND2166,0,8,5,1,3,0,3,22.68
2026-08-12,S009,CND2166,2,2,2,3,0,0,2,15.12
2026-08-12,S010,CND2166,0,4,3,1,2,0,1,7.56
2026-08-12,S001,CND2167,0,6,4,3,2,0,2,67.2
2026-08-12,S002,CND2167,1,3,2,1,0,0,2,67.2
2026-08-12,S003,CND2167,1,3,2,0,0,0,2,67.2
2026-08-12,S004,CND2167,0,0,0,2,2,0,0,0.0
2026-08-12,S005,CND2167,0,2,1,3,3,0,1,33.6
2026-08-12,S006,CND2167,1,1,2,0,0,0,0,0.0
2026-08-12,S007,CND2167,0,5,4,1,1,0,1,33.6
2026-08-12,S008,CND2167,1,5,5,2,0,0,1,33.6
2026-08-12,S009,CND2167,0,12,9,0,0,0,3,100.8
2026-08-12,S010,CND2167,0,2,1,2,2,0,1,33.6
2026-08-12,S001,CND2168,1,2,3,3,3,0,0,0.0
2026-08-12,S002,CND2168,0,7,5,3,2,0,2,14.34
2026-08-12,S003,CND2168,2,4,4,0,1,0,2,14.34
2026-08-12,S004,CND2168,0,3,2,2,1,0,1,7.17
2026-08-12,S005,CND2168,0,4,3,1,2,0,1,7.17
2026-08-12,S006,CND2168,2,9,7,0,0,0,4,28.68
2026-08-12,S007,CND2168,2,8,8,1,1,0,2,14.34
2026-08-12,S008,CND2168,1,1,1,0,2,0,1,7.17
2026-08-12,S009,CND2168,1,5,4,0,0,0,2,14.34
2026-08-12,S010,CND2168,1,0,0,3,0,0,1,7.17
2026-08-12,S001,CND2169,1,4,3,1,0,0,2,25.58
2026-08-12,S002,CND2169,1,3,3,3,2,0,1,12.79
2026-08-12,S003,CND2169,0,9,6,1,3,0,3,38.37
2026-08-12,S004,CND2169,0,2,1,2,3,0,1,12.79
2026-08-12,S005,CND2169,1,0,0,0,2,0,1,12.79
2026-08-12,S006,CND2169,1,5,5,0,2,0,1,12.79
2026-08-12,S007,CND2169,0,5,3,3,0,0,2,25.58
2026-08-12,S008,CND2169,1,1,0,0,2,0,2,25.58
2026-08-12,S009,CND2169,2,4,4,2,0,0,2,25.58
2026-08-12,S010,CND2169,1,3,4,3,2,0,0,0.0
2026-08-12,S001,CND2170,1,3,3,1,1,0,1,33.92
2026-08-12,S002,CND2170,0,1,1,1,0,0,0,0.0
2026-08-12,S003,CND2170,0,1,0,3,2,0,1,33.92
2026-08-12,S004,CND2170,0,3,2,0,3,0,1,33.92
2026-08-12,S005,CND2170,1,0,0,1,1,0,1,33.92
2026-08-12,S006,CND2170,3,12,10,0,0,1,5,169.6
2026-08-12,S007,CND2170,0,1,1,3,2,0,0,0.0
2026-08-12,S008,CND2170,0,0,0,0,1,0,0,0.0
2026-08-12,S009,CND2170,0,0,0,0,1,0,0,0.0
2026-08-12,S010,CND2170,1,0,0,2,3,0,1,33.92
2026-08-12,S001,FRM2171,1,0,0,3,2,0,1,32.89
2026-08-12,S002,FRM2171,0,2,0,2,3,0,2,65.78
2026-08-12,S003,FRM2171,1,3,2,2,3,0,2,65.78
2026-08-12,S004,FRM2171,0,2,1,0,3,0,1,32.89
2026-08-12,S005,FRM2171,0,1,1,3,1,0,0,0.0
2026-08-12,S006,FRM2171,1,0,0,0,1,0,1,32.89
2026-08-12,S007,FRM2171,1,2,2,2,1,0,1,32.89
2026-08-12,S008,FRM2171,0,4,3,0,2,0,1,32.89
2026-08-12,S009,FRM2171,0,0,0,3,3,0,0,0.0
2026-08-12,S010,FRM2171,0,2,0,3,3,0,2,65.78
2026-08-12,S001,FRM2172,0,4,3,2,0,0,1,38.16
2026-08-12,S002,FRM2172,2,11,8,2,1,0,5,190.8
2026-08-12,S003,FRM2172,1,1,2,2,3,0,0,0.0
2026-08-12,S004,FRM2172,0,0,0,3,2,0,0,0.0
2026-08-12,S005,FRM2172,2,7,6,0,3,1,3,114.48
2026-08-12,S006,FRM2172,0,13,9,3,2,0,4,152.64
2026-08-12,S007,FRM2172,1,3,3,0,2,0,1,38.16
2026-08-12,S008,FRM2172,1,7,6,0,3,1,2,76.32
2026-08-12,S009,FRM2172,1,3,3,0,3,0,1,38.16
2026-08-12,S010,FRM2172,1,3,3,2,2,0,1,38.16
2026-08-12,S001,FRM2173,1,15,11,2,3,0,5,117.7
2026-08-12,S002,FRM2173,0,0,0,0,0,0,0,0.0
2026-08-12,S003,FRM2173,1,0,0,2,2,0,1,23.54
2026-08-12,S004,FRM2173,1,0,0,0,2,0,1,23.54
2026-08-12,S005,FRM2173,0,1,0,0,0,0,1,23.54
2026-08-12,S006,FRM2173,0,5,3,0,0,0,2,47.08
2026-08-12,S007,FRM2173,0,9,6,1,1,0,3,70.62
2026-08-12,S008,FRM2173,0,1,0,0,3,0,1,23.54
2026-08-12,S009,FRM2173,0,1,0,2,2,0,1,23.54
2026-08-12,S010,FRM2173,0,1,1,2,2,0,0,0.0
2026-08-12,S001,FRM2174,0,0,0,3,3,0,0,0.0
2026-08-12,S002,FRM2174,0,4,3,0,1,0,1,19.6
2026-08-12,S003,FRM2174,0,0,0,2,2,0,0,0.0
2026-08-12,S004,FRM2174,0,0,0,2,3,0,0,0.0
2026-08-12,S005,FRM2174,0,0,0,0,1,0,0,0.0
2026-08-12,S006,FRM2174,0,1,0,0,3,0,1,19.6
2026-08-12,S007,FRM2174,0,0,0,3,0,0,0,0.0
2026-08-12,S008,FRM2174,1,0,1,0,2,0,0,0.0
2026-08-12,S009,FRM2174,0,3,3,3,2,0,0,0.0
2026-08-12,S010,FRM2174,0,1,0,1,1,0,1,19.6
2026-08-12,S001,FRM2175,0,0,0,3,3,0,0,0.0
2026-08-12,S002,FRM2175,0,0,0,3,1,0,0,0.0
2026-08-12,S003,FRM2175,0,1,0,3,3,0,1,37.18
2026-08-12,S004,FRM2175,0,6,4,2,3,0,2,74.36
2026-08-12,S005,FRM2175,1,0,0,0,1,0,1,37.18
2026-08-12,S006,FRM2175,0,1,1,2,2,0,0,0.0
2026-08-12,S007,FRM2175,0,1,1,1,0,0,0,0.0
2026-08-12,S008,FRM2175,0,0,0,0,2,0,0,0.0
2026-08-12,S009,FRM2175,2,4,4,2,0,0,2,74.36
2026-08-12,S010,FRM2175,1,0,0,3,1,0,1,37.18
2026-08-12,S001,FRM2176,1,4,3,1,3,0,2,54.86
2026-08-12,S002,FRM2176,3,10,8,3,3,0,5,137.15
2026-08-12,S003,FRM2176,1,3,2,3,1,0,2,54.86
2026-08-12,S004,FRM2176,1,2,3,3,0,0,0,0.0
2026-08-12,S005,FRM2176,2,3,3,2,0,0,2,54.86
2026-08-12,S006,FRM2176,0,1,1,0,1,0,0,0.0
2026-08-12,S007,FRM2176,1,7,6,1,0,0,2,54.86
2026-08-12,S008,FRM2176,3,10,8,3,2,0,5,137.15
2026-08-12,S009,FRM2176,1,2,2,3,3,0,1,27.43
2026-08-12,S010,FRM2176,0,4,2,3,3,0,2,54.86
2026-08-12,S001,FRM2177,0,1,0,1,0,0,1,37.95
2026-08-12,S002,FRM2177,0,2,2,2,0,0,0,0.0
2026-08-12,S003,FRM2177,0,0,0,0,2,0,0,0.0
2026-08-12,S004,FRM2177,0,0,0,0,2,0,0,0.0
2026-08-12,S005,FRM2177,0,1,0,2,0,0,1,37.95
2026-08-12,S006,FRM2177,0,2,1,2,1,0,1,37.95
2026-08-12,S007,FRM2177,2,4,4,1,2,0,2,75.9
2026-08-12,S008,FRM2177,1,2,2,3,2,0,1,37.95
2026-08-12,S009,FRM2177,0,0,0,0,3,0,0,0.0
2026-08-12,S010,FRM2177,0,4,2,0,2,0,2,75.9
2026-08-12,S001,FRM2178,1,2,1,3,3,0,2,13.7
2026-08-12,S002,FRM2178,0,4,3,1,3,0,1,6.85
2026-08-12,S003,FRM2178,0,0,0,2,0,0,0,0.0
2026-08-12,S004,FRM2178,0,1,1,0,0,0,0,0.0
2026-08-12,S005,FRM2178,0,1,1,1,0,0,0,0.0
2026-08-12,S006,FRM2178,0,1,0,0,3,0,1,6.85
2026-08-12,S007,FRM2178,2,2,2,1,1,0,2,13.7
2026-08-12,S008,FRM2178,0,1,0,1,1,0,1,6.85
2026-08-12,S009,FRM2178,0,1,0,3,1,0,1,6.85
2026-08-12,S010,FRM2178,0,2,1,3,3,0,1,6.85
2026-08-12,S001,FRM2179,0,0,0,3,1,0,0,0.0
2026-08-12,S002,FRM2179,1,2,2,0,2,0,1,43.86
2026-08-12,S003,FRM2179,0,1,0,1,1,0,1,43.86
2026-08-12,S004,FRM2179,1,1,0,3,2,0,2,87.72
2026-08-12,S005,FRM2179,0,1,0,3,2,0,1,43.86
2026-08-12,S006,FRM2179,2,4,4,0,3,0,2,87.72
2026-08-12,S007,FRM2179,0,2,1,1,3,0,1,43.86
2026-08-12,S008,FRM2179,0,0,0,2,1,0,0,0.0
2026-08-12,S009,FRM2179,0,3,2,0,0,0,1,43.86
2026-08-12,S010,FRM2179,1,2,2,1,3,0,1,43.86
2026-08-12,S001,FRM2180,0,5,3,3,3,0,2,42.92
2026-08-12,S002,FRM2180,0,1,1,1,1,0,0,0.0
2026-08-12,S003,FRM2180,0,1,0,3,1,0,1,21.46
2026-08-12,S004,FRM2180,0,1,1,0,3,0,0,0.0
2026-08-12,S005,FRM2180,0,0,0,2,0,0,0,0.0
2026-08-12,S006,FRM2180,0,0,0,0,1,0,0,0.0
2026-08-12,S007,FRM2180,0,1,0,0,2,0,1,21.46
2026-08-12,S008,FRM2180,1,6,5,1,0,0,2,42.92
2026-08-12,S009,FRM2180,1,2,3,2,2,0,0,0.0
2026-08-12,S010,FRM2180,1,3,3,1,1,0,1,21.46
2026-08-12,S001,FRM2181,0,4,3,2,3,0,1,26.64
2026-08-12,S002,FRM2181,1,0,0,3,3,0,1,26.64
2026-08-12,S003,FRM2181,0,0,0,3,3,0,0,0.0
2026-08-12,S004,FRM2181,0,2,0,0,1,0,2,53.28
2026-08-12,S005,FRM2181,0,7,5,1,2,0,2,53.28
2026-08-12,S006,FRM2181,0,5,2,0,0,0,3,79.92
2026-08-12,S007,FRM2181,0,0,0,3,0,0,0,0.0
2026-08-12,S008,FRM2181,0,1,0,1,0,0,1,26.64
2026-08-12,S009,FRM2181,0,2,2,3,2,0,0,0.0
2026-08-12,S010,FRM2181,0,1,0,2,0,0,1,26.64
2026-08-12,S001,FRM2182,0,0,0,2,1,0,0,0.0
2026-08-12,S002,FRM2182,1,3,3,1,3,0,1,34.85
2026-08-12,S003,FRM2182,1,0,0,0,1,0,1,34.85
2026-08-12,S004,FRM2182,0,0,0,1,1,0,0,0.0
2026-08-12,S005,FRM2182,1,2,2,3,2,0,1,34.85
2026-08-12,S006,FRM2182,0,2,2,2,2,0,0,0.0
2026-08-12,S007,FRM2182,1,2,2,2,0,0,1,34.85
2026-08-12,S008,FRM2182,0,0,0,2,3,0,0,0.0
2026-08-12,S009,FRM2182,0,0,0,1,0,0,0,0.0
2026-08-12,S010,FRM2182,1,0,0,3,3,0,1,34.85
2026-08-12,S001,FRM2183,0,1,0,1,0,0,1,36.64
2026-08-12,S002,FRM2183,0,6,3,1,3,0,3,109.92
2026-08-12,S003,FRM2183,1,10,8,0,2,0,3,109.92
2026-08-12,S004,FRM2183,0,3,2,3,3,0,1,36.64
2026-08-12,S005,FRM2183,0,10,7,1,1,0,3,109.92
2026-08-12,S006,FRM2183,2,0,0,2,0,0,2,73.28
2026-08-12,S007,FRM2183,1,2,2,2,0,0,1,36.64
2026-08-12,S008,FRM2183,2,3,3,0,3,0,2,73.28
2026-08-12,S009,FRM2183,0,1,1,3,0,0,0,0.0
2026-08-12,S010,FRM2183,0,1,1,2,3,0,0,0.0
2026-08-12,S001,FRM2184,0,2,1,0,3,0,1,23.25
2026-08-12,S002,FRM2184,1,8,6,1,3,0,3,69.75
2026-08-12,S003,FRM2184,0,1,1,2,1,0,0,0.0
2026-08-12,S004,FRM2184,0,2,2,0,1,0,0,0.0
2026-08-12,S005,FRM2184,1,2,2,3,3,0,1,23.25
2026-08-12,S006,FRM2184,2,13,10,2,1,0,5,116.25
2026-08-12,S007,FRM2184,0,2,0,2,1,0,2,46.5
2026-08-12,S008,FRM2184,1,9,6,2,1,0,4,93.0
2026-08-12,S009,FRM2184,2,6,6,2,1,0,2,46.5
2026-08-12,S010,FRM2184,2,6,5,3,3,0,3,69.75
2026-08-12,S001,FRM2185,1,1,1,0,2,0,1,28.97
2026-08-12,S002,FRM2185,1,3,3,3,3,0,1,28.97
2026-08-12,S003,FRM2185,1,3,2,1,2,0,2,57.94
2026-08-12,S004,FRM2185,1,3,3,2,3,0,1,28.97
2026-08-12,S005,FRM2185,0,1,0,1,0,0,1,28.97
2026-08-12,S006,FRM2185,1,1,1,3,1,0,1,28.97
2026-08-12,S007,FRM2185,0,0,0,2,2,0,0,0.0
2026-08-12,S008,FRM2185,1,0,1,0,1,0,0,0.0
2026-08-12,S009,FRM2185,0,0,0,3,3,0,0,0.0
2026-08-12,S010,FRM2185,0,0,0,2,2,0,0,0.0
2026-08-12,S001,FRM2186,1,4,3,0,2,0,2,45.84
2026-08-12,S002,FRM2186,0,0,0,2,2,0,0,0.0
2026-08-12,S003,FRM2186,1,0,0,2,2,0,1,22.92
2026-08-12,S004,FRM2186,0,1,0,3,2,0,1,22.92
2026-08-12,S005,FRM2186,1,0,0,1,3,0,1,22.92
2026-08-12,S006,FRM2186,0,1,0,3,2,0,1,22.92
2026-08-12,S007,FRM2186,0,0,0,2,0,0,0,0.0
2026-08-12,S008,FRM2186,1,3,3,1,1,0,1,22.92
2026-08-12,S009,FRM2186,0,1,0,1,3,0,1,22.92
2026-08-12,S010,FRM2186,0,5,3,1,2,0,2,45.84
2026-08-12,S001,FRM2187,1,3,3,1,2,0,1,10.68
2026-08-12,S002,FRM2187,0,1,0,1,2,0,1,10.68
2026-08-12,S003,FRM2187,1,0,0,0,2,0,1,10.68
2026-08-12,S004,FRM2187,0,1,0,3,1,0,1,10.68
2026-08-12,S005,FRM2187,0,2,1,2,2,0,1,10.68
2026-08-12,S006,FRM2187,2,1,1,3,2,0,2,21.36
2026-08-12,S007,FRM2187,2,7,6,3,2,0,3,32.04
2026-08-12,S008,FRM2187,0,2,0,2,0,0,2,21.36
2026-08-12,S009,FRM2187,0,1,0,3,0,1,1,10.68
2026-08-12,S010,FRM2187,1,1,1,2,3,0,1,10.68
2026-08-12,S001,FRM2188,0,0,0,0,2,0,0,0.0
2026-08-12,S002,FRM2188,2,6,5,2,0,0,3,91.8
2026-08-12,S003,FRM2188,1,0,1,1,1,0,0,0.0
2026-08-12,S004,FRM2188,0,3,3,0,0,0,0,0.0
2026-08-12,S005,FRM2188,1,1,2,3,0,0,0,0.0
2026-08-12,S006,FRM2188,1,1,1,2,1,0,1,30.6
2026-08-12,S007,FRM2188,0,4,2,1,1,0,2,61.2
2026-08-12,S008,FRM2188,2,7,6,0,0,0,3,91.8
2026-08-12,S009,FRM2188,0,0,0,2,1,0,0,0.0
2026-08-12,S010,FRM2188,1,0,0,1,2,0,1,30.6
2026-08-12,S001,FRM2189,0,1,0,0,2,0,1,20.22
2026-08-12,S002,FRM2189,0,3,2,0,2,0,1,20.22
2026-08-12,S003,FRM2189,0,0,0,3,3,0,0,0.0
2026-08-12,S004,FRM2189,2,3,3,3,2,0,2,40.44
2026-08-12,S005,FRM2189,0,0,0,0,0,0,0,0.0
2026-08-12,S006,FRM2189,0,3,2,2,0,0,1,20.22
2026-08-12,S007,FRM2189,0,1,0,0,3,0,1,20.22
2026-08-12,S008,FRM2189,0,9,6,3,1,0,3,60.66
2026-08-12,S009,FRM2189,0,0,0,2,2,0,0,0.0
2026-08-12,S010,FRM2189,0,0,0,0,2,0,0,0.0
2026-08-12,S001,FRM2190,0,0,0,3,3,0,0,0.0
2026-08-12,S002,FRM2190,2,2,2,1,0,0,2,30.62
2026-08-12,S003,FRM2190,2,4,4,2,1,0,2,30.62
2026-08-12,S004,FRM2190,0,0,0,3,2,0,0,0.0
2026-08-12,S005,FRM2190,0,2,1,0,0,0,1,15.31
2026-08-12,S006,FRM2190,1,3,3,1,3,0,1,15.31
2026-08-12,S007,FRM2190,1,0,0,2,1,0,1,15.31
2026-08-12,S008,FRM2190,1,2,2,3,2,0,1,15.31
2026-08-12,S009,FRM2190,0,1,1,0,0,0,0,0.0
2026-08-12,S010,FRM2190,0,4,3,2,0,0,1,15.31
2026-08-12,S001,FRM2191,0,1,0,2,1,0,1,45.01
2026-08-12,S002,FRM2191,1,1,2,2,1,0,0,0.0
2026-08-12,S003,FRM2191,0,0,0,0,1,0,0,0.0
2026-08-12,S004,FRM2191,0,0,0,3,3,0,0,0.0
2026-08-12,S005,FRM2191,2,1,1,2,3,0,2,90.02
2026-08-12,S006,FRM2191,0,3,0,1,0,0,3,135.03
2026-08-12,S007,FRM2191,0,0,0,2,1,0,0,0.0
2026-08-12,S008,FRM2191,0,0,0,2,0,0,0,0.0
2026-08-12,S009,FRM2191,0,1,0,0,1,0,1,45.01
2026-08-12,S010,FRM2191,0,3,2,3,3,0,1,45.01
2026-08-12,S001,FRM2192,0,0,0,1,3,0,0,0.0
2026-08-12,S002,FRM2192,2,4,4,0,3,0,2,22.22
2026-08-12,S003,FRM2192,0,1,0,3,1,0,1,11.11
2026-08-12,S004,FRM2192,1,0,0,0,2,0,1,11.11
2026-08-12,S005,FRM2192,0,0,0,3,2,0,0,0.0
2026-08-12,S006,FRM2192,4,12,10,3,1,0,6,66.66
2026-08-12,S007,FRM2192,0,2,2,1,0,0,0,0.0
2026-08-12,S008,FRM2192,2,5,4,3,2,0,3,33.33
2026-08-12,S009,FRM2192,0,1,0,1,2,0,1,11.11
2026-08-12,S010,FRM2192,0,0,0,3,0,0,0,0.0
2026-08-12,S001,FRM2193,1,3,3,2,1,0,1,33.27
2026-08-12,S002,FRM2193,1,3,3,1,1,0,1,33.27
2026-08-12,S003,FRM2193,0,0,0,1,2,0,0,0.0
2026-08-12,S004,FRM2193,0,2,1,1,1,0,1,33.27
2026-08-12,S005,FRM2193,0,0,0,0,0,0,0,0.0
2026-08-12,S006,FRM2193,0,0,0,0,1,0,0,0.0
2026-08-12,S007,FRM2193,0,1,1,2,3,0,0,0.0
2026-08-12,S008,FRM2193,1,0,0,0,1,0,1,33.27
2026-08-12,S009,FRM2193,0,0,0,3,3,0,0,0.0
2026-08-12,S010,FRM2193,0,1,1,3,1,0,0,0.0
2026-08-12,S001,FRM2194,1,7,5,1,3,0,3,96.93
2026-08-12,S002,FRM2194,0,1,1,1,1,0,0,0.0
2026-08-12,S003,FRM2194,0,1,0,2,0,0,1,32.31
2026-08-12,S004,FRM2194,0,0,0,2,2,0,0,0.0
2026-08-12,S005,FRM2194,0,0,0,0,1,0,0,0.0
2026-08-12,S006,FRM2194,0,3,2,1,1,0,1,32.31
2026-08-12,S007,FRM2194,1,0,0,1,2,0,1,32.31
2026-08-12,S008,FRM2194,2,3,3,0,3,0,2,64.62
2026-08-12,S009,FRM2194,1,0,1,0,0,0,0,0.0
2026-08-12,S010,FRM2194,0,0,0,0,1,0,0,0.0
2026-08-12,S001,FRM2195,1,6,5,2,0,0,2,70.18
2026-08-12,S002,FRM2195,1,0,0,2,1,0,1,35.09
2026-08-12,S003,FRM2195,2,2,2,1,1,0,2,70.18
2026-08-12,S004,FRM2195,0,2,1,2,3,0,1,35.09
2026-08-12,S005,FRM2195,0,2,2,0,1,0,0,0.0
2026-08-12,S006,FRM2195,2,4,3,3,1,0,3,105.27
2026-08-12,S007,FRM2195,0,1,0,0,0,1,1,35.09
2026-08-12,S008,FRM2195,1,0,0,2,3,0,1,35.09
2026-08-12,S009,FRM2195,0,0,0,0,0,0,0,0.0
2026-08-12,S010,FRM2195,0,0,0,2,0,0,0,0.0
2026-08-12,S001,FRM2196,1,2,2,3,3,0,1,17.07
2026-08-12,S002,FRM2196,0,0,0,1,0,0,0,0.0
2026-08-12,S003,FRM2196,1,1,1,0,2,0,1,17.07
2026-08-12,S004,FRM2196,1,0,0,0,2,0,1,17.07
2026-08-12,S005,FRM2196,0,0,0,3,3,0,0,0.0
2026-08-12,S006,FRM2196,1,4,3,2,2,0,2,34.14
2026-08-12,S007,FRM2196,1,0,0,0,1,0,1,17.07
2026-08-12,S008,FRM2196,1,0,0,3,1,0,1,17.07
2026-08-12,S009,FRM2196,0,0,0,2,3,0,0,0.0
2026-08-12,S010,FRM2196,0,3,2,2,1,0,1,17.07
2026-08-12,S001,FRM2197,0,0,0,0,1,0,0,0.0
2026-08-12,S002,FRM2197,1,4,4,2,3,0,1,17.37
2026-08-12,S003,FRM2197,0,0,0,0,1,0,0,0.0
2026-08-12,S004,FRM2197,1,2,2,3,3,0,1,17.37
2026-08-12,S005,FRM2197,0,0,0,2,3,0,0,0.0
2026-08-12,S006,FRM2197,0,1,0,2,0,0,1,17.37
2026-08-12,S007,FRM2197,1,7,5,1,0,0,3,52.11
2026-08-12,S008,FRM2197,0,6,3,1,1,0,3,52.11
2026-08-12,S009,FRM2197,0,0,0,3,1,0,0,0.0
2026-08-12,S010,FRM2197,0,0,0,2,0,0,0,0.0
2026-08-12,S001,FRM2198,0,0,0,0,3,0,0,0.0
2026-08-12,S002,FRM2198,0,0,0,0,0,0,0,0.0
2026-08-12,S003,FRM2198,0,1,0,3,1,0,1,44.01
2026-08-12,S004,FRM2198,0,1,0,3,0,0,1,44.01
2026-08-12,S005,FRM2198,0,0,0,0,3,0,0,0.0
2026-08-12,S006,FRM2198,0,1,0,3,0,0,1,44.01
2026-08-12,S007,FRM2198,0,4,3,0,1,0,1,44.01
2026-08-12,S008,FRM2198,1,0,1,3,2,0,0,0.0
2026-08-12,S009,FRM2198,1,1,2,3,2,0,0,0.0
2026-08-12,S010,FRM2198,0,0,0,1,3,0,0,0.0
2026-08-12,S001,FRM2199,0,0,0,0,1,0,0,0.0
2026-08-12,S002,FRM2199,0,5,4,1,3,0,1,32.84
2026-08-12,S003,FRM2199,0,1,1,2,2,0,0,0.0
2026-08-12,S004,FRM2199,0,0,0,3,2,0,0,0.0
2026-08-12,S005,FRM2199,0,2,2,2,0,0,0,0.0
2026-08-12,S006,FRM2199,1,0,0,1,0,0,1,32.84
2026-08-12,S007,FRM2199,0,0,0,0,0,0,0,0.0
2026-08-12,S008,FRM2199,0,0,0,0,3,0,0,0.0
2026-08-12,S009,FRM2199,0,0,0,3,1,0,0,0.0
2026-08-12,S010,FRM2199,0,0,0,3,0,0,0,0.0
2026-08-12,S001,FRM2200,0,1,0,3,3,0,1,35.35
2026-08-12,S002,FRM2200,0,2,2,0,2,0,0,0.0
2026-08-12,S003,FRM2200,1,3,3,2,0,0,1,35.35
2026-08-12,S004,FRM2200,0,0,0,2,3,0,0,0.0
2026-08-12,S005,FRM2200,0,0,0,2,0,0,0,0.0
2026-08-12,S006,FRM2200,0,3,2,2,1,0,1,35.35
2026-08-12,S007,FRM2200,0,0,0,2,0,0,0,0.0
2026-08-12,S008,FRM2200,0,4,2,2,3,0,2,70.7
2026-08-12,S009,FRM2200,0,2,2,2,0,0,0,0.0
2026-08-12,S010,FRM2200,0,0,0,0,1,0,0,0.0
2026-08-12,S001,FRM2201,0,3,3,3,0,0,0,0.0
2026-08-12,S002,FRM2201,0,4,2,1,1,0,2,75.28
2026-08-12,S003,FRM2201,0,2,1,3,0,0,1,37.64
2026-08-12,S004,FRM2201,0,0,0,0,0,0,0,0.0
2026-08-12,S005,FRM2201,1,9,6,2,3,0,4,150.56
2026-08-12,S006,FRM2201,0,6,5,3,0,0,1,37.64
2026-08-12,S007,FRM2201,1,5,4,1,2,0,2,75.28
2026-08-12,S008,FRM2201,1,2,1,2,3,0,2,75.28
2026-08-12,S009,FRM2201,1,1,2,3,3,0,0,0.0
2026-08-12,S010,FRM2201,0,11,8,3,1,0,3,112.92
2026-08-12,S001,FRM2202,1,5,4,3,0,0,2,31.42
2026-08-12,S002,FRM2202,2,7,6,3,3,0,3,47.13
2026-08-12,S003,FRM2202,0,6,4,2,1,0,2,31.42
2026-08-12,S004,FRM2202,0,0,0,2,2,0,0,0.0
2026-08-12,S005,FRM2202,1,1,1,3,2,0,1,15.71
2026-08-12,S006,FRM2202,0,2,1,1,3,0,1,15.71
2026-08-12,S007,FRM2202,0,0,0,1,2,0,0,0.0
2026-08-12,S008,FRM2202,0,1,0,3,1,0,1,15.71
2026-08-12,S009,FRM2202,0,1,0,3,3,0,1,15.71
2026-08-12,S010,FRM2202,1,0,1,2,1,0,0,0.0
2026-08-12,S001,FRM2203,0,0,0,2,3,0,0,0.0
2026-08-12,S002,FRM2203,1,6,5,1,0,0,2,44.82
2026-08-12,S003,FRM2203,0,3,2,0,1,0,1,22.41
2026-08-12,S004,FRM2203,0,0,0,1,2,0,0,0.0
2026-08-12,S005,FRM2203,0,2,1,1,1,0,1,22.41
2026-08-12,S006,FRM2203,1,6,6,3,2,0,1,22.41
2026-08-12,S007,FRM2203,0,2,1,3,0,0,1,22.41
2026-08-12,S008,FRM2203,1,5,4,0,0,0,2,44.82
2026-08-12,S009,FRM2203,0,0,0,0,3,0,0,0.0
2026-08-12,S010,FRM2203,1,0,1,0,1,0,0,0.0
2026-08-12,S001,FRM2204,0,1,0,2,3,0,1,16.59
2026-08-12,S002,FRM2204,1,1,0,1,0,0,2,33.18
2026-08-12,S003,FRM2204,1,0,0,3,3,0,1,16.59
2026-08-12,S004,FRM2204,0,0,0,1,0,0,0,0.0
2026-08-12,S005,FRM2204,2,2,2,1,0,0,2,33.18
2026-08-12,S006,FRM2204,1,2,2,0,3,0,1,16.59
2026-08-12,S007,FRM2204,0,1,0,0,0,0,1,16.59
2026-08-12,S008,FRM2204,0,0,0,1,1,0,0,0.0
2026-08-12,S009,FRM2204,0,2,1,1,0,0,1,16.59
2026-08-12,S010,FRM2204,2,0,0,1,1,0,2,33.18
2026-08-12,S001,FRM2205,1,0,0,3,0,0,1,25.5
2026-08-12,S002,FRM2205,0,0,0,3,3,0,0,0.0
2026-08-12,S003,FRM2205,0,2,0,0,3,0,2,51.0
2026-08-12,S004,FRM2205,0,3,2,0,2,0,1,25.5
2026-08-12,S005,FRM2205,0,0,0,1,0,0,0,0.0
2026-08-12,S006,FRM2205,1,0,0,1,0,0,1,25.5
2026-08-12,S007,FRM2205,0,0,0,2,3,0,0,0.0
2026-08-12,S008,FRM2205,1,1,1,3,2,0,1,25.5
2026-08-12,S009,FRM2205,0,0,0,0,0,0,0,0.0
2026-08-12,S010,FRM2205,0,0,0,3,2,0,0,0.0
2026-08-12,S001,FRM2206,1,0,1,1,1,0,0,0.0
2026-08-12,S002,FRM2206,0,1,0,1,1,0,1,15.39
2026-08-12,S003,FRM2206,2,6,5,1,3,0,3,46.17
2026-08-12,S004,FRM2206,0,1,0,1,2,0,1,15.39
2026-08-12,S005,FRM2206,0,0,0,0,1,0,0,0.0
2026-08-12,S006,FRM2206,2,0,0,3,0,0,2,30.78
2026-08-12,S007,FRM2206,0,0,0,0,0,0,0,0.0
2026-08-12,S008,FRM2206,1,12,8,2,2,0,5,76.95
2026-08-12,S009,FRM2206,0,1,0,1,2,0,1,15.39
2026-08-12,S010,FRM2206,0,0,0,3,2,0,0,0.0
2026-08-12,S001,FRM2207,2,4,4,3,0,0,2,71.56
2026-08-12,S002,FRM2207,0,3,2,3,2,0,1,35.78
2026-08-12,S003,FRM2207,0,1,0,0,2,0,1,35.78
2026-08-12,S004,FRM2207,1,0,1,0,1,0,0,0.0
2026-08-12,S005,FRM2207,1,0,0,3,2,0,1,35.78
2026-08-12,S006,FRM2207,0,2,1,2,3,0,1,35.78
2026-08-12,S007,FRM2207,1,0,0,3,2,0,1,35.78
2026-08-12,S008,FRM2207,0,0,0,2,1,0,0,0.0
2026-08-12,S009,FRM2207,0,1,0,2,1,0,1,35.78
2026-08-12,S010,FRM2207,1,1,1,1,3,0,1,35.78
2026-08-12,S001,FRM2208,0,0,0,1,2,0,0,0.0
2026-08-12,S002,FRM2208,0,3,2,3,3,0,1,23.75
2026-08-12,S003,FRM2208,1,2,2,1,3,0,1,23.75
2026-08-12,S004,FRM2208,0,0,0,3,0,0,0,0.0
2026-08-12,S005,FRM2208,1,1,1,2,2,0,1,23.75
2026-08-12,S006,FRM2208,1,0,0,2,1,0,1,23.75
2026-08-12,S007,FRM2208,0,1,0,0,0,0,1,23.75
2026-08-12,S008,FRM2208,0,3,2,1,3,0,1,23.75
2026-08-12,S009,FRM2208,1,3,3,2,3,0,1,23.75
2026-08-12,S010,FRM2208,1,3,3,3,0,0,1,23.75
2026-08-12,S001,FRM2209,0,0,0,2,0,0,0,0.0
2026-08-12,S002,FRM2209,1,0,0,3,1,0,1,8.73
2026-08-12,S003,FRM2209,1,5,4,3,3,0,2,17.46
2026-08-12,S004,FRM2209,1,0,1,3,3,0,0,0.0
2026-08-12,S005,FRM2209,0,0,0,0,1,0,0,0.0
2026-08-12,S006,FRM2209,1,0,0,0,2,0,1,8.73
2026-08-12,S007,FRM2209,1,2,2,0,3,1,1,8.73
2026-08-12,S008,FRM2209,2,1,1,2,3,0,2,17.46
2026-08-12,S009,FRM2209,1,0,0,2,3,0,1,8.73
2026-08-12,S010,FRM2209,1,0,1,2,2,0,0,0.0
2026-08-12,S001,FRM2210,0,1,1,3,2,0,0,0.0
2026-08-12,S002,FRM2210,1,0,0,1,3,0,1,26.54
2026-08-12,S003,FRM2210,1,4,2,2,1,0,3,79.62
2026-08-12,S004,FRM2210,0,0,0,2,1,1,0,0.0
2026-08-12,S005,FRM2210,0,2,2,0,1,0,0,0.0
2026-08-12,S006,FRM2210,0,1,1,1,0,0,0,0.0
2026-08-12,S007,FRM2210,0,1,0,1,3,0,1,26.54
2026-08-12,S008,FRM2210,2,1,1,1,2,0,2,53.08
2026-08-12,S009,FRM2210,0,0,0,1,3,0,0,0.0
2026-08-12,S010,FRM2210,0,0,0,0,1,0,0,0.0
2026-08-12,S001,FRM2211,0,2,1,1,1,0,1,37.28
2026-08-12,S002,FRM2211,1,5,4,2,0,0,2,74.56
2026-08-12,S003,FRM2211,0,2,0,3,3,0,2,74.56
2026-08-12,S004,FRM2211,0,0,0,3,0,0,0,0.0
2026-08-12,S005,FRM2211,0,1,0,3,1,0,1,37.28
2026-08-12,S006,FRM2211,2,3,3,2,3,0,2,74.56
2026-08-12,S007,FRM2211,1,1,1,1,0,0,1,37.28
2026-08-12,S008,FRM2211,0,1,0,2,3,0,1,37.28
2026-08-12,S009,FRM2211,0,2,1,1,1,0,1,37.28
2026-08-12,S010,FRM2211,0,0,0,1,0,0,0,0.0
2026-08-12,S001,FRM2212,0,1,1,2,0,0,0,0.0
2026-08-12,S002,FRM2212,0,3,2,2,3,0,1,28.61
2026-08-12,S003,FRM2212,0,2,0,1,1,0,2,57.22
2026-08-12,S004,FRM2212,0,1,0,2,1,0,1,28.61
2026-08-12,S005,FRM2212,1,4,5,2,3,0,0,0.0
2026-08-12,S006,FRM2212,3,8,7,1,0,0,4,114.44
2026-08-12,S007,FRM2212,1,1,1,2,3,0,1,28.61
2026-08-12,S008,FRM2212,1,6,4,1,1,0,3,85.83
2026-08-12,S009,FRM2212,0,1,0,1,2,0,1,28.61
2026-08-12,S010,FRM2212,0,6,4,2,3,0,2,57.22
2026-08-12,S001,FRM2213,0,1,1,3,0,0,0,0.0
2026-08-12,S002,FRM2213,1,0,0,2,2,0,1,23.1
2026-08-12,S003,FRM2213,0,0,0,2,1,0,0,0.0
2026-08-12,S004,FRM2213,1,1,1,1,0,0,1,23.1
2026-08-12,S005,FRM2213,2,3,3,1,3,0,2,46.2
2026-08-12,S006,FRM2213,2,6,6,0,2,0,2,46.2
2026-08-12,S007,FRM2213,1,5,4,3,2,0,2,46.2
2026-08-12,S008,FRM2213,2,3,3,0,3,0,2,46.2
2026-08-12,S009,FRM2213,0,2,1,2,1,0,1,23.1
2026-08-12,S010,FRM2213,1,0,0,2,0,0,1,23.1
2026-08-12,S001,FRM2214,0,1,1,2,3,0,0,0.0
2026-08-12,S002,FRM2214,0,2,2,3,0,0,0,0.0
2026-08-12,S003,FRM2214,1,0,0,2,2,0,1,27.02
2026-08-12,S004,FRM2214,0,4,3,3,2,0,1,27.02
2026-08-12,S005,FRM2214,1,4,2,1,3,0,3,81.06
2026-08-12,S006,FRM2214,0,4,3,2,2,0,1,27.02
2026-08-12,S007,FRM2214,0,7,5,3,0,0,2,54.04
2026-08-12,S008,FRM2214,0,0,0,3,2,0,0,0.0
2026-08-12,S009,FRM2214,0,1,1,1,3,0,0,0.0
2026-08-12,S010,FRM2214,1,0,1,0,2,0,0,0.0
2026-08-12,S001,FRM2215,0,0,0,1,1,0,0,0.0
2026-08-12,S002,FRM2215,1,0,0,1,0,0,1,33.5
2026-08-12,S003,FRM2215,0,0,0,0,2,0,0,0.0
2026-08-12,S004,FRM2215,1,0,0,3,1,0,1,33.5
2026-08-12,S005,FRM2215,0,3,3,3,0,0,0,0.0
2026-08-12,S006,FRM2215,0,1,0,2,0,0,1,33.5
2026-08-12,S007,FRM2215,0,2,1,2,0,0,1,33.5
2026-08-12,S008,FRM2215,0,0,0,0,3,0,0,0.0
2026-08-12,S009,FRM2215,0,6,5,0,3,1,1,33.5
2026-08-12,S010,FRM2215,1,0,0,3,1,0,1,33.5
2026-08-12,S001,GFT2216,0,0,0,1,2,0,0,0.0
2026-08-12,S002,GFT2216,0,1,1,3,1,0,0,0.0
2026-08-12,S003,GFT2216,0,0,0,1,0,0,0,0.0
2026-08-12,S004,GFT2216,1,1,2,3,0,0,0,0.0
2026-08-12,S005,GFT2216,0,0,0,3,2,0,0,0.0
2026-08-12,S006,GFT2216,0,5,3,0,0,0,2,59.1
2026-08-12,S007,GFT2216,1,3,2,1,3,0,2,59.1
2026-08-12,S008,GFT2216,0,0,0,2,2,0,0,0.0
2026-08-12,S009,GFT2216,0,3,3,0,1,0,0,0.0
2026-08-12,S010,GFT2216,0,2,2,0,1,0,0,0.0
2026-08-12,S001,GFT2217,0,3,3,0,2,0,0,0.0
2026-08-12,S002,GFT2217,0,3,3,1,3,0,0,0.0
2026-08-12,S003,GFT2217,0,1,0,1,3,0,1,12.13
2026-08-12,S004,GFT2217,2,4,4,1,2,0,2,24.26
2026-08-12,S005,GFT2217,1,3,3,1,1,1,1,12.13
2026-08-12,S006,GFT2217,1,2,2,0,2,0,1,12.13
2026-08-12,S007,GFT2217,1,8,6,0,3,0,3,36.39
2026-08-12,S008,GFT2217,0,2,1,1,1,0,1,12.13
2026-08-12,S009,GFT2217,1,0,0,3,0,0,1,12.13
2026-08-12,S010,GFT2217,0,0,0,2,2,0,0,0.0
2026-08-12,S001,GFT2218,1,1,2,1,0,0,0,0.0
2026-08-12,S002,GFT2218,0,0,0,1,0,0,0,0.0
2026-08-12,S003,GFT2218,1,5,5,3,1,0,1,24.73
2026-08-12,S004,GFT2218,0,1,0,1,2,0,1,24.73
2026-08-12,S005,GFT2218,2,0,0,3,2,0,2,49.46
2026-08-12,S006,GFT2218,2,0,0,2,2,0,2,49.46
2026-08-12,S007,GFT2218,1,1,2,3,0,0,0,0.0
2026-08-12,S008,GFT2218,0,2,1,0,3,0,1,24.73
2026-08-12,S009,GFT2218,1,0,0,3,0,0,1,24.73
2026-08-12,S010,GFT2218,1,0,0,3,3,0,1,24.73
2026-08-12,S001,GFT2219,0,0,0,3,3,0,0,0.0
2026-08-12,S002,GFT2219,0,1,1,0,2,0,0,0.0
2026-08-12,S003,GFT2219,0,2,1,2,3,0,1,60.82
2026-08-12,S004,GFT2219,0,2,0,0,2,0,2,121.64
2026-08-12,S005,GFT2219,1,4,4,2,2,0,1,60.82
2026-08-12,S006,GFT2219,0,9,6,0,2,0,3,182.46
2026-08-12,S007,GFT2219,1,0,1,2,1,0,0,0.0
2026-08-12,S008,GFT2219,2,4,4,1,1,0,2,121.64
2026-08-12,S009,GFT2219,1,0,0,0,2,0,1,60.82
2026-08-12,S010,GFT2219,0,0,0,1,2,0,0,0.0
2026-08-12,S001,GFT2220,1,1,1,0,0,0,1,16.6
2026-08-12,S002,GFT2220,0,1,0,0,0,0,1,16.6
2026-08-12,S003,GFT2220,1,0,1,0,2,0,0,0.0
2026-08-12,S004,GFT2220,0,0,0,3,3,0,0,0.0
2026-08-12,S005,GFT2220,0,2,2,1,3,0,0,0.0
2026-08-12,S006,GFT2220,1,5,4,3,3,0,2,33.2
2026-08-12,S007,GFT2220,1,1,0,2,2,0,2,33.2
2026-08-12,S008,GFT2220,2,5,4,1,2,0,3,49.8
2026-08-12,S009,GFT2220,0,0,0,1,3,0,0,0.0
2026-08-12,S010,GFT2220,0,0,0,3,0,0,0,0.0
2026-08-12,S001,GFT2221,0,0,0,1,1,0,0,0.0
2026-08-12,S002,GFT2221,0,11,9,0,1,0,2,142.58
2026-08-12,S003,GFT2221,0,1,0,2,1,0,1,71.29
2026-08-12,S004,GFT2221,0,3,3,0,1,0,0,0.0
2026-08-12,S005,GFT2221,2,6,5,1,2,0,3,213.87
2026-08-12,S006,GFT2221,0,1,1,2,3,0,0,0.0
2026-08-12,S007,GFT2221,1,1,1,1,0,0,1,71.29
2026-08-12,S008,GFT2221,2,2,2,0,3,0,2,142.58
2026-08-12,S009,GFT2221,0,5,4,2,1,0,1,71.29
2026-08-12,S010,GFT2221,0,1,0,1,3,0,1,71.29
2026-08-12,S001,GFT2222,0,1,1,2,1,0,0,0.0
2026-08-12,S002,GFT2222,1,6,5,3,3,0,2,87.16
2026-08-12,S003,GFT2222,0,5,3,2,3,0,2,87.16
2026-08-12,S004,GFT2222,0,4,3,3,2,0,1,43.58
2026-08-12,S005,GFT2222,0,3,2,1,2,0,1,43.58
2026-08-12,S006,GFT2222,1,14,11,1,3,0,4,174.32
2026-08-12,S007,GFT2222,0,2,1,1,3,0,1,43.58
2026-08-12,S008,GFT2222,0,10,8,1,1,0,2,87.16
2026-08-12,S009,GFT2222,1,2,3,1,3,0,0,0.0
2026-08-12,S010,GFT2222,1,3,3,1,3,0,1,43.58
2026-08-12,S001,GFT2223,2,1,1,3,0,0,2,50.76
2026-08-12,S002,GFT2223,1,0,1,0,0,0,0,0.0
2026-08-12,S003,GFT2223,1,2,2,3,1,0,1,25.38
2026-08-12,S004,GFT2223,0,2,1,2,1,0,1,25.38
2026-08-12,S005,GFT2223,1,0,0,1,0,0,1,25.38
2026-08-12,S006,GFT2223,2,0,0,1,2,0,2,50.76
2026-08-12,S007,GFT2223,0,3,2,1,2,0,1,25.38
2026-08-12,S008,GFT2223,1,0,1,3,3,0,0,0.0
2026-08-12,S009,GFT2223,1,5,5,2,1,1,1,25.38
2026-08-12,S010,GFT2223,0,4,3,1,0,0,1,25.38
2026-08-12,S001,GFT2224,0,0,0,2,1,0,0,0.0
2026-08-12,S002,GFT2224,0,3,2,0,2,0,1,70.68
2026-08-12,S003,GFT2224,2,10,9,2,0,0,3,212.04
2026-08-12,S004,GFT2224,1,0,0,0,0,0,1,70.68
2026-08-12,S005,GFT2224,1,3,2,3,1,0,2,141.36
2026-08-12,S006,GFT2224,1,3,3,2,0,0,1,70.68
2026-08-12,S007,GFT2224,0,0,0,0,1,0,0,0.0
2026-08-12,S008,GFT2224,2,2,2,2,1,0,2,141.36
2026-08-12,S009,GFT2224,0,0,0,1,3,0,0,0.0
2026-08-12,S010,GFT2224,0,0,0,3,0,0,0,0.0
2026-08-12,S001,GFT2225,2,4,3,0,1,0,3,59.67
2026-08-12,S002,GFT2225,0,2,1,3,0,0,1,19.89
2026-08-12,S003,GFT2225,1,5,5,2,1,0,1,19.89
2026-08-12,S004,GFT2225,0,1,0,2,1,0,1,19.89
2026-08-12,S005,GFT2225,1,0,0,1,3,0,1,19.89
2026-08-12,S006,GFT2225,0,0,0,2,2,0,0,0.0
2026-08-12,S007,GFT2225,0,2,2,2,3,0,0,0.0
2026-08-12,S008,GFT2225,0,0,0,0,1,0,0,0.0
2026-08-12,S009,GFT2225,1,1,1,3,0,0,1,19.89
2026-08-12,S010,GFT2225,0,0,0,0,3,0,0,0.0
2026-08-12,S001,GFT2226,1,2,3,1,2,0,0,0.0
2026-08-12,S002,GFT2226,0,3,3,0,1,0,0,0.0
2026-08-12,S003,GFT2226,0,5,4,0,0,0,1,38.26
2026-08-12,S004,GFT2226,0,4,3,2,0,0,1,38.26
2026-08-12,S005,GFT2226,1,0,0,3,0,0,1,38.26
2026-08-12,S006,GFT2226,2,10,9,2,3,0,3,114.78
2026-08-12,S007,GFT2226,1,6,5,2,3,0,2,76.52
2026-08-12,S008,GFT2226,2,13,12,3,0,0,3,114.78
2026-08-12,S009,GFT2226,0,1,1,1,0,0,0,0.0
2026-08-12,S010,GFT2226,0,1,1,2,3,0,0,0.0
2026-08-12,S001,GFT2227,0,1,0,0,3,0,1,10.67
2026-08-12,S002,GFT2227,1,0,1,3,0,0,0,0.0
2026-08-12,S003,GFT2227,0,1,1,1,0,0,0,0.0
2026-08-12,S004,GFT2227,2,2,2,0,1,0,2,21.34
2026-08-12,S005,GFT2227,0,0,0,3,1,0,0,0.0
2026-08-12,S006,GFT2227,2,6,5,2,2,0,3,32.01
2026-08-12,S007,GFT2227,1,0,0,3,3,0,1,10.67
2026-08-12,S008,GFT2227,1,0,1,3,1,0,0,0.0
2026-08-12,S009,GFT2227,1,7,5,0,1,0,3,32.01
2026-08-12,S010,GFT2227,0,2,1,2,0,0,1,10.67
2026-08-12,S001,GFT2228,0,1,0,0,0,0,1,53.24
2026-08-12,S002,GFT2228,1,3,3,1,1,0,1,53.24
2026-08-12,S003,GFT2228,1,4,4,0,1,0,1,53.24
2026-08-12,S004,GFT2228,0,0,0,3,1,0,0,0.0
2026-08-12,S005,GFT2228,0,6,4,0,0,0,2,106.48
2026-08-12,S006,GFT2228,1,6,5,2,2,0,2,106.48
2026-08-12,S007,GFT2228,0,2,2,0,1,0,0,0.0
2026-08-12,S008,GFT2228,0,0,0,2,1,0,0,0.0
2026-08-12,S009,GFT2228,0,0,0,0,3,0,0,0.0
2026-08-12,S010,GFT2228,1,2,3,0,0,0,0,0.0
2026-08-12,S001,GFT2229,0,1,1,2,2,0,0,0.0
2026-08-12,S002,GFT2229,1,0,0,3,2,0,1,33.39
2026-08-12,S003,GFT2229,0,2,0,0,2,0,2,66.78
2026-08-12,S004,GFT2229,1,6,5,2,1,0,2,66.78
2026-08-12,S005,GFT2229,1,0,1,2,3,0,0,0.0
2026-08-12,S006,GFT2229,1,2,2,1,3,0,1,33.39
2026-08-12,S007,GFT2229,0,0,0,0,2,0,0,0.0
2026-08-12,S008,GFT2229,2,9,8,0,3,0,3,100.17
2026-08-12,S009,GFT2229,2,5,5,2,1,0,2,66.78
2026-08-12,S010,GFT2229,1,2,2,1,1,0,1,33.39
2026-08-12,S001,GFT2230,0,2,2,2,3,0,0,0.0
2026-08-12,S002,GFT2230,0,9,7,0,1,0,2,33.92
2026-08-12,S003,GFT2230,2,3,3,0,2,0,2,33.92
2026-08-12,S004,GFT2230,1,2,2,1,2,0,1,16.96
2026-08-12,S005,GFT2230,1,1,1,2,1,0,1,16.96
2026-08-12,S006,GFT2230,1,6,5,0,3,0,2,33.92
2026-08-12,S007,GFT2230,1,2,2,1,3,0,1,16.96
2026-08-12,S008,GFT2230,0,7,5,0,0,0,2,33.92
2026-08-12,S009,GFT2230,1,3,3,1,3,1,1,16.96
2026-08-12,S010,GFT2230,0,0,0,1,2,0,0,0.0
2026-08-12,S001,GFT2231,0,1,1,3,1,0,0,0.0
2026-08-12,S002,GFT2231,1,0,0,0,3,0,1,14.87
2026-08-12,S003,GFT2231,0,0,0,0,3,0,0,0.0
2026-08-12,S004,GFT2231,0,1,0,0,2,0,1,14.87
2026-08-12,S005,GFT2231,1,2,2,2,1,0,1,14.87
2026-08-12,S006,GFT2231,2,1,1,3,0,0,2,29.74
2026-08-12,S007,GFT2231,0,0,0,1,2,0,0,0.0
2026-08-12,S008,GFT2231,0,8,5,2,1,0,3,44.61
2026-08-12,S009,GFT2231,1,0,1,2,1,0,0,0.0
2026-08-12,S010,GFT2231,1,0,1,1,3,0,0,0.0
2026-08-12,S001,GFT2232,1,6,4,1,1,0,3,211.95
2026-08-12,S002,GFT2232,0,1,1,2,2,0,0,0.0
2026-08-12,S003,GFT2232,1,3,2,2,2,0,2,141.3
2026-08-12,S004,GFT2232,0,4,3,1,3,0,1,70.65
2026-08-12,S005,GFT2232,1,2,3,3,3,0,0,0.0
2026-08-12,S006,GFT2232,0,3,2,2,3,0,1,70.65
2026-08-12,S007,GFT2232,2,8,7,1,2,0,3,211.95
2026-08-12,S008,GFT2232,1,2,2,1,3,0,1,70.65
2026-08-12,S009,GFT2232,1,0,1,1,2,0,0,0.0
2026-08-12,S010,GFT2232,0,2,2,2,1,0,0,0.0
2026-08-12,S001,GFT2233,0,1,1,3,3,0,0,0.0
2026-08-12,S002,GFT2233,1,0,1,2,2,0,0,0.0
2026-08-12,S003,GFT2233,0,0,0,0,0,0,0,0.0
2026-08-12,S004,GFT2233,0,0,0,1,3,0,0,0.0
2026-08-12,S005,GFT2233,0,1,0,3,0,0,1,8.6
2026-08-12,S006,GFT2233,1,3,3,3,2,0,1,8.6
2026-08-12,S007,GFT2233,1,4,4,2,0,0,1,8.6
2026-08-12,S008,GFT2233,1,0,1,0,0,0,0,0.0
2026-08-12,S009,GFT2233,0,2,0,2,2,0,2,17.2
2026-08-12,S010,GFT2233,0,0,0,2,2,0,0,0.0
2026-08-12,S001,GFT2234,0,3,3,2,0,0,0,0.0
2026-08-12,S002,GFT2234,0,3,2,0,0,0,1,71.61
2026-08-12,S003,GFT2234,1,0,1,3,0,0,0,0.0
2026-08-12,S004,GFT2234,0,0,0,1,0,0,0,0.0
2026-08-12,S005,GFT2234,0,2,1,0,2,0,1,71.61
2026-08-12,S006,GFT2234,1,2,3,2,3,0,0,0.0
2026-08-12,S007,GFT2234,0,9,7,0,2,0,2,143.22
2026-08-12,S008,GFT2234,0,3,2,0,3,0,1,71.61
2026-08-12,S009,GFT2234,0,0,0,1,3,0,0,0.0
2026-08-12,S010,GFT2234,1,0,1,1,2,1,0,0.0
2026-08-12,S001,GFT2235,1,0,0,0,3,0,1,17.19
2026-08-12,S002,GFT2235,0,1,1,3,3,0,0,0.0
2026-08-12,S003,GFT2235,0,3,3,0,1,0,0,0.0
2026-08-12,S004,GFT2235,1,1,2,0,3,0,0,0.0
2026-08-12,S005,GFT2235,0,3,2,0,0,0,1,17.19
2026-08-12,S006,GFT2235,1,3,3,1,2,0,1,17.19
2026-08-12,S007,GFT2235,1,1,1,1,1,0,1,17.19
2026-08-12,S008,GFT2235,3,9,8,0,0,0,4,68.76
2026-08-12,S009,GFT2235,0,0,0,0,1,0,0,0.0
2026-08-12,S010,GFT2235,2,0,0,3,2,0,2,34.38
2026-08-12,S001,GFT2236,1,0,0,1,3,0,1,62.5
2026-08-12,S002,GFT2236,0,4,2,0,0,0,2,125.0
2026-08-12,S003,GFT2236,1,5,4,0,0,0,2,125.0
2026-08-12,S004,GFT2236,0,3,2,1,0,0,1,62.5
2026-08-12,S005,GFT2236,0,0,0,1,0,0,0,0.0
2026-08-12,S006,GFT2236,1,1,1,0,2,0,1,62.5
2026-08-12,S007,GFT2236,1,5,4,3,1,0,2,125.0
2026-08-12,S008,GFT2236,2,7,7,2,0,0,2,125.0
2026-08-12,S009,GFT2236,1,0,1,2,1,0,0,0.0
2026-08-12,S010,GFT2236,0,0,0,1,1,0,0,0.0
2026-08-12,S001,GFT2237,0,0,0,3,3,0,0,0.0
2026-08-12,S002,GFT2237,1,5,4,0,0,0,2,41.68
2026-08-12,S003,GFT2237,1,0,1,2,1,0,0,0.0
2026-08-12,S004,GFT2237,1,0,1,0,0,0,0,0.0
2026-08-12,S005,GFT2237,0,0,0,1,2,0,0,0.0
2026-08-12,S006,GFT2237,0,1,0,0,2,0,1,20.84
2026-08-12,S007,GFT2237,1,0,0,3,3,0,1,20.84
2026-08-12,S008,GFT2237,0,1,1,0,0,0,0,0.0
2026-08-12,S009,GFT2237,1,1,1,1,0,0,1,20.84
2026-08-12,S010,GFT2237,0,1,0,1,2,0,1,20.84
2026-08-12,S001,GFT2238,2,2,2,3,2,0,2,52.36
2026-08-12,S002,GFT2238,0,9,6,3,1,0,3,78.54
2026-08-12,S003,GFT2238,0,10,8,0,1,0,2,52.36
2026-08-12,S004,GFT2238,1,2,2,1,2,0,1,26.18
2026-08-12,S005,GFT2238,2,3,3,1,1,0,2,52.36
2026-08-12,S006,GFT2238,0,4,3,2,2,0,1,26.18
2026-08-12,S007,GFT2238,1,4,3,2,3,0,2,52.36
2026-08-12,S008,GFT2238,2,2,2,0,2,0,2,52.36
2026-08-12,S009,GFT2238,1,6,5,0,3,0,2,52.36
2026-08-12,S010,GFT2238,0,3,2,2,0,0,1,26.18
2026-08-12,S001,GFT2239,0,1,1,1,3,0,0,0.0
2026-08-12,S002,GFT2239,0,2,1,3,2,0,1,11.82
2026-08-12,S003,GFT2239,0,2,0,2,2,0,2,23.64
2026-08-12,S004,GFT2239,0,0,0,2,3,0,0,0.0
2026-08-12,S005,GFT2239,0,3,2,1,2,0,1,11.82
2026-08-12,S006,GFT2239,0,4,3,1,0,0,1,11.82
2026-08-12,S007,GFT2239,1,3,3,0,2,0,1,11.82
2026-08-12,S008,GFT2239,0,17,13,3,0,0,4,47.28
2026-08-12,S009,GFT2239,2,14,11,3,1,0,5,59.1
2026-08-12,S010,GFT2239,0,5,4,3,2,0,1,11.82
2026-08-12,S001,GFT2240,1,2,3,3,3,0,0,0.0
2026-08-12,S002,GFT2240,1,6,4,2,0,0,3,134.01
2026-08-12,S003,GFT2240,0,3,2,1,0,0,1,44.67
2026-08-12,S004,GFT2240,1,0,1,3,2,0,0,0.0
2026-08-12,S005,GFT2240,1,2,3,1,3,0,0,0.0
2026-08-12,S006,GFT2240,0,4,3,0,3,0,1,44.67
2026-08-12,S007,GFT2240,2,2,2,1,1,0,2,89.34
2026-08-12,S008,GFT2240,2,2,2,2,2,0,2,89.34
2026-08-12,S009,GFT2240,0,6,5,2,3,0,1,44.67
2026-08-12,S010,GFT2240,0,7,6,2,2,1,1,44.67
2026-08-12,S001,GFT2241,1,3,3,2,1,0,1,13.3
2026-08-12,S002,GFT2241,1,1,1,2,1,0,1,13.3
2026-08-12,S003,GFT2241,0,4,3,0,1,0,1,13.3
2026-08-12,S004,GFT2241,1,0,1,1,1,0,0,0.0
2026-08-12,S005,GFT2241,1,3,3,3,3,0,1,13.3
2026-08-12,S006,GFT2241,2,5,5,2,1,0,2,26.6
2026-08-12,S007,GFT2241,1,1,1,2,2,0,1,13.3
2026-08-12,S008,GFT2241,2,6,6,3,0,0,2,26.6
2026-08-12,S009,GFT2241,0,4,3,0,3,0,1,13.3
2026-08-12,S010,GFT2241,1,4,4,0,2,0,1,13.3
2026-08-12,S001,GFT2242,0,2,1,0,2,0,1,68.54
2026-08-12,S002,GFT2242,0,1,0,2,0,0,1,68.54
2026-08-12,S003,GFT2242,0,6,5,3,0,0,1,68.54
2026-08-12,S004,GFT2242,0,5,4,1,3,0,1,68.54
2026-08-12,S005,GFT2242,0,0,0,2,1,0,0,0.0
2026-08-12,S006,GFT2242,1,3,3,2,1,0,1,68.54
2026-08-12,S007,GFT2242,1,0,0,2,3,0,1,68.54
2026-08-12,S008,GFT2242,0,4,3,3,1,0,1,68.54
2026-08-12,S009,GFT2242,0,0,0,1,0,0,0,0.0
2026-08-12,S010,GFT2242,1,2,2,2,3,0,1,68.54
2026-08-12,S001,GFT2243,0,4,3,1,1,0,1,58.23
2026-08-12,S002,GFT2243,0,0,0,3,1,0,0,0.0
2026-08-12,S003,GFT2243,2,4,4,0,1,0,2,116.46
2026-08-12,S004,GFT2243,0,0,0,2,0,0,0,0.0
2026-08-12,S005,GFT2243,0,0,0,3,3,0,0,0.0
2026-08-12,S006,GFT2243,1,0,0,2,3,0,1,58.23
2026-08-12,S007,GFT2243,0,2,2,2,3,0,0,0.0
2026-08-12,S008,GFT2243,0,4,3,0,3,0,1,58.23
2026-08-12,S009,GFT2243,0,0,0,1,0,0,0,0.0
2026-08-12,S010,GFT2243,1,4,4,2,2,0,1,58.23
2026-08-12,S001,GFT2244,0,4,3,0,0,0,1,9.94
2026-08-12,S002,GFT2244,0,0,0,2,1,0,0,0.0
2026-08-12,S003,GFT2244,1,2,2,0,1,0,1,9.94
2026-08-12,S004,GFT2244,0,3,2,1,0,0,1,9.94
2026-08-12,S005,GFT2244,0,0,0,0,1,0,0,0.0
2026-08-12,S006,GFT2244,3,7,6,0,0,0,4,39.76
2026-08-12,S007,GFT2244,0,2,2,2,2,0,0,0.0
2026-08-12,S008,GFT2244,0,3,2,0,1,0,1,9.94
2026-08-12,S009,GFT2244,1,4,4,2,0,0,1,9.94
2026-08-12,S010,GFT2244,0,0,0,3,2,0,0,0.0
2026-08-12,S001,GFT2245,1,2,3,1,2,0,0,0.0
2026-08-12,S002,GFT2245,2,5,4,1,1,0,3,149.37
2026-08-12,S003,GFT2245,0,0,0,3,3,0,0,0.0
2026-08-12,S004,GFT2245,1,1,2,3,0,0,0,0.0
2026-08-12,S005,GFT2245,0,0,0,3,2,0,0,0.0
2026-08-12,S006,GFT2245,0,2,2,0,0,0,0,0.0
2026-08-12,S007,GFT2245,0,7,4,0,1,0,3,149.37
2026-08-12,S008,GFT2245,0,5,4,3,0,0,1,49.79
2026-08-12,S009,GFT2245,2,1,1,3,0,0,2,99.58
2026-08-12,S010,GFT2245,0,3,2,2,2,1,1,49.79
2026-08-12,S001,GFT2246,1,4,2,2,1,0,3,183.27
2026-08-12,S002,GFT2246,0,4,3,3,2,0,1,61.09
2026-08-12,S003,GFT2246,0,1,0,1,1,0,1,61.09
2026-08-12,S004,GFT2246,1,0,0,2,1,0,1,61.09
2026-08-12,S005,GFT2246,1,7,6,3,1,0,2,122.18
2026-08-12,S006,GFT2246,2,7,7,1,1,0,2,122.18
2026-08-12,S007,GFT2246,0,7,5,1,0,0,2,122.18
2026-08-12,S008,GFT2246,1,12,9,1,1,0,4,244.36
2026-08-12,S009,GFT2246,1,1,1,1,2,0,1,61.09
2026-08-12,S010,GFT2246,0,1,1,3,0,0,0,0.0
2026-08-12,S001,GFT2247,0,0,0,3,0,0,0,0.0
2026-08-12,S002,GFT2247,0,0,0,2,3,0,0,0.0
2026-08-12,S003,GFT2247,0,0,0,1,0,0,0,0.0
2026-08-12,S004,GFT2247,1,0,0,2,3,0,1,47.49
2026-08-12,S005,GFT2247,0,0,0,2,3,0,0,0.0
2026-08-12,S006,GFT2247,0,3,2,1,0,0,1,47.49
2026-08-12,S007,GFT2247,0,0,0,0,1,0,0,0.0
2026-08-12,S008,GFT2247,0,1,1,3,3,0,0,0.0
2026-08-12,S009,GFT2247,0,0,0,3,1,0,0,0.0
2026-08-12,S010,GFT2247,1,4,4,0,0,0,1,47.49
2026-08-12,S001,GFT2248,0,0,0,0,0,0,0,0.0
2026-08-12,S002,GFT2248,0,1,1,3,0,0,0,0.0
2026-08-12,S003,GFT2248,1,4,3,3,3,0,2,159.48
2026-08-12,S004,GFT2248,1,2,2,1,3,0,1,79.74
2026-08-12,S005,GFT2248,1,0,1,3,2,1,0,0.0
2026-08-12,S006,GFT2248,1,10,8,2,1,0,3,239.22
2026-08-12,S007,GFT2248,0,12,8,1,3,0,4,318.96
2026-08-12,S008,GFT2248,1,8,6,1,3,0,3,239.22
2026-08-12,S009,GFT2248,0,11,8,1,3,0,3,239.22
2026-08-12,S010,GFT2248,1,0,1,2,0,0,0,0.0
2026-08-12,S001,GFT2249,1,1,1,2,0,0,1,62.2
2026-08-12,S002,GFT2249,0,0,0,0,2,1,0,0.0
2026-08-12,S003,GFT2249,0,0,0,1,1,0,0,0.0
2026-08-12,S004,GFT2249,1,5,5,2,1,0,1,62.2
2026-08-12,S005,GFT2249,1,0,1,1,0,0,0,0.0
2026-08-12,S006,GFT2249,0,2,1,3,1,0,1,62.2
2026-08-12,S007,GFT2249,1,1,2,1,0,0,0,0.0
2026-08-12,S008,GFT2249,1,0,0,3,3,0,1,62.2
2026-08-12,S009,GFT2249,0,0,0,1,1,0,0,0.0
2026-08-12,S010,GFT2249,0,0,0,3,2,0,0,0.0
2026-08-12,S001,GFT2250,0,0,0,2,0,0,0,0.0
2026-08-12,S002,GFT2250,2,2,2,1,0,0,2,80.3
2026-08-12,S003,GFT2250,0,0,0,3,3,0,0,0.0
2026-08-12,S004,GFT2250,0,0,0,3,1,0,0,0.0
2026-08-12,S005,GFT2250,0,1,1,0,2,0,0,0.0
2026-08-12,S006,GFT2250,1,0,1,3,3,0,0,0.0
2026-08-12,S007,GFT2250,0,0,0,0,1,0,0,0.0
2026-08-12,S008,GFT2250,0,1,0,1,0,0,1,40.15
2026-08-12,S009,GFT2250,0,0,0,2,2,0,0,0.0
2026-08-12,S010,GFT2250,0,0,0,0,3,0,0,0.0
2026-08-12,S001,GFT2251,0,1,0,1,0,0,1,69.06
2026-08-12,S002,GFT2251,1,0,0,1,0,0,1,69.06
2026-08-12,S003,GFT2251,1,0,0,0,0,0,1,69.06
2026-08-12,S004,GFT2251,0,0,0,3,0,0,0,0.0
2026-08-12,S005,GFT2251,1,2,3,0,2,0,0,0.0
2026-08-12,S006,GFT2251,0,8,5,1,3,0,3,207.18
2026-08-12,S007,GFT2251,0,0,0,2,1,0,0,0.0
2026-08-12,S008,GFT2251,1,3,3,0,3,0,1,69.06
2026-08-12,S009,GFT2251,0,1,1,0,3,0,0,0.0
2026-08-12,S010,GFT2251,0,4,3,1,3,0,1,69.06
2026-08-12,S001,GFT2252,1,0,1,0,3,0,0,0.0
2026-08-12,S002,GFT2252,1,3,3,1,0,0,1,77.82
2026-08-12,S003,GFT2252,0,2,2,3,1,0,0,0.0
2026-08-12,S004,GFT2252,0,1,0,0,0,0,1,77.82
2026-08-12,S005,GFT2252,1,1,0,2,3,0,2,155.64
2026-08-12,S006,GFT2252,0,2,2,0,2,0,0,0.0
2026-08-12,S007,GFT2252,0,12,9,1,2,0,3,233.46
2026-08-12,S008,GFT2252,0,0,0,3,3,0,0,0.0
2026-08-12,S009,GFT2252,1,0,1,3,1,0,0,0.0
2026-08-12,S010,GFT2252,0,0,0,2,3,0,0,0.0
2026-08-12,S001,GFT2253,0,1,0,0,2,0,1,42.69
2026-08-12,S002,GFT2253,0,0,0,3,0,0,0,0.0
2026-08-12,S003,GFT2253,1,6,4,2,1,0,3,128.07
2026-08-12,S004,GFT2253,0,0,0,0,3,0,0,0.0
2026-08-12,S005,GFT2253,0,3,2,3,3,0,1,42.69
2026-08-12,S006,GFT2253,1,1,2,2,1,0,0,0.0
2026-08-12,S007,GFT2253,1,0,1,2,2,0,0,0.0
2026-08-12,S008,GFT2253,1,0,0,2,0,0,1,42.69
2026-08-12,S009,GFT2253,0,0,0,1,2,0,0,0.0
2026-08-12,S010,GFT2253,0,0,0,0,2,0,0,0.0
2026-08-12,S001,GFT2254,1,1,0,3,2,0,2,160.26
2026-08-12,S002,GFT2254,0,5,4,1,1,0,1,80.13
2026-08-12,S003,GFT2254,0,0,0,3,3,0,0,0.0
2026-08-12,S004,GFT2254,1,1,1,2,2,0,1,80.13
2026-08-12,S005,GFT2254,0,0,0,1,1,0,0,0.0
2026-08-12,S006,GFT2254,0,6,5,2,0,0,1,80.13
2026-08-12,S007,GFT2254,2,3,3,1,0,0,2,160.26
2026-08-12,S008,GFT2254,2,4,4,2,1,0,2,160.26
2026-08-12,S009,GFT2254,1,1,1,0,0,0,1,80.13
2026-08-12,S010,GFT2254,0,0,0,0,3,0,0,0.0
2026-08-12,S001,GFT2255,1,2,2,2,0,0,1,72.94
2026-08-12,S002,GFT2255,0,0,0,1,3,0,0,0.0
2026-08-12,S003,GFT2255,0,0,0,3,2,0,0,0.0
2026-08-12,S004,GFT2255,0,0,0,2,2,0,0,0.0
2026-08-12,S005,GFT2255,1,1,0,1,1,0,2,145.88
2026-08-12,S006,GFT2255,0,0,0,1,2,0,0,0.0
2026-08-12,S007,GFT2255,0,0,0,2,2,0,0,0.0
2026-08-12,S008,GFT2255,1,0,0,2,2,0,1,72.94
2026-08-12,S009,GFT2255,0,0,0,0,2,0,0,0.0
2026-08-12,S010,GFT2255,0,0,0,1,3,0,0,0.0
