SKU_ID,Product_Name,Department,Category,Subcategory,Brand,Vendor_ID,Product_Cost,Original_Retail_Price,Current_Retail_Price,Margin_Percentage,Launch_Date,Season,Product_Status,Style,Colour,Size,Material,Price_Band,Demand_Index,Inventory_Bias
DEC0001,Ridge Marble House,Home Decor,Decorative Objects,Decorative Objects,Northstar Collection,V011,45.39,89.78,89.78,0.4944,2024-08-01,Core,Active,Minimal,Oat,Large,Linen,Best,1.0059,1.36
DEC0002,Ridge Wool Line,Home Decor,Decorative Objects,Decorative Objects,Foundry Home,V019,9.05,20.71,20.71,0.5631,2024-09-26,Core,Active,Modern,Sand,Large,Cotton,Good,0.287,1.36
DEC0003,Vale Wool Form,Home Decor,Decorative Objects,Decorative Objects,Foundry Home,V004,12.3,28.76,28.76,0.5722,2024-09-12,Core,Active,Artisan,Sage,One Size,Rattan,Good,1.3853,1.36
DEC0004,Luna Rattan Series,Home Decor,Decorative Objects,Decorative Objects,Atelier Edit,V012,16.71,34.58,34.58,0.5167,2024-05-12,Core,Active,Modern,Slate,Large,Ceramic,Good,1.1329,1.36
DEC0005,Noir Ceramic Line,Home Decor,Decorative Objects,Decorative Objects,Northstar Collection,V018,47.06,100.39,100.39,0.5312,2024-03-18,Core,Active,Modern,Sand,Large,Rattan,Best,0.7802,1.36
DEC0006,Luna Oak Line,Home Decor,Decorative Objects,Decorative Objects,Northstar Collection,V007,11.24,21.56,21.56,0.4787,2023-09-09,Core,Active,Organic,Charcoal,Small,Oak,Good,1.0319,1.36
DEC0007,Mira Wool Studio,Home Decor,Decorative Objects,Decorative Objects,Maison Reserve,V012,52.39,116.25,116.25,0.5494,2024-09-04,Core,Active,Organic,Espresso,Small,Stone,Best,0.7631,1.36
DEC0008,Luna Rattan Edit,Home Decor,Decorative Objects,Decorative Objects,Atelier Edit,V001,37.92,78.95,78.95,0.5197,2024-09-07,Core,Active,Organic,Sand,Large,Marble,Best,0.6823,1.36
DEC0009,Luna Ceramic Edit,Home Decor,Decorative Objects,Decorative Objects,Northstar Collection,V006,11.4,25.94,25.94,0.5606,2023-11-24,Core,Active,Modern,Natural,Small,Rattan,Good,1.5136,1.36
DEC0010,Avery Brass Form,Home Decor,Decorative Objects,Decorative Objects,Atelier Edit,V013,29.91,74.13,74.13,0.5966,2024-11-01,Core,Active,Classic,Slate,Medium,Brass,Best,1.1993,1.36
DEC0011,Vale Linen Studio,Home Decor,Decorative Objects,Decorative Objects,Maison Reserve,V019,12.41,27.91,27.91,0.5552,2023-12-27,Core,Seasonal,Minimal,Slate,Small,Glass,Good,1.4896,1.36
DEC0012,Mira Wool Line,Home Decor,Decorative Objects,Decorative Objects,Atelier Edit,V006,11.67,25.55,25.55,0.5434,2024-12-02,Core,Active,Classic,Natural,Medium,Cotton,Good,0.7977,1.36
DEC0013,Sable Ceramic Studio,Home Decor,Decorative Objects,Decorative Objects,Maison Reserve,V014,24.19,57.69,57.69,0.5807,2023-08-27,Core,Active,Artisan,Ivory,Medium,Oak,Better,0.8288,1.36
DEC0014,Aster Glass Series,Home Decor,Decorative Objects,Decorative Objects,Northstar Collection,V003,19.88,47.2,47.2,0.5788,2024-03-14,Core,Active,Artisan,Champagne,Small,Oak,Better,1.3637,1.36
DEC0015,Mira Linen Object,Home Decor,Decorative Objects,Decorative Objects,Atelier Edit,V007,12.15,25.57,25.57,0.5247,2024-05-30,Core,Active,Classic,Oat,Large,Oak,Good,0.7233,1.36
DEC0016,Luna Glass Atelier,Home Decor,Decorative Objects,Decorative Objects,Foundry Home,V014,32.23,66.55,66.55,0.5158,2023-10-27,Core,Active,Artisan,Slate,Small,Rattan,Better,0.277,1.36
DEC0017,Noir Ceramic Edit,Home Decor,Decorative Objects,Decorative Objects,Foundry Home,V003,18.73,45.29,45.29,0.5865,2023-09-14,Core,Active,Organic,Slate,Small,Glass,Better,0.5594,1.36
DEC0018,Marlow Cotton Collection,Home Decor,Decorative Objects,Decorative Objects,Foundry Home,V008,37.73,81.57,81.57,0.5375,2023-06-13,Core,Active,Classic,Terracotta,Small,Marble,Best,0.7848,1.36
DEC0019,Marlow Cotton Object,Home Decor,Decorative Objects,Decorative Objects,Northstar Collection,V015,30.39,70.88,70.88,0.5712,2023-08-23,Core,Active,Artisan,Terracotta,Medium,Rattan,Best,0.7548,1.36
DEC0020,Aster Stone Edit,Home Decor,Decorative Objects,Decorative Objects,Maison Reserve,V004,49.6,96.28,96.28,0.4849,2024-06-05,Core,Active,Organic,Charcoal,One Size,Oak,Best,0.8324,1.36
DEC0021,Aster Ceramic Vessel,Home Decor,Decorative Objects,Decorative Objects,Atelier Edit,V012,21.38,45.15,45.15,0.5264,2024-02-13,Core,Seasonal,Classic,Espresso,Large,Stone,Better,0.5132,1.36
DEC0022,Arc Wool Series,Home Decor,Decorative Objects,Decorative Objects,Foundry Home,V016,29.04,66.92,66.92,0.5661,2024-04-19,Core,Active,Modern,Ivory,Large,Marble,Better,0.8139,1.36
DEC0023,Aster Ceramic Studio,Home Decor,Decorative Objects,Decorative Objects,Maison Reserve,V002,55.59,117.93,117.93,0.5286,2024-02-23,Core,Active,Artisan,Charcoal,One Size,Marble,Best,0.7136,1.36
DEC0024,Aster Oak Form,Home Decor,Decorative Objects,Decorative Objects,Atelier Edit,V010,49.01,103.4,103.4,0.526,2023-05-23,Core,Active,Artisan,Charcoal,Small,Linen,Best,0.6186,1.36
DEC0025,Mira Stone Edit,Home Decor,Decorative Objects,Decorative Objects,Foundry Home,V017,43.07,101.23,101.23,0.5745,2023-09-11,Core,Active,Modern,Charcoal,Small,Glass,Best,0.8821,1.36
DEC0026,Mira Oak Object,Home Decor,Decorative Objects,Decorative Objects,Foundry Home,V003,15.01,32.03,32.03,0.5315,2024-10-18,Core,Active,Classic,Champagne,Large,Linen,Good,0.7476,1.36
DEC0027,Harbour Linen Collection,Home Decor,Decorative Objects,Decorative Objects,Maison Reserve,V010,31.33,66.68,66.68,0.5302,2023-08-06,Core,Active,Organic,Oat,Small,Rattan,Better,0.9449,1.36
DEC0028,Cove Glass House,Home Decor,Decorative Objects,Decorative Objects,Atelier Edit,V018,21.01,40.29,40.29,0.4784,2024-05-01,Core,Active,Minimal,Terracotta,One Size,Wool,Better,1.0944,1.36
DEC0029,Aster Rattan House,Home Decor,Decorative Objects,Decorative Objects,Northstar Collection,V006,54.42,107.42,75.19,0.4934,2023-06-15,Core,Exit,Organic,Terracotta,Small,Cotton,Best,1.5863,1.36
DEC0030,Harbour Brass Collection,Home Decor,Decorative Objects,Decorative Objects,Foundry Home,V014,47.82,108.96,108.96,0.5611,2023-11-19,Core,Active,Organic,Ivory,One Size,Brass,Best,1.5959,1.36
DEC0031,Avery Glass Series,Home Decor,Decorative Objects,Decorative Objects,Maison Reserve,V019,49.77,110.72,110.72,0.5505,2023-06-05,Core,Active,Minimal,Charcoal,Large,Marble,Best,0.6575,1.36
DEC0032,Luna Brass Object,Home Decor,Decorative Objects,Decorative Objects,Northstar Collection,V007,10.58,22.75,22.75,0.5349,2023-08-16,Core,Active,Artisan,Champagne,Large,Rattan,Good,0.6966,1.36
DEC0033,Aster Brass Studio,Home Decor,Decorative Objects,Decorative Objects,Foundry Home,V014,20.12,51.56,51.56,0.6097,2023-09-19,Core,Active,Modern,Sand,One Size,Oak,Better,0.9522,1.36
DEC0034,Mira Oak Object,Home Decor,Decorative Objects,Decorative Objects,Northstar Collection,V001,39.66,98.32,98.32,0.5967,2024-12-29,Core,Active,Artisan,Charcoal,Medium,Marble,Best,0.5241,1.36
DEC0035,Ridge Ceramic Collection,Home Decor,Decorative Objects,Decorative Objects,Atelier Edit,V008,62.64,125.35,125.35,0.5003,2023-07-08,Core,Active,Minimal,Ivory,Medium,Marble,Best,0.4554,1.36
DEC0036,Vale Ceramic Line,Home Decor,Decorative Objects,Decorative Objects,Atelier Edit,V015,52.03,97.4,97.4,0.4658,2024-05-23,Core,Active,Organic,Ivory,Medium,Glass,Best,1.0,1.36
DEC0037,Harbour Linen Object,Home Decor,Decorative Objects,Decorative Objects,Maison Reserve,V002,36.83,83.93,83.93,0.5612,2024-09-02,Core,Active,Minimal,Slate,One Size,Stone,Best,1.0675,1.36
DEC0038,Marlow Marble Series,Home Decor,Decorative Objects,Decorative Objects,Foundry Home,V008,12.03,25.67,25.67,0.5314,2023-08-12,Core,Active,Modern,Sage,One Size,Stone,Good,0.835,1.36
DEC0039,Vale Stone Vessel,Home Decor,Decorative Objects,Decorative Objects,Maison Reserve,V017,56.38,115.98,115.98,0.5139,2023-11-24,Core,Active,Artisan,Sand,Small,Stone,Best,0.7823,1.36
DEC0040,Harbour Ceramic Form,Home Decor,Decorative Objects,Decorative Objects,Foundry Home,V005,50.38,109.88,109.88,0.5415,2023-08-03,Core,Active,Organic,Natural,Medium,Cotton,Best,1.1179,1.36
DEC0041,Harbour Glass Line,Home Decor,Decorative Objects,Decorative Objects,Northstar Collection,V008,38.56,69.51,69.51,0.4453,2024-01-04,Core,Active,Artisan,Sage,One Size,Brass,Better,0.4672,1.36
DEC0042,Ridge Cotton Series,Home Decor,Decorative Objects,Decorative Objects,Foundry Home,V016,31.91,67.91,67.91,0.5301,2024-11-22,Core,Active,Artisan,Natural,Small,Brass,Better,0.4216,1.36
DEC0043,Mira Stone Object,Home Decor,Decorative Objects,Decorative Objects,Northstar Collection,V005,15.13,36.94,36.94,0.5905,2023-08-10,Core,Active,Artisan,Ivory,Large,Marble,Good,1.6432,1.36
DEC0044,Sable Wool Edit,Home Decor,Decorative Objects,Decorative Objects,Atelier Edit,V013,38.21,81.9,81.9,0.5335,2024-05-25,Core,Active,Modern,Oat,One Size,Marble,Best,1.1013,1.36
DEC0045,Ridge Cotton Form,Home Decor,Decorative Objects,Decorative Objects,Maison Reserve,V016,32.57,71.12,71.12,0.542,2023-10-05,Core,Active,Artisan,Oat,Large,Wool,Best,0.7018,1.36
DEC0046,Aster Cotton Form,Home Decor,Decorative Objects,Decorative Objects,Northstar Collection,V004,12.11,25.07,25.07,0.5171,2024-01-20,Core,Active,Minimal,Charcoal,Medium,Brass,Good,1.2639,1.36
DEC0047,Sable Wool Atelier,Home Decor,Decorative Objects,Decorative Objects,Northstar Collection,V013,51.05,103.34,103.34,0.506,2024-01-11,Core,Active,Minimal,Champagne,Medium,Marble,Best,1.0943,1.36
DEC0048,Luna Ceramic Form,Home Decor,Decorative Objects,Decorative Objects,Foundry Home,V017,29.85,57.72,57.72,0.4829,2023-08-26,Core,Active,Artisan,Sage,Small,Oak,Better,0.7626,1.36
DEC0049,Arc Rattan Edit,Home Decor,Decorative Objects,Decorative Objects,Maison Reserve,V006,13.34,33.72,33.72,0.6044,2023-10-03,Core,Active,Minimal,Sage,One Size,Marble,Good,0.645,1.36
DEC0050,Sable Rattan Studio,Home Decor,Decorative Objects,Decorative Objects,Northstar Collection,V015,38.31,83.86,83.86,0.5432,2024-05-09,Core,Active,Organic,Charcoal,Large,Ceramic,Best,2.5133,1.36
DEC0051,Harbour Brass Atelier,Home Decor,Decorative Objects,Decorative Objects,Atelier Edit,V020,25.7,45.0,45.0,0.429,2024-11-16,Core,Active,Organic,Espresso,Medium,Glass,Better,0.3647,1.36
DEC0052,Vale Rattan Form,Home Decor,Decorative Objects,Decorative Objects,Northstar Collection,V006,35.81,80.44,80.44,0.5548,2023-11-30,Core,Active,Organic,Sage,Medium,Oak,Best,0.3712,1.36
DEC0053,Sable Stone Studio,Home Decor,Decorative Objects,Decorative Objects,Maison Reserve,V012,8.46,23.43,23.43,0.639,2024-06-11,Core,Active,Organic,Oat,Medium,Marble,Good,0.4172,1.36
DEC0054,Avery Linen Line,Home Decor,Decorative Objects,Decorative Objects,Northstar Collection,V002,35.94,75.9,75.9,0.5264,2024-04-19,Core,Seasonal,Modern,Espresso,Medium,Oak,Best,1.1998,1.36
DEC0055,Avery Wool Form,Home Decor,Decorative Objects,Decorative Objects,Northstar Collection,V007,18.74,46.76,46.76,0.5992,2024-05-15,Core,Active,Organic,Champagne,Small,Rattan,Better,0.9213,1.36
DEC0056,Luna Rattan Series,Home Decor,Decorative Objects,Decorative Objects,Maison Reserve,V014,38.7,95.02,95.02,0.5928,2024-09-15,Core,Active,Artisan,Oat,Large,Linen,Best,0.7819,1.36
DEC0057,Noir Ceramic Edit,Home Decor,Decorative Objects,Decorative Objects,Foundry Home,V002,47.76,110.17,110.17,0.5665,2023-12-04,Core,Active,Minimal,Slate,Medium,Brass,Best,0.7846,1.36
DEC0058,Avery Rattan Line,Home Decor,Decorative Objects,Decorative Objects,Foundry Home,V008,28.86,66.45,66.45,0.5656,2023-10-04,Core,Active,Classic,Sand,One Size,Stone,Better,1.3759,1.36
DEC0059,Noir Oak Atelier,Home Decor,Decorative Objects,Decorative Objects,Maison Reserve,V016,29.92,74.0,74.0,0.5956,2024-05-21,Core,Active,Classic,Terracotta,Small,Brass,Best,1.625,1.36
DEC0060,Marlow Glass Series,Home Decor,Decorative Objects,Decorative Objects,Foundry Home,V002,54.7,117.81,117.81,0.5357,2024-05-13,Core,Active,Classic,Ivory,One Size,Linen,Best,1.7131,1.36
DEC0061,Cove Stone Line,Home Decor,Decorative Objects,Decorative Objects,Northstar Collection,V009,44.11,91.73,91.73,0.5191,2024-03-26,Core,Active,Classic,Ivory,Small,Wool,Best,0.7884,1.36
DEC0062,Arc Wool Vessel,Home Decor,Decorative Objects,Decorative Objects,Foundry Home,V016,55.96,104.67,104.67,0.4653,2024-05-05,Core,Active,Modern,Sage,One Size,Stone,Best,1.8192,1.36
DEC0063,Marlow Marble Atelier,Home Decor,Decorative Objects,Decorative Objects,Foundry Home,V005,46.75,104.75,73.32,0.5537,2023-12-21,Core,Exit,Classic,Sand,Large,Oak,Best,1.0728,1.36
DEC0064,Avery Brass Atelier,Home Decor,Decorative Objects,Decorative Objects,Foundry Home,V012,47.08,104.45,104.45,0.5493,2024-12-20,Core,Active,Artisan,Sage,Medium,Rattan,Best,1.0175,1.36
DEC0065,Marlow Wool Line,Home Decor,Decorative Objects,Decorative Objects,Northstar Collection,V019,30.03,55.5,55.5,0.4589,2023-06-19,Core,Active,Modern,Terracotta,One Size,Stone,Better,0.7852,1.36
DEC0066,Aster Wool Studio,Home Decor,Decorative Objects,Decorative Objects,Maison Reserve,V007,25.34,56.0,56.0,0.5475,2024-04-24,Core,Active,Modern,Terracotta,One Size,Stone,Better,1.152,1.36
DEC0067,Arc Oak Series,Home Decor,Decorative Objects,Decorative Objects,Maison Reserve,V012,12.65,27.43,27.43,0.5388,2023-12-20,Core,Active,Artisan,Espresso,Medium,Glass,Good,1.542,1.36
DEC0068,Arc Stone House,Home Decor,Decorative Objects,Decorative Objects,Atelier Edit,V017,33.26,84.9,84.9,0.6083,2024-02-17,Core,Active,Organic,Slate,Large,Glass,Best,0.9466,1.36
DEC0069,Noir Marble Vessel,Home Decor,Decorative Objects,Decorative Objects,Northstar Collection,V005,58.37,118.87,118.87,0.5089,2023-07-07,Core,Seasonal,Minimal,Ivory,Medium,Marble,Best,1.1075,1.36
DEC0070,Cove Oak Collection,Home Decor,Decorative Objects,Decorative Objects,Atelier Edit,V013,43.3,92.8,92.8,0.5334,2024-09-04,Core,Active,Organic,Sage,Small,Brass,Best,0.7903,1.36
DEC0071,Luna Rattan Collection,Home Decor,Decorative Objects,Decorative Objects,Foundry Home,V018,29.86,72.37,72.37,0.5874,2024-04-08,Core,Active,Classic,Sand,Small,Brass,Best,0.7128,1.36
DEC0072,Avery Linen Studio,Home Decor,Decorative Objects,Decorative Objects,Maison Reserve,V005,14.83,29.8,29.8,0.5023,2023-06-05,Core,Active,Minimal,Ivory,Large,Rattan,Good,0.7517,1.36
DEC0073,Avery Glass Form,Home Decor,Decorative Objects,Decorative Objects,Maison Reserve,V013,36.01,81.23,81.23,0.5567,2023-09-01,Core,Active,Classic,Charcoal,Medium,Glass,Best,1.5889,1.36
DEC0074,Mira Stone Studio,Home Decor,Decorative Objects,Decorative Objects,Maison Reserve,V003,13.95,28.56,28.56,0.5114,2024-04-15,Core,Active,Minimal,Natural,Large,Linen,Good,0.6614,1.36
DEC0075,Marlow Oak Form,Home Decor,Decorative Objects,Decorative Objects,Foundry Home,V007,27.32,58.0,58.0,0.529,2024-08-19,Core,Active,Classic,Terracotta,Large,Rattan,Better,0.7928,1.36
DEC0076,Sable Glass Edit,Home Decor,Decorative Objects,Decorative Objects,Maison Reserve,V016,47.81,116.68,116.68,0.5903,2024-01-01,Core,Active,Minimal,Charcoal,Small,Brass,Best,1.2564,1.36
DEC0077,Harbour Wool Collection,Home Decor,Decorative Objects,Decorative Objects,Maison Reserve,V002,37.13,86.66,86.66,0.5715,2024-05-21,Core,Active,Modern,Slate,Small,Cotton,Best,0.652,1.36
DEC0078,Noir Wool Collection,Home Decor,Decorative Objects,Decorative Objects,Foundry Home,V009,28.49,61.2,61.2,0.5344,2023-06-29,Core,Active,Modern,Espresso,One Size,Rattan,Better,0.8119,1.36
DEC0079,Avery Cotton Form,Home Decor,Decorative Objects,Decorative Objects,Foundry Home,V016,23.27,52.96,52.96,0.5607,2023-07-09,Core,Active,Minimal,Sage,Small,Ceramic,Better,0.7374,1.36
DEC0080,Aster Brass Collection,Home Decor,Decorative Objects,Decorative Objects,Foundry Home,V005,35.02,83.03,83.03,0.5783,2024-03-02,Core,Active,Modern,Sand,Large,Linen,Best,0.8629,1.36
DEC0081,Noir Rattan Form,Home Decor,Decorative Objects,Decorative Objects,Atelier Edit,V011,18.47,42.9,42.9,0.5694,2024-05-06,Core,Active,Organic,Sand,Medium,Rattan,Better,0.9072,1.36
DEC0082,Luna Ceramic Edit,Home Decor,Decorative Objects,Decorative Objects,Foundry Home,V015,51.79,118.54,118.54,0.5631,2024-12-15,Core,Active,Minimal,Terracotta,One Size,Stone,Best,0.7347,1.36
DEC0083,Vale Glass Vessel,Home Decor,Decorative Objects,Decorative Objects,Foundry Home,V002,26.64,55.06,55.06,0.5161,2024-09-05,Core,Active,Classic,Oat,One Size,Marble,Better,0.7873,1.36
DEC0084,Harbour Marble House,Home Decor,Decorative Objects,Decorative Objects,Atelier Edit,V009,49.81,96.45,96.45,0.4836,2023-08-13,Core,Active,Minimal,Ivory,Small,Glass,Best,0.6198,1.36
DEC0085,Noir Brass Form,Home Decor,Decorative Objects,Decorative Objects,Foundry Home,V020,27.79,49.81,49.81,0.4421,2024-07-20,Core,Active,Minimal,Oat,Large,Wool,Better,0.7463,1.36
DEC0086,Noir Oak Series,Home Decor,Decorative Objects,Decorative Objects,Northstar Collection,V004,50.99,114.76,114.76,0.5557,2024-05-23,Core,Active,Modern,Oat,Medium,Brass,Best,0.5486,1.36
DEC0087,Harbour Stone Vessel,Home Decor,Decorative Objects,Decorative Objects,Foundry Home,V012,56.59,120.82,120.82,0.5316,2024-04-07,Core,Active,Organic,Sage,One Size,Glass,Best,0.4532,1.36
DEC0088,Sable Wool Object,Home Decor,Decorative Objects,Decorative Objects,Foundry Home,V018,28.3,60.36,60.36,0.5312,2024-04-08,Core,Active,Artisan,Terracotta,Large,Cotton,Better,2.0723,1.36
DEC0089,Luna Brass Vessel,Home Decor,Decorative Objects,Decorative Objects,Atelier Edit,V008,24.05,50.68,50.68,0.5255,2024-07-26,Core,Active,Organic,Sage,Small,Stone,Better,0.5771,1.36
DEC0090,Sable Cotton Form,Home Decor,Decorative Objects,Decorative Objects,Foundry Home,V014,54.69,112.47,112.47,0.5137,2023-07-08,Core,Active,Artisan,Champagne,One Size,Ceramic,Best,1.3439,1.36
DEC0091,Vale Wool Atelier,Home Decor,Decorative Objects,Decorative Objects,Northstar Collection,V002,44.72,110.67,77.47,0.5959,2024-02-18,Core,Exit,Artisan,Sage,Medium,Ceramic,Best,0.414,1.36
DEC0092,Sable Marble Collection,Home Decor,Decorative Objects,Decorative Objects,Northstar Collection,V007,52.78,109.11,109.11,0.5163,2024-01-13,Core,Active,Minimal,Sand,One Size,Oak,Best,0.6291,1.36
DEC0093,Luna Wool House,Home Decor,Decorative Objects,Decorative Objects,Northstar Collection,V012,22.3,47.67,47.67,0.5322,2024-11-20,Core,Active,Minimal,Charcoal,One Size,Marble,Better,0.5115,1.36
DEC0094,Noir Rattan Studio,Home Decor,Decorative Objects,Decorative Objects,Northstar Collection,V020,41.59,117.32,117.32,0.6455,2023-12-09,Core,Active,Artisan,Ivory,Small,Stone,Best,0.6233,1.36
DEC0095,Luna Marble Collection,Home Decor,Decorative Objects,Decorative Objects,Foundry Home,V009,15.07,29.23,29.23,0.4844,2024-06-03,Core,Active,Minimal,Champagne,Large,Stone,Good,0.5303,1.36
DEC0096,Arc Cotton House,Home Decor,Decorative Objects,Decorative Objects,Atelier Edit,V015,17.32,39.06,39.06,0.5567,2024-02-12,Core,Active,Artisan,Ivory,Large,Glass,Good,0.781,1.36
DEC0097,Sable Linen Line,Home Decor,Decorative Objects,Decorative Objects,Maison Reserve,V003,51.94,105.38,105.38,0.5071,2024-01-26,Core,Active,Minimal,Oat,Small,Rattan,Best,0.7838,1.36
DEC0098,Arc Cotton Object,Home Decor,Decorative Objects,Decorative Objects,Maison Reserve,V011,13.17,24.85,24.85,0.47,2023-08-03,Core,Active,Minimal,Oat,Medium,Marble,Good,0.5613,1.36
DEC0099,Arc Linen Vessel,Home Decor,Decorative Objects,Decorative Objects,Foundry Home,V018,54.36,109.98,109.98,0.5057,2023-09-01,Core,Active,Organic,Charcoal,Large,Glass,Best,0.9191,1.36
DEC0100,Luna Ceramic Form,Home Decor,Decorative Objects,Decorative Objects,Northstar Collection,V005,54.53,110.15,110.15,0.505,2024-04-18,Core,Active,Artisan,Natural,Medium,Wool,Best,0.6514,1.36
DEC0101,Aster Linen Line,Home Decor,Decorative Objects,Decorative Objects,Foundry Home,V008,33.05,85.85,85.85,0.615,2024-03-12,Core,Active,Classic,Oat,Large,Glass,Best,0.4115,1.36
DEC0102,Vale Stone Object,Home Decor,Decorative Objects,Decorative Objects,Foundry Home,V019,44.75,99.6,99.6,0.5507,2023-12-21,Core,Active,Minimal,Slate,Large,Glass,Best,1.7818,1.36
DEC0103,Cove Wool Form,Home Decor,Decorative Objects,Decorative Objects,Northstar Collection,V003,20.64,50.82,50.82,0.5939,2024-08-01,Core,Seasonal,Minimal,Espresso,One Size,Stone,Better,0.8685,1.36
DEC0104,Sable Oak House,Home Decor,Decorative Objects,Decorative Objects,Atelier Edit,V012,30.61,75.4,75.4,0.594,2023-08-09,Core,Active,Classic,Ivory,Medium,Brass,Best,1.2943,1.36
DEC0105,Marlow Oak Object,Home Decor,Decorative Objects,Decorative Objects,Maison Reserve,V017,37.48,83.01,83.01,0.5484,2024-03-19,Core,Active,Artisan,Slate,Medium,Brass,Best,1.4168,1.36
DEC0106,Mira Ceramic Line,Home Decor,Decorative Objects,Decorative Objects,Maison Reserve,V004,17.51,38.76,38.76,0.5483,2024-07-20,Core,Active,Classic,Natural,Medium,Linen,Good,2.356,1.36
DEC0107,Luna Cotton Series,Home Decor,Decorative Objects,Decorative Objects,Foundry Home,V014,14.12,29.26,29.26,0.5176,2024-02-24,Core,Active,Artisan,Natural,One Size,Glass,Good,0.5171,1.36
DEC0108,Mira Ceramic Form,Home Decor,Decorative Objects,Decorative Objects,Maison Reserve,V020,14.93,35.56,35.56,0.5801,2024-01-27,Core,Active,Modern,Terracotta,One Size,Cotton,Good,0.606,1.36
DEC0109,Avery Rattan House,Home Decor,Decorative Objects,Decorative Objects,Atelier Edit,V008,40.84,85.22,85.22,0.5207,2024-04-28,Core,Active,Modern,Oat,Small,Ceramic,Best,0.7762,1.36
DEC0110,Arc Rattan House,Home Decor,Decorative Objects,Decorative Objects,Maison Reserve,V011,31.15,62.34,62.34,0.5003,2023-09-19,Core,Active,Organic,Charcoal,Small,Ceramic,Better,0.842,1.36
DEC0111,Cove Glass Vessel,Home Decor,Decorative Objects,Decorative Objects,Northstar Collection,V018,42.06,82.11,82.11,0.4878,2024-07-03,Core,Active,Classic,Oat,One Size,Glass,Best,1.4129,1.36
DEC0112,Ridge Oak Studio,Home Decor,Decorative Objects,Decorative Objects,Maison Reserve,V009,13.34,31.83,31.83,0.5808,2024-08-22,Core,Seasonal,Classic,Slate,Large,Wool,Good,1.6076,1.36
DEC0113,Luna Stone Line,Home Decor,Decorative Objects,Decorative Objects,Northstar Collection,V013,25.73,68.91,68.91,0.6267,2024-08-01,Core,Seasonal,Organic,Natural,Medium,Ceramic,Better,1.0545,1.36
DEC0114,Cove Brass Series,Home Decor,Decorative Objects,Decorative Objects,Atelier Edit,V002,15.53,34.17,34.17,0.5454,2024-11-21,Core,Active,Classic,Terracotta,Small,Brass,Good,0.8353,1.36
DEC0115,Harbour Rattan Line,Home Decor,Decorative Objects,Decorative Objects,Northstar Collection,V008,26.45,52.68,52.68,0.4979,2024-05-20,Core,Active,Minimal,Sage,One Size,Ceramic,Better,0.4467,1.36
DEC0116,Vale Linen Object,Home Decor,Decorative Objects,Decorative Objects,Maison Reserve,V016,18.47,41.39,41.39,0.5537,2024-10-10,Core,Seasonal,Artisan,Natural,Medium,Brass,Better,0.9272,1.36
DEC0117,Ridge Glass Series,Home Decor,Decorative Objects,Decorative Objects,Foundry Home,V003,11.78,27.27,27.27,0.568,2024-10-21,Core,Active,Modern,Terracotta,Large,Oak,Good,0.5316,1.36
DEC0118,Marlow Brass Studio,Home Decor,Decorative Objects,Decorative Objects,Maison Reserve,V008,45.55,95.45,95.45,0.5228,2024-01-08,Core,Seasonal,Classic,Terracotta,Small,Brass,Best,0.3581,1.36
DEC0119,Cove Glass Atelier,Home Decor,Decorative Objects,Decorative Objects,Northstar Collection,V017,27.04,55.43,55.43,0.5123,2023-12-28,Core,Active,Classic,Sage,Medium,Cotton,Better,0.8846,1.36
DEC0120,Cove Linen Object,Home Decor,Decorative Objects,Decorative Objects,Atelier Edit,V004,27.52,58.48,58.48,0.5294,2023-12-03,Core,Active,Artisan,Champagne,Large,Ceramic,Better,0.7011,1.36
DEC0121,Luna Stone Studio,Home Decor,Decorative Objects,Decorative Objects,Atelier Edit,V009,11.17,26.14,26.14,0.5726,2024-06-13,Core,Active,Modern,Natural,Large,Wool,Good,0.723,1.36
DEC0122,Ridge Oak Studio,Home Decor,Decorative Objects,Decorative Objects,Atelier Edit,V015,61.18,121.69,121.69,0.4973,2024-04-25,Core,Active,Artisan,Charcoal,Large,Wool,Best,0.3975,1.36
DEC0123,Vale Marble Collection,Home Decor,Decorative Objects,Decorative Objects,Atelier Edit,V005,44.99,111.18,111.18,0.5954,2024-10-01,Core,Active,Minimal,Oat,Large,Stone,Best,0.6298,1.36
DEC0124,Aster Rattan Series,Home Decor,Decorative Objects,Decorative Objects,Atelier Edit,V010,30.95,68.9,68.9,0.5509,2024-06-23,Core,Active,Organic,Terracotta,Large,Rattan,Better,1.963,1.36
DEC0125,Vale Cotton Studio,Home Decor,Decorative Objects,Decorative Objects,Northstar Collection,V018,58.1,104.83,104.83,0.4458,2023-10-05,Core,Seasonal,Modern,Charcoal,Large,Oak,Best,0.8882,1.36
DEC0126,Cove Glass Form,Home Decor,Decorative Objects,Decorative Objects,Atelier Edit,V007,30.01,79.61,79.61,0.623,2024-07-18,Core,Active,Artisan,Oat,Large,Brass,Best,0.9735,1.36
DEC0127,Avery Glass Form,Home Decor,Decorative Objects,Decorative Objects,Northstar Collection,V012,23.59,48.07,48.07,0.5093,2024-02-06,Core,Active,Classic,Slate,Large,Linen,Better,0.556,1.36
DEC0128,Luna Wool Collection,Home Decor,Decorative Objects,Decorative Objects,Maison Reserve,V020,40.1,110.01,110.01,0.6355,2023-10-26,Core,Active,Artisan,Espresso,Small,Linen,Best,1.3065,1.36
DEC0129,Aster Ceramic Series,Home Decor,Decorative Objects,Decorative Objects,Foundry Home,V007,25.53,67.84,67.84,0.6236,2024-05-30,Core,Active,Modern,Ivory,Large,Cotton,Better,1.3786,1.36
DEC0130,Aster Linen Form,Home Decor,Decorative Objects,Decorative Objects,Atelier Edit,V012,34.78,75.23,75.23,0.5376,2024-09-16,Core,Active,Artisan,Champagne,Small,Stone,Best,0.6565,1.36
DEC0131,Vale Rattan Collection,Home Decor,Decorative Objects,Decorative Objects,Northstar Collection,V020,37.83,79.51,79.51,0.5242,2023-06-08,Core,Active,Artisan,Slate,Large,Brass,Best,0.6759,1.36
DEC0132,Luna Glass Vessel,Home Decor,Decorative Objects,Decorative Objects,Northstar Collection,V009,45.83,86.64,86.64,0.471,2024-06-03,Core,Active,Artisan,Terracotta,Small,Linen,Best,0.8238,1.36
DEC0133,Luna Linen Collection,Home Decor,Decorative Objects,Decorative Objects,Maison Reserve,V013,12.99,32.07,32.07,0.595,2024-07-11,Core,Active,Classic,Sand,One Size,Marble,Good,1.0371,1.36
DEC0134,Sable Oak Vessel,Home Decor,Decorative Objects,Decorative Objects,Foundry Home,V020,41.61,92.67,92.67,0.551,2023-09-11,Core,Active,Classic,Terracotta,Small,Cotton,Best,0.9343,1.36
DEC0135,Marlow Glass Edit,Home Decor,Decorative Objects,Decorative Objects,Northstar Collection,V010,33.25,72.05,72.05,0.5385,2024-01-28,Core,Active,Organic,Champagne,Small,Stone,Best,0.6854,1.36
DEC0136,Cove Wool Edit,Home Decor,Decorative Objects,Decorative Objects,Maison Reserve,V014,20.59,58.35,58.35,0.6472,2024-09-30,Core,Active,Organic,Sage,One Size,Stone,Better,0.4844,1.36
DEC0137,Vale Oak Object,Home Decor,Decorative Objects,Decorative Objects,Foundry Home,V003,16.15,34.04,34.04,0.5254,2024-02-22,Core,Active,Minimal,Slate,Small,Ceramic,Good,1.2108,1.36
DEC0138,Noir Rattan Series,Home Decor,Decorative Objects,Decorative Objects,Foundry Home,V011,22.26,47.08,47.08,0.5271,2025-01-07,Core,Active,Classic,Champagne,Medium,Rattan,Better,1.0461,1.36
DEC0139,Cove Wool Series,Home Decor,Decorative Objects,Decorative Objects,Northstar Collection,V017,43.27,97.43,97.43,0.5559,2023-11-27,Core,Active,Classic,Charcoal,Large,Brass,Best,0.6772,1.36
DEC0140,Luna Glass House,Home Decor,Decorative Objects,Decorative Objects,Maison Reserve,V004,20.65,44.34,44.34,0.5343,2023-09-03,Core,Active,Minimal,Slate,Large,Linen,Better,1.1681,1.36
DEC0141,Marlow Oak House,Home Decor,Decorative Objects,Decorative Objects,Foundry Home,V009,22.77,48.37,48.37,0.5293,2023-07-15,Core,Active,Minimal,Charcoal,One Size,Rattan,Better,0.6626,1.36
DEC0142,Marlow Oak Collection,Home Decor,Decorative Objects,Decorative Objects,Maison Reserve,V015,38.39,86.85,86.85,0.558,2024-06-25,Core,Active,Modern,Charcoal,Large,Rattan,Best,1.2354,1.36
DEC0143,Marlow Cotton Vessel,Home Decor,Decorative Objects,Decorative Objects,Maison Reserve,V002,38.67,88.17,88.17,0.5615,2023-07-18,Core,Active,Classic,Oat,Medium,Glass,Best,0.5663,1.36
DEC0144,Noir Wool Form,Home Decor,Decorative Objects,Decorative Objects,Northstar Collection,V012,15.29,32.86,32.86,0.5346,2023-07-10,Core,Active,Classic,Espresso,Medium,Wool,Good,0.7774,1.36
DEC0145,Sable Ceramic Object,Home Decor,Decorative Objects,Decorative Objects,Atelier Edit,V020,35.42,75.47,75.47,0.5307,2023-07-05,Core,Active,Artisan,Champagne,One Size,Glass,Best,0.8941,1.36
DEC0146,Marlow Ceramic House,Home Decor,Decorative Objects,Decorative Objects,Atelier Edit,V005,7.94,19.65,19.65,0.5959,2023-11-22,Core,Active,Artisan,Ivory,Large,Glass,Entry,1.3904,1.36
DEC0147,Mira Rattan Studio,Home Decor,Decorative Objects,Decorative Objects,Maison Reserve,V012,37.77,83.91,83.91,0.5499,2023-07-19,Core,Active,Artisan,Oat,Medium,Stone,Best,1.0093,1.36
DEC0148,Aster Brass Studio,Home Decor,Decorative Objects,Decorative Objects,Northstar Collection,V020,27.21,64.17,64.17,0.576,2023-10-02,Core,Active,Minimal,Sand,One Size,Marble,Better,1.0687,1.36
DEC0149,Avery Ceramic Atelier,Home Decor,Decorative Objects,Decorative Objects,Atelier Edit,V005,35.17,76.63,76.63,0.5411,2023-06-27,Core,Active,Modern,Terracotta,One Size,Oak,Best,1.4967,1.36
DEC0150,Vale Stone Studio,Home Decor,Decorative Objects,Decorative Objects,Northstar Collection,V012,50.59,92.26,64.58,0.4517,2023-09-29,Core,Exit,Minimal,Terracotta,Small,Linen,Best,1.051,1.36
DEC0151,Aster Brass House,Home Decor,Decorative Objects,Decorative Objects,Northstar Collection,V001,14.18,29.49,29.49,0.5193,2024-10-29,Core,Seasonal,Minimal,Charcoal,Small,Rattan,Good,0.9462,1.36
DEC0152,Aster Marble Object,Home Decor,Decorative Objects,Decorative Objects,Northstar Collection,V008,32.47,76.82,76.82,0.5773,2024-08-19,Core,Active,Modern,Charcoal,One Size,Ceramic,Best,0.7467,1.36
DEC0153,Luna Oak Series,Home Decor,Decorative Objects,Decorative Objects,Maison Reserve,V013,34.16,82.1,82.1,0.5839,2023-06-10,Core,Active,Minimal,Terracotta,Small,Stone,Best,0.8852,1.36
DEC0154,Marlow Stone Edit,Home Decor,Decorative Objects,Decorative Objects,Maison Reserve,V003,10.09,22.86,22.86,0.5587,2024-01-14,Core,Active,Minimal,Terracotta,One Size,Stone,Good,1.1325,1.36
DEC0155,Mira Stone Form,Home Decor,Decorative Objects,Decorative Objects,Atelier Edit,V010,9.49,19.71,19.71,0.5185,2024-01-09,Core,Active,Minimal,Sage,Medium,Oak,Entry,0.6121,1.36
DEC0156,Arc Linen Edit,Home Decor,Decorative Objects,Decorative Objects,Maison Reserve,V014,58.09,105.16,105.16,0.4476,2024-11-03,Core,Active,Minimal,Espresso,Large,Oak,Best,1.4016,1.36
DEC0157,Vale Oak Collection,Home Decor,Decorative Objects,Decorative Objects,Atelier Edit,V002,50.16,110.38,110.38,0.5456,2023-11-24,Core,Active,Organic,Champagne,Medium,Linen,Best,0.7531,1.36
DEC0158,Arc Wool Object,Home Decor,Decorative Objects,Decorative Objects,Maison Reserve,V007,45.27,92.69,92.69,0.5116,2024-06-08,Core,Active,Modern,Sand,One Size,Ceramic,Best,0.6657,1.36
DEC0159,Aster Marble Line,Home Decor,Decorative Objects,Decorative Objects,Foundry Home,V017,19.15,44.57,44.57,0.5703,2023-07-19,Core,Active,Minimal,Slate,Large,Oak,Better,1.1603,1.36
DEC0160,Luna Glass Edit,Home Decor,Decorative Objects,Decorative Objects,Foundry Home,V003,42.82,94.8,94.8,0.5483,2024-02-23,Core,Active,Organic,Espresso,One Size,Oak,Best,1.0898,1.36
DEC0161,Noir Linen Series,Home Decor,Decorative Objects,Decorative Objects,Northstar Collection,V010,41.6,89.53,89.53,0.5354,2024-02-21,Core,Active,Artisan,Oat,One Size,Rattan,Best,1.8187,1.36
DEC0162,Luna Cotton Atelier,Home Decor,Decorative Objects,Decorative Objects,Foundry Home,V016,47.72,102.12,102.12,0.5327,2024-05-16,Core,Active,Classic,Sage,Medium,Oak,Best,0.7816,1.36
DEC0163,Cove Glass Collection,Home Decor,Decorative Objects,Decorative Objects,Maison Reserve,V003,28.83,81.92,81.92,0.6481,2023-11-12,Core,Active,Organic,Charcoal,Small,Linen,Best,0.7573,1.36
DEC0164,Luna Wool Line,Home Decor,Decorative Objects,Decorative Objects,Northstar Collection,V013,31.22,63.31,63.31,0.5069,2024-01-09,Core,Seasonal,Classic,Sand,One Size,Oak,Better,1.9528,1.36
DEC0165,Aster Oak Vessel,Home Decor,Decorative Objects,Decorative Objects,Northstar Collection,V020,55.88,112.46,112.46,0.5031,2024-10-12,Core,Active,Artisan,Sand,Small,Brass,Best,0.7454,1.36
DEC0166,Cove Brass Object,Home Decor,Decorative Objects,Decorative Objects,Atelier Edit,V004,48.26,97.83,97.83,0.5067,2024-07-05,Core,Active,Classic,Charcoal,Large,Cotton,Best,1.9267,1.36
DEC0167,Avery Cotton Studio,Home Decor,Decorative Objects,Decorative Objects,Atelier Edit,V013,24.55,52.28,52.28,0.5305,2023-12-26,Core,Active,Minimal,Charcoal,Large,Linen,Better,1.3969,1.36
DEC0168,Arc Glass House,Home Decor,Decorative Objects,Decorative Objects,Northstar Collection,V017,31.37,65.23,65.23,0.519,2024-11-15,Core,Active,Artisan,Slate,Medium,Oak,Better,0.9861,1.36
DEC0169,Sable Ceramic Object,Home Decor,Decorative Objects,Decorative Objects,Atelier Edit,V008,45.33,88.32,88.32,0.4867,2023-07-19,Core,Active,Organic,Champagne,One Size,Wool,Best,0.9663,1.36
DEC0170,Sable Glass Collection,Home Decor,Decorative Objects,Decorative Objects,Foundry Home,V011,12.71,36.98,36.98,0.6562,2025-01-11,Core,Active,Minimal,Terracotta,Large,Oak,Good,1.3691,1.36
DEC0171,Vale Ceramic Series,Home Decor,Decorative Objects,Decorative Objects,Atelier Edit,V019,17.73,35.34,35.34,0.4984,2024-06-08,Core,Active,Modern,Sand,Medium,Linen,Good,0.8529,1.36
DEC0172,Avery Rattan House,Home Decor,Decorative Objects,Decorative Objects,Northstar Collection,V006,46.63,111.58,111.58,0.5821,2024-05-05,Core,Seasonal,Organic,Charcoal,Large,Linen,Best,1.1075,1.36
DEC0173,Sable Marble House,Home Decor,Decorative Objects,Decorative Objects,Maison Reserve,V013,33.15,75.81,53.07,0.5627,2024-02-15,Core,Exit,Minimal,Slate,Large,Rattan,Best,0.6852,1.36
DEC0174,Aster Brass House,Home Decor,Decorative Objects,Decorative Objects,Maison Reserve,V002,36.57,77.9,77.9,0.5305,2024-06-11,Core,Active,Organic,Espresso,One Size,Marble,Best,1.1551,1.36
DEC0175,Ridge Linen Series,Home Decor,Decorative Objects,Decorative Objects,Maison Reserve,V007,24.7,54.62,54.62,0.5478,2023-09-05,Core,Active,Modern,Oat,One Size,Wool,Better,0.5909,1.36
DEC0176,Sable Brass Form,Home Decor,Decorative Objects,Decorative Objects,Foundry Home,V013,19.03,37.68,37.68,0.495,2024-10-24,Core,Active,Artisan,Champagne,Medium,Brass,Good,0.5716,1.36
DEC0177,Ridge Glass House,Home Decor,Decorative Objects,Decorative Objects,Foundry Home,V020,17.47,35.22,35.22,0.5038,2024-06-14,Core,Seasonal,Minimal,Slate,One Size,Ceramic,Good,0.5376,1.36
DEC0178,Mira Brass Edit,Home Decor,Decorative Objects,Decorative Objects,Atelier Edit,V011,37.9,81.02,81.02,0.5322,2024-08-18,Core,Active,Modern,Natural,Large,Glass,Best,1.1291,1.36
DEC0179,Marlow Stone House,Home Decor,Decorative Objects,Decorative Objects,Maison Reserve,V015,40.3,78.02,78.02,0.4835,2024-01-20,Core,Active,Modern,Oat,Large,Oak,Best,0.4402,1.36
DEC0180,Vale Linen Atelier,Home Decor,Decorative Objects,Decorative Objects,Maison Reserve,V004,58.65,121.58,121.58,0.5176,2024-10-15,Core,Active,Modern,Natural,One Size,Ceramic,Best,0.7702,1.36
DEC0181,Noir Linen Atelier,Home Decor,Decorative Objects,Decorative Objects,Maison Reserve,V009,44.65,94.17,94.17,0.5258,2023-05-25,Core,Active,Classic,Ivory,One Size,Marble,Best,0.9219,1.36
DEC0182,Ridge Stone Series,Home Decor,Decorative Objects,Decorative Objects,Atelier Edit,V019,11.19,24.16,24.16,0.5369,2024-05-28,Core,Active,Organic,Champagne,Large,Oak,Good,1.875,1.36
DEC0183,Noir Stone Line,Home Decor,Decorative Objects,Decorative Objects,Foundry Home,V002,14.68,35.04,35.04,0.5811,2023-10-16,Core,Active,Classic,Terracotta,Small,Linen,Good,0.8809,1.36
DEC0184,Harbour Wool Atelier,Home Decor,Decorative Objects,Decorative Objects,Maison Reserve,V010,41.07,89.19,89.19,0.5395,2023-08-30,Core,Active,Organic,Charcoal,Small,Rattan,Best,0.9233,1.36
DEC0185,Ridge Ceramic Edit,Home Decor,Decorative Objects,Decorative Objects,Atelier Edit,V020,58.6,123.69,123.69,0.5263,2024-04-04,Core,Active,Minimal,Charcoal,Large,Oak,Best,0.8961,1.36
DEC0186,Noir Glass Line,Home Decor,Decorative Objects,Decorative Objects,Foundry Home,V006,15.56,37.52,37.52,0.5852,2024-10-13,Core,Active,Minimal,Ivory,One Size,Linen,Good,1.1638,1.36
DEC0187,Arc Stone Collection,Home Decor,Decorative Objects,Decorative Objects,Maison Reserve,V010,48.52,107.18,107.18,0.5473,2023-08-24,Core,Active,Organic,Ivory,Large,Ceramic,Best,0.8452,1.36
DEC0188,Noir Stone Collection,Home Decor,Decorative Objects,Decorative Objects,Foundry Home,V019,51.2,122.54,122.54,0.5822,2024-09-13,Core,Active,Artisan,Champagne,Large,Rattan,Best,0.8728,1.36
DEC0189,Luna Ceramic Edit,Home Decor,Decorative Objects,Decorative Objects,Northstar Collection,V006,51.81,106.46,106.46,0.5134,2024-12-30,Core,Active,Classic,Oat,Medium,Marble,Best,0.7887,1.36
DEC0190,Cove Rattan Vessel,Home Decor,Decorative Objects,Decorative Objects,Foundry Home,V015,19.3,43.79,43.79,0.5593,2023-09-14,Core,Active,Artisan,Champagne,One Size,Wool,Better,0.995,1.36
WAL0191,Avery Rattan Atelier,Home Decor,Wall Decor,Wall Decor,Northstar Collection,V002,61.6,125.01,125.01,0.5073,2023-06-25,Core,Active,Artisan,Slate,Large,Cotton,Best,0.9591,1.33
WAL0192,Luna Oak Object,Home Decor,Wall Decor,Wall Decor,Maison Reserve,V005,37.0,84.52,84.52,0.5623,2023-06-23,Core,Active,Classic,Natural,Large,Cotton,Best,0.4435,1.33
WAL0193,Luna Brass Edit,Home Decor,Wall Decor,Wall Decor,Maison Reserve,V013,36.26,80.45,80.45,0.5493,2024-10-07,Core,Active,Modern,Charcoal,Large,Glass,Best,1.2122,1.33
WAL0194,Harbour Rattan Collection,Home Decor,Wall Decor,Wall Decor,Maison Reserve,V020,31.94,63.07,63.07,0.4935,2023-12-03,Core,Active,Classic,Terracotta,One Size,Wool,Better,1.12,1.33
WAL0195,Harbour Linen Studio,Home Decor,Wall Decor,Wall Decor,Northstar Collection,V008,48.11,92.86,92.86,0.4819,2023-12-23,Core,Active,Modern,Slate,Small,Brass,Best,1.0976,1.33
WAL0196,Mira Cotton House,Home Decor,Wall Decor,Wall Decor,Atelier Edit,V015,50.27,120.42,120.42,0.5826,2024-02-07,Core,Active,Modern,Slate,Large,Cotton,Best,1.6508,1.33
WAL0197,Vale Ceramic Atelier,Home Decor,Wall Decor,Wall Decor,Atelier Edit,V001,27.23,63.59,63.59,0.5717,2024-05-22,Core,Seasonal,Minimal,Oat,Medium,Glass,Better,1.2721,1.33
WAL0198,Sable Rattan Series,Home Decor,Wall Decor,Wall Decor,Foundry Home,V011,65.33,159.66,159.66,0.5908,2024-10-09,Core,Active,Artisan,Espresso,One Size,Wool,Best,0.7649,1.33
WAL0199,Avery Rattan Collection,Home Decor,Wall Decor,Wall Decor,Northstar Collection,V014,52.92,111.11,111.11,0.5237,2024-01-31,Core,Active,Artisan,Slate,One Size,Marble,Best,0.9951,1.33
WAL0200,Sable Rattan Form,Home Decor,Wall Decor,Wall Decor,Atelier Edit,V005,21.89,48.99,48.99,0.5533,2024-05-21,Core,Active,Artisan,Terracotta,One Size,Wool,Better,1.3329,1.33
WAL0201,Cove Wool Object,Home Decor,Wall Decor,Wall Decor,Foundry Home,V012,28.64,61.68,61.68,0.5357,2024-02-29,Core,Active,Minimal,Charcoal,Large,Brass,Better,1.0509,1.33
WAL0202,Mira Rattan Form,Home Decor,Wall Decor,Wall Decor,Foundry Home,V019,60.91,142.91,142.91,0.5738,2023-11-19,Core,Active,Modern,Espresso,Small,Rattan,Best,0.7862,1.33
WAL0203,Arc Stone Series,Home Decor,Wall Decor,Wall Decor,Foundry Home,V003,14.65,30.32,30.32,0.5168,2024-11-04,Core,Active,Artisan,Charcoal,Small,Oak,Good,0.9515,1.33
WAL0204,Avery Brass Collection,Home Decor,Wall Decor,Wall Decor,Northstar Collection,V009,41.05,99.48,99.48,0.5873,2024-07-10,Core,Seasonal,Classic,Charcoal,Small,Linen,Best,0.5445,1.33
WAL0205,Vale Brass Object,Home Decor,Wall Decor,Wall Decor,Northstar Collection,V019,30.8,73.43,73.43,0.5806,2024-06-08,Core,Active,Classic,Charcoal,Medium,Brass,Best,0.735,1.33
WAL0206,Marlow Linen Object,Home Decor,Wall Decor,Wall Decor,Northstar Collection,V005,64.47,132.46,132.46,0.5133,2023-06-16,Core,Active,Modern,Terracotta,Small,Rattan,Best,0.7755,1.33
WAL0207,Sable Glass Vessel,Home Decor,Wall Decor,Wall Decor,Northstar Collection,V010,64.35,130.49,130.49,0.5069,2023-12-31,Core,Active,Organic,Champagne,Large,Marble,Best,1.9332,1.33
WAL0208,Avery Stone Studio,Home Decor,Wall Decor,Wall Decor,Atelier Edit,V017,48.55,99.34,99.34,0.5113,2023-06-02,Core,Active,Organic,Charcoal,One Size,Stone,Best,0.6076,1.33
WAL0209,Aster Rattan Atelier,Home Decor,Wall Decor,Wall Decor,Northstar Collection,V007,44.46,96.99,96.99,0.5416,2024-09-16,Core,Active,Classic,Espresso,Large,Glass,Best,1.169,1.33
WAL0210,Noir Marble Series,Home Decor,Wall Decor,Wall Decor,Maison Reserve,V015,66.42,151.34,151.34,0.5612,2023-09-17,Core,Active,Classic,Champagne,Small,Marble,Best,0.8689,1.33
WAL0211,Aster Stone Edit,Home Decor,Wall Decor,Wall Decor,Maison Reserve,V018,34.74,81.34,81.34,0.5729,2024-09-23,Core,Active,Organic,Charcoal,Medium,Stone,Best,0.4267,1.33
WAL0212,Cove Oak Line,Home Decor,Wall Decor,Wall Decor,Maison Reserve,V005,36.17,73.01,73.01,0.5046,2023-09-10,Core,Active,Classic,Natural,Medium,Marble,Best,0.8487,1.33
WAL0213,Avery Ceramic Atelier,Home Decor,Wall Decor,Wall Decor,Maison Reserve,V016,59.56,131.62,131.62,0.5475,2024-04-18,Core,Active,Classic,Charcoal,Medium,Ceramic,Best,0.9444,1.33
WAL0214,Aster Cotton Line,Home Decor,Wall Decor,Wall Decor,Atelier Edit,V019,31.86,60.47,60.47,0.473,2023-06-05,Core,Active,Classic,Champagne,One Size,Linen,Better,0.4863,1.33
WAL0215,Vale Marble Form,Home Decor,Wall Decor,Wall Decor,Atelier Edit,V008,40.31,106.1,106.1,0.6201,2023-05-24,Core,Active,Minimal,Espresso,Large,Glass,Best,0.8957,1.33
WAL0216,Luna Cotton Form,Home Decor,Wall Decor,Wall Decor,Northstar Collection,V016,72.71,154.58,154.58,0.5296,2024-02-17,Core,Active,Modern,Ivory,One Size,Glass,Best,0.6618,1.33
WAL0217,Aster Linen Form,Home Decor,Wall Decor,Wall Decor,Foundry Home,V020,60.89,131.52,131.52,0.537,2024-02-26,Core,Active,Classic,Slate,Small,Stone,Best,1.0678,1.33
WAL0218,Avery Brass Line,Home Decor,Wall Decor,Wall Decor,Maison Reserve,V007,53.14,117.97,117.97,0.5495,2024-10-10,Core,Active,Artisan,Oat,Medium,Marble,Best,0.5871,1.33
WAL0219,Arc Linen Collection,Home Decor,Wall Decor,Wall Decor,Foundry Home,V015,73.22,152.2,152.2,0.5189,2024-04-02,Core,Active,Organic,Sand,Small,Rattan,Best,1.1518,1.33
WAL0220,Vale Cotton House,Home Decor,Wall Decor,Wall Decor,Northstar Collection,V002,83.46,167.95,167.95,0.5031,2023-08-11,Core,Active,Classic,Natural,Medium,Cotton,Best,0.5341,1.33
WAL0221,Mira Glass Vessel,Home Decor,Wall Decor,Wall Decor,Atelier Edit,V010,47.0,96.93,96.93,0.5151,2023-05-24,Core,Active,Minimal,Slate,Medium,Oak,Best,0.8269,1.33
WAL0222,Vale Marble Edit,Home Decor,Wall Decor,Wall Decor,Maison Reserve,V015,42.56,99.9,99.9,0.574,2024-10-28,Core,Active,Classic,Espresso,Small,Marble,Best,0.6008,1.33
WAL0223,Mira Linen Form,Home Decor,Wall Decor,Wall Decor,Maison Reserve,V003,81.74,184.43,184.43,0.5568,2023-10-05,Core,Active,Artisan,Oat,One Size,Brass,Best,1.067,1.33
WAL0224,Avery Linen Collection,Home Decor,Wall Decor,Wall Decor,Maison Reserve,V012,44.34,94.88,94.88,0.5327,2024-06-20,Core,Active,Organic,Slate,Medium,Ceramic,Best,0.7183,1.33
WAL0225,Harbour Ceramic Atelier,Home Decor,Wall Decor,Wall Decor,Foundry Home,V016,81.22,160.27,160.27,0.4933,2023-12-31,Core,Active,Classic,Ivory,Medium,Oak,Best,0.6405,1.33
WAL0226,Aster Wool Series,Home Decor,Wall Decor,Wall Decor,Northstar Collection,V005,23.71,52.55,52.55,0.5488,2023-09-19,Core,Active,Minimal,Oat,Medium,Wool,Better,1.8556,1.33
WAL0227,Marlow Linen Line,Home Decor,Wall Decor,Wall Decor,Northstar Collection,V013,21.18,46.13,46.13,0.5409,2024-12-16,Core,Active,Organic,Natural,One Size,Glass,Better,0.8336,1.33
WAL0228,Marlow Rattan Collection,Home Decor,Wall Decor,Wall Decor,Foundry Home,V018,69.89,147.75,147.75,0.527,2024-07-26,Core,Active,Artisan,Ivory,Small,Glass,Best,1.3112,1.33
WAL0229,Sable Stone House,Home Decor,Wall Decor,Wall Decor,Atelier Edit,V006,27.89,51.16,51.16,0.4549,2024-02-20,Core,Active,Minimal,Ivory,Medium,Ceramic,Better,0.8523,1.33
WAL0230,Mira Wool Atelier,Home Decor,Wall Decor,Wall Decor,Atelier Edit,V014,55.16,126.67,88.67,0.5646,2024-10-07,Core,Exit,Modern,Ivory,Small,Oak,Best,0.4806,1.33
WAL0231,Aster Brass Edit,Home Decor,Wall Decor,Wall Decor,Atelier Edit,V020,66.03,141.67,141.67,0.5339,2023-12-22,Core,Active,Organic,Sand,Large,Glass,Best,1.0872,1.33
WAL0232,Arc Wool Vessel,Home Decor,Wall Decor,Wall Decor,Northstar Collection,V009,56.21,128.42,128.42,0.5623,2024-07-02,Core,Active,Classic,Oat,Large,Oak,Best,0.5474,1.33
WAL0233,Avery Stone Line,Home Decor,Wall Decor,Wall Decor,Northstar Collection,V016,84.94,180.94,180.94,0.5306,2024-03-08,Core,Active,Modern,Slate,Small,Rattan,Best,0.8912,1.33
WAL0234,Luna Stone Studio,Home Decor,Wall Decor,Wall Decor,Atelier Edit,V003,71.91,157.64,157.64,0.5439,2024-05-10,Core,Active,Classic,Slate,One Size,Linen,Best,0.7398,1.33
WAL0235,Cove Marble Series,Home Decor,Wall Decor,Wall Decor,Northstar Collection,V007,76.19,157.47,157.47,0.5162,2024-02-29,Core,Seasonal,Artisan,Natural,Small,Oak,Best,0.5086,1.33
WAL0236,Avery Brass Series,Home Decor,Wall Decor,Wall Decor,Atelier Edit,V017,24.94,50.25,50.25,0.5037,2023-06-17,Core,Active,Classic,Terracotta,Small,Brass,Better,0.5198,1.33
WAL0237,Vale Oak Collection,Home Decor,Wall Decor,Wall Decor,Maison Reserve,V004,40.82,95.89,95.89,0.5743,2024-08-12,Core,Active,Minimal,Espresso,Large,Stone,Best,1.1641,1.33
WAL0238,Noir Cotton Line,Home Decor,Wall Decor,Wall Decor,Atelier Edit,V007,69.9,160.31,160.31,0.564,2023-09-06,Core,Active,Minimal,Sage,Large,Rattan,Best,1.509,1.33
WAL0239,Mira Linen Line,Home Decor,Wall Decor,Wall Decor,Foundry Home,V015,46.63,98.43,98.43,0.5262,2023-06-24,Core,Active,Artisan,Natural,Small,Oak,Best,0.92,1.33
WAL0240,Mira Rattan Line,Home Decor,Wall Decor,Wall Decor,Maison Reserve,V005,57.84,125.89,125.89,0.5405,2024-06-05,Core,Active,Minimal,Charcoal,Small,Oak,Best,1.7035,1.33
WAL0241,Cove Brass Collection,Home Decor,Wall Decor,Wall Decor,Northstar Collection,V012,67.45,145.31,145.31,0.5358,2024-11-21,Core,Active,Organic,Espresso,Medium,Stone,Best,1.2295,1.33
WAL0242,Noir Wool Series,Home Decor,Wall Decor,Wall Decor,Northstar Collection,V017,25.57,62.75,62.75,0.5925,2024-08-22,Core,Active,Organic,Champagne,Large,Cotton,Better,0.9181,1.33
WAL0243,Harbour Stone Form,Home Decor,Wall Decor,Wall Decor,Foundry Home,V005,30.27,68.92,68.92,0.5608,2023-12-06,Core,Seasonal,Minimal,Ivory,One Size,Ceramic,Better,0.7293,1.33
WAL0244,Luna Marble Series,Home Decor,Wall Decor,Wall Decor,Atelier Edit,V013,55.74,114.52,114.52,0.5133,2023-08-08,Core,Active,Artisan,Ivory,Large,Glass,Best,1.0079,1.33
WAL0245,Vale Brass Line,Home Decor,Wall Decor,Wall Decor,Maison Reserve,V016,46.87,98.59,98.59,0.5246,2024-03-10,Core,Active,Minimal,Sage,Small,Wool,Best,0.4676,1.33
WAL0246,Marlow Marble Collection,Home Decor,Wall Decor,Wall Decor,Atelier Edit,V004,76.0,165.97,165.97,0.5421,2024-12-11,Core,Active,Modern,Natural,Small,Oak,Best,0.6271,1.33
WAL0247,Vale Brass Studio,Home Decor,Wall Decor,Wall Decor,Maison Reserve,V012,25.97,53.08,53.08,0.5106,2024-09-22,Core,Active,Minimal,Oat,One Size,Rattan,Better,0.5162,1.33
WAL0248,Mira Marble Line,Home Decor,Wall Decor,Wall Decor,Atelier Edit,V001,34.65,81.15,81.15,0.573,2024-07-01,Core,Active,Classic,Slate,Medium,Ceramic,Best,0.6395,1.33
WAL0249,Aster Rattan Form,Home Decor,Wall Decor,Wall Decor,Foundry Home,V004,52.36,129.36,129.36,0.5953,2024-08-02,Core,Active,Classic,Champagne,One Size,Brass,Best,0.6865,1.33
WAL0250,Arc Cotton Edit,Home Decor,Wall Decor,Wall Decor,Foundry Home,V014,34.34,66.43,66.43,0.4831,2024-08-07,Core,Seasonal,Artisan,Ivory,Large,Glass,Better,0.8292,1.33
WAL0251,Vale Linen Atelier,Home Decor,Wall Decor,Wall Decor,Atelier Edit,V019,37.36,71.52,71.52,0.4776,2023-12-05,Core,Active,Classic,Champagne,Small,Cotton,Best,0.7687,1.33
WAL0252,Luna Rattan Object,Home Decor,Wall Decor,Wall Decor,Foundry Home,V005,21.67,46.26,46.26,0.5316,2024-01-04,Core,Seasonal,Classic,Ivory,Medium,Glass,Better,1.8715,1.33
WAL0253,Arc Marble Studio,Home Decor,Wall Decor,Wall Decor,Atelier Edit,V014,67.94,142.14,142.14,0.522,2023-09-10,Core,Active,Organic,Natural,Small,Wool,Best,0.7027,1.33
WAL0254,Aster Rattan House,Home Decor,Wall Decor,Wall Decor,Foundry Home,V019,77.21,175.11,175.11,0.5591,2024-02-19,Core,Active,Minimal,Slate,One Size,Marble,Best,0.8507,1.33
WAL0255,Avery Rattan Form,Home Decor,Wall Decor,Wall Decor,Atelier Edit,V006,30.76,64.32,64.32,0.5217,2024-08-18,Core,Seasonal,Modern,Slate,Medium,Stone,Better,0.708,1.33
WAL0256,Mira Wool Series,Home Decor,Wall Decor,Wall Decor,Foundry Home,V013,24.73,58.34,58.34,0.576,2023-07-07,Core,Active,Organic,Charcoal,Large,Linen,Better,1.0834,1.33
WAL0257,Marlow Ceramic Series,Home Decor,Wall Decor,Wall Decor,Northstar Collection,V020,22.23,47.93,47.93,0.5363,2024-04-03,Core,Active,Organic,Natural,One Size,Oak,Better,0.3536,1.33
WAL0258,Vale Cotton Studio,Home Decor,Wall Decor,Wall Decor,Atelier Edit,V007,65.85,140.45,140.45,0.5312,2024-03-18,Core,Active,Minimal,Sage,Large,Ceramic,Best,0.885,1.33
WAL0259,Avery Linen Studio,Home Decor,Wall Decor,Wall Decor,Maison Reserve,V016,51.59,125.92,125.92,0.5903,2024-12-22,Core,Active,Classic,Champagne,One Size,Marble,Best,0.4748,1.33
WAL0260,Cove Ceramic Series,Home Decor,Wall Decor,Wall Decor,Maison Reserve,V001,25.57,53.83,37.68,0.525,2023-10-17,Core,Exit,Artisan,Sand,Large,Oak,Better,0.6808,1.33
WAL0261,Aster Rattan Studio,Home Decor,Wall Decor,Wall Decor,Northstar Collection,V010,62.33,122.23,122.23,0.49,2024-12-20,Core,Active,Modern,Charcoal,Large,Rattan,Best,1.0371,1.33
WAL0262,Aster Linen Form,Home Decor,Wall Decor,Wall Decor,Northstar Collection,V015,38.89,100.84,100.84,0.6143,2024-03-11,Core,Active,Organic,Espresso,Large,Linen,Best,1.501,1.33
WAL0263,Vale Oak House,Home Decor,Wall Decor,Wall Decor,Foundry Home,V003,33.1,72.31,72.31,0.5422,2024-04-08,Core,Active,Artisan,Oat,One Size,Wool,Best,0.7786,1.33
WAL0264,Sable Ceramic Line,Home Decor,Wall Decor,Wall Decor,Northstar Collection,V009,48.19,113.77,113.77,0.5764,2024-07-06,Core,Active,Minimal,Champagne,Medium,Wool,Best,0.3693,1.33
WAL0265,Vale Rattan Edit,Home Decor,Wall Decor,Wall Decor,Foundry Home,V017,67.29,137.14,137.14,0.5093,2023-07-15,Core,Active,Minimal,Terracotta,Small,Ceramic,Best,0.875,1.33
WAL0266,Cove Marble Form,Home Decor,Wall Decor,Wall Decor,Atelier Edit,V005,14.82,29.88,29.88,0.504,2024-04-18,Core,Active,Minimal,Oat,Large,Oak,Good,0.5194,1.33
WAL0267,Marlow Cotton Vessel,Home Decor,Wall Decor,Wall Decor,Atelier Edit,V010,44.15,94.59,94.59,0.5333,2023-12-15,Core,Active,Organic,Oat,Medium,Marble,Best,1.3337,1.33
WAL0268,Luna Oak Collection,Home Decor,Wall Decor,Wall Decor,Northstar Collection,V017,37.66,91.48,91.48,0.5883,2024-10-10,Core,Active,Artisan,Champagne,Large,Linen,Best,0.8249,1.33
WAL0269,Harbour Rattan Studio,Home Decor,Wall Decor,Wall Decor,Atelier Edit,V005,51.71,104.49,104.49,0.5051,2024-05-19,Core,Active,Modern,Terracotta,Medium,Rattan,Best,2.1269,1.33
WAL0270,Sable Glass Form,Home Decor,Wall Decor,Wall Decor,Maison Reserve,V012,65.21,166.04,166.04,0.6072,2024-09-25,Core,Active,Artisan,Sand,Small,Brass,Best,0.7352,1.33
WAL0271,Harbour Glass Edit,Home Decor,Wall Decor,Wall Decor,Maison Reserve,V020,59.17,126.46,126.46,0.5321,2024-03-09,Core,Active,Artisan,Champagne,Medium,Glass,Best,0.9513,1.33
WAL0272,Mira Ceramic Collection,Home Decor,Wall Decor,Wall Decor,Maison Reserve,V009,41.73,94.86,94.86,0.5601,2024-12-23,Core,Active,Organic,Champagne,Small,Brass,Best,1.14,1.33
WAL0273,Mira Ceramic Object,Home Decor,Wall Decor,Wall Decor,Maison Reserve,V014,66.33,172.15,172.15,0.6147,2023-08-19,Core,Active,Organic,Champagne,Medium,Linen,Best,0.9075,1.33
WAL0274,Cove Ceramic Vessel,Home Decor,Wall Decor,Wall Decor,Atelier Edit,V002,39.04,95.43,95.43,0.5909,2023-05-25,Core,Active,Organic,Oat,Medium,Ceramic,Best,0.3632,1.33
WAL0275,Noir Brass Edit,Home Decor,Wall Decor,Wall Decor,Northstar Collection,V009,54.58,120.28,120.28,0.5462,2023-08-29,Core,Seasonal,Organic,Espresso,One Size,Marble,Best,0.9434,1.33
WAL0276,Harbour Linen Object,Home Decor,Wall Decor,Wall Decor,Foundry Home,V013,40.41,95.7,95.7,0.5778,2024-12-03,Core,Active,Organic,Oat,Large,Oak,Best,0.5964,1.33
WAL0277,Arc Marble Object,Home Decor,Wall Decor,Wall Decor,Maison Reserve,V002,88.61,176.88,176.88,0.499,2023-12-18,Core,Active,Organic,Sand,Medium,Stone,Best,1.0162,1.33
WAL0278,Aster Rattan Object,Home Decor,Wall Decor,Wall Decor,Maison Reserve,V011,20.91,43.11,43.11,0.5151,2024-01-31,Core,Active,Artisan,Terracotta,Small,Linen,Better,0.6134,1.33
WAL0279,Harbour Rattan Edit,Home Decor,Wall Decor,Wall Decor,Foundry Home,V018,74.76,143.67,143.67,0.4797,2023-07-30,Core,Active,Classic,Sage,Large,Marble,Best,0.4166,1.33
WAL0280,Luna Oak Series,Home Decor,Wall Decor,Wall Decor,Northstar Collection,V005,24.9,50.09,35.06,0.5029,2024-04-14,Core,Exit,Classic,Sand,Large,Brass,Better,0.7632,1.33
WAL0281,Avery Marble Collection,Home Decor,Wall Decor,Wall Decor,Foundry Home,V010,53.11,106.74,106.74,0.5025,2024-12-02,Core,Active,Modern,Oat,Small,Glass,Best,2.1342,1.33
WAL0282,Sable Wool Studio,Home Decor,Wall Decor,Wall Decor,Foundry Home,V017,14.42,28.15,28.15,0.4877,2023-07-25,Core,Active,Artisan,Champagne,Large,Brass,Good,0.5839,1.33
WAL0283,Luna Brass Studio,Home Decor,Wall Decor,Wall Decor,Foundry Home,V003,10.21,30.61,30.61,0.6664,2024-10-07,Core,Active,Minimal,Charcoal,One Size,Wool,Good,1.4547,1.33
WAL0284,Avery Stone Series,Home Decor,Wall Decor,Wall Decor,Foundry Home,V010,64.07,122.59,122.59,0.4774,2024-05-15,Core,Active,Minimal,Natural,Medium,Wool,Best,0.7247,1.33
WAL0285,Ridge Marble Form,Home Decor,Wall Decor,Wall Decor,Northstar Collection,V017,81.79,167.52,167.52,0.5118,2024-04-03,Core,Active,Classic,Natural,One Size,Brass,Best,0.4247,1.33
WAL0286,Cove Wool Studio,Home Decor,Wall Decor,Wall Decor,Maison Reserve,V005,72.5,164.35,164.35,0.5589,2024-07-05,Core,Active,Artisan,Terracotta,Medium,Glass,Best,0.5795,1.33
WAL0287,Sable Oak Series,Home Decor,Wall Decor,Wall Decor,Atelier Edit,V010,57.5,133.16,133.16,0.5682,2023-11-24,Core,Active,Minimal,Oat,Medium,Rattan,Best,0.9128,1.33
WAL0288,Aster Stone Atelier,Home Decor,Wall Decor,Wall Decor,Atelier Edit,V019,17.71,37.94,37.94,0.5332,2024-10-06,Core,Active,Classic,Sage,One Size,Oak,Good,0.6908,1.33
WAL0289,Luna Glass Edit,Home Decor,Wall Decor,Wall Decor,Atelier Edit,V007,25.21,44.83,44.83,0.4377,2023-10-02,Core,Active,Artisan,Charcoal,Medium,Wool,Better,1.087,1.33
WAL0290,Sable Ceramic Vessel,Home Decor,Wall Decor,Wall Decor,Maison Reserve,V015,47.46,111.52,111.52,0.5744,2025-01-01,Core,Active,Modern,Sage,Large,Cotton,Best,0.763,1.33
WAL0291,Harbour Glass House,Home Decor,Wall Decor,Wall Decor,Atelier Edit,V019,42.87,83.67,83.67,0.4876,2024-08-01,Core,Active,Artisan,Ivory,One Size,Marble,Best,0.8027,1.33
WAL0292,Mira Ceramic Object,Home Decor,Wall Decor,Wall Decor,Northstar Collection,V008,18.82,39.1,39.1,0.5187,2024-06-20,Core,Active,Modern,Sage,Medium,Oak,Good,1.2461,1.33
WAL0293,Ridge Marble Object,Home Decor,Wall Decor,Wall Decor,Foundry Home,V013,58.52,143.56,143.56,0.5924,2023-08-28,Core,Active,Artisan,Sand,One Size,Rattan,Best,0.5774,1.33
WAL0294,Mira Linen Series,Home Decor,Wall Decor,Wall Decor,Maison Reserve,V001,61.82,124.37,124.37,0.5029,2024-04-01,Core,Seasonal,Modern,Sage,One Size,Marble,Best,0.5074,1.33
WAL0295,Mira Glass Vessel,Home Decor,Wall Decor,Wall Decor,Atelier Edit,V008,45.0,87.15,87.15,0.4837,2024-07-26,Core,Seasonal,Organic,Espresso,Medium,Linen,Best,0.9659,1.33
WAL0296,Aster Rattan Form,Home Decor,Wall Decor,Wall Decor,Northstar Collection,V017,33.44,76.43,76.43,0.5625,2024-10-11,Core,Active,Minimal,Champagne,One Size,Linen,Best,0.6451,1.33
WAL0297,Vale Oak Form,Home Decor,Wall Decor,Wall Decor,Northstar Collection,V001,70.43,155.15,155.15,0.546,2024-01-28,Core,Active,Minimal,Charcoal,Large,Ceramic,Best,0.6814,1.33
WAL0298,Vale Cotton House,Home Decor,Wall Decor,Wall Decor,Foundry Home,V008,34.3,83.89,83.89,0.5911,2024-08-07,Core,Active,Organic,Ivory,Large,Brass,Best,0.9927,1.33
WAL0299,Sable Brass Edit,Home Decor,Wall Decor,Wall Decor,Atelier Edit,V017,43.13,87.72,87.72,0.5084,2024-03-13,Core,Active,Modern,Terracotta,Small,Oak,Best,1.014,1.33
WAL0300,Marlow Marble Vessel,Home Decor,Wall Decor,Wall Decor,Atelier Edit,V001,45.39,104.93,104.93,0.5674,2024-05-29,Core,Seasonal,Classic,Slate,Small,Ceramic,Best,0.675,1.33
WAL0301,Vale Stone Object,Home Decor,Wall Decor,Wall Decor,Atelier Edit,V011,25.67,71.92,71.92,0.643,2024-12-15,Core,Active,Classic,Natural,One Size,Rattan,Best,0.6496,1.33
WAL0302,Avery Stone Atelier,Home Decor,Wall Decor,Wall Decor,Northstar Collection,V019,52.96,130.45,130.45,0.594,2025-01-11,Core,Active,Minimal,Sage,Small,Stone,Best,0.704,1.33
WAL0303,Sable Linen House,Home Decor,Wall Decor,Wall Decor,Foundry Home,V006,32.31,68.11,68.11,0.5256,2024-06-12,Core,Active,Modern,Champagne,Medium,Wool,Better,2.3466,1.33
WAL0304,Aster Rattan Object,Home Decor,Wall Decor,Wall Decor,Northstar Collection,V013,64.7,149.26,149.26,0.5665,2023-10-14,Core,Seasonal,Organic,Sand,Medium,Glass,Best,0.7555,1.33
WAL0305,Harbour Rattan Line,Home Decor,Wall Decor,Wall Decor,Atelier Edit,V019,17.55,36.07,36.07,0.5136,2023-09-17,Core,Active,Minimal,Oat,One Size,Glass,Good,1.4269,1.33
WAL0306,Cove Glass Edit,Home Decor,Wall Decor,Wall Decor,Northstar Collection,V004,54.39,114.12,114.12,0.5234,2024-08-17,Core,Active,Organic,Natural,Small,Stone,Best,0.5328,1.33
WAL0307,Avery Ceramic House,Home Decor,Wall Decor,Wall Decor,Atelier Edit,V010,34.4,74.79,74.79,0.54,2024-01-08,Core,Active,Minimal,Slate,Large,Glass,Best,1.2454,1.33
WAL0308,Arc Rattan House,Home Decor,Wall Decor,Wall Decor,Foundry Home,V001,69.69,184.26,184.26,0.6218,2024-04-16,Core,Active,Modern,Oat,Medium,Cotton,Best,4.1861,1.33
WAL0309,Ridge Glass Vessel,Home Decor,Wall Decor,Wall Decor,Northstar Collection,V007,37.25,75.8,75.8,0.5085,2024-08-29,Core,Active,Modern,Espresso,One Size,Ceramic,Best,0.4122,1.33
WAL0310,Mira Oak Atelier,Home Decor,Wall Decor,Wall Decor,Northstar Collection,V011,65.14,158.3,158.3,0.5885,2024-08-31,Core,Active,Modern,Terracotta,Small,Marble,Best,0.3261,1.33
WAL0311,Marlow Glass Collection,Home Decor,Wall Decor,Wall Decor,Foundry Home,V020,48.73,106.49,106.49,0.5424,2023-06-08,Core,Active,Organic,Sand,Medium,Ceramic,Best,0.7229,1.33
WAL0312,Harbour Rattan Studio,Home Decor,Wall Decor,Wall Decor,Maison Reserve,V008,27.17,84.92,84.92,0.68,2023-10-15,Core,Active,Modern,Natural,One Size,Cotton,Best,1.2522,1.33
WAL0313,Sable Brass Atelier,Home Decor,Wall Decor,Wall Decor,Maison Reserve,V013,55.67,127.92,127.92,0.5648,2024-03-16,Core,Seasonal,Artisan,Sand,Medium,Ceramic,Best,0.8425,1.33
WAL0314,Aster Brass Studio,Home Decor,Wall Decor,Wall Decor,Northstar Collection,V003,79.9,174.52,174.52,0.5422,2024-02-12,Core,Active,Organic,Champagne,Small,Ceramic,Best,0.6512,1.33
WAL0315,Mira Wool Studio,Home Decor,Wall Decor,Wall Decor,Maison Reserve,V007,53.4,109.73,109.73,0.5134,2024-07-28,Core,Active,Modern,Slate,Medium,Glass,Best,0.6353,1.33
WAL0316,Mira Ceramic Vessel,Home Decor,Wall Decor,Wall Decor,Maison Reserve,V013,65.78,142.24,142.24,0.5376,2024-12-28,Core,Active,Modern,Sand,One Size,Brass,Best,0.8114,1.33
WAL0317,Noir Stone Atelier,Home Decor,Wall Decor,Wall Decor,Foundry Home,V002,93.68,169.62,169.62,0.4477,2023-05-28,Core,Active,Classic,Slate,Large,Rattan,Best,0.8844,1.33
WAL0318,Avery Cotton Line,Home Decor,Wall Decor,Wall Decor,Atelier Edit,V007,31.16,72.75,72.75,0.5717,2023-06-15,Core,Active,Modern,Slate,Medium,Glass,Best,1.117,1.33
WAL0319,Noir Oak Object,Home Decor,Wall Decor,Wall Decor,Foundry Home,V014,17.81,39.09,39.09,0.5445,2024-04-20,Core,Active,Classic,Terracotta,One Size,Brass,Good,0.5282,1.33
WAL0320,Mira Marble Vessel,Home Decor,Wall Decor,Wall Decor,Maison Reserve,V004,39.86,82.62,82.62,0.5176,2024-09-17,Core,Active,Artisan,Espresso,Large,Wool,Best,0.3863,1.33
WAL0321,Mira Cotton Collection,Home Decor,Wall Decor,Wall Decor,Maison Reserve,V011,18.98,43.37,43.37,0.5623,2023-11-29,Core,Active,Organic,Charcoal,Small,Marble,Better,1.4156,1.33
WAL0322,Cove Rattan Line,Home Decor,Wall Decor,Wall Decor,Maison Reserve,V017,36.12,74.49,74.49,0.5151,2023-11-20,Core,Active,Organic,Slate,Medium,Marble,Best,1.0436,1.33
WAL0323,Vale Brass Line,Home Decor,Wall Decor,Wall Decor,Foundry Home,V006,16.33,32.99,32.99,0.505,2023-08-31,Core,Active,Artisan,Champagne,Small,Oak,Good,0.3472,1.33
WAL0324,Ridge Rattan Studio,Home Decor,Wall Decor,Wall Decor,Foundry Home,V012,72.01,173.29,173.29,0.5845,2024-12-20,Core,Active,Modern,Champagne,Small,Oak,Best,1.1185,1.33
WAL0325,Luna Oak Atelier,Home Decor,Wall Decor,Wall Decor,Northstar Collection,V020,15.52,30.67,30.67,0.494,2024-01-11,Core,Active,Organic,Natural,One Size,Brass,Good,0.5125,1.33
WAL0326,Marlow Oak Studio,Home Decor,Wall Decor,Wall Decor,Foundry Home,V003,66.91,131.17,131.17,0.4899,2024-05-11,Core,Active,Classic,Natural,Medium,Ceramic,Best,1.0286,1.33
WAL0327,Ridge Oak Atelier,Home Decor,Wall Decor,Wall Decor,Maison Reserve,V013,68.04,162.53,162.53,0.5814,2023-06-16,Core,Active,Organic,Slate,One Size,Stone,Best,1.185,1.33
WAL0328,Mira Linen Studio,Home Decor,Wall Decor,Wall Decor,Maison Reserve,V020,68.13,154.54,154.54,0.5591,2023-12-30,Core,Active,Minimal,Natural,Large,Glass,Best,1.2516,1.33
WAL0329,Vale Marble Vessel,Home Decor,Wall Decor,Wall Decor,Maison Reserve,V004,62.88,143.1,100.17,0.5606,2023-08-22,Core,Exit,Modern,Natural,Small,Cotton,Best,0.7404,1.33
WAL0330,Luna Stone Series,Home Decor,Wall Decor,Wall Decor,Northstar Collection,V013,16.85,36.35,36.35,0.5366,2023-10-30,Core,Active,Modern,Charcoal,Large,Ceramic,Good,0.7535,1.33
WAL0331,Cove Oak Series,Home Decor,Wall Decor,Wall Decor,Foundry Home,V019,33.96,72.67,72.67,0.5327,2024-01-22,Core,Active,Classic,Sand,Large,Marble,Best,0.4916,1.33
WAL0332,Avery Oak Object,Home Decor,Wall Decor,Wall Decor,Maison Reserve,V009,21.24,46.12,46.12,0.5395,2024-10-24,Core,Active,Minimal,Ivory,Large,Marble,Better,0.6535,1.33
WAL0333,Mira Ceramic Atelier,Home Decor,Wall Decor,Wall Decor,Foundry Home,V013,52.81,123.28,123.28,0.5716,2023-07-09,Core,Active,Modern,Ivory,Small,Brass,Best,0.4611,1.33
WAL0334,Mira Rattan Collection,Home Decor,Wall Decor,Wall Decor,Atelier Edit,V020,23.85,51.23,51.23,0.5345,2024-12-19,Core,Active,Organic,Charcoal,One Size,Cotton,Better,0.4762,1.33
WAL0335,Avery Cotton Form,Home Decor,Wall Decor,Wall Decor,Foundry Home,V008,46.53,108.84,108.84,0.5725,2024-11-27,Core,Active,Modern,Sand,Small,Marble,Best,0.363,1.33
WAL0336,Aster Linen Edit,Home Decor,Wall Decor,Wall Decor,Foundry Home,V015,42.98,83.63,83.63,0.4861,2023-07-19,Core,Seasonal,Organic,Espresso,Small,Wool,Best,0.894,1.33
WAL0337,Luna Brass Vessel,Home Decor,Wall Decor,Wall Decor,Atelier Edit,V002,48.96,102.83,102.83,0.5238,2024-10-07,Core,Active,Minimal,Natural,Small,Glass,Best,0.6988,1.33
WAL0338,Ridge Stone Object,Home Decor,Wall Decor,Wall Decor,Northstar Collection,V010,56.66,139.04,139.04,0.5925,2025-01-10,Core,Active,Artisan,Charcoal,Small,Stone,Best,1.9168,1.33
WAL0339,Aster Glass Atelier,Home Decor,Wall Decor,Wall Decor,Atelier Edit,V018,46.09,109.65,76.75,0.5797,2024-01-27,Core,Exit,Modern,Terracotta,Small,Marble,Best,0.5736,1.33
WAL0340,Mira Rattan Studio,Home Decor,Wall Decor,Wall Decor,Northstar Collection,V005,18.13,36.86,36.86,0.5082,2024-08-18,Core,Active,Minimal,Champagne,One Size,Ceramic,Good,1.3912,1.33
WAL0341,Aster Rattan Series,Home Decor,Wall Decor,Wall Decor,Maison Reserve,V009,13.52,30.99,30.99,0.5637,2023-09-06,Core,Active,Modern,Ivory,Large,Stone,Good,0.9238,1.33
WAL0342,Noir Cotton Collection,Home Decor,Wall Decor,Wall Decor,Maison Reserve,V016,18.7,43.53,43.53,0.5704,2024-03-30,Core,Active,Artisan,Terracotta,Medium,Glass,Better,0.9384,1.33
WAL0343,Sable Glass Atelier,Home Decor,Wall Decor,Wall Decor,Atelier Edit,V006,58.42,128.11,128.11,0.544,2024-02-11,Core,Active,Organic,Charcoal,Small,Cotton,Best,0.6336,1.33
WAL0344,Arc Oak Collection,Home Decor,Wall Decor,Wall Decor,Maison Reserve,V013,43.09,81.8,81.8,0.4732,2024-10-14,Core,Active,Minimal,Slate,Large,Brass,Best,0.5945,1.33
WAL0345,Noir Oak Atelier,Home Decor,Wall Decor,Wall Decor,Foundry Home,V016,97.15,185.64,185.64,0.4767,2024-03-26,Core,Active,Classic,Sand,Large,Wool,Best,0.9835,1.33
WAL0346,Vale Glass Form,Home Decor,Wall Decor,Wall Decor,Maison Reserve,V004,37.77,90.39,90.39,0.5821,2024-12-12,Core,Active,Organic,Slate,Small,Rattan,Best,0.641,1.33
WAL0347,Aster Glass Studio,Home Decor,Wall Decor,Wall Decor,Maison Reserve,V014,50.34,106.09,106.09,0.5255,2023-08-20,Core,Active,Artisan,Ivory,Small,Wool,Best,0.4453,1.33
WAL0348,Noir Stone House,Home Decor,Wall Decor,Wall Decor,Maison Reserve,V001,84.6,158.73,158.73,0.467,2024-10-09,Core,Active,Modern,Terracotta,Large,Marble,Best,0.7747,1.33
WAL0349,Luna Linen Line,Home Decor,Wall Decor,Wall Decor,Maison Reserve,V008,68.56,161.02,161.02,0.5742,2023-09-28,Core,Active,Artisan,Champagne,Small,Brass,Best,1.0792,1.33
WAL0350,Harbour Oak Atelier,Home Decor,Wall Decor,Wall Decor,Foundry Home,V014,31.33,76.5,76.5,0.5904,2024-08-18,Core,Seasonal,Modern,Terracotta,Large,Ceramic,Best,1.2511,1.33
MIR0351,Arc Rattan Object,Home Decor,Mirrors,Mirrors,Northstar Collection,V002,53.65,132.32,132.32,0.5946,2024-05-24,Core,Active,Modern,Sage,Small,Linen,Best,0.4817,1.3
MIR0352,Sable Rattan Object,Home Decor,Mirrors,Mirrors,Atelier Edit,V007,58.04,116.83,116.83,0.5032,2024-07-12,Core,Active,Minimal,Ivory,Medium,Brass,Best,1.2902,1.3
MIR0353,Ridge Rattan Collection,Home Decor,Mirrors,Mirrors,Northstar Collection,V014,72.88,151.28,151.28,0.5182,2023-11-04,Core,Active,Artisan,Slate,Medium,Linen,Best,1.3902,1.3
MIR0354,Avery Stone Line,Home Decor,Mirrors,Mirrors,Maison Reserve,V001,26.71,56.87,56.87,0.5303,2024-05-24,Core,Active,Minimal,Oat,One Size,Glass,Better,1.1243,1.3
MIR0355,Noir Wool Studio,Home Decor,Mirrors,Mirrors,Maison Reserve,V006,45.77,93.3,93.3,0.5094,2023-09-10,Core,Active,Modern,Natural,Medium,Oak,Best,1.0202,1.3
MIR0356,Cove Linen Atelier,Home Decor,Mirrors,Mirrors,Maison Reserve,V013,62.79,118.9,118.9,0.4719,2024-12-21,Core,Active,Minimal,Natural,Large,Stone,Best,0.634,1.3
MIR0357,Noir Brass Line,Home Decor,Mirrors,Mirrors,Foundry Home,V001,31.02,74.68,74.68,0.5846,2024-09-10,Core,Active,Organic,Espresso,One Size,Cotton,Best,0.7486,1.3
MIR0358,Sable Brass Object,Home Decor,Mirrors,Mirrors,Northstar Collection,V007,90.9,230.01,230.01,0.6048,2024-08-30,Core,Active,Classic,Champagne,Large,Wool,Best,1.0505,1.3
MIR0359,Sable Glass Object,Home Decor,Mirrors,Mirrors,Northstar Collection,V017,66.56,144.67,144.67,0.5399,2023-12-26,Core,Active,Modern,Natural,Large,Brass,Best,0.4092,1.3
MIR0360,Luna Marble Vessel,Home Decor,Mirrors,Mirrors,Foundry Home,V005,67.66,152.38,152.38,0.556,2023-08-26,Core,Seasonal,Artisan,Charcoal,Medium,Stone,Best,0.5769,1.3
MIR0361,Mira Marble Object,Home Decor,Mirrors,Mirrors,Foundry Home,V011,103.66,240.52,240.52,0.569,2024-09-18,Core,Active,Minimal,Sage,Medium,Cotton,Best,0.6422,1.3
MIR0362,Vale Rattan Series,Home Decor,Mirrors,Mirrors,Maison Reserve,V019,93.11,228.42,228.42,0.5924,2024-05-11,Core,Active,Modern,Oat,Large,Oak,Best,0.6163,1.3
MIR0363,Ridge Oak Object,Home Decor,Mirrors,Mirrors,Maison Reserve,V005,44.56,99.14,99.14,0.5505,2024-01-20,Core,Seasonal,Classic,Sand,Small,Ceramic,Best,0.9957,1.3
MIR0364,Arc Glass House,Home Decor,Mirrors,Mirrors,Foundry Home,V012,88.39,177.77,177.77,0.5028,2023-08-06,Core,Active,Modern,Oat,Small,Cotton,Best,0.4648,1.3
MIR0365,Ridge Cotton Atelier,Home Decor,Mirrors,Mirrors,Maison Reserve,V020,50.38,134.36,134.36,0.625,2024-10-09,Core,Active,Organic,Natural,Small,Rattan,Best,0.7432,1.3
MIR0366,Cove Brass Atelier,Home Decor,Mirrors,Mirrors,Maison Reserve,V003,79.53,180.0,180.0,0.5582,2023-12-29,Core,Active,Modern,Ivory,Medium,Stone,Best,0.429,1.3
MIR0367,Avery Cotton Vessel,Home Decor,Mirrors,Mirrors,Atelier Edit,V014,47.48,101.05,101.05,0.5302,2024-03-12,Core,Active,Artisan,Ivory,Medium,Ceramic,Best,0.736,1.3
MIR0368,Aster Stone Series,Home Decor,Mirrors,Mirrors,Maison Reserve,V001,41.22,81.98,81.98,0.4972,2024-09-10,Core,Active,Minimal,Champagne,Medium,Stone,Best,0.5277,1.3
MIR0369,Arc Rattan House,Home Decor,Mirrors,Mirrors,Maison Reserve,V004,36.35,84.66,84.66,0.5707,2024-02-28,Core,Active,Minimal,Ivory,Medium,Brass,Best,0.8508,1.3
MIR0370,Marlow Stone House,Home Decor,Mirrors,Mirrors,Atelier Edit,V012,46.7,85.18,85.18,0.4517,2024-05-29,Core,Active,Organic,Charcoal,Small,Rattan,Best,0.7311,1.3
MIR0371,Arc Ceramic Studio,Home Decor,Mirrors,Mirrors,Northstar Collection,V001,110.26,200.13,200.13,0.4491,2024-01-10,Core,Active,Classic,Champagne,Small,Marble,Best,0.7256,1.3
MIR0372,Noir Brass Atelier,Home Decor,Mirrors,Mirrors,Northstar Collection,V005,103.61,236.85,236.85,0.5626,2024-08-04,Core,Active,Minimal,Espresso,Large,Wool,Best,0.6318,1.3
MIR0373,Aster Oak House,Home Decor,Mirrors,Mirrors,Foundry Home,V015,76.45,147.98,147.98,0.4834,2024-06-08,Core,Active,Organic,Terracotta,Small,Wool,Best,0.4622,1.3
MIR0374,Cove Stone Collection,Home Decor,Mirrors,Mirrors,Foundry Home,V020,78.67,159.2,159.2,0.5058,2023-08-03,Core,Active,Artisan,Sand,One Size,Rattan,Best,0.25,1.3
MIR0375,Noir Rattan Line,Home Decor,Mirrors,Mirrors,Foundry Home,V009,67.55,142.01,142.01,0.5243,2024-05-09,Core,Seasonal,Organic,Champagne,Medium,Glass,Best,0.8023,1.3
MIR0376,Ridge Cotton Collection,Home Decor,Mirrors,Mirrors,Maison Reserve,V013,62.12,128.87,128.87,0.518,2024-07-27,Core,Seasonal,Minimal,Ivory,Medium,Ceramic,Best,0.6743,1.3
MIR0377,Arc Oak Atelier,Home Decor,Mirrors,Mirrors,Northstar Collection,V004,88.28,195.43,195.43,0.5483,2023-10-15,Core,Active,Minimal,Sand,Small,Wool,Best,0.6597,1.3
MIR0378,Arc Glass Studio,Home Decor,Mirrors,Mirrors,Atelier Edit,V011,52.6,121.12,121.12,0.5657,2023-11-09,Core,Seasonal,Minimal,Sand,Large,Wool,Best,0.6088,1.3
MIR0379,Ridge Linen Atelier,Home Decor,Mirrors,Mirrors,Maison Reserve,V014,87.55,207.19,207.19,0.5774,2023-09-12,Core,Active,Modern,Ivory,Large,Wool,Best,0.3178,1.3
MIR0380,Luna Stone Form,Home Decor,Mirrors,Mirrors,Foundry Home,V005,123.64,246.83,246.83,0.4991,2024-01-15,Core,Active,Artisan,Sage,Large,Oak,Best,0.767,1.3
MIR0381,Sable Glass Studio,Home Decor,Mirrors,Mirrors,Maison Reserve,V012,51.19,119.84,119.84,0.5729,2023-12-05,Core,Seasonal,Organic,Sage,Small,Brass,Best,0.7411,1.3
MIR0382,Marlow Rattan Studio,Home Decor,Mirrors,Mirrors,Northstar Collection,V018,64.9,158.02,158.02,0.5893,2024-07-06,Core,Active,Classic,Sand,Large,Marble,Best,0.6554,1.3
MIR0383,Mira Rattan Line,Home Decor,Mirrors,Mirrors,Maison Reserve,V005,33.02,65.24,65.24,0.4939,2023-08-24,Core,Active,Modern,Sage,Medium,Glass,Better,0.7753,1.3
MIR0384,Harbour Brass Form,Home Decor,Mirrors,Mirrors,Atelier Edit,V009,39.56,77.63,77.63,0.4905,2023-08-14,Core,Active,Minimal,Ivory,Small,Linen,Best,1.0285,1.3
MIR0385,Luna Wool Series,Home Decor,Mirrors,Mirrors,Maison Reserve,V017,24.62,60.74,60.74,0.5946,2024-01-01,Core,Active,Classic,Sand,Large,Marble,Better,0.288,1.3
MIR0386,Ridge Cotton Collection,Home Decor,Mirrors,Mirrors,Foundry Home,V004,97.62,176.79,176.79,0.4478,2023-05-24,Core,Active,Classic,Sage,Large,Marble,Best,0.7548,1.3
MIR0387,Arc Wool Collection,Home Decor,Mirrors,Mirrors,Foundry Home,V011,86.06,196.78,196.78,0.5626,2024-10-26,Core,Active,Classic,Ivory,Large,Rattan,Best,1.462,1.3
MIR0388,Avery Wool Line,Home Decor,Mirrors,Mirrors,Maison Reserve,V017,112.9,246.59,246.59,0.5421,2024-11-12,Core,Active,Organic,Oat,Large,Rattan,Best,0.6792,1.3
MIR0389,Mira Oak Collection,Home Decor,Mirrors,Mirrors,Maison Reserve,V008,28.94,64.57,64.57,0.5518,2023-06-13,Core,Active,Modern,Terracotta,One Size,Cotton,Better,1.3725,1.3
MIR0390,Harbour Oak Series,Home Decor,Mirrors,Mirrors,Foundry Home,V013,92.59,204.98,204.98,0.5483,2023-11-18,Core,Active,Classic,Natural,Large,Linen,Best,1.2081,1.3
MIR0391,Ridge Marble Vessel,Home Decor,Mirrors,Mirrors,Maison Reserve,V002,115.27,258.92,258.92,0.5548,2023-08-25,Core,Active,Classic,Espresso,One Size,Ceramic,Best,1.1588,1.3
MIR0392,Cove Stone Form,Home Decor,Mirrors,Mirrors,Foundry Home,V006,25.85,76.79,76.79,0.6634,2024-10-24,Core,Active,Minimal,Charcoal,Large,Glass,Best,0.7076,1.3
MIR0393,Harbour Stone Series,Home Decor,Mirrors,Mirrors,Northstar Collection,V012,69.78,147.92,147.92,0.5283,2024-03-13,Core,Seasonal,Minimal,Slate,Medium,Marble,Best,0.6266,1.3
MIR0394,Mira Rattan Form,Home Decor,Mirrors,Mirrors,Foundry Home,V003,89.91,201.91,201.91,0.5547,2024-12-23,Core,Seasonal,Modern,Slate,Medium,Marble,Best,0.8356,1.3
MIR0395,Mira Glass Edit,Home Decor,Mirrors,Mirrors,Maison Reserve,V008,85.49,206.63,206.63,0.5863,2024-02-06,Core,Active,Artisan,Oat,One Size,Brass,Best,1.1567,1.3
MIR0396,Sable Glass House,Home Decor,Mirrors,Mirrors,Northstar Collection,V016,58.29,140.24,140.24,0.5843,2023-09-29,Core,Active,Classic,Natural,One Size,Glass,Best,1.0231,1.3
MIR0397,Harbour Glass Form,Home Decor,Mirrors,Mirrors,Atelier Edit,V002,51.45,98.66,98.66,0.4785,2023-10-07,Core,Active,Organic,Natural,Medium,Rattan,Best,0.423,1.3
MIR0398,Luna Marble Collection,Home Decor,Mirrors,Mirrors,Maison Reserve,V009,92.59,190.66,190.66,0.5144,2024-03-30,Core,Active,Classic,Sand,Large,Marble,Best,0.6006,1.3
MIR0399,Cove Cotton Edit,Home Decor,Mirrors,Mirrors,Atelier Edit,V016,91.94,213.6,213.6,0.5696,2024-01-05,Core,Active,Modern,Sage,Large,Rattan,Best,1.1517,1.3
MIR0400,Vale Cotton Object,Home Decor,Mirrors,Mirrors,Atelier Edit,V005,127.69,220.99,220.99,0.4222,2023-07-07,Core,Active,Classic,Terracotta,Medium,Oak,Best,0.5095,1.3
MIR0401,Mira Oak Edit,Home Decor,Mirrors,Mirrors,Northstar Collection,V009,37.16,79.36,79.36,0.5318,2024-01-14,Core,Active,Artisan,Sage,Small,Marble,Best,0.6567,1.3
MIR0402,Sable Ceramic Atelier,Home Decor,Mirrors,Mirrors,Atelier Edit,V018,76.62,167.86,117.5,0.5435,2023-11-01,Core,Exit,Classic,Espresso,Medium,Oak,Best,0.3172,1.3
MIR0403,Luna Marble Vessel,Home Decor,Mirrors,Mirrors,Foundry Home,V006,50.09,108.07,108.07,0.5365,2023-11-01,Core,Active,Modern,Sand,Small,Cotton,Best,0.6417,1.3
MIR0404,Marlow Oak Form,Home Decor,Mirrors,Mirrors,Foundry Home,V009,38.68,79.8,79.8,0.5153,2024-07-19,Core,Active,Artisan,Espresso,One Size,Rattan,Best,0.899,1.3
MIR0405,Mira Wool Atelier,Home Decor,Mirrors,Mirrors,Maison Reserve,V016,26.31,54.32,54.32,0.5157,2023-09-28,Core,Active,Organic,Sand,Medium,Rattan,Better,0.5445,1.3
MIR0406,Mira Ceramic Line,Home Decor,Mirrors,Mirrors,Northstar Collection,V003,38.28,88.52,88.52,0.5676,2023-10-29,Core,Active,Modern,Natural,Medium,Linen,Best,0.8341,1.3
MIR0407,Mira Glass Form,Home Decor,Mirrors,Mirrors,Foundry Home,V012,32.79,58.25,58.25,0.437,2024-09-26,Core,Active,Artisan,Slate,One Size,Brass,Better,0.9895,1.3
MIR0408,Aster Ceramic Form,Home Decor,Mirrors,Mirrors,Maison Reserve,V001,38.92,85.86,85.86,0.5467,2023-07-17,Core,Active,Classic,Slate,One Size,Brass,Best,0.2409,1.3
MIR0409,Vale Linen Edit,Home Decor,Mirrors,Mirrors,Foundry Home,V005,23.95,58.65,58.65,0.5916,2023-12-16,Core,Active,Classic,Charcoal,Small,Glass,Better,0.8052,1.3
MIR0410,Cove Glass Form,Home Decor,Mirrors,Mirrors,Maison Reserve,V011,76.04,155.84,155.84,0.5121,2024-01-03,Core,Active,Organic,Terracotta,Medium,Stone,Best,1.4402,1.3
MIR0411,Cove Rattan Edit,Home Decor,Mirrors,Mirrors,Northstar Collection,V019,84.73,200.9,200.9,0.5783,2024-02-24,Core,Seasonal,Artisan,Slate,One Size,Stone,Best,0.7011,1.3
MIR0412,Noir Linen Line,Home Decor,Mirrors,Mirrors,Foundry Home,V007,120.61,233.31,233.31,0.4831,2024-05-30,Core,Active,Artisan,Champagne,Large,Wool,Best,1.9508,1.3
MIR0413,Cove Marble Collection,Home Decor,Mirrors,Mirrors,Maison Reserve,V016,127.13,251.03,251.03,0.4936,2024-05-15,Core,Active,Artisan,Oat,One Size,Linen,Best,0.882,1.3
MIR0414,Mira Ceramic Object,Home Decor,Mirrors,Mirrors,Atelier Edit,V001,121.25,237.33,237.33,0.4891,2024-07-23,Core,Active,Minimal,Natural,Small,Linen,Best,0.8044,1.3
MIR0415,Vale Stone Object,Home Decor,Mirrors,Mirrors,Northstar Collection,V008,58.6,109.24,109.24,0.4636,2023-08-01,Core,Active,Modern,Natural,One Size,Oak,Best,1.2606,1.3
MIR0416,Harbour Glass Vessel,Home Decor,Mirrors,Mirrors,Atelier Edit,V013,91.17,230.49,230.49,0.6044,2024-11-15,Core,Active,Minimal,Slate,Large,Linen,Best,0.8716,1.3
MIR0417,Harbour Brass House,Home Decor,Mirrors,Mirrors,Northstar Collection,V004,73.5,179.33,179.33,0.5901,2023-08-28,Core,Active,Minimal,Natural,Small,Brass,Best,0.7507,1.3
MIR0418,Luna Wool Object,Home Decor,Mirrors,Mirrors,Atelier Edit,V009,66.3,178.18,178.18,0.6279,2023-10-08,Core,Active,Artisan,Natural,Large,Marble,Best,0.9844,1.3
MIR0419,Arc Cotton Object,Home Decor,Mirrors,Mirrors,Foundry Home,V014,33.72,82.44,82.44,0.591,2024-11-24,Core,Active,Modern,Espresso,Small,Linen,Best,0.7571,1.3
MIR0420,Noir Linen Atelier,Home Decor,Mirrors,Mirrors,Foundry Home,V002,59.96,134.35,134.35,0.5537,2024-02-09,Core,Active,Artisan,Ivory,Large,Wool,Best,0.9037,1.3
MIR0421,Sable Ceramic Vessel,Home Decor,Mirrors,Mirrors,Northstar Collection,V010,55.01,128.41,128.41,0.5716,2023-10-22,Core,Active,Organic,Terracotta,Large,Ceramic,Best,0.7095,1.3
MIR0422,Mira Ceramic Studio,Home Decor,Mirrors,Mirrors,Northstar Collection,V018,62.92,152.87,152.87,0.5884,2024-02-10,Core,Seasonal,Modern,Sage,One Size,Ceramic,Best,0.579,1.3
MIR0423,Marlow Marble Line,Home Decor,Mirrors,Mirrors,Maison Reserve,V004,66.65,143.92,143.92,0.5369,2024-08-11,Core,Active,Modern,Charcoal,Large,Marble,Best,1.6188,1.3
MIR0424,Marlow Brass Object,Home Decor,Mirrors,Mirrors,Foundry Home,V010,46.85,127.79,127.79,0.6334,2023-08-17,Core,Seasonal,Classic,Slate,Small,Wool,Best,1.1897,1.3
MIR0425,Noir Rattan Series,Home Decor,Mirrors,Mirrors,Atelier Edit,V020,43.38,96.53,96.53,0.5506,2024-06-08,Core,Active,Classic,Sage,One Size,Brass,Best,0.4954,1.3
MIR0426,Avery Linen Line,Home Decor,Mirrors,Mirrors,Atelier Edit,V004,61.87,114.0,114.0,0.4573,2024-12-15,Core,Active,Modern,Charcoal,Medium,Marble,Best,0.9474,1.3
MIR0427,Ridge Wool Line,Home Decor,Mirrors,Mirrors,Foundry Home,V013,76.22,174.3,174.3,0.5627,2024-10-25,Core,Active,Organic,Ivory,One Size,Cotton,Best,0.3841,1.3
MIR0428,Marlow Rattan Studio,Home Decor,Mirrors,Mirrors,Foundry Home,V019,42.22,83.08,83.08,0.4918,2024-04-22,Core,Active,Organic,Natural,One Size,Glass,Best,0.3909,1.3
MIR0429,Noir Oak House,Home Decor,Mirrors,Mirrors,Atelier Edit,V004,68.32,148.53,148.53,0.54,2023-11-25,Core,Seasonal,Classic,Sand,Large,Stone,Best,0.7231,1.3
MIR0430,Aster Brass House,Home Decor,Mirrors,Mirrors,Maison Reserve,V013,97.71,242.44,242.44,0.597,2024-07-30,Core,Active,Minimal,Terracotta,Medium,Brass,Best,0.3217,1.3
TEX0431,Vale Marble Series,Home Decor,Textiles,Textiles,Northstar Collection,V020,22.94,51.87,51.87,0.5578,2024-06-26,Core,Active,Modern,Oat,Small,Oak,Better,1.3253,1.2
TEX0432,Sable Ceramic Series,Home Decor,Textiles,Textiles,Foundry Home,V005,38.95,80.09,80.09,0.5137,2023-07-05,Core,Active,Modern,Sand,Large,Glass,Best,0.6965,1.2
TEX0433,Ridge Glass Form,Home Decor,Textiles,Textiles,Atelier Edit,V015,19.51,45.14,45.14,0.5679,2024-02-02,Core,Active,Classic,Champagne,Small,Marble,Better,0.8449,1.2
TEX0434,Harbour Linen Object,Home Decor,Textiles,Textiles,Maison Reserve,V002,47.94,104.32,104.32,0.5405,2024-04-30,Core,Active,Minimal,Slate,Large,Oak,Best,0.7317,1.2
TEX0435,Ridge Marble Studio,Home Decor,Textiles,Textiles,Foundry Home,V008,44.07,91.28,91.28,0.5173,2024-02-15,Core,Active,Modern,Natural,Medium,Wool,Best,0.7463,1.2
TEX0436,Avery Cotton Object,Home Decor,Textiles,Textiles,Maison Reserve,V014,33.26,68.75,68.75,0.5162,2024-03-26,Core,Active,Modern,Terracotta,Small,Linen,Better,1.0616,1.2
TEX0437,Arc Cotton Object,Home Decor,Textiles,Textiles,Atelier Edit,V003,25.32,73.08,73.08,0.6536,2024-02-24,Core,Active,Artisan,Slate,Large,Stone,Best,1.2586,1.2
TEX0438,Marlow Brass Object,Home Decor,Textiles,Textiles,Atelier Edit,V008,41.23,97.59,97.59,0.5775,2024-04-23,Core,Active,Minimal,Ivory,One Size,Rattan,Best,0.8001,1.2
TEX0439,Luna Brass Line,Home Decor,Textiles,Textiles,Maison Reserve,V014,10.64,25.07,25.07,0.5754,2024-09-07,Core,Active,Organic,Natural,One Size,Glass,Good,0.9393,1.2
TEX0440,Mira Stone Series,Home Decor,Textiles,Textiles,Maison Reserve,V001,27.32,67.04,67.04,0.5925,2023-10-17,Core,Seasonal,Organic,Terracotta,One Size,Wool,Better,0.5563,1.2
TEX0441,Aster Rattan Object,Home Decor,Textiles,Textiles,Northstar Collection,V011,27.97,48.25,48.25,0.4203,2025-01-03,Core,Active,Minimal,Espresso,Small,Rattan,Better,0.9845,1.2
TEX0442,Mira Marble Line,Home Decor,Textiles,Textiles,Northstar Collection,V018,49.75,90.68,90.68,0.4513,2024-02-08,Core,Active,Classic,Sand,Medium,Linen,Best,0.5504,1.2
TEX0443,Ridge Marble House,Home Decor,Textiles,Textiles,Foundry Home,V003,21.77,43.15,43.15,0.4955,2023-07-04,Core,Active,Organic,Sand,One Size,Stone,Better,0.7395,1.2
TEX0444,Noir Stone Atelier,Home Decor,Textiles,Textiles,Northstar Collection,V013,45.21,89.47,89.47,0.4946,2023-08-30,Core,Seasonal,Minimal,Espresso,Large,Stone,Best,0.8166,1.2
TEX0445,Noir Ceramic Collection,Home Decor,Textiles,Textiles,Foundry Home,V020,27.87,59.6,59.6,0.5323,2023-05-24,Core,Active,Artisan,Espresso,Large,Rattan,Better,0.8943,1.2
TEX0446,Avery Cotton Form,Home Decor,Textiles,Textiles,Maison Reserve,V006,20.07,43.02,43.02,0.5335,2024-05-05,Core,Active,Organic,Espresso,Large,Marble,Better,0.9079,1.2
TEX0447,Aster Linen Form,Home Decor,Textiles,Textiles,Northstar Collection,V010,44.3,94.96,94.96,0.5335,2024-05-12,Core,Active,Modern,Sage,Medium,Linen,Best,0.9307,1.2
TEX0448,Aster Ceramic Collection,Home Decor,Textiles,Textiles,Atelier Edit,V001,17.95,41.71,41.71,0.5697,2024-01-18,Core,Active,Minimal,Charcoal,Large,Cotton,Better,1.0539,1.2
TEX0449,Arc Marble Edit,Home Decor,Textiles,Textiles,Northstar Collection,V005,38.04,93.51,93.51,0.5932,2024-06-12,Core,Active,Minimal,Champagne,Small,Wool,Best,0.6605,1.2
TEX0450,Mira Brass House,Home Decor,Textiles,Textiles,Atelier Edit,V011,52.62,109.05,76.33,0.5175,2023-12-09,Core,Exit,Organic,Natural,Medium,Stone,Best,1.6577,1.2
TEX0451,Luna Wool Edit,Home Decor,Textiles,Textiles,Foundry Home,V002,12.27,25.95,25.95,0.5271,2024-11-10,Core,Active,Artisan,Oat,Large,Rattan,Good,0.8958,1.2
TEX0452,Mira Wool House,Home Decor,Textiles,Textiles,Northstar Collection,V007,13.65,27.8,27.8,0.5088,2023-10-27,Core,Active,Minimal,Ivory,Small,Glass,Good,1.5476,1.2
TEX0453,Noir Cotton Collection,Home Decor,Textiles,Textiles,Atelier Edit,V015,45.08,105.47,105.47,0.5726,2024-03-03,Core,Active,Classic,Champagne,Large,Glass,Best,0.6321,1.2
TEX0454,Noir Wool Collection,Home Decor,Textiles,Textiles,Foundry Home,V020,35.01,84.98,84.98,0.588,2023-09-01,Core,Active,Artisan,Espresso,Large,Stone,Best,1.2635,1.2
TEX0455,Vale Ceramic House,Home Decor,Textiles,Textiles,Atelier Edit,V007,55.84,101.43,101.43,0.4495,2023-07-13,Core,Active,Organic,Sage,Medium,Brass,Best,0.6653,1.2
TEX0456,Mira Brass Studio,Home Decor,Textiles,Textiles,Atelier Edit,V016,41.37,80.96,80.96,0.489,2024-01-07,Core,Active,Modern,Natural,Medium,Stone,Best,0.6618,1.2
TEX0457,Noir Ceramic Studio,Home Decor,Textiles,Textiles,Northstar Collection,V003,35.15,75.21,75.21,0.5326,2024-10-07,Core,Active,Minimal,Slate,Small,Oak,Best,0.4658,1.2
TEX0458,Arc Rattan Series,Home Decor,Textiles,Textiles,Northstar Collection,V010,53.04,99.27,99.27,0.4657,2024-10-22,Core,Active,Modern,Sage,Medium,Ceramic,Best,0.7226,1.2
TEX0459,Cove Oak Vessel,Home Decor,Textiles,Textiles,Maison Reserve,V017,16.12,41.29,41.29,0.6096,2024-11-29,Core,Active,Modern,Oat,Large,Cotton,Better,0.7061,1.2
TEX0460,Vale Oak Collection,Home Decor,Textiles,Textiles,Foundry Home,V003,9.33,20.56,20.56,0.546,2023-07-11,Core,Active,Minimal,Champagne,Medium,Wool,Good,0.5456,1.2
TEX0461,Mira Glass Series,Home Decor,Textiles,Textiles,Maison Reserve,V009,36.49,99.34,99.34,0.6327,2024-01-15,Core,Active,Classic,Natural,Medium,Linen,Best,0.7006,1.2
TEX0462,Cove Cotton Object,Home Decor,Textiles,Textiles,Atelier Edit,V015,34.74,77.52,77.52,0.5518,2024-01-16,Core,Active,Minimal,Natural,One Size,Cotton,Best,0.5964,1.2
TEX0463,Sable Brass Studio,Home Decor,Textiles,Textiles,Northstar Collection,V005,38.33,92.24,92.24,0.5844,2024-04-22,Core,Active,Minimal,Sand,One Size,Wool,Best,1.5993,1.2
TEX0464,Aster Glass Object,Home Decor,Textiles,Textiles,Atelier Edit,V013,19.11,41.79,41.79,0.5426,2024-01-01,Core,Active,Artisan,Terracotta,One Size,Brass,Better,0.5887,1.2
TEX0465,Harbour Stone Atelier,Home Decor,Textiles,Textiles,Maison Reserve,V020,46.13,95.07,95.07,0.5148,2024-08-20,Core,Active,Artisan,Sage,Large,Cotton,Best,0.9172,1.2
TEX0466,Mira Oak Form,Home Decor,Textiles,Textiles,Atelier Edit,V005,38.37,83.83,83.83,0.5422,2023-06-05,Core,Active,Modern,Ivory,One Size,Ceramic,Best,2.8123,1.2
TEX0467,Vale Ceramic Vessel,Home Decor,Textiles,Textiles,Atelier Edit,V011,23.27,44.8,44.8,0.4806,2024-05-10,Core,Active,Minimal,Sage,Large,Ceramic,Better,0.7434,1.2
TEX0468,Harbour Cotton Vessel,Home Decor,Textiles,Textiles,Northstar Collection,V001,15.12,35.94,35.94,0.5794,2023-09-20,Core,Active,Modern,Champagne,Medium,Stone,Good,0.8914,1.2
TEX0469,Sable Cotton Form,Home Decor,Textiles,Textiles,Northstar Collection,V004,10.43,23.17,23.17,0.55,2023-12-01,Core,Active,Modern,Espresso,Small,Wool,Good,0.8333,1.2
TEX0470,Ridge Glass Edit,Home Decor,Textiles,Textiles,Atelier Edit,V011,31.56,73.31,73.31,0.5694,2024-01-07,Core,Active,Artisan,Sand,Medium,Wool,Best,0.8528,1.2
TEX0471,Ridge Rattan Object,Home Decor,Textiles,Textiles,Northstar Collection,V001,53.11,99.41,99.41,0.4657,2024-12-08,Core,Active,Artisan,Charcoal,Small,Brass,Best,0.5792,1.2
TEX0472,Mira Ceramic Series,Home Decor,Textiles,Textiles,Maison Reserve,V007,43.46,101.97,101.97,0.5737,2023-07-07,Core,Active,Minimal,Slate,Small,Glass,Best,1.2351,1.2
TEX0473,Cove Linen Vessel,Home Decor,Textiles,Textiles,Atelier Edit,V012,42.96,80.37,80.37,0.4654,2024-07-25,Core,Active,Artisan,Slate,One Size,Stone,Best,1.4022,1.2
TEX0474,Sable Rattan Object,Home Decor,Textiles,Textiles,Maison Reserve,V019,14.31,32.0,32.0,0.5527,2023-09-20,Core,Active,Organic,Ivory,Medium,Linen,Good,0.6999,1.2
TEX0475,Avery Stone Form,Home Decor,Textiles,Textiles,Foundry Home,V010,8.25,22.43,22.43,0.6324,2024-11-27,Core,Active,Organic,Charcoal,Medium,Cotton,Good,0.9106,1.2
TEX0476,Arc Linen Series,Home Decor,Textiles,Textiles,Atelier Edit,V017,21.89,55.44,55.44,0.6051,2024-10-27,Core,Seasonal,Minimal,Champagne,Large,Wool,Better,1.2683,1.2
TEX0477,Cove Linen Form,Home Decor,Textiles,Textiles,Atelier Edit,V001,9.46,21.52,21.52,0.5605,2024-08-25,Core,Active,Modern,Terracotta,One Size,Glass,Good,0.7886,1.2
TEX0478,Sable Oak Collection,Home Decor,Textiles,Textiles,Maison Reserve,V011,36.67,97.77,97.77,0.6249,2024-04-23,Core,Active,Modern,Sage,Small,Marble,Best,0.6459,1.2
TEX0479,Noir Ceramic Form,Home Decor,Textiles,Textiles,Northstar Collection,V016,11.78,22.65,22.65,0.4798,2024-01-14,Core,Active,Artisan,Champagne,Large,Stone,Good,0.9563,1.2
TEX0480,Vale Ceramic Object,Home Decor,Textiles,Textiles,Northstar Collection,V002,32.74,63.67,63.67,0.4857,2024-10-25,Core,Active,Minimal,Slate,Medium,Rattan,Better,0.7223,1.2
TEX0481,Mira Rattan Edit,Home Decor,Textiles,Textiles,Maison Reserve,V012,21.13,39.73,39.73,0.4682,2024-11-24,Core,Active,Artisan,Oat,Large,Marble,Good,1.0364,1.2
TEX0482,Arc Stone Object,Home Decor,Textiles,Textiles,Foundry Home,V017,17.3,35.77,35.77,0.5162,2024-04-19,Core,Active,Minimal,Slate,Small,Brass,Good,0.9101,1.2
TEX0483,Aster Rattan House,Home Decor,Textiles,Textiles,Atelier Edit,V006,11.7,24.66,17.26,0.5255,2024-01-26,Core,Exit,Artisan,Ivory,Medium,Glass,Good,0.451,1.2
TEX0484,Ridge Stone Form,Home Decor,Textiles,Textiles,Northstar Collection,V011,17.23,35.48,35.48,0.5142,2024-07-07,Core,Active,Organic,Natural,Small,Cotton,Good,1.3596,1.2
TEX0485,Avery Ceramic Vessel,Home Decor,Textiles,Textiles,Maison Reserve,V017,42.72,102.9,102.9,0.5848,2024-07-16,Core,Active,Classic,Ivory,Large,Wool,Best,0.8728,1.2
TEX0486,Arc Brass Studio,Home Decor,Textiles,Textiles,Foundry Home,V005,30.67,76.27,53.39,0.5979,2024-02-19,Core,Exit,Modern,Espresso,Large,Cotton,Best,0.9266,1.2
TEX0487,Sable Stone Series,Home Decor,Textiles,Textiles,Foundry Home,V011,39.12,80.93,80.93,0.5166,2024-07-23,Core,Active,Artisan,Sand,Small,Cotton,Best,1.6894,1.2
TEX0488,Arc Brass Line,Home Decor,Textiles,Textiles,Maison Reserve,V018,38.43,93.01,93.01,0.5868,2023-12-07,Core,Active,Modern,Espresso,Small,Marble,Best,0.8047,1.2
TEX0489,Ridge Linen Studio,Home Decor,Textiles,Textiles,Foundry Home,V005,24.88,62.68,62.68,0.6031,2023-05-26,Core,Active,Artisan,Sand,Small,Cotton,Better,0.9006,1.2
TEX0490,Vale Brass Series,Home Decor,Textiles,Textiles,Atelier Edit,V012,10.26,22.54,22.54,0.5447,2024-10-12,Core,Active,Modern,Charcoal,Large,Rattan,Good,0.4044,1.2
TEX0491,Mira Linen Edit,Home Decor,Textiles,Textiles,Foundry Home,V002,20.59,40.67,40.67,0.4937,2024-10-22,Core,Active,Modern,Sand,Small,Oak,Better,1.7739,1.2
TEX0492,Harbour Glass Line,Home Decor,Textiles,Textiles,Foundry Home,V007,14.56,33.35,33.35,0.5636,2025-01-03,Core,Active,Modern,Charcoal,Large,Ceramic,Good,1.1472,1.2
TEX0493,Mira Marble Edit,Home Decor,Textiles,Textiles,Maison Reserve,V012,27.76,56.75,56.75,0.5109,2023-09-07,Core,Active,Classic,Charcoal,Small,Rattan,Better,0.6291,1.2
TEX0494,Vale Cotton Form,Home Decor,Textiles,Textiles,Foundry Home,V002,10.87,25.2,25.2,0.5685,2024-04-13,Core,Active,Modern,Terracotta,Small,Wool,Good,1.837,1.2
TEX0495,Sable Cotton House,Home Decor,Textiles,Textiles,Atelier Edit,V007,35.31,86.22,86.22,0.5905,2024-03-26,Core,Active,Artisan,Oat,Medium,Linen,Best,1.3739,1.2
TEX0496,Harbour Glass Form,Home Decor,Textiles,Textiles,Atelier Edit,V016,37.14,76.31,76.31,0.5133,2024-06-26,Core,Seasonal,Organic,Champagne,Small,Ceramic,Best,1.0662,1.2
TEX0497,Noir Oak Line,Home Decor,Textiles,Textiles,Foundry Home,V002,39.0,85.6,85.6,0.5444,2024-03-09,Core,Active,Classic,Charcoal,Medium,Oak,Best,1.2822,1.2
TEX0498,Harbour Rattan Studio,Home Decor,Textiles,Textiles,Atelier Edit,V007,15.62,29.22,29.22,0.4655,2023-06-07,Core,Active,Organic,Oat,Small,Wool,Good,0.6972,1.2
TEX0499,Aster Oak Edit,Home Decor,Textiles,Textiles,Foundry Home,V016,35.96,77.44,77.44,0.5356,2024-01-17,Core,Active,Artisan,Espresso,Small,Marble,Best,1.152,1.2
TEX0500,Cove Wool Collection,Home Decor,Textiles,Textiles,Maison Reserve,V004,21.91,51.62,51.62,0.5756,2025-01-09,Core,Active,Artisan,Sand,Medium,Marble,Better,0.5877,1.2
TEX0501,Avery Brass Series,Home Decor,Textiles,Textiles,Maison Reserve,V011,18.83,44.22,44.22,0.5741,2023-12-09,Core,Seasonal,Modern,Ivory,Medium,Linen,Better,0.5963,1.2
TEX0502,Noir Wool House,Home Decor,Textiles,Textiles,Atelier Edit,V019,30.48,59.63,59.63,0.4888,2024-07-25,Core,Active,Organic,Sand,Large,Ceramic,Better,1.3803,1.2
TEX0503,Avery Stone Line,Home Decor,Textiles,Textiles,Northstar Collection,V003,13.04,25.07,25.07,0.4797,2024-06-27,Core,Active,Artisan,Champagne,Large,Rattan,Good,0.8671,1.2
TEX0504,Ridge Linen Series,Home Decor,Textiles,Textiles,Northstar Collection,V012,52.22,105.03,105.03,0.5028,2023-10-29,Core,Active,Artisan,Slate,Large,Marble,Best,0.7133,1.2
TEX0505,Arc Linen Series,Home Decor,Textiles,Textiles,Maison Reserve,V020,16.25,38.94,38.94,0.5827,2023-08-13,Core,Active,Modern,Oat,Small,Wool,Good,1.3052,1.2
TEX0506,Marlow Linen Form,Home Decor,Textiles,Textiles,Foundry Home,V003,46.23,92.35,92.35,0.4995,2023-12-14,Core,Active,Modern,Sage,One Size,Brass,Best,1.2916,1.2
TEX0507,Aster Linen Series,Home Decor,Textiles,Textiles,Foundry Home,V010,37.24,82.04,82.04,0.546,2023-07-10,Core,Seasonal,Artisan,Champagne,Large,Stone,Best,1.3934,1.2
TEX0508,Vale Stone Series,Home Decor,Textiles,Textiles,Maison Reserve,V017,54.93,100.53,100.53,0.4536,2023-06-20,Core,Active,Modern,Terracotta,Small,Glass,Best,0.748,1.2
TEX0509,Harbour Ceramic Line,Home Decor,Textiles,Textiles,Maison Reserve,V006,47.7,87.42,87.42,0.4544,2024-05-21,Core,Active,Modern,Espresso,Small,Cotton,Best,1.2707,1.2
TEX0510,Luna Rattan Collection,Home Decor,Textiles,Textiles,Maison Reserve,V014,45.82,94.98,94.98,0.5176,2024-11-25,Core,Active,Organic,Oat,Large,Linen,Best,1.8174,1.2
TEX0511,Vale Stone Series,Home Decor,Textiles,Textiles,Atelier Edit,V020,41.61,93.26,93.26,0.5538,2024-11-21,Core,Active,Classic,Terracotta,Small,Glass,Best,0.5685,1.2
TEX0512,Aster Linen Line,Home Decor,Textiles,Textiles,Northstar Collection,V007,12.7,23.51,23.51,0.4596,2024-04-17,Core,Active,Modern,Charcoal,Small,Glass,Good,0.9182,1.2
TEX0513,Arc Cotton Line,Home Decor,Textiles,Textiles,Atelier Edit,V016,10.36,21.5,21.5,0.5181,2023-07-18,Core,Active,Organic,Sand,Small,Glass,Good,1.448,1.2
TEX0514,Vale Marble Edit,Home Decor,Textiles,Textiles,Atelier Edit,V019,19.54,45.12,45.12,0.5668,2023-06-20,Core,Active,Organic,Terracotta,Large,Stone,Better,0.7066,1.2
TEX0515,Mira Oak Form,Home Decor,Textiles,Textiles,Northstar Collection,V006,39.7,81.94,81.94,0.5155,2024-09-05,Core,Active,Modern,Oat,Small,Marble,Best,1.0543,1.2
TEX0516,Sable Glass Atelier,Home Decor,Textiles,Textiles,Northstar Collection,V017,34.84,77.59,77.59,0.551,2023-07-30,Core,Active,Artisan,Sage,Large,Cotton,Best,0.6823,1.2
TEX0517,Ridge Stone Edit,Home Decor,Textiles,Textiles,Foundry Home,V001,43.15,92.63,92.63,0.5341,2024-12-15,Core,Active,Modern,Slate,One Size,Glass,Best,0.9047,1.2
TEX0518,Vale Rattan Vessel,Home Decor,Textiles,Textiles,Foundry Home,V009,31.34,75.09,75.09,0.5826,2024-01-11,Core,Active,Classic,Slate,One Size,Brass,Best,0.5066,1.2
TEX0519,Avery Glass Edit,Home Decor,Textiles,Textiles,Foundry Home,V018,9.49,22.72,22.72,0.5825,2024-02-09,Core,Active,Modern,Oat,Small,Oak,Good,1.4128,1.2
TEX0520,Luna Glass Series,Home Decor,Textiles,Textiles,Foundry Home,V004,27.06,56.86,56.86,0.524,2023-12-26,Core,Active,Artisan,Sage,Small,Cotton,Better,1.2062,1.2
TEX0521,Aster Wool House,Home Decor,Textiles,Textiles,Northstar Collection,V010,21.74,42.79,42.79,0.492,2024-02-22,Core,Active,Minimal,Ivory,One Size,Ceramic,Better,0.7359,1.2
TEX0522,Sable Ceramic Edit,Home Decor,Textiles,Textiles,Foundry Home,V019,25.98,61.77,61.77,0.5794,2023-07-24,Core,Active,Modern,Oat,Medium,Rattan,Better,1.0187,1.2
TEX0523,Luna Oak Object,Home Decor,Textiles,Textiles,Maison Reserve,V003,45.27,96.18,96.18,0.5294,2024-12-28,Core,Active,Classic,Oat,Large,Glass,Best,1.4913,1.2
TEX0524,Cove Cotton Object,Home Decor,Textiles,Textiles,Northstar Collection,V012,31.62,74.39,74.39,0.5749,2023-09-18,Core,Active,Organic,Sage,Medium,Stone,Best,1.9011,1.2
TEX0525,Vale Brass Form,Home Decor,Textiles,Textiles,Northstar Collection,V016,39.23,71.75,50.22,0.4533,2024-11-13,Core,Exit,Classic,Terracotta,Medium,Brass,Best,0.5124,1.2
TEX0526,Noir Cotton Edit,Home Decor,Textiles,Textiles,Atelier Edit,V003,25.59,58.51,58.51,0.5626,2023-08-11,Core,Active,Artisan,Charcoal,Large,Oak,Better,0.6747,1.2
TEX0527,Arc Stone Atelier,Home Decor,Textiles,Textiles,Atelier Edit,V011,36.55,64.63,64.63,0.4344,2023-11-19,Core,Active,Artisan,Natural,Small,Ceramic,Better,0.5909,1.2
TEX0528,Vale Oak Line,Home Decor,Textiles,Textiles,Atelier Edit,V017,42.08,93.02,93.02,0.5476,2024-03-27,Core,Active,Organic,Ivory,One Size,Rattan,Best,0.8746,1.2
TEX0529,Sable Ceramic Edit,Home Decor,Textiles,Textiles,Atelier Edit,V005,20.0,43.57,43.57,0.541,2023-10-09,Core,Active,Classic,Charcoal,Medium,Linen,Better,0.9121,1.2
TEX0530,Vale Oak Atelier,Home Decor,Textiles,Textiles,Atelier Edit,V014,14.1,30.25,30.25,0.5337,2023-06-30,Core,Active,Artisan,Espresso,Large,Ceramic,Good,1.3646,1.2
TEX0531,Marlow Stone Atelier,Home Decor,Textiles,Textiles,Maison Reserve,V019,10.3,23.93,23.93,0.5694,2024-03-29,Core,Active,Artisan,Terracotta,One Size,Oak,Good,1.7701,1.2
TEX0532,Aster Wool Collection,Home Decor,Textiles,Textiles,Atelier Edit,V007,14.05,28.63,28.63,0.5092,2023-08-12,Core,Active,Organic,Ivory,Large,Ceramic,Good,2.65,1.2
TEX0533,Luna Glass Edit,Home Decor,Textiles,Textiles,Foundry Home,V014,18.03,44.47,44.47,0.5946,2024-02-10,Core,Active,Modern,Charcoal,Small,Marble,Better,0.7428,1.2
TEX0534,Aster Wool Line,Home Decor,Textiles,Textiles,Foundry Home,V003,43.81,97.72,97.72,0.5517,2024-05-19,Core,Active,Artisan,Sage,Small,Ceramic,Best,0.8455,1.2
TEX0535,Sable Ceramic Vessel,Home Decor,Textiles,Textiles,Foundry Home,V009,33.94,85.11,85.11,0.6013,2024-06-17,Core,Active,Minimal,Sand,Large,Brass,Best,1.2965,1.2
TEX0536,Aster Oak Edit,Home Decor,Textiles,Textiles,Foundry Home,V014,12.82,24.41,24.41,0.4747,2024-03-23,Core,Active,Minimal,Espresso,Large,Wool,Good,1.4527,1.2
TEX0537,Noir Cotton Line,Home Decor,Textiles,Textiles,Northstar Collection,V001,31.41,71.09,71.09,0.5582,2024-06-01,Core,Active,Organic,Natural,Large,Rattan,Best,1.0397,1.2
TEX0538,Cove Ceramic Series,Home Decor,Textiles,Textiles,Atelier Edit,V009,37.1,68.65,68.65,0.4596,2024-02-28,Core,Active,Modern,Ivory,Small,Brass,Better,0.3789,1.2
TEX0539,Vale Glass Studio,Home Decor,Textiles,Textiles,Foundry Home,V016,11.88,26.61,26.61,0.5536,2023-06-13,Core,Seasonal,Minimal,Charcoal,Small,Cotton,Good,0.6234,1.2
TEX0540,Vale Brass Collection,Home Decor,Textiles,Textiles,Atelier Edit,V001,17.65,35.89,35.89,0.5082,2025-01-09,Core,Active,Modern,Sand,One Size,Glass,Good,0.6241,1.2
TEX0541,Avery Cotton Vessel,Home Decor,Textiles,Textiles,Maison Reserve,V009,49.45,105.36,105.36,0.5307,2024-07-27,Core,Active,Minimal,Oat,Large,Cotton,Best,1.6508,1.2
TEX0542,Arc Rattan Collection,Home Decor,Textiles,Textiles,Atelier Edit,V016,9.53,20.33,20.33,0.531,2025-01-04,Core,Active,Artisan,Oat,One Size,Rattan,Good,1.2658,1.2
TEX0543,Luna Stone House,Home Decor,Textiles,Textiles,Atelier Edit,V004,14.74,30.46,30.46,0.5162,2023-12-06,Core,Active,Minimal,Ivory,One Size,Ceramic,Good,1.0853,1.2
TEX0544,Harbour Linen Atelier,Home Decor,Textiles,Textiles,Northstar Collection,V011,47.07,107.16,107.16,0.5607,2025-01-05,Core,Active,Artisan,Natural,Large,Wool,Best,0.8116,1.2
TEX0545,Cove Stone Vessel,Home Decor,Textiles,Textiles,Northstar Collection,V017,15.27,32.8,32.8,0.5344,2023-07-07,Core,Active,Organic,Natural,Medium,Stone,Good,1.8109,1.2
TEX0546,Arc Oak Vessel,Home Decor,Textiles,Textiles,Atelier Edit,V007,46.08,105.25,105.25,0.5622,2024-12-10,Core,Active,Artisan,Terracotta,One Size,Brass,Best,1.1726,1.2
TEX0547,Ridge Marble Studio,Home Decor,Textiles,Textiles,Maison Reserve,V011,42.88,101.04,101.04,0.5756,2024-10-14,Core,Active,Organic,Natural,Small,Brass,Best,0.2656,1.2
TEX0548,Ridge Brass Collection,Home Decor,Textiles,Textiles,Atelier Edit,V017,17.65,40.82,40.82,0.5676,2024-11-01,Core,Active,Minimal,Terracotta,Medium,Stone,Better,0.9936,1.2
TEX0549,Mira Brass Atelier,Home Decor,Textiles,Textiles,Maison Reserve,V007,53.59,105.09,105.09,0.4901,2024-06-13,Core,Active,Organic,Terracotta,Large,Linen,Best,2.3571,1.2
TEX0550,Noir Marble Atelier,Home Decor,Textiles,Textiles,Maison Reserve,V011,45.68,101.34,101.34,0.5493,2024-06-27,Core,Active,Modern,Sage,One Size,Ceramic,Best,0.817,1.2
FUR0551,Ridge Wool Collection,Furniture,Accent Furniture,Accent Furniture,Foundry Home,V019,38.16,101.81,101.81,0.6252,2024-10-12,Core,Active,Modern,Champagne,Medium,Marble,Best,0.7159,1.18
FUR0552,Aster Marble Series,Furniture,Accent Furniture,Accent Furniture,Atelier Edit,V006,169.62,348.8,348.8,0.5137,2023-06-12,Core,Active,Artisan,Ivory,Large,Stone,Best,0.5383,1.18
FUR0553,Noir Wool Series,Furniture,Accent Furniture,Accent Furniture,Atelier Edit,V016,187.42,400.14,400.14,0.5316,2024-02-28,Core,Active,Modern,Espresso,Large,Marble,Best,0.4186,1.18
FUR0554,Mira Wool House,Furniture,Accent Furniture,Accent Furniture,Maison Reserve,V019,123.8,274.8,274.8,0.5495,2023-11-14,Core,Active,Classic,Ivory,Medium,Linen,Best,0.9629,1.18
FUR0555,Avery Glass House,Furniture,Accent Furniture,Accent Furniture,Maison Reserve,V010,103.92,241.5,241.5,0.5697,2024-10-14,Core,Active,Minimal,Slate,Large,Glass,Best,0.6558,1.18
FUR0556,Cove Ceramic Series,Furniture,Accent Furniture,Accent Furniture,Maison Reserve,V017,60.84,166.95,166.95,0.6356,2024-07-24,Core,Active,Classic,Sand,One Size,Glass,Best,0.525,1.18
FUR0557,Luna Linen Edit,Furniture,Accent Furniture,Accent Furniture,Northstar Collection,V020,147.41,274.68,274.68,0.4633,2023-11-09,Core,Seasonal,Classic,Sage,Large,Wool,Best,0.9757,1.18
FUR0558,Harbour Rattan Vessel,Furniture,Accent Furniture,Accent Furniture,Foundry Home,V007,66.67,134.9,134.9,0.5057,2023-08-03,Core,Active,Classic,Sand,Large,Cotton,Best,0.6629,1.18
FUR0559,Marlow Marble Collection,Furniture,Accent Furniture,Accent Furniture,Northstar Collection,V018,149.4,334.42,334.42,0.5533,2023-12-11,Core,Active,Classic,Oat,Large,Linen,Best,0.6777,1.18
FUR0560,Sable Ceramic Object,Furniture,Accent Furniture,Accent Furniture,Northstar Collection,V001,246.46,536.97,536.97,0.541,2023-09-11,Core,Active,Organic,Ivory,One Size,Stone,Best,0.8498,1.18
FUR0561,Cove Stone Studio,Furniture,Accent Furniture,Accent Furniture,Foundry Home,V012,231.81,445.79,445.79,0.48,2023-08-22,Core,Active,Modern,Terracotta,Small,Ceramic,Best,1.3138,1.18
FUR0562,Luna Brass Object,Furniture,Accent Furniture,Accent Furniture,Foundry Home,V015,79.94,171.65,171.65,0.5343,2024-06-04,Core,Active,Minimal,Terracotta,Medium,Marble,Best,0.6284,1.18
FUR0563,Cove Brass Series,Furniture,Accent Furniture,Accent Furniture,Atelier Edit,V002,99.74,258.7,258.7,0.6145,2024-11-17,Core,Active,Classic,Charcoal,Medium,Linen,Best,0.4778,1.18
FUR0564,Arc Marble Object,Furniture,Accent Furniture,Accent Furniture,Northstar Collection,V011,164.57,338.16,338.16,0.5133,2023-07-22,Core,Active,Artisan,Terracotta,Large,Brass,Best,0.5458,1.18
FUR0565,Cove Brass Atelier,Furniture,Accent Furniture,Accent Furniture,Foundry Home,V020,62.39,146.25,146.25,0.5734,2024-02-20,Core,Active,Artisan,Natural,One Size,Ceramic,Best,0.8493,1.18
FUR0566,Vale Marble House,Furniture,Accent Furniture,Accent Furniture,Atelier Edit,V004,66.02,137.92,137.92,0.5213,2023-08-19,Core,Active,Minimal,Oat,Large,Oak,Best,0.6266,1.18
FUR0567,Arc Cotton Object,Furniture,Accent Furniture,Accent Furniture,Maison Reserve,V013,141.89,352.68,352.68,0.5977,2024-08-13,Core,Active,Organic,Sand,Small,Brass,Best,0.4976,1.18
FUR0568,Ridge Linen Atelier,Furniture,Accent Furniture,Accent Furniture,Maison Reserve,V001,160.98,382.41,382.41,0.579,2024-09-25,Core,Active,Artisan,Oat,Small,Rattan,Best,0.7851,1.18
FUR0569,Mira Wool Series,Furniture,Accent Furniture,Accent Furniture,Maison Reserve,V008,62.51,137.1,137.1,0.5441,2024-05-04,Core,Active,Artisan,Sage,Large,Linen,Best,0.5473,1.18
FUR0570,Arc Ceramic Object,Furniture,Accent Furniture,Accent Furniture,Maison Reserve,V013,101.25,220.03,220.03,0.5398,2024-07-14,Core,Active,Modern,Champagne,Small,Brass,Best,0.5538,1.18
FUR0571,Ridge Linen Series,Furniture,Accent Furniture,Accent Furniture,Northstar Collection,V020,115.94,230.56,230.56,0.4972,2024-10-03,Core,Active,Minimal,Natural,Small,Brass,Best,0.3832,1.18
FUR0572,Harbour Stone Studio,Furniture,Accent Furniture,Accent Furniture,Northstar Collection,V009,58.5,134.27,134.27,0.5643,2024-12-11,Core,Active,Artisan,Sand,One Size,Cotton,Best,0.6295,1.18
FUR0573,Marlow Linen Series,Furniture,Accent Furniture,Accent Furniture,Northstar Collection,V015,252.35,488.76,488.76,0.4837,2024-08-14,Core,Active,Minimal,Oat,One Size,Ceramic,Best,0.6936,1.18
FUR0574,Mira Wool Atelier,Furniture,Accent Furniture,Accent Furniture,Atelier Edit,V019,176.25,369.98,369.98,0.5236,2023-06-03,Core,Active,Organic,Oat,Small,Wool,Best,0.1756,1.18
FUR0575,Arc Brass Form,Furniture,Accent Furniture,Accent Furniture,Atelier Edit,V009,237.95,457.48,457.48,0.4799,2024-03-11,Core,Active,Organic,Terracotta,Large,Marble,Best,0.7283,1.18
FUR0576,Luna Marble Object,Furniture,Accent Furniture,Accent Furniture,Maison Reserve,V013,70.1,158.84,158.84,0.5587,2024-12-14,Core,Active,Modern,Oat,Large,Stone,Best,0.8237,1.18
FUR0577,Aster Oak Series,Furniture,Accent Furniture,Accent Furniture,Northstar Collection,V001,112.01,230.47,230.47,0.514,2024-03-15,Core,Active,Classic,Oat,One Size,Brass,Best,0.3104,1.18
FUR0578,Cove Glass Collection,Furniture,Accent Furniture,Accent Furniture,Northstar Collection,V011,60.49,134.29,134.29,0.5496,2024-10-06,Core,Active,Organic,Ivory,Large,Ceramic,Best,0.584,1.18
FUR0579,Vale Brass Edit,Furniture,Accent Furniture,Accent Furniture,Northstar Collection,V014,181.55,456.72,456.72,0.6025,2024-05-24,Core,Active,Classic,Espresso,Medium,Wool,Best,0.4263,1.18
FUR0580,Mira Stone Atelier,Furniture,Accent Furniture,Accent Furniture,Atelier Edit,V001,47.83,90.22,90.22,0.4698,2023-11-11,Core,Active,Minimal,Sand,Large,Marble,Best,1.1383,1.18
FUR0581,Avery Rattan Atelier,Furniture,Accent Furniture,Accent Furniture,Northstar Collection,V008,148.66,306.87,306.87,0.5156,2023-06-15,Core,Active,Minimal,Champagne,Large,Marble,Best,0.4222,1.18
FUR0582,Ridge Wool Series,Furniture,Accent Furniture,Accent Furniture,Foundry Home,V016,128.37,243.91,243.91,0.4737,2025-01-02,Core,Active,Modern,Espresso,Medium,Oak,Best,0.6433,1.18
FUR0583,Avery Cotton Series,Furniture,Accent Furniture,Accent Furniture,Maison Reserve,V003,228.6,490.3,490.3,0.5338,2023-11-21,Core,Active,Artisan,Champagne,Small,Oak,Best,0.4536,1.18
FUR0584,Ridge Rattan Vessel,Furniture,Accent Furniture,Accent Furniture,Maison Reserve,V010,118.19,271.24,271.24,0.5643,2024-02-01,Core,Seasonal,Minimal,Terracotta,Small,Rattan,Best,1.5993,1.18
FUR0585,Luna Marble Line,Furniture,Accent Furniture,Accent Furniture,Maison Reserve,V019,57.78,103.94,103.94,0.4441,2023-10-29,Core,Active,Minimal,Natural,Small,Ceramic,Best,0.753,1.18
FUR0586,Arc Glass Object,Furniture,Accent Furniture,Accent Furniture,Foundry Home,V005,58.0,131.63,131.63,0.5594,2024-04-03,Core,Active,Modern,Slate,One Size,Cotton,Best,0.4686,1.18
FUR0587,Arc Ceramic Atelier,Furniture,Accent Furniture,Accent Furniture,Maison Reserve,V011,84.0,167.31,167.31,0.498,2023-08-22,Core,Active,Organic,Slate,Medium,Glass,Best,0.3187,1.18
FUR0588,Mira Brass Collection,Furniture,Accent Furniture,Accent Furniture,Atelier Edit,V020,107.69,255.27,255.27,0.5781,2024-08-08,Core,Active,Organic,Natural,Medium,Linen,Best,0.6242,1.18
FUR0589,Marlow Stone Studio,Furniture,Accent Furniture,Accent Furniture,Maison Reserve,V004,223.39,461.8,461.8,0.5163,2024-06-16,Core,Active,Classic,Oat,One Size,Ceramic,Best,0.3917,1.18
FUR0590,Luna Ceramic Series,Furniture,Accent Furniture,Accent Furniture,Northstar Collection,V011,83.26,177.8,177.8,0.5317,2024-05-01,Core,Active,Minimal,Sage,Small,Cotton,Best,0.9254,1.18
FUR0591,Noir Stone Object,Furniture,Accent Furniture,Accent Furniture,Maison Reserve,V019,72.44,170.12,170.12,0.5742,2024-05-15,Core,Active,Organic,Terracotta,Large,Marble,Best,1.3285,1.18
FUR0592,Arc Oak Collection,Furniture,Accent Furniture,Accent Furniture,Maison Reserve,V006,195.57,461.94,461.94,0.5766,2024-01-08,Core,Active,Organic,Terracotta,Medium,Linen,Best,0.9963,1.18
FUR0593,Harbour Wool Studio,Furniture,Accent Furniture,Accent Furniture,Atelier Edit,V014,210.26,489.7,489.7,0.5706,2024-12-29,Core,Active,Artisan,Oat,Large,Rattan,Best,0.4381,1.18
FUR0594,Marlow Wool Vessel,Furniture,Accent Furniture,Accent Furniture,Maison Reserve,V019,64.93,141.61,141.61,0.5415,2023-11-18,Core,Active,Minimal,Oat,One Size,Marble,Best,1.2329,1.18
FUR0595,Sable Marble Line,Furniture,Accent Furniture,Accent Furniture,Foundry Home,V009,113.99,235.47,235.47,0.5159,2024-07-28,Core,Active,Classic,Terracotta,One Size,Ceramic,Best,0.7711,1.18
FUR0596,Harbour Cotton Edit,Furniture,Accent Furniture,Accent Furniture,Foundry Home,V015,104.49,232.81,232.81,0.5512,2023-11-20,Core,Active,Classic,Terracotta,Medium,Brass,Best,0.4808,1.18
FUR0597,Avery Marble Form,Furniture,Accent Furniture,Accent Furniture,Northstar Collection,V001,88.55,169.64,169.64,0.478,2025-01-08,Core,Active,Classic,Sage,Medium,Ceramic,Best,0.4727,1.18
FUR0598,Arc Oak Collection,Furniture,Accent Furniture,Accent Furniture,Foundry Home,V007,87.92,191.81,191.81,0.5417,2024-05-02,Core,Active,Classic,Terracotta,Medium,Rattan,Best,0.6237,1.18
FUR0599,Cove Marble House,Furniture,Accent Furniture,Accent Furniture,Atelier Edit,V014,174.05,406.44,406.44,0.5718,2024-08-17,Core,Active,Minimal,Natural,One Size,Rattan,Best,0.2601,1.18
FUR0600,Arc Stone Form,Furniture,Accent Furniture,Accent Furniture,Northstar Collection,V005,174.99,323.11,323.11,0.4584,2023-10-19,Core,Active,Modern,Natural,One Size,Brass,Best,0.5756,1.18
FUR0601,Arc Marble Series,Furniture,Accent Furniture,Accent Furniture,Atelier Edit,V009,105.49,251.42,251.42,0.5804,2023-08-08,Core,Active,Classic,Sage,Large,Linen,Best,0.6105,1.18
FUR0602,Mira Linen Line,Furniture,Accent Furniture,Accent Furniture,Northstar Collection,V016,164.13,412.45,412.45,0.6021,2024-07-17,Core,Active,Organic,Natural,Medium,Glass,Best,0.5595,1.18
FUR0603,Avery Linen Form,Furniture,Accent Furniture,Accent Furniture,Atelier Edit,V005,120.06,276.78,276.78,0.5662,2023-08-29,Core,Active,Minimal,Terracotta,Large,Glass,Best,1.0492,1.18
FUR0604,Aster Cotton Atelier,Furniture,Accent Furniture,Accent Furniture,Northstar Collection,V013,152.96,407.51,407.51,0.6246,2024-07-20,Core,Active,Modern,Charcoal,One Size,Linen,Best,0.5158,1.18
FUR0605,Sable Glass Vessel,Furniture,Accent Furniture,Accent Furniture,Atelier Edit,V016,230.17,507.63,507.63,0.5466,2024-11-22,Core,Active,Organic,Oat,Large,Stone,Best,1.1974,1.18
FUR0606,Marlow Glass Studio,Furniture,Accent Furniture,Accent Furniture,Foundry Home,V003,94.99,187.29,187.29,0.4928,2024-07-04,Core,Active,Classic,Oat,Small,Ceramic,Best,0.5269,1.18
FUR0607,Harbour Stone Object,Furniture,Accent Furniture,Accent Furniture,Maison Reserve,V010,108.76,287.13,287.13,0.6212,2023-11-08,Core,Active,Modern,Champagne,Small,Oak,Best,0.4993,1.18
FUR0608,Cove Ceramic Series,Furniture,Accent Furniture,Accent Furniture,Northstar Collection,V001,189.9,434.75,434.75,0.5632,2024-01-16,Core,Active,Organic,Terracotta,One Size,Rattan,Best,0.3165,1.18
FUR0609,Harbour Cotton Object,Furniture,Accent Furniture,Accent Furniture,Northstar Collection,V004,160.22,374.11,374.11,0.5717,2023-11-24,Core,Active,Modern,Natural,Medium,Linen,Best,0.7685,1.18
FUR0610,Aster Stone House,Furniture,Accent Furniture,Accent Furniture,Northstar Collection,V015,223.91,481.56,481.56,0.535,2023-08-08,Core,Active,Modern,Sage,One Size,Linen,Best,0.9773,1.18
FUR0611,Ridge Glass Atelier,Furniture,Accent Furniture,Accent Furniture,Maison Reserve,V019,111.15,257.04,257.04,0.5676,2024-03-18,Core,Active,Classic,Natural,Medium,Stone,Best,1.0144,1.18
FUR0612,Sable Cotton Object,Furniture,Accent Furniture,Accent Furniture,Atelier Edit,V006,121.82,247.33,247.33,0.5075,2023-09-18,Core,Active,Modern,Sand,One Size,Wool,Best,1.2474,1.18
FUR0613,Avery Cotton Collection,Furniture,Accent Furniture,Accent Furniture,Atelier Edit,V012,195.77,428.94,428.94,0.5436,2023-07-14,Core,Active,Classic,Natural,Large,Stone,Best,0.5895,1.18
FUR0614,Arc Glass House,Furniture,Accent Furniture,Accent Furniture,Atelier Edit,V002,203.93,426.59,426.59,0.5219,2024-01-27,Core,Seasonal,Modern,Charcoal,One Size,Rattan,Best,0.7607,1.18
FUR0615,Arc Linen Collection,Furniture,Accent Furniture,Accent Furniture,Northstar Collection,V009,204.26,440.35,440.35,0.5361,2024-05-29,Core,Active,Modern,Espresso,Medium,Glass,Best,0.3251,1.18
FUR0616,Sable Ceramic Series,Furniture,Accent Furniture,Accent Furniture,Foundry Home,V013,52.06,119.04,119.04,0.5626,2024-07-11,Core,Active,Modern,Oat,One Size,Wool,Best,0.6931,1.18
FUR0617,Cove Brass Line,Furniture,Accent Furniture,Accent Furniture,Foundry Home,V002,77.53,216.49,216.49,0.6419,2024-05-01,Core,Active,Modern,Espresso,One Size,Rattan,Best,0.5097,1.18
FUR0618,Vale Oak Series,Furniture,Accent Furniture,Accent Furniture,Atelier Edit,V010,134.77,271.55,271.55,0.5037,2025-01-11,Core,Active,Classic,Charcoal,One Size,Rattan,Best,0.3866,1.18
FUR0619,Vale Marble Form,Furniture,Accent Furniture,Accent Furniture,Northstar Collection,V017,220.23,488.39,488.39,0.5491,2024-08-04,Core,Active,Organic,Terracotta,One Size,Wool,Best,0.9209,1.18
FUR0620,Aster Cotton Vessel,Furniture,Accent Furniture,Accent Furniture,Atelier Edit,V004,232.19,496.89,496.89,0.5327,2023-06-09,Core,Seasonal,Modern,Champagne,Large,Linen,Best,0.6661,1.18
FUR0621,Sable Brass Line,Furniture,Accent Furniture,Accent Furniture,Northstar Collection,V008,121.83,252.52,252.52,0.5175,2024-10-25,Core,Active,Modern,Sand,Medium,Rattan,Best,0.6163,1.18
FUR0622,Ridge Cotton Vessel,Furniture,Accent Furniture,Accent Furniture,Maison Reserve,V016,188.75,391.78,391.78,0.5182,2023-07-22,Core,Active,Organic,Natural,One Size,Ceramic,Best,0.3915,1.18
FUR0623,Avery Linen Object,Furniture,Accent Furniture,Accent Furniture,Northstar Collection,V002,108.66,245.62,245.62,0.5576,2024-06-04,Core,Active,Minimal,Natural,One Size,Ceramic,Best,0.765,1.18
FUR0624,Ridge Wool Vessel,Furniture,Accent Furniture,Accent Furniture,Northstar Collection,V009,234.4,460.6,460.6,0.4911,2024-12-19,Core,Active,Modern,Espresso,Medium,Linen,Best,0.7353,1.18
FUR0625,Sable Oak Line,Furniture,Accent Furniture,Accent Furniture,Foundry Home,V017,245.25,517.45,517.45,0.526,2024-09-01,Core,Active,Artisan,Terracotta,Small,Cotton,Best,0.4691,1.18
FUR0626,Noir Rattan Studio,Furniture,Accent Furniture,Accent Furniture,Atelier Edit,V005,74.15,149.27,149.27,0.5033,2023-06-29,Core,Active,Organic,Oat,Large,Cotton,Best,2.2106,1.18
FUR0627,Avery Wool Edit,Furniture,Accent Furniture,Accent Furniture,Maison Reserve,V011,176.44,352.32,352.32,0.4992,2025-01-11,Core,Active,Classic,Slate,Medium,Rattan,Best,0.4345,1.18
FUR0628,Sable Brass House,Furniture,Accent Furniture,Accent Furniture,Maison Reserve,V019,88.0,228.84,228.84,0.6154,2024-04-16,Core,Active,Organic,Terracotta,Large,Cotton,Best,0.4616,1.18
FUR0629,Cove Stone Edit,Furniture,Accent Furniture,Accent Furniture,Foundry Home,V005,264.08,489.11,489.11,0.4601,2024-08-31,Core,Active,Minimal,Ivory,Large,Oak,Best,0.5534,1.18
FUR0630,Vale Marble House,Furniture,Accent Furniture,Accent Furniture,Atelier Edit,V013,81.54,161.39,112.97,0.4948,2024-08-17,Core,Exit,Artisan,Champagne,One Size,Cotton,Best,0.6708,1.18
FUR0631,Mira Glass Collection,Furniture,Accent Furniture,Accent Furniture,Maison Reserve,V002,46.96,104.29,104.29,0.5498,2024-03-03,Core,Active,Artisan,Terracotta,Large,Cotton,Best,0.5034,1.18
FUR0632,Marlow Rattan Object,Furniture,Accent Furniture,Accent Furniture,Atelier Edit,V008,186.5,358.03,358.03,0.4791,2023-07-03,Core,Active,Artisan,Slate,One Size,Oak,Best,0.5544,1.18
FUR0633,Aster Oak House,Furniture,Accent Furniture,Accent Furniture,Atelier Edit,V015,169.88,404.78,404.78,0.5803,2024-08-19,Core,Active,Modern,Terracotta,Large,Oak,Best,1.1558,1.18
FUR0634,Mira Marble House,Furniture,Accent Furniture,Accent Furniture,Maison Reserve,V003,188.96,442.79,442.79,0.5733,2024-08-02,Core,Active,Classic,Terracotta,Large,Marble,Best,0.4698,1.18
FUR0635,Luna Cotton Vessel,Furniture,Accent Furniture,Accent Furniture,Northstar Collection,V009,242.18,541.39,541.39,0.5527,2023-05-30,Core,Active,Organic,Charcoal,Small,Wool,Best,0.6927,1.18
FUR0636,Sable Linen Collection,Furniture,Accent Furniture,Accent Furniture,Foundry Home,V015,224.19,506.02,506.02,0.557,2024-05-02,Core,Active,Minimal,Espresso,Small,Rattan,Best,0.8415,1.18
FUR0637,Arc Ceramic Atelier,Furniture,Accent Furniture,Accent Furniture,Atelier Edit,V004,165.18,366.74,366.74,0.5496,2024-04-23,Core,Active,Modern,Charcoal,Small,Rattan,Best,0.3792,1.18
FUR0638,Mira Linen Line,Furniture,Accent Furniture,Accent Furniture,Maison Reserve,V007,215.91,439.96,439.96,0.5093,2024-02-23,Core,Seasonal,Artisan,Ivory,Large,Brass,Best,0.5511,1.18
FUR0639,Sable Rattan Studio,Furniture,Accent Furniture,Accent Furniture,Foundry Home,V016,80.92,175.68,175.68,0.5394,2024-04-06,Core,Active,Artisan,Terracotta,One Size,Marble,Best,0.5893,1.18
FUR0640,Vale Linen Form,Furniture,Accent Furniture,Accent Furniture,Northstar Collection,V002,178.7,367.93,367.93,0.5143,2024-10-06,Core,Active,Classic,Charcoal,One Size,Linen,Best,0.4706,1.18
FUR0641,Harbour Marble Atelier,Furniture,Accent Furniture,Accent Furniture,Northstar Collection,V010,230.85,432.05,432.05,0.4657,2023-10-05,Core,Active,Classic,Sage,Small,Rattan,Best,0.5527,1.18
FUR0642,Luna Ceramic Edit,Furniture,Accent Furniture,Accent Furniture,Northstar Collection,V018,72.63,180.87,180.87,0.5984,2024-02-17,Core,Active,Modern,Terracotta,Small,Rattan,Best,0.6735,1.18
FUR0643,Cove Cotton Vessel,Furniture,Accent Furniture,Accent Furniture,Atelier Edit,V005,124.69,266.24,186.37,0.5316,2025-01-08,Core,Exit,Artisan,Terracotta,Large,Oak,Best,0.3741,1.18
FUR0644,Aster Ceramic Object,Furniture,Accent Furniture,Accent Furniture,Northstar Collection,V012,124.34,277.67,194.37,0.5522,2023-05-24,Core,Exit,Artisan,Slate,Medium,Oak,Best,0.9108,1.18
FUR0645,Harbour Oak Edit,Furniture,Accent Furniture,Accent Furniture,Atelier Edit,V016,45.61,100.76,100.76,0.5473,2023-12-02,Core,Active,Artisan,Slate,Large,Glass,Best,0.3742,1.18
FUR0646,Mira Linen Form,Furniture,Accent Furniture,Accent Furniture,Northstar Collection,V007,80.26,156.11,156.11,0.4858,2024-03-18,Core,Active,Modern,Ivory,Large,Linen,Best,0.2845,1.18
FUR0647,Vale Rattan Line,Furniture,Accent Furniture,Accent Furniture,Maison Reserve,V012,72.86,190.72,190.72,0.618,2024-08-04,Core,Active,Organic,Slate,One Size,Marble,Best,0.8499,1.18
FUR0648,Mira Oak Collection,Furniture,Accent Furniture,Accent Furniture,Northstar Collection,V001,103.18,257.23,257.23,0.5989,2023-05-31,Core,Active,Classic,Sand,Medium,Linen,Best,0.7903,1.18
FUR0649,Sable Rattan Line,Furniture,Accent Furniture,Accent Furniture,Atelier Edit,V006,132.98,312.14,312.14,0.574,2025-01-09,Core,Active,Organic,Champagne,Medium,Cotton,Best,0.6454,1.18
FUR0650,Marlow Oak Atelier,Furniture,Accent Furniture,Accent Furniture,Atelier Edit,V015,86.14,204.26,204.26,0.5783,2024-07-16,Core,Active,Artisan,Ivory,Large,Rattan,Best,0.5192,1.18
FUR0651,Cove Glass Form,Furniture,Accent Furniture,Accent Furniture,Northstar Collection,V019,189.57,415.54,415.54,0.5438,2023-11-16,Core,Active,Modern,Espresso,Small,Cotton,Best,0.6447,1.18
FUR0652,Noir Brass Line,Furniture,Accent Furniture,Accent Furniture,Northstar Collection,V008,124.87,258.53,258.53,0.517,2024-04-14,Core,Active,Modern,Champagne,Medium,Marble,Best,0.4509,1.18
FUR0653,Cove Linen Line,Furniture,Accent Furniture,Accent Furniture,Maison Reserve,V014,56.67,117.54,117.54,0.5178,2024-07-08,Core,Active,Artisan,Sage,Medium,Linen,Best,0.7664,1.18
FUR0654,Avery Rattan Edit,Furniture,Accent Furniture,Accent Furniture,Maison Reserve,V001,96.85,204.1,204.1,0.5255,2025-01-07,Core,Active,Modern,Charcoal,Medium,Glass,Best,0.8265,1.18
FUR0655,Ridge Rattan Form,Furniture,Accent Furniture,Accent Furniture,Northstar Collection,V008,104.15,217.31,217.31,0.5207,2024-01-22,Core,Active,Organic,Ivory,One Size,Marble,Best,0.474,1.18
FUR0656,Noir Rattan Atelier,Furniture,Accent Furniture,Accent Furniture,Atelier Edit,V014,116.77,276.61,193.63,0.5778,2023-12-01,Core,Exit,Artisan,Champagne,One Size,Stone,Best,1.0248,1.18
FUR0657,Sable Marble Line,Furniture,Accent Furniture,Accent Furniture,Maison Reserve,V003,193.32,411.06,411.06,0.5297,2023-09-10,Core,Active,Classic,Sand,Large,Marble,Best,0.6491,1.18
FUR0658,Aster Linen Edit,Furniture,Accent Furniture,Accent Furniture,Foundry Home,V009,118.23,245.9,245.9,0.5192,2024-06-17,Core,Active,Minimal,Terracotta,Small,Cotton,Best,1.3114,1.18
FUR0659,Vale Wool Vessel,Furniture,Accent Furniture,Accent Furniture,Maison Reserve,V015,162.3,329.04,329.04,0.5068,2023-09-07,Core,Active,Minimal,Espresso,Medium,Rattan,Best,1.0141,1.18
FUR0660,Ridge Oak Studio,Furniture,Accent Furniture,Accent Furniture,Maison Reserve,V004,133.37,357.45,357.45,0.6269,2024-03-14,Core,Active,Minimal,Sage,Medium,Rattan,Best,0.5526,1.18
FUR0661,Arc Stone Edit,Furniture,Accent Furniture,Accent Furniture,Foundry Home,V008,131.4,303.06,303.06,0.5664,2024-01-06,Core,Active,Classic,Ivory,Large,Wool,Best,1.4593,1.18
FUR0662,Noir Wool Line,Furniture,Accent Furniture,Accent Furniture,Atelier Edit,V016,211.78,413.38,413.38,0.4877,2023-11-08,Core,Active,Modern,Ivory,Medium,Wool,Best,0.4992,1.18
FUR0663,Aster Rattan Atelier,Furniture,Accent Furniture,Accent Furniture,Atelier Edit,V005,109.77,212.81,212.81,0.4842,2024-06-07,Core,Active,Minimal,Espresso,One Size,Glass,Best,0.7309,1.18
FUR0664,Vale Stone Form,Furniture,Accent Furniture,Accent Furniture,Northstar Collection,V012,137.11,251.94,251.94,0.4558,2024-12-26,Core,Active,Minimal,Natural,Large,Oak,Best,0.538,1.18
FUR0665,Arc Ceramic Studio,Furniture,Accent Furniture,Accent Furniture,Maison Reserve,V017,72.58,182.87,182.87,0.6031,2024-07-15,Core,Active,Modern,Charcoal,Large,Ceramic,Best,0.504,1.18
FUR0666,Avery Brass Vessel,Furniture,Accent Furniture,Accent Furniture,Atelier Edit,V005,212.33,483.08,483.08,0.5605,2024-04-10,Core,Active,Modern,Slate,Large,Wool,Best,0.6602,1.18
FUR0667,Noir Oak Atelier,Furniture,Accent Furniture,Accent Furniture,Atelier Edit,V014,145.23,321.11,321.11,0.5477,2024-11-13,Core,Active,Artisan,Charcoal,Small,Brass,Best,0.6722,1.18
FUR0668,Harbour Stone Edit,Furniture,Accent Furniture,Accent Furniture,Northstar Collection,V017,151.44,308.02,308.02,0.5083,2023-12-27,Core,Active,Minimal,Sage,Large,Glass,Best,0.4278,1.18
FUR0669,Arc Rattan Object,Furniture,Accent Furniture,Accent Furniture,Maison Reserve,V005,54.21,100.82,100.82,0.4623,2024-11-13,Core,Active,Artisan,Terracotta,Medium,Marble,Best,0.4177,1.18
FUR0670,Harbour Cotton House,Furniture,Accent Furniture,Accent Furniture,Foundry Home,V013,183.97,462.37,462.37,0.6021,2023-08-21,Core,Active,Organic,Slate,Small,Wool,Best,0.3116,1.18
FUR0671,Arc Oak Collection,Furniture,Accent Furniture,Accent Furniture,Atelier Edit,V018,161.56,290.04,290.04,0.443,2023-10-05,Core,Active,Classic,Slate,One Size,Marble,Best,0.4913,1.18
FUR0672,Arc Linen Studio,Furniture,Accent Furniture,Accent Furniture,Maison Reserve,V005,151.02,342.15,342.15,0.5586,2024-10-08,Core,Active,Classic,Espresso,Medium,Marble,Best,0.8148,1.18
FUR0673,Noir Ceramic Edit,Furniture,Accent Furniture,Accent Furniture,Foundry Home,V013,149.03,393.56,393.56,0.6213,2023-07-24,Core,Active,Classic,Slate,One Size,Glass,Best,0.739,1.18
FUR0674,Luna Ceramic Line,Furniture,Accent Furniture,Accent Furniture,Atelier Edit,V002,124.61,251.95,251.95,0.5054,2023-08-17,Core,Active,Organic,Terracotta,Medium,Ceramic,Best,0.6005,1.18
FUR0675,Ridge Glass Form,Furniture,Accent Furniture,Accent Furniture,Maison Reserve,V009,67.76,153.0,153.0,0.5571,2024-07-27,Core,Active,Minimal,Terracotta,Medium,Stone,Best,0.5643,1.18
SEA0676,Mira Marble Studio,Furniture,Seating,Seating,Foundry Home,V014,131.0,236.87,236.87,0.4469,2023-07-13,Core,Active,Classic,Champagne,Medium,Ceramic,Best,0.4819,1.12
SEA0677,Arc Brass Atelier,Furniture,Seating,Seating,Atelier Edit,V001,146.78,327.56,327.56,0.5519,2024-01-22,Core,Active,Modern,Espresso,Medium,Cotton,Best,0.3741,1.12
SEA0678,Noir Cotton Vessel,Furniture,Seating,Seating,Atelier Edit,V008,284.09,661.4,661.4,0.5705,2025-01-10,Core,Active,Organic,Champagne,Small,Glass,Best,0.6367,1.12
SEA0679,Noir Glass Object,Furniture,Seating,Seating,Maison Reserve,V018,108.37,237.79,237.79,0.5442,2024-03-06,Core,Seasonal,Modern,Sage,One Size,Cotton,Best,0.3861,1.12
SEA0680,Vale Marble Form,Furniture,Seating,Seating,Maison Reserve,V002,293.69,639.47,639.47,0.5407,2023-08-25,Core,Active,Minimal,Champagne,One Size,Rattan,Best,0.8906,1.12
SEA0681,Marlow Stone Line,Furniture,Seating,Seating,Atelier Edit,V009,175.22,488.85,488.85,0.6416,2023-12-07,Core,Active,Minimal,Champagne,Medium,Cotton,Best,0.6189,1.12
SEA0682,Cove Oak Edit,Furniture,Seating,Seating,Atelier Edit,V016,124.92,287.95,287.95,0.5662,2024-11-17,Core,Active,Minimal,Natural,Small,Oak,Best,0.7268,1.12
SEA0683,Arc Ceramic Object,Furniture,Seating,Seating,Atelier Edit,V003,279.53,592.43,592.43,0.5282,2024-07-04,Core,Active,Artisan,Espresso,Large,Oak,Best,0.6384,1.12
SEA0684,Vale Ceramic Atelier,Furniture,Seating,Seating,Maison Reserve,V013,117.75,226.63,226.63,0.4804,2023-12-16,Core,Active,Minimal,Ivory,Medium,Glass,Best,0.4379,1.12
SEA0685,Ridge Glass Atelier,Furniture,Seating,Seating,Atelier Edit,V016,214.18,536.78,536.78,0.601,2024-09-26,Core,Active,Organic,Sage,Medium,Stone,Best,0.3591,1.12
SEA0686,Vale Oak Studio,Furniture,Seating,Seating,Northstar Collection,V007,284.93,643.17,643.17,0.557,2024-07-04,Core,Seasonal,Organic,Sand,Large,Brass,Best,1.2114,1.12
SEA0687,Marlow Glass Line,Furniture,Seating,Seating,Atelier Edit,V012,130.87,253.04,253.04,0.4828,2024-08-16,Core,Active,Classic,Espresso,One Size,Stone,Best,0.1749,1.12
SEA0688,Arc Linen Vessel,Furniture,Seating,Seating,Foundry Home,V017,332.71,680.2,680.2,0.5109,2023-08-09,Core,Seasonal,Minimal,Espresso,Small,Oak,Best,0.514,1.12
SEA0689,Cove Ceramic Series,Furniture,Seating,Seating,Foundry Home,V004,237.9,475.41,475.41,0.4996,2024-07-21,Core,Active,Minimal,Sand,One Size,Ceramic,Best,0.5848,1.12
SEA0690,Marlow Marble Atelier,Furniture,Seating,Seating,Atelier Edit,V015,106.53,232.59,162.81,0.542,2023-12-08,Core,Exit,Organic,Sage,Medium,Brass,Best,0.778,1.12
SEA0691,Vale Stone Atelier,Furniture,Seating,Seating,Foundry Home,V001,243.79,519.73,519.73,0.5309,2024-04-21,Core,Active,Classic,Terracotta,One Size,Linen,Best,0.7972,1.12
SEA0692,Arc Ceramic Series,Furniture,Seating,Seating,Foundry Home,V008,198.78,434.62,434.62,0.5426,2024-10-15,Core,Seasonal,Minimal,Oat,One Size,Wool,Best,0.6078,1.12
SEA0693,Aster Glass Object,Furniture,Seating,Seating,Foundry Home,V016,162.68,351.7,351.7,0.5375,2024-08-22,Core,Active,Minimal,Champagne,Medium,Brass,Best,0.3782,1.12
SEA0694,Harbour Stone Edit,Furniture,Seating,Seating,Foundry Home,V003,102.06,220.84,220.84,0.5379,2024-08-17,Core,Active,Classic,Terracotta,Medium,Glass,Best,0.9692,1.12
SEA0695,Harbour Marble Vessel,Furniture,Seating,Seating,Atelier Edit,V008,373.1,753.97,753.97,0.5052,2023-10-31,Core,Active,Classic,Terracotta,One Size,Wool,Best,0.568,1.12
SEA0696,Marlow Oak Studio,Furniture,Seating,Seating,Maison Reserve,V017,246.54,507.3,507.3,0.514,2023-05-31,Core,Active,Minimal,Oat,Small,Linen,Best,1.4227,1.12
SEA0697,Sable Oak Series,Furniture,Seating,Seating,Foundry Home,V003,266.45,646.78,646.78,0.588,2024-01-19,Core,Active,Modern,Charcoal,Medium,Stone,Best,1.0125,1.12
SEA0698,Marlow Wool Atelier,Furniture,Seating,Seating,Maison Reserve,V011,330.37,679.74,475.82,0.514,2024-10-17,Core,Exit,Organic,Sage,Large,Cotton,Best,1.0748,1.12
SEA0699,Avery Brass Atelier,Furniture,Seating,Seating,Northstar Collection,V018,268.9,591.02,591.02,0.545,2024-12-07,Core,Active,Artisan,Slate,One Size,Oak,Best,0.6625,1.12
SEA0700,Mira Rattan Object,Furniture,Seating,Seating,Northstar Collection,V001,152.87,369.53,369.53,0.5863,2024-05-03,Core,Active,Organic,Natural,Medium,Marble,Best,0.5031,1.12
SEA0701,Marlow Ceramic Series,Furniture,Seating,Seating,Atelier Edit,V010,109.27,239.33,239.33,0.5434,2023-09-30,Core,Active,Classic,Charcoal,Small,Ceramic,Best,0.7461,1.12
SEA0702,Luna Stone Vessel,Furniture,Seating,Seating,Maison Reserve,V017,70.8,148.44,148.44,0.5231,2024-02-21,Core,Active,Organic,Espresso,Small,Rattan,Best,0.7585,1.12
SEA0703,Harbour Rattan Line,Furniture,Seating,Seating,Northstar Collection,V005,189.44,366.06,366.06,0.4825,2024-06-29,Core,Active,Artisan,Champagne,Large,Cotton,Best,0.227,1.12
SEA0704,Avery Stone Vessel,Furniture,Seating,Seating,Atelier Edit,V011,387.31,692.37,692.37,0.4406,2024-03-18,Core,Seasonal,Classic,Sage,Large,Glass,Best,0.6514,1.12
SEA0705,Avery Brass Edit,Furniture,Seating,Seating,Maison Reserve,V020,79.72,169.35,169.35,0.5293,2023-07-27,Core,Active,Artisan,Natural,One Size,Wool,Best,0.7613,1.12
SEA0706,Aster Linen Line,Furniture,Seating,Seating,Maison Reserve,V006,105.61,183.28,183.28,0.4238,2023-09-01,Core,Seasonal,Modern,Oat,Medium,Linen,Best,0.9379,1.12
SEA0707,Aster Rattan Series,Furniture,Seating,Seating,Northstar Collection,V012,247.63,452.74,452.74,0.453,2024-08-17,Core,Active,Classic,Espresso,One Size,Rattan,Best,1.0961,1.12
SEA0708,Sable Linen Line,Furniture,Seating,Seating,Maison Reserve,V001,105.58,260.89,260.89,0.5953,2024-12-28,Core,Active,Organic,Sand,Large,Linen,Best,0.4367,1.12
SEA0709,Luna Brass Object,Furniture,Seating,Seating,Foundry Home,V006,277.8,606.33,606.33,0.5418,2024-08-22,Core,Active,Modern,Espresso,Medium,Wool,Best,0.5472,1.12
SEA0710,Marlow Oak Collection,Furniture,Seating,Seating,Maison Reserve,V014,120.8,276.32,276.32,0.5628,2024-12-29,Core,Active,Artisan,Slate,One Size,Glass,Best,0.7554,1.12
SEA0711,Arc Stone House,Furniture,Seating,Seating,Foundry Home,V002,170.67,337.72,337.72,0.4946,2023-09-06,Core,Active,Organic,Slate,Large,Oak,Best,0.2689,1.12
SEA0712,Ridge Cotton Atelier,Furniture,Seating,Seating,Foundry Home,V008,137.48,316.46,316.46,0.5656,2024-05-13,Core,Active,Minimal,Sage,Small,Cotton,Best,0.3789,1.12
SEA0713,Vale Linen House,Furniture,Seating,Seating,Northstar Collection,V016,417.71,817.61,817.61,0.4891,2024-03-18,Core,Active,Organic,Sage,One Size,Brass,Best,1.178,1.12
SEA0714,Harbour Glass House,Furniture,Seating,Seating,Maison Reserve,V001,152.57,356.25,356.25,0.5717,2023-06-14,Core,Active,Classic,Slate,Medium,Cotton,Best,0.5297,1.12
SEA0715,Harbour Linen Vessel,Furniture,Seating,Seating,Maison Reserve,V009,96.37,204.09,204.09,0.5278,2025-01-12,Core,Active,Minimal,Terracotta,Small,Oak,Best,0.546,1.12
SEA0716,Ridge Rattan Edit,Furniture,Seating,Seating,Foundry Home,V014,105.71,218.03,218.03,0.5152,2023-12-01,Core,Active,Classic,Sand,Large,Brass,Best,0.5144,1.12
SEA0717,Vale Marble House,Furniture,Seating,Seating,Maison Reserve,V001,312.49,706.4,706.4,0.5576,2024-11-16,Core,Active,Minimal,Sage,One Size,Glass,Best,0.6879,1.12
SEA0718,Noir Marble Atelier,Furniture,Seating,Seating,Maison Reserve,V010,334.29,669.9,669.9,0.501,2024-10-18,Core,Active,Organic,Terracotta,Medium,Oak,Best,0.4173,1.12
SEA0719,Aster Wool Series,Furniture,Seating,Seating,Northstar Collection,V015,134.84,265.46,265.46,0.492,2024-07-29,Core,Active,Artisan,Natural,Medium,Oak,Best,0.6642,1.12
SEA0720,Harbour Glass Collection,Furniture,Seating,Seating,Maison Reserve,V001,267.21,598.98,419.29,0.5539,2024-02-27,Core,Exit,Modern,Charcoal,Small,Linen,Best,0.5387,1.12
SEA0721,Avery Stone Series,Furniture,Seating,Seating,Maison Reserve,V011,331.2,614.9,430.43,0.4614,2025-01-04,Core,Exit,Organic,Espresso,Medium,Marble,Best,0.4246,1.12
SEA0722,Cove Linen Atelier,Furniture,Seating,Seating,Northstar Collection,V019,309.58,755.11,755.11,0.59,2024-07-27,Core,Active,Artisan,Oat,Medium,Wool,Best,0.5022,1.12
SEA0723,Aster Brass Collection,Furniture,Seating,Seating,Atelier Edit,V003,106.48,276.56,276.56,0.615,2024-01-28,Core,Active,Modern,Slate,Medium,Marble,Best,0.9123,1.12
SEA0724,Luna Rattan Studio,Furniture,Seating,Seating,Foundry Home,V009,124.37,285.88,285.88,0.565,2024-01-27,Core,Active,Classic,Terracotta,Medium,Oak,Best,0.5145,1.12
SEA0725,Ridge Brass Object,Furniture,Seating,Seating,Foundry Home,V019,117.35,316.07,316.07,0.6287,2024-11-18,Core,Active,Minimal,Terracotta,Small,Glass,Best,0.6915,1.12
SEA0726,Sable Linen Edit,Furniture,Seating,Seating,Foundry Home,V006,85.42,195.4,195.4,0.5628,2023-08-07,Core,Active,Minimal,Terracotta,Small,Wool,Best,0.5579,1.12
SEA0727,Ridge Marble Object,Furniture,Seating,Seating,Foundry Home,V014,242.33,519.61,519.61,0.5336,2023-11-21,Core,Active,Organic,Natural,Large,Brass,Best,0.6526,1.12
SEA0728,Avery Marble House,Furniture,Seating,Seating,Atelier Edit,V018,304.71,736.78,736.78,0.5864,2024-09-14,Core,Active,Classic,Oat,Small,Rattan,Best,0.4502,1.12
SEA0729,Aster Stone Edit,Furniture,Seating,Seating,Foundry Home,V005,225.21,508.35,508.35,0.557,2024-09-07,Core,Active,Organic,Oat,Small,Rattan,Best,1.2529,1.12
SEA0730,Harbour Ceramic Object,Furniture,Seating,Seating,Northstar Collection,V012,115.85,294.45,294.45,0.6066,2023-06-15,Core,Active,Minimal,Slate,Large,Glass,Best,0.7965,1.12
SEA0731,Sable Rattan House,Furniture,Seating,Seating,Northstar Collection,V002,113.2,282.59,282.59,0.5994,2024-10-18,Core,Active,Organic,Espresso,Small,Oak,Best,0.4883,1.12
SEA0732,Luna Oak Form,Furniture,Seating,Seating,Northstar Collection,V009,266.59,543.56,543.56,0.5096,2023-11-08,Core,Active,Minimal,Sage,One Size,Cotton,Best,0.3963,1.12
SEA0733,Harbour Cotton Collection,Furniture,Seating,Seating,Northstar Collection,V016,266.16,606.25,606.25,0.561,2023-11-01,Core,Active,Organic,Oat,One Size,Marble,Best,0.4074,1.12
SEA0734,Mira Linen Studio,Furniture,Seating,Seating,Foundry Home,V020,124.96,247.89,247.89,0.4959,2024-04-23,Core,Active,Artisan,Champagne,One Size,Ceramic,Best,0.573,1.12
SEA0735,Harbour Linen Series,Furniture,Seating,Seating,Atelier Edit,V007,115.72,217.91,217.91,0.469,2023-12-19,Core,Active,Modern,Sand,One Size,Wool,Best,0.6861,1.12
SEA0736,Cove Ceramic Studio,Furniture,Seating,Seating,Maison Reserve,V016,286.23,555.98,555.98,0.4852,2024-09-08,Core,Active,Classic,Ivory,One Size,Linen,Best,0.4935,1.12
SEA0737,Ridge Glass Vessel,Furniture,Seating,Seating,Maison Reserve,V001,79.85,186.63,186.63,0.5722,2024-04-05,Core,Active,Classic,Oat,Small,Stone,Best,0.5975,1.12
SEA0738,Arc Wool House,Furniture,Seating,Seating,Foundry Home,V009,225.69,497.85,497.85,0.5467,2023-11-20,Core,Active,Classic,Slate,Medium,Oak,Best,0.4815,1.12
SEA0739,Vale Brass Series,Furniture,Seating,Seating,Maison Reserve,V018,150.41,340.87,340.87,0.5587,2024-11-06,Core,Active,Organic,Natural,Large,Stone,Best,0.2727,1.12
SEA0740,Arc Brass Object,Furniture,Seating,Seating,Atelier Edit,V003,80.85,226.63,226.63,0.6432,2024-12-14,Core,Active,Organic,Oat,One Size,Oak,Best,0.5144,1.12
SEA0741,Avery Cotton Edit,Furniture,Seating,Seating,Atelier Edit,V010,227.52,431.61,431.61,0.4729,2024-04-05,Core,Active,Organic,Sage,Small,Glass,Best,1.1998,1.12
SEA0742,Arc Marble Line,Furniture,Seating,Seating,Northstar Collection,V017,276.81,523.37,523.37,0.4711,2024-09-21,Core,Active,Classic,Sand,Medium,Oak,Best,0.8275,1.12
SEA0743,Ridge Rattan Object,Furniture,Seating,Seating,Northstar Collection,V002,107.85,235.22,235.22,0.5415,2024-03-20,Core,Active,Minimal,Sand,Medium,Wool,Best,1.0815,1.12
SEA0744,Aster Rattan Edit,Furniture,Seating,Seating,Northstar Collection,V010,114.05,214.72,214.72,0.4688,2023-09-27,Core,Active,Minimal,Espresso,Large,Glass,Best,0.7203,1.12
SEA0745,Ridge Linen Series,Furniture,Seating,Seating,Atelier Edit,V020,104.09,250.05,250.05,0.5837,2023-12-29,Core,Active,Minimal,Champagne,One Size,Ceramic,Best,0.352,1.12
SEA0746,Ridge Wool Object,Furniture,Seating,Seating,Foundry Home,V004,72.33,168.53,168.53,0.5708,2024-08-29,Core,Active,Organic,Charcoal,Large,Brass,Best,0.6235,1.12
SEA0747,Harbour Oak Studio,Furniture,Seating,Seating,Maison Reserve,V011,170.22,377.49,377.49,0.5491,2023-11-06,Core,Active,Classic,Natural,One Size,Linen,Best,0.415,1.12
SEA0748,Noir Rattan House,Furniture,Seating,Seating,Atelier Edit,V017,87.77,211.28,211.28,0.5846,2023-12-18,Core,Active,Modern,Sand,Large,Stone,Best,0.6786,1.12
SEA0749,Vale Marble Vessel,Furniture,Seating,Seating,Atelier Edit,V008,366.83,752.02,752.02,0.5122,2024-04-04,Core,Active,Classic,Champagne,Medium,Stone,Best,0.4797,1.12
SEA0750,Aster Linen Object,Furniture,Seating,Seating,Foundry Home,V013,117.48,256.59,256.59,0.5421,2024-12-14,Core,Active,Organic,Natural,Small,Rattan,Best,0.6978,1.12
SEA0751,Avery Wool Collection,Furniture,Seating,Seating,Atelier Edit,V020,95.58,187.21,187.21,0.4894,2024-10-08,Core,Active,Modern,Sage,One Size,Marble,Best,0.7296,1.12
SEA0752,Cove Rattan Vessel,Furniture,Seating,Seating,Atelier Edit,V007,252.27,532.67,532.67,0.5264,2024-01-09,Core,Active,Classic,Charcoal,One Size,Marble,Best,0.9263,1.12
SEA0753,Avery Ceramic Studio,Furniture,Seating,Seating,Foundry Home,V015,310.3,704.97,704.97,0.5598,2023-06-20,Core,Active,Modern,Terracotta,Medium,Cotton,Best,0.5754,1.12
SEA0754,Marlow Glass Vessel,Furniture,Seating,Seating,Atelier Edit,V002,367.91,750.59,750.59,0.5098,2023-12-29,Core,Active,Organic,Espresso,One Size,Ceramic,Best,0.4014,1.12
SEA0755,Avery Brass Form,Furniture,Seating,Seating,Northstar Collection,V009,153.29,316.1,316.1,0.5151,2024-03-19,Core,Active,Modern,Sand,Small,Stone,Best,0.7536,1.12
SEA0756,Harbour Ceramic House,Furniture,Seating,Seating,Foundry Home,V015,251.15,542.93,542.93,0.5374,2023-08-28,Core,Active,Organic,Charcoal,Medium,Oak,Best,0.7511,1.12
SEA0757,Arc Stone House,Furniture,Seating,Seating,Atelier Edit,V020,169.19,307.82,307.82,0.4504,2023-10-17,Core,Active,Artisan,Champagne,One Size,Oak,Best,0.7812,1.12
SEA0758,Aster Brass House,Furniture,Seating,Seating,Northstar Collection,V009,118.27,247.23,247.23,0.5216,2023-07-04,Core,Active,Organic,Sage,Large,Brass,Best,0.7643,1.12
SEA0759,Marlow Stone House,Furniture,Seating,Seating,Maison Reserve,V014,334.9,624.61,624.61,0.4638,2024-02-01,Core,Active,Artisan,Champagne,Medium,Cotton,Best,0.3451,1.12
SEA0760,Harbour Oak Edit,Furniture,Seating,Seating,Maison Reserve,V003,401.85,814.68,814.68,0.5067,2024-06-23,Core,Active,Classic,Slate,Large,Stone,Best,0.8164,1.12
TAB0761,Aster Cotton House,Furniture,Tables,Tables,Foundry Home,V008,147.36,306.02,306.02,0.5185,2023-11-08,Core,Active,Organic,Natural,Small,Oak,Best,0.3822,1.15
TAB0762,Marlow Marble Series,Furniture,Tables,Tables,Northstar Collection,V015,150.28,363.12,363.12,0.5861,2024-06-08,Core,Active,Minimal,Sage,Large,Marble,Best,0.6662,1.15
TAB0763,Harbour Stone House,Furniture,Tables,Tables,Northstar Collection,V005,278.51,641.3,641.3,0.5657,2024-02-22,Core,Seasonal,Minimal,Charcoal,Large,Stone,Best,0.6375,1.15
TAB0764,Arc Glass Vessel,Furniture,Tables,Tables,Northstar Collection,V010,245.52,546.22,546.22,0.5505,2024-09-20,Core,Active,Artisan,Sand,Small,Rattan,Best,0.7688,1.15
TAB0765,Arc Cotton Atelier,Furniture,Tables,Tables,Northstar Collection,V016,163.7,405.36,405.36,0.5962,2023-06-10,Core,Active,Minimal,Sage,Medium,Stone,Best,0.4006,1.15
TAB0766,Mira Stone Collection,Furniture,Tables,Tables,Atelier Edit,V004,213.4,537.76,537.76,0.6032,2023-10-30,Core,Active,Modern,Natural,One Size,Linen,Best,0.682,1.15
TAB0767,Avery Cotton Line,Furniture,Tables,Tables,Foundry Home,V013,286.07,577.65,577.65,0.5048,2023-07-19,Core,Active,Organic,Espresso,Large,Linen,Best,1.0413,1.15
TAB0768,Luna Stone Collection,Furniture,Tables,Tables,Northstar Collection,V017,251.88,498.81,498.81,0.495,2023-06-03,Core,Active,Classic,Ivory,One Size,Linen,Best,0.8847,1.15
TAB0769,Marlow Brass Studio,Furniture,Tables,Tables,Atelier Edit,V005,83.86,212.49,212.49,0.6053,2024-06-07,Core,Active,Artisan,Ivory,Medium,Rattan,Best,0.3209,1.15
TAB0770,Avery Linen Atelier,Furniture,Tables,Tables,Atelier Edit,V011,305.31,629.61,629.61,0.5151,2024-09-01,Core,Seasonal,Artisan,Espresso,Medium,Linen,Best,0.6639,1.15
TAB0771,Harbour Glass Object,Furniture,Tables,Tables,Foundry Home,V001,195.68,550.73,550.73,0.6447,2024-05-19,Core,Active,Modern,Slate,Medium,Cotton,Best,0.8997,1.15
TAB0772,Noir Brass Object,Furniture,Tables,Tables,Northstar Collection,V005,332.78,655.69,655.69,0.4925,2024-05-14,Core,Active,Minimal,Ivory,Small,Glass,Best,1.3304,1.15
TAB0773,Ridge Cotton Atelier,Furniture,Tables,Tables,Atelier Edit,V012,263.04,546.81,546.81,0.519,2023-10-14,Core,Active,Organic,Natural,Large,Ceramic,Best,0.6551,1.15
TAB0774,Noir Rattan Atelier,Furniture,Tables,Tables,Atelier Edit,V002,98.67,231.44,231.44,0.5737,2023-06-03,Core,Active,Organic,Terracotta,One Size,Ceramic,Best,0.4599,1.15
TAB0775,Avery Marble Collection,Furniture,Tables,Tables,Maison Reserve,V006,229.55,425.09,425.09,0.46,2024-04-04,Core,Active,Organic,Ivory,Small,Cotton,Best,1.4739,1.15
TAB0776,Avery Rattan Vessel,Furniture,Tables,Tables,Foundry Home,V015,87.01,187.04,187.04,0.5348,2024-03-26,Core,Seasonal,Classic,Terracotta,One Size,Rattan,Best,0.3939,1.15
TAB0777,Luna Wool Object,Furniture,Tables,Tables,Atelier Edit,V003,192.78,371.11,371.11,0.4805,2024-03-16,Core,Active,Modern,Espresso,One Size,Ceramic,Best,0.7342,1.15
TAB0778,Vale Rattan Studio,Furniture,Tables,Tables,Atelier Edit,V010,168.23,459.47,459.47,0.6339,2023-08-12,Core,Active,Classic,Charcoal,Small,Brass,Best,1.0133,1.15
TAB0779,Cove Wool Atelier,Furniture,Tables,Tables,Northstar Collection,V016,301.6,627.33,627.33,0.5192,2024-09-04,Core,Active,Classic,Sand,One Size,Cotton,Best,0.5385,1.15
TAB0780,Harbour Ceramic Studio,Furniture,Tables,Tables,Maison Reserve,V005,90.09,192.54,192.54,0.5321,2024-02-06,Core,Active,Artisan,Oat,Large,Wool,Best,0.6225,1.15
TAB0781,Ridge Brass Atelier,Furniture,Tables,Tables,Foundry Home,V011,155.4,313.49,313.49,0.5043,2023-12-14,Core,Active,Classic,Sand,Small,Rattan,Best,0.8218,1.15
TAB0782,Cove Brass Series,Furniture,Tables,Tables,Foundry Home,V017,101.35,205.2,205.2,0.5061,2024-07-28,Core,Active,Artisan,Oat,Medium,Oak,Best,0.4294,1.15
TAB0783,Mira Linen Atelier,Furniture,Tables,Tables,Northstar Collection,V005,114.75,236.89,236.89,0.5156,2025-01-02,Core,Active,Artisan,Oat,Medium,Cotton,Best,0.8067,1.15
TAB0784,Vale Brass Series,Furniture,Tables,Tables,Northstar Collection,V009,120.31,244.89,244.89,0.5087,2024-08-09,Core,Seasonal,Artisan,Slate,Large,Ceramic,Best,0.7299,1.15
TAB0785,Marlow Linen Studio,Furniture,Tables,Tables,Atelier Edit,V016,160.67,343.19,343.19,0.5318,2023-09-27,Core,Active,Modern,Ivory,One Size,Stone,Best,1.0748,1.15
TAB0786,Cove Linen Vessel,Furniture,Tables,Tables,Maison Reserve,V003,246.3,544.78,544.78,0.5479,2024-07-06,Core,Active,Artisan,Ivory,One Size,Brass,Best,0.6446,1.15
TAB0787,Luna Linen Line,Furniture,Tables,Tables,Foundry Home,V011,168.53,381.22,381.22,0.5579,2023-11-13,Core,Active,Minimal,Oat,Small,Marble,Best,0.7708,1.15
TAB0788,Harbour Brass Vessel,Furniture,Tables,Tables,Maison Reserve,V017,215.96,515.59,515.59,0.5811,2023-11-25,Core,Active,Classic,Oat,Large,Marble,Best,0.5052,1.15
TAB0789,Harbour Ceramic Object,Furniture,Tables,Tables,Northstar Collection,V005,55.59,115.43,115.43,0.5184,2024-05-15,Core,Active,Modern,Champagne,Large,Rattan,Best,0.621,1.15
TAB0790,Noir Stone Line,Furniture,Tables,Tables,Maison Reserve,V011,269.78,602.99,602.99,0.5526,2024-05-03,Core,Active,Modern,Oat,Medium,Glass,Best,0.706,1.15
TAB0791,Harbour Rattan Object,Furniture,Tables,Tables,Atelier Edit,V018,148.29,289.91,289.91,0.4885,2023-08-19,Core,Active,Classic,Oat,Medium,Wool,Best,0.8815,1.15
TAB0792,Sable Linen Series,Furniture,Tables,Tables,Atelier Edit,V009,321.91,658.37,658.37,0.511,2023-07-04,Core,Active,Artisan,Sage,Medium,Glass,Best,0.6019,1.15
TAB0793,Avery Stone House,Furniture,Tables,Tables,Maison Reserve,V015,176.29,321.96,321.96,0.4525,2023-11-02,Core,Active,Organic,Oat,Small,Stone,Best,0.3932,1.15
TAB0794,Mira Glass Atelier,Furniture,Tables,Tables,Foundry Home,V003,270.56,550.13,550.13,0.5082,2023-11-24,Core,Active,Classic,Sand,Large,Brass,Best,0.7893,1.15
TAB0795,Marlow Ceramic Vessel,Furniture,Tables,Tables,Foundry Home,V006,229.86,462.27,462.27,0.5028,2023-06-14,Core,Active,Classic,Slate,Small,Rattan,Best,0.5074,1.15
TAB0796,Cove Rattan Studio,Furniture,Tables,Tables,Northstar Collection,V014,243.56,598.1,598.1,0.5928,2024-03-23,Core,Seasonal,Organic,Champagne,Small,Brass,Best,0.8659,1.15
TAB0797,Cove Wool Atelier,Furniture,Tables,Tables,Maison Reserve,V020,72.58,192.63,192.63,0.6232,2024-07-15,Core,Active,Modern,Sage,Small,Glass,Best,0.4634,1.15
TAB0798,Ridge Cotton Series,Furniture,Tables,Tables,Northstar Collection,V010,272.9,534.39,534.39,0.4893,2023-11-03,Core,Seasonal,Artisan,Espresso,Medium,Linen,Best,0.6294,1.15
TAB0799,Ridge Cotton Vessel,Furniture,Tables,Tables,Foundry Home,V014,102.98,253.82,253.82,0.5943,2023-10-15,Core,Active,Organic,Oat,Medium,Ceramic,Best,0.4473,1.15
TAB0800,Marlow Oak Line,Furniture,Tables,Tables,Maison Reserve,V003,194.79,417.37,417.37,0.5333,2023-05-24,Core,Active,Classic,Charcoal,Large,Glass,Best,0.6688,1.15
TAB0801,Sable Ceramic Collection,Furniture,Tables,Tables,Maison Reserve,V011,206.28,481.43,481.43,0.5715,2024-03-27,Core,Active,Minimal,Ivory,Large,Glass,Best,0.9816,1.15
TAB0802,Luna Glass Atelier,Furniture,Tables,Tables,Foundry Home,V017,143.06,282.13,282.13,0.4929,2023-07-23,Core,Active,Modern,Sage,Medium,Brass,Best,0.5878,1.15
TAB0803,Ridge Brass Vessel,Furniture,Tables,Tables,Maison Reserve,V004,259.83,520.72,520.72,0.501,2023-12-31,Core,Active,Organic,Sage,One Size,Stone,Best,0.9912,1.15
TAB0804,Mira Oak Collection,Furniture,Tables,Tables,Maison Reserve,V012,187.82,461.4,461.4,0.5929,2023-11-06,Core,Active,Organic,Oat,Small,Cotton,Best,0.6855,1.15
TAB0805,Aster Marble Atelier,Furniture,Tables,Tables,Atelier Edit,V019,216.53,433.45,433.45,0.5005,2024-07-04,Core,Active,Minimal,Oat,Large,Oak,Best,0.6746,1.15
TAB0806,Aster Marble Collection,Furniture,Tables,Tables,Foundry Home,V006,237.43,509.66,509.66,0.5341,2025-01-10,Core,Active,Modern,Natural,Small,Linen,Best,0.3413,1.15
TAB0807,Cove Marble Studio,Furniture,Tables,Tables,Maison Reserve,V010,282.3,586.75,586.75,0.5189,2024-07-28,Core,Active,Modern,Terracotta,Small,Linen,Best,0.7562,1.15
TAB0808,Luna Ceramic Atelier,Furniture,Tables,Tables,Atelier Edit,V018,174.46,391.37,391.37,0.5542,2023-09-12,Core,Active,Minimal,Charcoal,Small,Brass,Best,0.7189,1.15
TAB0809,Luna Glass Vessel,Furniture,Tables,Tables,Foundry Home,V006,82.37,170.55,170.55,0.517,2024-02-17,Core,Active,Organic,Slate,Medium,Rattan,Best,0.5088,1.15
TAB0810,Sable Ceramic Collection,Furniture,Tables,Tables,Atelier Edit,V013,207.29,416.66,416.66,0.5025,2023-09-19,Core,Active,Artisan,Natural,Medium,Stone,Best,1.1386,1.15
TAB0811,Aster Stone Edit,Furniture,Tables,Tables,Foundry Home,V002,77.68,189.25,189.25,0.5895,2024-11-20,Core,Active,Artisan,Slate,One Size,Brass,Best,0.643,1.15
TAB0812,Sable Linen Form,Furniture,Tables,Tables,Atelier Edit,V005,78.24,183.11,183.11,0.5727,2024-02-14,Core,Active,Organic,Espresso,One Size,Brass,Best,0.8815,1.15
TAB0813,Harbour Linen Studio,Furniture,Tables,Tables,Maison Reserve,V013,362.49,653.99,653.99,0.4457,2024-04-12,Core,Active,Organic,Ivory,Small,Cotton,Best,0.9214,1.15
TAB0814,Vale Wool Vessel,Furniture,Tables,Tables,Northstar Collection,V019,134.87,248.02,248.02,0.4562,2024-07-18,Core,Active,Organic,Sage,One Size,Brass,Best,1.2011,1.15
TAB0815,Luna Linen House,Furniture,Tables,Tables,Atelier Edit,V006,200.55,412.78,412.78,0.5142,2024-10-10,Core,Active,Minimal,Charcoal,Large,Oak,Best,0.785,1.15
TAB0816,Aster Glass House,Furniture,Tables,Tables,Atelier Edit,V013,61.23,135.27,135.27,0.5474,2024-10-08,Core,Active,Classic,Espresso,One Size,Stone,Best,0.6286,1.15
TAB0817,Mira Linen Object,Furniture,Tables,Tables,Foundry Home,V020,258.8,525.15,525.15,0.5072,2024-02-12,Core,Active,Classic,Champagne,Small,Glass,Best,0.5578,1.15
TAB0818,Harbour Ceramic Edit,Furniture,Tables,Tables,Atelier Edit,V011,328.25,642.78,642.78,0.4893,2024-04-23,Core,Active,Modern,Slate,Large,Cotton,Best,0.4418,1.15
TAB0819,Arc Linen Object,Furniture,Tables,Tables,Atelier Edit,V018,356.93,649.05,649.05,0.4501,2024-07-26,Core,Active,Classic,Oat,Medium,Cotton,Best,0.777,1.15
TAB0820,Avery Wool Edit,Furniture,Tables,Tables,Maison Reserve,V001,182.35,407.9,407.9,0.553,2024-10-14,Core,Active,Minimal,Sand,Medium,Linen,Best,0.8032,1.15
TAB0821,Harbour Wool Studio,Furniture,Tables,Tables,Maison Reserve,V008,215.51,546.93,546.93,0.606,2024-02-18,Core,Active,Classic,Sage,Large,Wool,Best,0.5198,1.15
TAB0822,Aster Linen Edit,Furniture,Tables,Tables,Northstar Collection,V015,179.96,342.37,342.37,0.4744,2024-09-29,Core,Active,Minimal,Sage,Large,Oak,Best,0.4915,1.15
TAB0823,Arc Brass Line,Furniture,Tables,Tables,Foundry Home,V005,200.34,356.17,249.32,0.4375,2024-04-12,Core,Exit,Minimal,Oat,Small,Brass,Best,0.413,1.15
TAB0824,Avery Stone Atelier,Furniture,Tables,Tables,Atelier Edit,V010,110.25,267.84,267.84,0.5884,2024-08-27,Core,Active,Minimal,Ivory,One Size,Cotton,Best,0.4802,1.15
TAB0825,Cove Stone Studio,Furniture,Tables,Tables,Foundry Home,V019,181.15,398.71,398.71,0.5457,2024-12-29,Core,Active,Modern,Slate,Large,Stone,Best,0.3245,1.15
TAB0826,Avery Ceramic Form,Furniture,Tables,Tables,Foundry Home,V004,222.21,471.97,471.97,0.5292,2023-10-05,Core,Active,Artisan,Sage,Small,Glass,Best,0.9032,1.15
TAB0827,Ridge Ceramic Studio,Furniture,Tables,Tables,Northstar Collection,V010,112.63,247.16,247.16,0.5443,2023-07-10,Core,Active,Classic,Espresso,Medium,Brass,Best,0.6555,1.15
TAB0828,Cove Brass Vessel,Furniture,Tables,Tables,Maison Reserve,V017,290.03,677.31,677.31,0.5718,2024-11-21,Core,Active,Organic,Sage,One Size,Glass,Best,0.8052,1.15
TAB0829,Vale Glass Vessel,Furniture,Tables,Tables,Northstar Collection,V008,107.32,206.52,206.52,0.4803,2024-10-20,Core,Active,Artisan,Natural,Medium,Marble,Best,0.7642,1.15
TAB0830,Avery Stone Atelier,Furniture,Tables,Tables,Foundry Home,V012,127.91,295.68,295.68,0.5674,2024-06-08,Core,Active,Classic,Charcoal,Large,Brass,Best,0.5333,1.15
TAB0831,Marlow Glass Atelier,Furniture,Tables,Tables,Atelier Edit,V018,219.74,475.01,475.01,0.5374,2024-10-04,Core,Active,Classic,Sage,Large,Marble,Best,0.5621,1.15
TAB0832,Avery Marble Studio,Furniture,Tables,Tables,Northstar Collection,V007,198.31,551.81,551.81,0.6406,2023-11-03,Core,Active,Classic,Sage,Medium,Rattan,Best,0.9517,1.15
TAB0833,Harbour Marble Vessel,Furniture,Tables,Tables,Northstar Collection,V012,273.87,639.4,639.4,0.5717,2023-07-26,Core,Active,Modern,Sage,Large,Rattan,Best,0.55,1.15
TAB0834,Vale Rattan Line,Furniture,Tables,Tables,Atelier Edit,V003,97.34,212.88,212.88,0.5428,2024-09-16,Core,Active,Classic,Sand,One Size,Wool,Best,0.8143,1.15
TAB0835,Vale Ceramic Series,Furniture,Tables,Tables,Atelier Edit,V006,176.95,380.86,380.86,0.5354,2024-07-01,Core,Active,Modern,Sand,Medium,Linen,Best,0.5395,1.15
TAB0836,Harbour Ceramic Object,Furniture,Tables,Tables,Northstar Collection,V016,177.87,476.44,476.44,0.6267,2024-02-20,Core,Active,Artisan,Charcoal,One Size,Wool,Best,0.7375,1.15
TAB0837,Ridge Cotton Form,Furniture,Tables,Tables,Northstar Collection,V004,179.6,416.88,416.88,0.5692,2023-08-29,Core,Active,Organic,Terracotta,One Size,Cotton,Best,0.4592,1.15
TAB0838,Vale Wool Studio,Furniture,Tables,Tables,Atelier Edit,V010,153.19,333.18,333.18,0.5402,2023-08-29,Core,Active,Minimal,Ivory,One Size,Ceramic,Best,0.8284,1.15
TAB0839,Luna Brass Series,Furniture,Tables,Tables,Atelier Edit,V016,184.04,432.33,432.33,0.5743,2024-09-19,Core,Active,Organic,Ivory,Large,Ceramic,Best,0.5074,1.15
TAB0840,Noir Ceramic House,Furniture,Tables,Tables,Maison Reserve,V003,186.88,375.06,375.06,0.5017,2024-10-19,Core,Active,Classic,Champagne,Large,Glass,Best,0.6584,1.15
TAB0841,Vale Cotton Edit,Furniture,Tables,Tables,Maison Reserve,V010,155.79,294.49,294.49,0.471,2024-07-08,Core,Active,Minimal,Ivory,Small,Oak,Best,0.6931,1.15
TAB0842,Sable Ceramic Form,Furniture,Tables,Tables,Atelier Edit,V018,237.6,574.92,574.92,0.5867,2024-12-09,Core,Active,Organic,Natural,Medium,Ceramic,Best,0.8971,1.15
TAB0843,Noir Brass House,Furniture,Tables,Tables,Northstar Collection,V004,335.29,621.18,621.18,0.4602,2024-10-15,Core,Active,Artisan,Champagne,One Size,Linen,Best,0.6312,1.15
TAB0844,Vale Linen Atelier,Furniture,Tables,Tables,Northstar Collection,V012,94.73,221.82,221.82,0.5729,2023-08-20,Core,Active,Classic,Oat,One Size,Rattan,Best,0.2628,1.15
TAB0845,Cove Cotton Form,Furniture,Tables,Tables,Northstar Collection,V016,229.61,536.8,536.8,0.5723,2024-05-29,Core,Active,Minimal,Slate,Large,Ceramic,Best,0.8686,1.15
TAB0846,Harbour Ceramic Series,Furniture,Tables,Tables,Atelier Edit,V007,263.13,537.87,537.87,0.5108,2024-07-11,Core,Active,Modern,Slate,One Size,Oak,Best,0.5308,1.15
TAB0847,Noir Stone Object,Furniture,Tables,Tables,Foundry Home,V014,99.17,203.3,203.3,0.5122,2024-07-05,Core,Active,Modern,Natural,One Size,Rattan,Best,0.3891,1.15
TAB0848,Sable Linen Line,Furniture,Tables,Tables,Atelier Edit,V001,112.97,215.26,215.26,0.4752,2024-04-24,Core,Active,Artisan,Espresso,Small,Wool,Best,0.9931,1.15
TAB0849,Ridge Oak Line,Furniture,Tables,Tables,Maison Reserve,V004,205.59,495.57,495.57,0.5851,2024-07-23,Core,Active,Organic,Espresso,One Size,Glass,Best,0.574,1.15
TAB0850,Arc Cotton Vessel,Furniture,Tables,Tables,Maison Reserve,V012,71.98,140.77,140.77,0.4886,2024-08-22,Core,Active,Artisan,Ivory,Small,Oak,Best,1.3286,1.15
KIT0851,Vale Marble Vessel,Kitchen,Cookware,Cookware,Atelier Edit,V002,27.77,62.57,62.57,0.5562,2024-07-22,Core,Active,Artisan,Terracotta,One Size,Ceramic,Better,1.9795,1.02
KIT0852,Aster Wool House,Kitchen,Cookware,Cookware,Foundry Home,V008,63.13,182.32,127.62,0.6538,2023-07-16,Core,Exit,Organic,Ivory,Small,Stone,Best,0.6748,1.02
KIT0853,Arc Linen Series,Kitchen,Cookware,Cookware,Northstar Collection,V015,51.93,104.37,104.37,0.5025,2024-03-28,Core,Active,Artisan,Charcoal,One Size,Ceramic,Best,1.0721,1.02
KIT0854,Luna Cotton Studio,Kitchen,Cookware,Cookware,Foundry Home,V003,77.01,165.08,165.08,0.5335,2024-12-27,Core,Active,Artisan,Natural,One Size,Brass,Best,1.6556,1.02
KIT0855,Aster Rattan House,Kitchen,Cookware,Cookware,Maison Reserve,V008,27.07,53.82,53.82,0.4971,2024-02-20,Core,Active,Classic,Charcoal,Medium,Brass,Better,0.7819,1.02
KIT0856,Cove Ceramic Series,Kitchen,Cookware,Cookware,Maison Reserve,V013,64.24,158.72,158.72,0.5952,2023-06-23,Core,Active,Minimal,Sage,Medium,Glass,Best,1.5946,1.02
KIT0857,Cove Oak Edit,Kitchen,Cookware,Cookware,Maison Reserve,V004,59.69,127.45,127.45,0.5317,2023-07-31,Core,Seasonal,Modern,Charcoal,Small,Glass,Best,1.4884,1.02
KIT0858,Cove Brass Studio,Kitchen,Cookware,Cookware,Foundry Home,V007,28.1,54.12,54.12,0.4807,2023-06-12,Core,Active,Classic,Ivory,Large,Glass,Better,0.9968,1.02
KIT0859,Harbour Linen House,Kitchen,Cookware,Cookware,Foundry Home,V016,84.1,177.0,177.0,0.5249,2024-06-28,Core,Active,Artisan,Charcoal,Medium,Marble,Best,1.518,1.02
KIT0860,Vale Cotton Series,Kitchen,Cookware,Cookware,Northstar Collection,V005,17.76,33.01,33.01,0.462,2024-12-02,Core,Active,Artisan,Natural,Medium,Stone,Good,0.4206,1.02
KIT0861,Luna Linen Atelier,Kitchen,Cookware,Cookware,Maison Reserve,V008,98.06,191.78,191.78,0.4887,2024-09-20,Core,Active,Classic,Champagne,Large,Brass,Best,0.6327,1.02
KIT0862,Luna Brass House,Kitchen,Cookware,Cookware,Northstar Collection,V016,28.95,63.52,63.52,0.5443,2024-10-20,Core,Active,Classic,Ivory,Medium,Wool,Better,2.09,1.02
KIT0863,Sable Ceramic Object,Kitchen,Cookware,Cookware,Foundry Home,V006,77.06,162.94,162.94,0.5271,2024-12-04,Core,Active,Organic,Oat,Medium,Ceramic,Best,0.9211,1.02
KIT0864,Noir Rattan Atelier,Kitchen,Cookware,Cookware,Atelier Edit,V011,23.15,44.02,44.02,0.4742,2024-08-15,Core,Active,Organic,Champagne,One Size,Ceramic,Better,1.1478,1.02
KIT0865,Ridge Wool House,Kitchen,Cookware,Cookware,Atelier Edit,V016,106.86,208.0,208.0,0.4863,2023-07-03,Core,Active,Artisan,Sage,Small,Glass,Best,1.0039,1.02
KIT0866,Sable Glass House,Kitchen,Cookware,Cookware,Atelier Edit,V003,37.97,89.87,89.87,0.5775,2023-06-21,Core,Active,Organic,Espresso,One Size,Brass,Best,0.7267,1.02
KIT0867,Ridge Cotton Edit,Kitchen,Cookware,Cookware,Northstar Collection,V013,99.46,210.66,147.46,0.5279,2024-11-27,Core,Exit,Minimal,Slate,Medium,Linen,Best,1.3502,1.02
KIT0868,Ridge Ceramic Collection,Kitchen,Cookware,Cookware,Maison Reserve,V001,31.44,67.15,67.15,0.5318,2023-06-28,Core,Active,Organic,Charcoal,One Size,Stone,Better,1.6557,1.02
KIT0869,Avery Ceramic House,Kitchen,Cookware,Cookware,Northstar Collection,V006,46.77,94.36,94.36,0.5043,2024-08-07,Core,Active,Organic,Terracotta,One Size,Brass,Best,0.5884,1.02
KIT0870,Ridge Linen Atelier,Kitchen,Cookware,Cookware,Northstar Collection,V011,36.98,70.6,70.6,0.4763,2024-03-23,Core,Active,Artisan,Sand,Medium,Stone,Best,0.678,1.02
KIT0871,Noir Glass Vessel,Kitchen,Cookware,Cookware,Foundry Home,V002,35.1,76.86,76.86,0.5433,2024-06-12,Core,Seasonal,Modern,Ivory,One Size,Glass,Best,1.5473,1.02
KIT0872,Avery Brass Line,Kitchen,Cookware,Cookware,Foundry Home,V005,60.95,149.18,149.18,0.5914,2023-10-08,Core,Active,Classic,Sage,Large,Glass,Best,1.0548,1.02
KIT0873,Vale Brass Line,Kitchen,Cookware,Cookware,Northstar Collection,V013,11.0,32.54,32.54,0.6618,2024-04-06,Core,Active,Modern,Champagne,One Size,Wool,Good,0.853,1.02
KIT0874,Avery Glass Vessel,Kitchen,Cookware,Cookware,Maison Reserve,V020,89.93,182.63,182.63,0.5076,2024-05-09,Core,Active,Artisan,Sand,Large,Brass,Best,1.3035,1.02
KIT0875,Sable Marble Series,Kitchen,Cookware,Cookware,Atelier Edit,V010,29.6,65.53,65.53,0.5483,2023-07-26,Core,Active,Minimal,Natural,Large,Wool,Better,0.7239,1.02
KIT0876,Harbour Glass Object,Kitchen,Cookware,Cookware,Atelier Edit,V014,76.82,181.68,181.68,0.5772,2024-11-19,Core,Active,Modern,Charcoal,Small,Glass,Best,0.7327,1.02
KIT0877,Vale Glass Collection,Kitchen,Cookware,Cookware,Foundry Home,V002,70.31,154.1,154.1,0.5437,2024-05-30,Core,Active,Organic,Sage,Large,Marble,Best,0.9387,1.02
KIT0878,Avery Ceramic House,Kitchen,Cookware,Cookware,Atelier Edit,V010,58.3,130.09,130.09,0.5519,2024-01-21,Core,Seasonal,Organic,Champagne,One Size,Linen,Best,1.6292,1.02
KIT0879,Luna Rattan Line,Kitchen,Cookware,Cookware,Maison Reserve,V015,92.19,207.66,207.66,0.556,2025-01-06,Core,Seasonal,Modern,Oat,One Size,Rattan,Best,1.1386,1.02
KIT0880,Mira Oak Collection,Kitchen,Cookware,Cookware,Foundry Home,V005,61.7,123.98,123.98,0.5023,2023-09-17,Core,Active,Classic,Natural,Large,Wool,Best,0.8075,1.02
KIT0881,Cove Brass Form,Kitchen,Cookware,Cookware,Maison Reserve,V009,57.4,109.67,109.67,0.4766,2024-08-07,Core,Active,Modern,Oat,Medium,Linen,Best,0.8421,1.02
KIT0882,Noir Rattan Form,Kitchen,Cookware,Cookware,Foundry Home,V019,104.81,215.44,215.44,0.5135,2024-09-04,Core,Active,Modern,Charcoal,One Size,Marble,Best,1.0713,1.02
KIT0883,Cove Rattan Studio,Kitchen,Cookware,Cookware,Northstar Collection,V004,75.87,172.06,172.06,0.559,2023-10-11,Core,Active,Classic,Espresso,Large,Stone,Best,1.3219,1.02
KIT0884,Marlow Cotton Line,Kitchen,Cookware,Cookware,Northstar Collection,V010,17.26,39.88,39.88,0.5672,2023-06-18,Core,Active,Artisan,Sage,Medium,Cotton,Good,0.8466,1.02
KIT0885,Harbour Cotton Object,Kitchen,Cookware,Cookware,Foundry Home,V019,35.71,88.3,88.3,0.5956,2024-11-10,Core,Active,Artisan,Charcoal,Small,Brass,Best,1.0156,1.02
KIT0886,Cove Wool Studio,Kitchen,Cookware,Cookware,Foundry Home,V003,49.76,96.78,96.78,0.4858,2023-09-16,Core,Active,Minimal,Champagne,Small,Oak,Best,1.1206,1.02
KIT0887,Arc Cotton Form,Kitchen,Cookware,Cookware,Maison Reserve,V012,78.16,157.1,157.1,0.5025,2024-10-17,Core,Active,Modern,Ivory,Medium,Linen,Best,1.1093,1.02
KIT0888,Arc Linen Object,Kitchen,Cookware,Cookware,Northstar Collection,V019,62.59,117.1,117.1,0.4655,2023-07-23,Core,Seasonal,Classic,Slate,One Size,Cotton,Best,0.8119,1.02
KIT0889,Harbour Marble Line,Kitchen,Cookware,Cookware,Atelier Edit,V004,27.57,57.63,57.63,0.5216,2023-06-23,Core,Active,Artisan,Terracotta,One Size,Marble,Better,1.3057,1.02
KIT0890,Marlow Stone Series,Kitchen,Cookware,Cookware,Northstar Collection,V014,23.89,51.48,51.48,0.5359,2023-11-24,Core,Active,Minimal,Charcoal,Large,Ceramic,Better,0.7644,1.02
KIT0891,Cove Oak Object,Kitchen,Cookware,Cookware,Maison Reserve,V001,48.33,122.12,122.12,0.6042,2024-03-18,Core,Active,Minimal,Charcoal,One Size,Glass,Best,1.6288,1.02
KIT0892,Noir Wool Vessel,Kitchen,Cookware,Cookware,Atelier Edit,V006,28.23,55.82,55.82,0.4943,2024-09-14,Core,Active,Classic,Ivory,Large,Rattan,Better,1.054,1.02
KIT0893,Cove Cotton Series,Kitchen,Cookware,Cookware,Northstar Collection,V012,45.03,95.74,95.74,0.5297,2024-08-10,Core,Active,Modern,Charcoal,Small,Cotton,Best,0.9738,1.02
KIT0894,Harbour Linen Form,Kitchen,Cookware,Cookware,Atelier Edit,V019,91.2,196.84,196.84,0.5367,2025-01-05,Core,Seasonal,Minimal,Oat,One Size,Cotton,Best,1.7514,1.02
KIT0895,Vale Rattan Form,Kitchen,Cookware,Cookware,Foundry Home,V006,64.07,160.63,160.63,0.6011,2023-07-12,Core,Active,Organic,Natural,One Size,Oak,Best,0.2299,1.02
KIT0896,Noir Linen Form,Kitchen,Cookware,Cookware,Northstar Collection,V017,17.67,37.93,37.93,0.534,2023-11-22,Core,Active,Artisan,Ivory,Large,Linen,Good,1.075,1.02
KIT0897,Marlow Oak Vessel,Kitchen,Cookware,Cookware,Maison Reserve,V003,15.71,46.59,46.59,0.6627,2024-10-08,Core,Active,Organic,Ivory,Small,Cotton,Better,1.3603,1.02
KIT0898,Luna Linen Studio,Kitchen,Cookware,Cookware,Maison Reserve,V010,85.07,190.85,190.85,0.5543,2025-01-05,Core,Active,Artisan,Natural,One Size,Oak,Best,1.5041,1.02
KIT0899,Ridge Brass Atelier,Kitchen,Cookware,Cookware,Foundry Home,V014,30.52,59.88,59.88,0.4904,2024-07-31,Core,Active,Classic,Sage,Medium,Ceramic,Better,0.7108,1.02
KIT0900,Aster Wool Atelier,Kitchen,Cookware,Cookware,Foundry Home,V005,66.81,143.17,143.17,0.5334,2023-11-07,Core,Active,Modern,Natural,Medium,Linen,Best,0.7379,1.02
KIT0901,Luna Linen Studio,Kitchen,Cookware,Cookware,Foundry Home,V010,39.04,85.73,85.73,0.5446,2024-03-30,Core,Active,Modern,Charcoal,Large,Ceramic,Best,2.4756,1.02
KIT0902,Ridge Stone Edit,Kitchen,Cookware,Cookware,Atelier Edit,V016,25.44,55.42,55.42,0.541,2023-12-04,Core,Active,Modern,Oat,Medium,Linen,Better,0.7485,1.02
KIT0903,Ridge Marble Edit,Kitchen,Cookware,Cookware,Foundry Home,V006,20.27,40.53,40.53,0.4999,2023-11-30,Core,Active,Minimal,Natural,Medium,Stone,Better,1.325,1.02
KIT0904,Ridge Stone Collection,Kitchen,Cookware,Cookware,Northstar Collection,V011,102.53,217.77,217.77,0.5292,2023-09-13,Core,Active,Minimal,Natural,Small,Ceramic,Best,1.0442,1.02
KIT0905,Cove Cotton Studio,Kitchen,Cookware,Cookware,Maison Reserve,V019,69.79,138.96,138.96,0.4978,2025-01-01,Core,Active,Classic,Ivory,Medium,Linen,Best,1.4665,1.02
KIT0906,Aster Linen Collection,Kitchen,Cookware,Cookware,Maison Reserve,V003,18.33,39.72,39.72,0.5386,2023-11-19,Core,Active,Artisan,Ivory,One Size,Glass,Good,0.9805,1.02
KIT0907,Marlow Ceramic Line,Kitchen,Cookware,Cookware,Atelier Edit,V011,88.15,209.11,209.11,0.5785,2023-11-04,Core,Active,Modern,Charcoal,Large,Ceramic,Best,0.6491,1.02
KIT0908,Marlow Brass Collection,Kitchen,Cookware,Cookware,Northstar Collection,V020,68.61,124.42,124.42,0.4486,2023-06-27,Core,Active,Organic,Ivory,One Size,Glass,Best,0.618,1.02
KIT0909,Noir Oak Atelier,Kitchen,Cookware,Cookware,Foundry Home,V007,74.45,151.97,151.97,0.5101,2025-01-07,Core,Active,Artisan,Oat,One Size,Rattan,Best,0.681,1.02
KIT0910,Marlow Glass Vessel,Kitchen,Cookware,Cookware,Northstar Collection,V015,37.98,77.08,53.96,0.5073,2023-11-02,Core,Exit,Minimal,Sage,One Size,Oak,Best,0.947,1.02
KIT0911,Noir Brass Object,Kitchen,Cookware,Cookware,Northstar Collection,V020,53.12,133.92,133.92,0.6033,2024-04-21,Core,Active,Organic,Sage,Small,Wool,Best,1.1779,1.02
KIT0912,Ridge Cotton Series,Kitchen,Cookware,Cookware,Northstar Collection,V008,69.74,141.94,141.94,0.5087,2023-09-08,Core,Active,Classic,Natural,Large,Glass,Best,0.8937,1.02
KIT0913,Ridge Linen Vessel,Kitchen,Cookware,Cookware,Foundry Home,V015,82.66,193.73,193.73,0.5733,2023-10-19,Core,Active,Artisan,Sand,Small,Rattan,Best,0.8011,1.02
KIT0914,Cove Stone House,Kitchen,Cookware,Cookware,Foundry Home,V003,89.83,197.31,197.31,0.5447,2024-12-29,Core,Active,Organic,Charcoal,Large,Cotton,Best,1.0184,1.02
KIT0915,Avery Rattan Line,Kitchen,Cookware,Cookware,Maison Reserve,V010,66.37,130.19,130.19,0.4902,2024-12-11,Core,Active,Artisan,Ivory,Small,Linen,Best,1.0123,1.02
KIT0916,Arc Stone Collection,Kitchen,Cookware,Cookware,Atelier Edit,V014,93.54,204.65,204.65,0.5429,2023-08-22,Core,Active,Modern,Sage,Large,Glass,Best,2.0251,1.02
KIT0917,Aster Oak Studio,Kitchen,Cookware,Cookware,Foundry Home,V004,53.8,113.88,113.88,0.5276,2024-03-12,Core,Active,Classic,Champagne,One Size,Ceramic,Best,1.2798,1.02
KIT0918,Arc Rattan Studio,Kitchen,Cookware,Cookware,Maison Reserve,V011,24.58,60.32,60.32,0.5926,2024-04-28,Core,Active,Artisan,Natural,Medium,Linen,Better,1.5384,1.02
KIT0919,Aster Stone Studio,Kitchen,Cookware,Cookware,Foundry Home,V014,20.41,43.57,43.57,0.5315,2025-01-02,Core,Active,Modern,Ivory,Large,Wool,Better,1.1317,1.02
KIT0920,Luna Brass Vessel,Kitchen,Cookware,Cookware,Foundry Home,V004,74.65,166.65,166.65,0.5521,2023-08-27,Core,Active,Classic,Sage,Medium,Marble,Best,0.7152,1.02
KIT0921,Avery Marble Form,Kitchen,Cookware,Cookware,Atelier Edit,V010,67.36,175.43,175.43,0.616,2024-06-08,Core,Active,Minimal,Oat,Large,Stone,Best,1.1065,1.02
KIT0922,Marlow Cotton Object,Kitchen,Cookware,Cookware,Foundry Home,V017,35.75,78.56,78.56,0.5449,2023-08-22,Core,Active,Artisan,Natural,Medium,Glass,Best,0.781,1.02
KIT0923,Luna Rattan Vessel,Kitchen,Cookware,Cookware,Foundry Home,V006,38.24,83.35,83.35,0.5412,2024-02-23,Core,Active,Organic,Champagne,Large,Rattan,Best,0.9753,1.02
KIT0924,Noir Wool Vessel,Kitchen,Cookware,Cookware,Northstar Collection,V010,52.17,113.29,113.29,0.5395,2024-02-29,Core,Active,Modern,Ivory,Small,Marble,Best,0.8825,1.02
KIT0925,Avery Linen Atelier,Kitchen,Cookware,Cookware,Northstar Collection,V018,15.67,45.0,45.0,0.6518,2023-09-16,Core,Active,Classic,Espresso,Medium,Wool,Better,1.0809,1.02
KIT0926,Sable Marble Collection,Kitchen,Cookware,Cookware,Northstar Collection,V005,29.18,71.62,71.62,0.5926,2024-10-31,Core,Active,Minimal,Sage,Large,Rattan,Best,1.0033,1.02
KIT0927,Mira Wool Form,Kitchen,Cookware,Cookware,Northstar Collection,V012,22.72,54.15,54.15,0.5804,2024-04-25,Core,Active,Modern,Champagne,One Size,Ceramic,Better,1.069,1.02
KIT0928,Cove Marble Atelier,Kitchen,Cookware,Cookware,Maison Reserve,V018,49.32,112.04,112.04,0.5598,2023-08-26,Core,Active,Modern,Champagne,Large,Stone,Best,0.7469,1.02
KIT0929,Ridge Oak Collection,Kitchen,Cookware,Cookware,Foundry Home,V006,58.15,144.2,144.2,0.5967,2024-02-01,Core,Active,Minimal,Natural,Medium,Glass,Best,0.9375,1.02
KIT0930,Noir Marble Series,Kitchen,Cookware,Cookware,Atelier Edit,V015,14.63,34.95,34.95,0.5814,2024-03-26,Core,Active,Minimal,Natural,Medium,Linen,Good,0.3871,1.02
KIT0931,Ridge Glass Atelier,Kitchen,Cookware,Cookware,Atelier Edit,V001,35.27,67.99,67.99,0.4812,2024-06-27,Core,Active,Artisan,Ivory,One Size,Oak,Better,0.8271,1.02
KIT0932,Arc Linen Series,Kitchen,Cookware,Cookware,Atelier Edit,V009,106.98,220.42,220.42,0.5146,2024-02-05,Core,Active,Minimal,Terracotta,Large,Glass,Best,1.4605,1.02
KIT0933,Ridge Linen Atelier,Kitchen,Cookware,Cookware,Atelier Edit,V015,42.06,84.97,84.97,0.505,2024-06-05,Core,Active,Modern,Oat,Small,Wool,Best,0.6836,1.02
KIT0934,Aster Ceramic Series,Kitchen,Cookware,Cookware,Atelier Edit,V003,75.52,176.83,176.83,0.573,2023-07-16,Core,Active,Classic,Natural,Large,Wool,Best,1.0638,1.02
KIT0935,Sable Oak Vessel,Kitchen,Cookware,Cookware,Atelier Edit,V007,50.28,125.42,125.42,0.5991,2024-10-27,Core,Active,Modern,Espresso,Large,Ceramic,Best,0.5085,1.02
KIT0936,Vale Oak Series,Kitchen,Cookware,Cookware,Northstar Collection,V017,92.99,189.51,189.51,0.5093,2023-08-17,Core,Active,Organic,Sand,One Size,Cotton,Best,0.7291,1.02
KIT0937,Noir Linen Edit,Kitchen,Cookware,Cookware,Atelier Edit,V003,22.57,46.53,46.53,0.5148,2023-06-08,Core,Active,Minimal,Natural,Large,Marble,Better,1.4729,1.02
KIT0938,Cove Ceramic Vessel,Kitchen,Cookware,Cookware,Atelier Edit,V011,13.25,32.82,32.82,0.5963,2024-02-15,Core,Active,Organic,Charcoal,Medium,Marble,Good,0.8605,1.02
KIT0939,Mira Rattan Vessel,Kitchen,Cookware,Cookware,Maison Reserve,V017,73.53,169.22,169.22,0.5655,2023-09-04,Core,Active,Classic,Ivory,One Size,Rattan,Best,1.3282,1.02
KIT0940,Sable Rattan Series,Kitchen,Cookware,Cookware,Atelier Edit,V005,37.88,86.26,86.26,0.5608,2024-02-14,Core,Active,Minimal,Espresso,Medium,Linen,Best,0.7198,1.02
KIT0941,Ridge Glass Vessel,Kitchen,Cookware,Cookware,Foundry Home,V009,92.37,182.8,182.8,0.4947,2024-12-16,Core,Active,Artisan,Espresso,Small,Glass,Best,0.5311,1.02
KIT0942,Cove Cotton Vessel,Kitchen,Cookware,Cookware,Maison Reserve,V015,45.98,97.35,97.35,0.5277,2024-08-26,Core,Active,Modern,Sage,Large,Ceramic,Best,1.6093,1.02
KIT0943,Cove Glass Line,Kitchen,Cookware,Cookware,Foundry Home,V006,49.77,115.4,115.4,0.5687,2024-11-05,Core,Active,Organic,Slate,Large,Stone,Best,0.787,1.02
KIT0944,Marlow Ceramic Vessel,Kitchen,Cookware,Cookware,Northstar Collection,V013,20.03,48.34,33.84,0.5856,2024-01-03,Core,Exit,Classic,Slate,Large,Stone,Better,1.0676,1.02
KIT0945,Avery Ceramic Form,Kitchen,Cookware,Cookware,Maison Reserve,V018,29.25,75.54,75.54,0.6128,2024-08-08,Core,Active,Minimal,Terracotta,Small,Cotton,Best,1.7105,1.02
KIT0946,Cove Ceramic Line,Kitchen,Cookware,Cookware,Northstar Collection,V007,103.7,220.09,220.09,0.5288,2024-10-18,Core,Active,Organic,Sand,Medium,Wool,Best,1.3631,1.02
KIT0947,Vale Oak Edit,Kitchen,Cookware,Cookware,Maison Reserve,V013,57.56,127.64,127.64,0.549,2023-07-18,Core,Active,Artisan,Oat,Medium,Stone,Best,2.001,1.02
KIT0948,Sable Ceramic Vessel,Kitchen,Cookware,Cookware,Maison Reserve,V017,34.48,67.13,67.13,0.4864,2023-07-12,Core,Active,Minimal,Sand,Small,Cotton,Better,0.9785,1.02
KIT0949,Cove Wool Series,Kitchen,Cookware,Cookware,Atelier Edit,V006,78.53,203.58,203.58,0.6142,2024-06-29,Core,Active,Classic,Slate,Medium,Rattan,Best,0.842,1.02
KIT0950,Sable Linen Form,Kitchen,Cookware,Cookware,Northstar Collection,V014,77.4,165.51,165.51,0.5323,2023-09-21,Core,Active,Organic,Slate,One Size,Marble,Best,0.6948,1.02
KIT0951,Luna Marble Edit,Kitchen,Cookware,Cookware,Northstar Collection,V019,14.96,35.05,35.05,0.5733,2023-07-31,Core,Active,Organic,Ivory,One Size,Stone,Good,0.8838,1.02
KIT0952,Arc Cotton House,Kitchen,Cookware,Cookware,Foundry Home,V006,80.7,174.45,174.45,0.5374,2024-05-07,Core,Active,Artisan,Espresso,Small,Oak,Best,0.8443,1.02
KIT0953,Noir Oak Studio,Kitchen,Cookware,Cookware,Foundry Home,V012,50.32,119.51,119.51,0.579,2024-05-24,Core,Seasonal,Organic,Natural,Small,Linen,Best,1.2689,1.02
KIT0954,Avery Wool Series,Kitchen,Cookware,Cookware,Northstar Collection,V001,14.88,34.23,34.23,0.5654,2023-07-19,Core,Active,Minimal,Natural,Medium,Glass,Good,1.1881,1.02
KIT0955,Marlow Oak Vessel,Kitchen,Cookware,Cookware,Foundry Home,V008,69.76,167.67,167.67,0.5839,2023-11-21,Core,Active,Minimal,Charcoal,One Size,Ceramic,Best,0.4873,1.02
KIT0956,Luna Stone Line,Kitchen,Cookware,Cookware,Atelier Edit,V017,37.23,80.27,80.27,0.5362,2024-04-18,Core,Active,Classic,Terracotta,Small,Cotton,Best,0.8079,1.02
KIT0957,Avery Oak Atelier,Kitchen,Cookware,Cookware,Maison Reserve,V001,69.56,147.85,147.85,0.5295,2024-02-10,Core,Seasonal,Artisan,Espresso,One Size,Linen,Best,0.512,1.02
KIT0958,Avery Linen Object,Kitchen,Cookware,Cookware,Atelier Edit,V008,31.08,76.72,76.72,0.5949,2023-10-03,Core,Active,Classic,Charcoal,One Size,Rattan,Best,0.8797,1.02
KIT0959,Vale Linen Atelier,Kitchen,Cookware,Cookware,Foundry Home,V018,41.62,84.07,84.07,0.5049,2023-12-16,Core,Active,Artisan,Ivory,Small,Ceramic,Best,1.4462,1.02
KIT0960,Harbour Stone Atelier,Kitchen,Cookware,Cookware,Foundry Home,V005,73.28,158.1,158.1,0.5365,2024-10-23,Core,Active,Organic,Sage,Medium,Ceramic,Best,1.0983,1.02
KIT0961,Aster Wool Form,Kitchen,Cookware,Cookware,Northstar Collection,V008,50.05,111.2,111.2,0.5499,2023-07-04,Core,Active,Minimal,Sage,Medium,Rattan,Best,0.8835,1.02
KIT0962,Arc Ceramic Form,Kitchen,Cookware,Cookware,Foundry Home,V019,110.31,199.21,199.21,0.4463,2023-07-16,Core,Active,Classic,Charcoal,Large,Ceramic,Best,1.7929,1.02
KIT0963,Luna Wool Edit,Kitchen,Cookware,Cookware,Northstar Collection,V002,47.39,113.32,113.32,0.5818,2024-01-14,Core,Active,Artisan,Sand,One Size,Ceramic,Best,0.8622,1.02
KIT0964,Luna Wool Line,Kitchen,Cookware,Cookware,Foundry Home,V011,49.93,113.09,113.09,0.5585,2024-01-02,Core,Active,Organic,Natural,One Size,Oak,Best,0.7908,1.02
KIT0965,Luna Stone Atelier,Kitchen,Cookware,Cookware,Foundry Home,V016,34.43,75.22,75.22,0.5423,2023-09-20,Core,Active,Minimal,Ivory,Small,Oak,Best,1.2757,1.02
KIT0966,Harbour Cotton Form,Kitchen,Cookware,Cookware,Maison Reserve,V005,50.09,105.37,105.37,0.5247,2024-04-10,Core,Active,Minimal,Charcoal,Medium,Ceramic,Best,1.3415,1.02
KIT0967,Marlow Marble Studio,Kitchen,Cookware,Cookware,Atelier Edit,V010,59.83,147.51,147.51,0.5944,2024-10-09,Core,Active,Modern,Sage,Medium,Linen,Best,0.72,1.02
KIT0968,Cove Wool Object,Kitchen,Cookware,Cookware,Atelier Edit,V018,16.24,40.25,28.17,0.5964,2024-06-09,Core,Exit,Modern,Ivory,Medium,Brass,Better,2.0282,1.02
KIT0969,Cove Ceramic Series,Kitchen,Cookware,Cookware,Northstar Collection,V007,34.92,77.69,77.69,0.5505,2024-08-06,Core,Active,Modern,Champagne,Medium,Cotton,Best,1.1243,1.02
KIT0970,Marlow Marble Vessel,Kitchen,Cookware,Cookware,Maison Reserve,V011,80.17,172.31,172.31,0.5347,2024-07-16,Core,Active,Artisan,Charcoal,Small,Cotton,Best,0.8939,1.02
SRV0971,Harbour Glass Line,Kitchen,Serveware,Serveware,Northstar Collection,V002,34.5,65.65,65.65,0.4745,2024-06-16,Core,Active,Artisan,Oat,One Size,Glass,Better,1.2991,1.03
SRV0972,Cove Brass Line,Kitchen,Serveware,Serveware,Northstar Collection,V006,35.9,81.82,81.82,0.5612,2024-05-28,Core,Active,Minimal,Slate,Medium,Brass,Best,0.9874,1.03
SRV0973,Sable Oak Collection,Kitchen,Serveware,Serveware,Maison Reserve,V015,29.41,71.75,71.75,0.5901,2024-06-03,Core,Active,Organic,Ivory,One Size,Linen,Best,0.3366,1.03
SRV0974,Noir Glass Form,Kitchen,Serveware,Serveware,Foundry Home,V001,27.73,68.31,68.31,0.594,2024-07-25,Core,Active,Organic,Ivory,Small,Oak,Better,1.6318,1.03
SRV0975,Sable Linen Form,Kitchen,Serveware,Serveware,Foundry Home,V006,36.02,79.21,79.21,0.5453,2023-05-26,Core,Active,Classic,Ivory,Small,Wool,Best,0.908,1.03
SRV0976,Marlow Glass Atelier,Kitchen,Serveware,Serveware,Maison Reserve,V016,43.93,88.08,88.08,0.5012,2024-04-03,Core,Active,Organic,Slate,Large,Linen,Best,0.9758,1.03
SRV0977,Arc Stone Edit,Kitchen,Serveware,Serveware,Maison Reserve,V003,46.56,100.59,100.59,0.5372,2023-09-08,Core,Active,Modern,Champagne,One Size,Linen,Best,0.2258,1.03
SRV0978,Arc Ceramic Edit,Kitchen,Serveware,Serveware,Maison Reserve,V009,16.68,35.67,35.67,0.5322,2023-06-14,Core,Active,Minimal,Natural,Large,Cotton,Good,2.8903,1.03
SRV0979,Arc Rattan Edit,Kitchen,Serveware,Serveware,Maison Reserve,V018,52.3,102.36,102.36,0.489,2023-10-08,Core,Active,Minimal,Charcoal,Medium,Rattan,Best,1.1158,1.03
SRV0980,Luna Oak Collection,Kitchen,Serveware,Serveware,Maison Reserve,V005,50.82,111.57,111.57,0.5445,2023-09-14,Core,Active,Classic,Terracotta,One Size,Linen,Best,0.8952,1.03
SRV0981,Vale Oak Vessel,Kitchen,Serveware,Serveware,Atelier Edit,V011,12.16,21.72,21.72,0.44,2024-12-29,Core,Active,Classic,Natural,Small,Oak,Good,1.1955,1.03
SRV0982,Vale Ceramic Form,Kitchen,Serveware,Serveware,Atelier Edit,V019,12.61,22.35,22.35,0.4359,2024-02-17,Core,Seasonal,Minimal,Sage,Small,Wool,Good,1.0939,1.03
SRV0983,Luna Rattan Studio,Kitchen,Serveware,Serveware,Atelier Edit,V004,39.25,90.84,90.84,0.5679,2024-09-04,Core,Active,Modern,Champagne,One Size,Glass,Best,0.7964,1.03
SRV0984,Mira Oak Atelier,Kitchen,Serveware,Serveware,Northstar Collection,V009,26.37,52.13,52.13,0.4941,2024-12-20,Core,Active,Classic,Slate,Large,Rattan,Better,1.1614,1.03
SRV0985,Avery Ceramic Atelier,Kitchen,Serveware,Serveware,Foundry Home,V016,8.21,21.73,21.73,0.622,2024-06-03,Core,Active,Minimal,Champagne,Small,Stone,Good,1.4172,1.03
SRV0986,Harbour Wool Collection,Kitchen,Serveware,Serveware,Foundry Home,V005,16.62,32.23,32.23,0.4842,2024-10-10,Core,Seasonal,Organic,Sage,Small,Glass,Good,1.0809,1.03
SRV0987,Harbour Ceramic Object,Kitchen,Serveware,Serveware,Atelier Edit,V014,16.11,36.68,36.68,0.5607,2024-09-25,Core,Active,Minimal,Sage,Small,Rattan,Good,0.7364,1.03
SRV0988,Arc Marble House,Kitchen,Serveware,Serveware,Atelier Edit,V019,31.04,76.77,76.77,0.5957,2024-05-03,Core,Active,Minimal,Sand,Small,Wool,Best,0.8674,1.03
SRV0989,Ridge Wool Form,Kitchen,Serveware,Serveware,Maison Reserve,V008,8.67,19.68,19.68,0.5596,2023-08-24,Core,Active,Artisan,Charcoal,Medium,Oak,Entry,0.7799,1.03
SRV0990,Harbour Glass Series,Kitchen,Serveware,Serveware,Atelier Edit,V015,68.52,142.28,142.28,0.5184,2023-06-10,Core,Active,Organic,Charcoal,Small,Ceramic,Best,1.181,1.03
SRV0991,Vale Glass Form,Kitchen,Serveware,Serveware,Foundry Home,V020,14.28,32.24,32.24,0.557,2024-12-31,Core,Active,Minimal,Oat,Medium,Ceramic,Good,0.3668,1.03
SRV0992,Arc Marble Line,Kitchen,Serveware,Serveware,Maison Reserve,V008,35.11,73.88,73.88,0.5248,2023-06-29,Core,Active,Classic,Ivory,Large,Ceramic,Best,1.4934,1.03
SRV0993,Noir Rattan Series,Kitchen,Serveware,Serveware,Atelier Edit,V015,22.43,55.89,55.89,0.5987,2024-03-13,Core,Active,Classic,Slate,Small,Wool,Better,4.2195,1.03
SRV0994,Mira Oak House,Kitchen,Serveware,Serveware,Atelier Edit,V019,39.46,80.97,80.97,0.5127,2025-01-05,Core,Active,Classic,Sage,Small,Brass,Best,0.538,1.03
SRV0995,Avery Oak Collection,Kitchen,Serveware,Serveware,Maison Reserve,V010,41.8,97.07,97.07,0.5694,2023-06-27,Core,Active,Minimal,Terracotta,Small,Cotton,Best,0.4399,1.03
SRV0996,Luna Marble Collection,Kitchen,Serveware,Serveware,Maison Reserve,V016,31.24,70.96,70.96,0.5598,2024-11-30,Core,Active,Artisan,Charcoal,Medium,Wool,Best,0.8374,1.03
SRV0997,Mira Oak Collection,Kitchen,Serveware,Serveware,Northstar Collection,V004,47.38,106.09,106.09,0.5534,2024-07-07,Core,Active,Minimal,Ivory,Small,Brass,Best,1.0068,1.03
SRV0998,Marlow Rattan Studio,Kitchen,Serveware,Serveware,Northstar Collection,V010,9.74,24.75,24.75,0.6064,2024-05-08,Core,Active,Modern,Espresso,One Size,Stone,Good,1.2906,1.03
SRV0999,Luna Ceramic House,Kitchen,Serveware,Serveware,Maison Reserve,V018,19.16,35.06,35.06,0.4535,2024-11-23,Core,Active,Classic,Sage,Medium,Wool,Good,0.7145,1.03
SRV1000,Cove Oak Studio,Kitchen,Serveware,Serveware,Foundry Home,V001,40.45,86.85,86.85,0.5342,2025-01-08,Core,Active,Classic,Sage,Large,Glass,Best,0.5935,1.03
SRV1001,Aster Wool Atelier,Kitchen,Serveware,Serveware,Atelier Edit,V009,54.47,125.75,125.75,0.5669,2024-07-15,Core,Active,Modern,Natural,Medium,Ceramic,Best,1.2216,1.03
SRV1002,Marlow Marble Edit,Kitchen,Serveware,Serveware,Northstar Collection,V018,42.86,81.48,81.48,0.474,2024-01-18,Core,Active,Minimal,Oat,Large,Glass,Best,0.4097,1.03
SRV1003,Arc Linen Form,Kitchen,Serveware,Serveware,Maison Reserve,V004,39.5,91.32,91.32,0.5674,2023-07-01,Core,Active,Organic,Oat,One Size,Brass,Best,1.0463,1.03
SRV1004,Aster Brass Series,Kitchen,Serveware,Serveware,Northstar Collection,V009,13.26,30.79,30.79,0.5694,2024-10-11,Core,Active,Organic,Sand,Large,Linen,Good,1.031,1.03
SRV1005,Noir Brass Studio,Kitchen,Serveware,Serveware,Foundry Home,V019,26.99,50.28,50.28,0.4632,2023-05-26,Core,Active,Organic,Sand,Large,Stone,Better,0.5177,1.03
SRV1006,Ridge Brass House,Kitchen,Serveware,Serveware,Atelier Edit,V006,56.76,125.25,125.25,0.5469,2024-11-28,Core,Active,Modern,Natural,Large,Ceramic,Best,1.6759,1.03
SRV1007,Sable Wool Line,Kitchen,Serveware,Serveware,Northstar Collection,V010,41.39,93.0,93.0,0.5549,2023-12-27,Core,Active,Classic,Sand,Medium,Rattan,Best,1.1804,1.03
SRV1008,Aster Glass Edit,Kitchen,Serveware,Serveware,Northstar Collection,V019,9.55,20.32,20.32,0.5299,2024-09-26,Core,Active,Modern,Sand,Large,Marble,Good,0.5909,1.03
SRV1009,Arc Ceramic Vessel,Kitchen,Serveware,Serveware,Maison Reserve,V004,25.93,46.58,46.58,0.4432,2024-02-07,Core,Active,Minimal,Charcoal,Small,Cotton,Better,0.4855,1.03
SRV1010,Harbour Glass Collection,Kitchen,Serveware,Serveware,Maison Reserve,V014,54.89,108.04,108.04,0.4919,2023-06-28,Core,Active,Organic,Espresso,Small,Wool,Best,2.1633,1.03
SRV1011,Aster Rattan House,Kitchen,Serveware,Serveware,Maison Reserve,V018,28.42,60.65,60.65,0.5315,2024-03-11,Core,Active,Minimal,Ivory,Medium,Ceramic,Better,0.4985,1.03
SRV1012,Ridge Brass House,Kitchen,Serveware,Serveware,Maison Reserve,V008,34.13,79.11,79.11,0.5686,2024-06-06,Core,Active,Organic,Slate,One Size,Linen,Best,0.7449,1.03
SRV1013,Sable Wool Edit,Kitchen,Serveware,Serveware,Atelier Edit,V013,18.96,46.38,46.38,0.5911,2024-11-03,Core,Active,Minimal,Sand,Large,Cotton,Better,1.2332,1.03
SRV1014,Mira Ceramic Collection,Kitchen,Serveware,Serveware,Northstar Collection,V003,60.6,119.34,119.34,0.4922,2024-08-07,Core,Active,Modern,Champagne,Medium,Brass,Best,2.7775,1.03
SRV1015,Avery Stone Atelier,Kitchen,Serveware,Serveware,Maison Reserve,V006,43.98,87.57,87.57,0.4977,2023-08-04,Core,Active,Artisan,Champagne,Large,Glass,Best,1.5684,1.03
SRV1016,Mira Linen Form,Kitchen,Serveware,Serveware,Atelier Edit,V013,45.27,116.71,116.71,0.6121,2023-09-20,Core,Active,Artisan,Terracotta,Large,Rattan,Best,0.7215,1.03
SRV1017,Luna Ceramic Edit,Kitchen,Serveware,Serveware,Foundry Home,V004,24.49,48.87,48.87,0.4988,2023-07-16,Core,Active,Artisan,Oat,Large,Marble,Better,1.1454,1.03
SRV1018,Sable Brass House,Kitchen,Serveware,Serveware,Atelier Edit,V008,56.34,111.44,111.44,0.4944,2024-05-15,Core,Active,Minimal,Sage,Large,Ceramic,Best,1.0756,1.03
SRV1019,Luna Wool Line,Kitchen,Serveware,Serveware,Maison Reserve,V017,25.11,68.88,68.88,0.6355,2023-10-12,Core,Active,Modern,Sand,Small,Stone,Better,0.955,1.03
SRV1020,Sable Cotton Line,Kitchen,Serveware,Serveware,Atelier Edit,V002,50.23,108.01,108.01,0.5349,2024-10-29,Core,Active,Classic,Slate,Small,Ceramic,Best,0.3704,1.03
SRV1021,Arc Linen Series,Kitchen,Serveware,Serveware,Maison Reserve,V008,55.6,118.98,118.98,0.5327,2024-05-22,Core,Active,Artisan,Sand,Medium,Brass,Best,0.7992,1.03
SRV1022,Luna Stone Series,Kitchen,Serveware,Serveware,Foundry Home,V019,28.15,64.1,64.1,0.5609,2024-05-30,Core,Active,Artisan,Oat,Large,Ceramic,Better,2.1272,1.03
SRV1023,Sable Linen Object,Kitchen,Serveware,Serveware,Foundry Home,V006,7.54,19.13,19.13,0.6061,2024-02-28,Core,Active,Organic,Natural,One Size,Ceramic,Entry,0.7127,1.03
SRV1024,Cove Rattan Collection,Kitchen,Serveware,Serveware,Northstar Collection,V009,29.01,69.64,48.75,0.5834,2024-01-14,Core,Exit,Minimal,Slate,One Size,Wool,Better,0.8178,1.03
SRV1025,Arc Glass Series,Kitchen,Serveware,Serveware,Atelier Edit,V016,29.29,60.44,60.44,0.5153,2024-04-15,Core,Seasonal,Organic,Charcoal,Small,Glass,Better,0.5428,1.03
SRV1026,Cove Linen Edit,Kitchen,Serveware,Serveware,Northstar Collection,V006,45.0,116.2,116.2,0.6127,2024-05-12,Core,Active,Minimal,Espresso,One Size,Glass,Best,0.4853,1.03
SRV1027,Ridge Stone Vessel,Kitchen,Serveware,Serveware,Maison Reserve,V011,63.36,144.59,144.59,0.5618,2024-06-09,Core,Active,Organic,Oat,Small,Cotton,Best,1.6074,1.03
SRV1028,Avery Wool Studio,Kitchen,Serveware,Serveware,Maison Reserve,V018,31.58,66.23,66.23,0.5232,2023-07-24,Core,Active,Organic,Sage,Large,Wool,Better,1.4707,1.03
SRV1029,Harbour Marble Edit,Kitchen,Serveware,Serveware,Northstar Collection,V004,29.14,82.7,82.7,0.6476,2024-06-02,Core,Active,Minimal,Slate,Small,Oak,Best,0.6186,1.03
SRV1030,Marlow Marble Collection,Kitchen,Serveware,Serveware,Maison Reserve,V014,14.1,34.05,34.05,0.586,2023-06-30,Core,Active,Organic,Oat,Large,Glass,Good,1.4808,1.03
SRV1031,Avery Linen Vessel,Kitchen,Serveware,Serveware,Foundry Home,V002,33.2,62.65,62.65,0.4701,2024-05-10,Core,Active,Modern,Natural,One Size,Oak,Better,0.8096,1.03
SRV1032,Noir Wool Line,Kitchen,Serveware,Serveware,Foundry Home,V005,16.69,37.75,37.75,0.5578,2024-05-18,Core,Active,Organic,Sage,Medium,Marble,Good,1.2089,1.03
SRV1033,Noir Stone Studio,Kitchen,Serveware,Serveware,Atelier Edit,V012,46.92,112.13,112.13,0.5815,2024-04-16,Core,Active,Modern,Sage,One Size,Brass,Best,0.7704,1.03
SRV1034,Avery Linen Form,Kitchen,Serveware,Serveware,Atelier Edit,V003,41.54,105.55,105.55,0.6065,2024-07-12,Core,Active,Organic,Espresso,One Size,Oak,Best,1.2747,1.03
SRV1035,Vale Wool Atelier,Kitchen,Serveware,Serveware,Northstar Collection,V009,33.93,68.45,68.45,0.5043,2023-12-21,Core,Active,Organic,Natural,Small,Linen,Better,0.7438,1.03
SRV1036,Harbour Cotton Form,Kitchen,Serveware,Serveware,Northstar Collection,V016,50.28,113.6,113.6,0.5574,2024-02-11,Core,Active,Modern,Terracotta,Medium,Marble,Best,0.7846,1.03
SRV1037,Sable Wool Object,Kitchen,Serveware,Serveware,Atelier Edit,V020,36.76,85.38,85.38,0.5695,2023-07-02,Core,Active,Organic,Charcoal,Small,Linen,Best,0.5182,1.03
SRV1038,Marlow Marble Form,Kitchen,Serveware,Serveware,Foundry Home,V009,28.21,62.75,62.75,0.5505,2023-09-15,Core,Active,Minimal,Oat,Large,Brass,Better,0.6944,1.03
SRV1039,Aster Ceramic House,Kitchen,Serveware,Serveware,Maison Reserve,V014,38.32,90.33,90.33,0.5758,2024-12-03,Core,Active,Organic,Terracotta,Large,Stone,Best,0.8724,1.03
SRV1040,Harbour Cotton House,Kitchen,Serveware,Serveware,Northstar Collection,V004,57.73,111.7,111.7,0.4832,2025-01-10,Core,Active,Organic,Champagne,Large,Wool,Best,1.5792,1.03
SRV1041,Sable Linen House,Kitchen,Serveware,Serveware,Atelier Edit,V011,59.83,132.56,132.56,0.5486,2024-01-14,Core,Active,Organic,Champagne,Large,Linen,Best,0.7366,1.03
SRV1042,Mira Glass Form,Kitchen,Serveware,Serveware,Foundry Home,V016,36.69,88.87,88.87,0.5872,2024-04-08,Core,Active,Minimal,Champagne,Large,Glass,Best,0.9451,1.03
SRV1043,Cove Marble Series,Kitchen,Serveware,Serveware,Northstar Collection,V006,33.44,89.56,89.56,0.6266,2023-08-06,Core,Active,Artisan,Terracotta,One Size,Glass,Best,1.1332,1.03
SRV1044,Harbour Marble Form,Kitchen,Serveware,Serveware,Atelier Edit,V012,13.58,26.92,26.92,0.4956,2024-10-23,Core,Active,Artisan,Natural,Small,Linen,Good,0.7271,1.03
SRV1045,Noir Ceramic Line,Kitchen,Serveware,Serveware,Maison Reserve,V019,13.45,24.68,24.68,0.4552,2023-12-07,Core,Active,Modern,Ivory,Large,Marble,Good,0.9327,1.03
SRV1046,Arc Ceramic House,Kitchen,Serveware,Serveware,Foundry Home,V004,12.12,28.54,28.54,0.5754,2023-07-11,Core,Seasonal,Modern,Ivory,One Size,Brass,Good,1.4543,1.03
SRV1047,Marlow Linen Series,Kitchen,Serveware,Serveware,Foundry Home,V014,56.95,134.57,134.57,0.5768,2023-10-24,Core,Active,Modern,Sage,One Size,Cotton,Best,0.6382,1.03
SRV1048,Cove Ceramic Form,Kitchen,Serveware,Serveware,Foundry Home,V001,57.27,104.32,104.32,0.451,2024-01-04,Core,Seasonal,Classic,Champagne,One Size,Marble,Best,0.8649,1.03
SRV1049,Arc Marble Studio,Kitchen,Serveware,Serveware,Foundry Home,V008,37.91,94.23,94.23,0.5977,2024-08-05,Core,Active,Classic,Charcoal,Medium,Cotton,Best,1.1454,1.03
SRV1050,Noir Stone Studio,Kitchen,Serveware,Serveware,Foundry Home,V011,37.34,87.97,87.97,0.5755,2023-10-18,Core,Active,Modern,Slate,Large,Cotton,Best,0.8,1.03
SRV1051,Vale Brass Atelier,Kitchen,Serveware,Serveware,Northstar Collection,V020,36.34,80.65,80.65,0.5494,2023-08-10,Core,Active,Minimal,Espresso,Small,Linen,Best,1.52,1.03
SRV1052,Ridge Glass Studio,Kitchen,Serveware,Serveware,Atelier Edit,V007,55.14,129.35,129.35,0.5737,2023-06-25,Core,Active,Organic,Terracotta,Medium,Wool,Best,0.714,1.03
SRV1053,Noir Glass Series,Kitchen,Serveware,Serveware,Atelier Edit,V013,15.87,38.05,38.05,0.5829,2024-12-30,Core,Active,Artisan,Oat,Large,Stone,Good,0.9705,1.03
SRV1054,Sable Marble House,Kitchen,Serveware,Serveware,Atelier Edit,V003,22.23,50.26,50.26,0.5577,2023-11-18,Core,Active,Minimal,Natural,Large,Brass,Better,1.0011,1.03
SRV1055,Avery Stone Edit,Kitchen,Serveware,Serveware,Foundry Home,V010,43.12,85.0,85.0,0.4927,2024-06-12,Core,Active,Artisan,Champagne,Medium,Glass,Best,1.5031,1.03
SRV1056,Luna Ceramic Series,Kitchen,Serveware,Serveware,Atelier Edit,V013,12.82,25.27,25.27,0.4928,2024-10-21,Core,Active,Organic,Terracotta,One Size,Wool,Good,1.2008,1.03
SRV1057,Harbour Wool Edit,Kitchen,Serveware,Serveware,Northstar Collection,V004,16.06,34.44,34.44,0.5337,2023-12-28,Core,Active,Artisan,Sage,Large,Rattan,Good,1.2934,1.03
SRV1058,Vale Linen Atelier,Kitchen,Serveware,Serveware,Foundry Home,V008,47.66,104.38,104.38,0.5434,2024-07-30,Core,Active,Organic,Sage,One Size,Cotton,Best,0.7509,1.03
SRV1059,Cove Oak Vessel,Kitchen,Serveware,Serveware,Maison Reserve,V018,15.84,34.34,34.34,0.5388,2023-09-20,Core,Active,Modern,Sage,Medium,Ceramic,Good,1.2078,1.03
SRV1060,Cove Marble Edit,Kitchen,Serveware,Serveware,Northstar Collection,V005,6.35,18.1,18.1,0.6489,2024-03-09,Core,Active,Organic,Charcoal,One Size,Marble,Entry,1.1514,1.03
SRV1061,Aster Glass Edit,Kitchen,Serveware,Serveware,Maison Reserve,V011,8.93,21.29,21.29,0.5805,2023-08-04,Core,Seasonal,Artisan,Espresso,Small,Linen,Good,0.6895,1.03
SRV1062,Harbour Rattan Form,Kitchen,Serveware,Serveware,Northstar Collection,V018,36.84,82.91,58.04,0.5557,2023-06-17,Core,Exit,Modern,Sand,Large,Glass,Best,1.2399,1.03
SRV1063,Cove Rattan Vessel,Kitchen,Serveware,Serveware,Maison Reserve,V003,39.48,86.09,86.09,0.5414,2023-08-09,Core,Seasonal,Minimal,Oat,Medium,Cotton,Best,1.192,1.03
SRV1064,Mira Oak Vessel,Kitchen,Serveware,Serveware,Northstar Collection,V012,17.63,36.85,36.85,0.5217,2024-12-07,Core,Seasonal,Minimal,Espresso,Medium,Marble,Good,0.9302,1.03
SRV1065,Marlow Stone Line,Kitchen,Serveware,Serveware,Atelier Edit,V016,26.57,51.29,51.29,0.4819,2023-07-28,Core,Active,Organic,Sand,Small,Brass,Better,1.1193,1.03
SRV1066,Luna Linen House,Kitchen,Serveware,Serveware,Foundry Home,V006,31.87,70.12,70.12,0.5455,2023-10-27,Core,Active,Artisan,Sage,One Size,Brass,Best,1.1178,1.03
SRV1067,Harbour Linen Collection,Kitchen,Serveware,Serveware,Northstar Collection,V013,33.54,84.18,84.18,0.6016,2024-07-07,Core,Active,Modern,Oat,Small,Linen,Best,1.2315,1.03
SRV1068,Marlow Linen Collection,Kitchen,Serveware,Serveware,Atelier Edit,V017,32.38,63.83,63.83,0.4928,2023-12-06,Core,Active,Modern,Ivory,Small,Oak,Better,0.6744,1.03
SRV1069,Vale Linen Collection,Kitchen,Serveware,Serveware,Foundry Home,V005,57.51,126.28,126.28,0.5446,2024-02-27,Core,Active,Artisan,Espresso,Small,Brass,Best,0.6267,1.03
SRV1070,Ridge Brass Line,Kitchen,Serveware,Serveware,Foundry Home,V011,25.3,58.83,58.83,0.57,2024-12-05,Core,Active,Classic,Sand,One Size,Cotton,Better,2.2095,1.03
SRV1071,Arc Wool Form,Kitchen,Serveware,Serveware,Atelier Edit,V018,65.35,130.79,130.79,0.5003,2025-01-12,Core,Active,Organic,Sand,Large,Oak,Best,0.8969,1.03
SRV1072,Mira Cotton Edit,Kitchen,Serveware,Serveware,Maison Reserve,V009,60.66,119.36,83.55,0.4918,2024-03-11,Core,Exit,Modern,Champagne,Medium,Cotton,Best,1.1771,1.03
SRV1073,Avery Rattan Studio,Kitchen,Serveware,Serveware,Maison Reserve,V016,25.41,47.18,47.18,0.4615,2024-07-22,Core,Active,Modern,Slate,Medium,Wool,Better,0.7477,1.03
SRV1074,Sable Stone Edit,Kitchen,Serveware,Serveware,Northstar Collection,V002,55.25,126.6,126.6,0.5636,2024-06-09,Core,Seasonal,Artisan,Charcoal,One Size,Linen,Best,1.2352,1.03
SRV1075,Mira Cotton Object,Kitchen,Serveware,Serveware,Foundry Home,V010,60.29,128.87,128.87,0.5322,2024-07-12,Core,Active,Organic,Sage,One Size,Brass,Best,1.5448,1.03
SRV1076,Marlow Cotton Form,Kitchen,Serveware,Serveware,Northstar Collection,V017,25.17,50.8,50.8,0.5045,2024-02-15,Core,Active,Minimal,Oat,Medium,Glass,Better,1.0482,1.03
SRV1077,Mira Linen Vessel,Kitchen,Serveware,Serveware,Maison Reserve,V002,10.84,28.92,28.92,0.6251,2024-10-19,Core,Active,Classic,Charcoal,Medium,Stone,Good,1.6657,1.03
SRV1078,Arc Oak Vessel,Kitchen,Serveware,Serveware,Atelier Edit,V007,25.42,56.52,56.52,0.5502,2024-01-31,Core,Active,Classic,Charcoal,Medium,Linen,Better,1.0056,1.03
SRV1079,Cove Stone Line,Kitchen,Serveware,Serveware,Maison Reserve,V015,46.65,110.28,110.28,0.577,2024-04-25,Core,Active,Organic,Champagne,One Size,Ceramic,Best,0.6515,1.03
SRV1080,Avery Wool Edit,Kitchen,Serveware,Serveware,Foundry Home,V002,24.1,49.02,49.02,0.5084,2024-06-08,Core,Active,Artisan,Champagne,Medium,Stone,Better,0.9783,1.03
UTL1081,Aster Stone Form,Kitchen,Utensils,Utensils,Northstar Collection,V010,25.31,53.36,53.36,0.5256,2024-01-20,Core,Active,Artisan,Champagne,Small,Stone,Better,3.3969,0.94
UTL1082,Noir Marble Edit,Kitchen,Utensils,Utensils,Atelier Edit,V019,16.17,32.14,32.14,0.4969,2024-09-04,Core,Active,Modern,Terracotta,Small,Oak,Good,1.0869,0.94
UTL1083,Mira Rattan Studio,Kitchen,Utensils,Utensils,Foundry Home,V005,28.85,57.22,57.22,0.4959,2023-07-20,Core,Active,Modern,Natural,Medium,Stone,Better,1.6532,0.94
UTL1084,Sable Glass Studio,Kitchen,Utensils,Utensils,Atelier Edit,V010,26.21,57.91,57.91,0.5473,2024-01-20,Core,Active,Artisan,Oat,Small,Stone,Better,0.9053,0.94
UTL1085,Arc Ceramic Vessel,Kitchen,Utensils,Utensils,Maison Reserve,V016,16.22,35.19,35.19,0.5392,2025-01-03,Core,Seasonal,Organic,Sage,Large,Stone,Good,0.8456,0.94
UTL1086,Avery Rattan Atelier,Kitchen,Utensils,Utensils,Northstar Collection,V007,21.21,50.29,50.29,0.5782,2024-10-18,Core,Active,Artisan,Sand,One Size,Glass,Better,0.6118,0.94
UTL1087,Marlow Linen Studio,Kitchen,Utensils,Utensils,Atelier Edit,V014,30.8,59.06,59.06,0.4786,2024-09-06,Core,Active,Minimal,Slate,Large,Oak,Better,2.7407,0.94
UTL1088,Marlow Glass Atelier,Kitchen,Utensils,Utensils,Foundry Home,V018,14.65,34.58,34.58,0.5763,2023-08-09,Core,Active,Classic,Sand,Small,Linen,Good,0.8611,0.94
UTL1089,Vale Rattan Collection,Kitchen,Utensils,Utensils,Northstar Collection,V005,26.73,56.69,56.69,0.5284,2024-08-10,Core,Active,Modern,Champagne,Medium,Cotton,Better,1.5948,0.94
UTL1090,Marlow Linen Object,Kitchen,Utensils,Utensils,Northstar Collection,V011,11.27,23.82,23.82,0.527,2023-10-08,Core,Seasonal,Minimal,Sage,Large,Glass,Good,1.8623,0.94
UTL1091,Cove Marble House,Kitchen,Utensils,Utensils,Northstar Collection,V018,10.83,23.8,23.8,0.5449,2023-07-02,Core,Seasonal,Classic,Ivory,Large,Ceramic,Good,0.9398,0.94
UTL1092,Marlow Brass House,Kitchen,Utensils,Utensils,Atelier Edit,V005,29.68,57.51,57.51,0.4839,2023-09-12,Core,Seasonal,Classic,Oat,Small,Ceramic,Better,0.5942,0.94
UTL1093,Mira Cotton Vessel,Kitchen,Utensils,Utensils,Foundry Home,V013,7.0,15.39,15.39,0.5452,2023-07-20,Core,Active,Modern,Espresso,Medium,Marble,Entry,1.7467,0.94
UTL1094,Vale Cotton Collection,Kitchen,Utensils,Utensils,Atelier Edit,V003,12.51,30.63,21.44,0.5916,2024-10-11,Core,Exit,Organic,Natural,Large,Linen,Good,0.6928,0.94
UTL1095,Mira Wool Form,Kitchen,Utensils,Utensils,Northstar Collection,V008,28.48,59.85,59.85,0.5241,2024-08-06,Core,Active,Organic,Ivory,Small,Cotton,Better,1.331,0.94
UTL1096,Arc Ceramic House,Kitchen,Utensils,Utensils,Atelier Edit,V013,26.08,63.84,63.84,0.5915,2023-08-09,Core,Active,Classic,Sand,Medium,Rattan,Better,1.3575,0.94
UTL1097,Aster Marble Line,Kitchen,Utensils,Utensils,Northstar Collection,V004,19.97,43.74,43.74,0.5435,2023-07-26,Core,Active,Artisan,Terracotta,Medium,Stone,Better,2.1394,0.94
UTL1098,Cove Glass Form,Kitchen,Utensils,Utensils,Foundry Home,V009,11.98,23.82,23.82,0.497,2024-05-14,Core,Seasonal,Modern,Terracotta,Large,Marble,Good,0.8296,0.94
UTL1099,Cove Rattan Line,Kitchen,Utensils,Utensils,Atelier Edit,V016,15.1,35.85,35.85,0.5788,2023-08-22,Core,Seasonal,Modern,Charcoal,One Size,Ceramic,Good,2.0124,0.94
UTL1100,Marlow Rattan Form,Kitchen,Utensils,Utensils,Northstar Collection,V004,22.95,46.73,46.73,0.5088,2023-12-20,Core,Active,Artisan,Slate,One Size,Brass,Better,0.4771,0.94
UTL1101,Noir Linen Studio,Kitchen,Utensils,Utensils,Atelier Edit,V008,18.62,38.82,38.82,0.5204,2024-02-20,Core,Active,Classic,Natural,One Size,Marble,Good,1.2403,0.94
UTL1102,Ridge Glass Edit,Kitchen,Utensils,Utensils,Maison Reserve,V016,9.24,19.52,19.52,0.5265,2024-06-07,Core,Active,Modern,Charcoal,Medium,Marble,Entry,1.4037,0.94
UTL1103,Vale Marble Series,Kitchen,Utensils,Utensils,Maison Reserve,V004,27.54,59.49,59.49,0.5371,2024-09-17,Core,Active,Organic,Natural,Small,Oak,Better,0.8197,0.94
UTL1104,Harbour Cotton Edit,Kitchen,Utensils,Utensils,Maison Reserve,V012,9.39,23.75,23.75,0.6047,2024-01-10,Core,Active,Minimal,Charcoal,Medium,Glass,Good,0.7621,0.94
UTL1105,Cove Glass Atelier,Kitchen,Utensils,Utensils,Northstar Collection,V018,25.48,59.77,59.77,0.5737,2024-09-26,Core,Active,Minimal,Champagne,One Size,Glass,Better,1.1192,0.94
UTL1106,Sable Brass Form,Kitchen,Utensils,Utensils,Maison Reserve,V003,7.97,19.29,19.29,0.5868,2024-03-28,Core,Active,Modern,Espresso,Medium,Marble,Entry,1.184,0.94
UTL1107,Noir Rattan Series,Kitchen,Utensils,Utensils,Foundry Home,V010,11.13,24.06,24.06,0.5373,2024-08-15,Core,Active,Artisan,Natural,Medium,Stone,Good,1.7658,0.94
UTL1108,Sable Glass Vessel,Kitchen,Utensils,Utensils,Northstar Collection,V017,14.08,29.94,29.94,0.5298,2023-11-21,Core,Seasonal,Minimal,Champagne,Large,Stone,Good,0.3169,0.94
UTL1109,Vale Ceramic Studio,Kitchen,Utensils,Utensils,Atelier Edit,V007,24.62,52.9,52.9,0.5346,2023-10-02,Core,Active,Minimal,Sage,Small,Rattan,Better,1.2936,0.94
UTL1110,Vale Marble Object,Kitchen,Utensils,Utensils,Maison Reserve,V011,16.77,35.88,35.88,0.5327,2024-05-01,Core,Active,Minimal,Charcoal,Small,Ceramic,Good,1.5622,0.94
UTL1111,Ridge Linen Object,Kitchen,Utensils,Utensils,Maison Reserve,V019,7.11,14.27,14.27,0.502,2024-04-23,Core,Active,Classic,Espresso,Small,Linen,Entry,1.0327,0.94
UTL1112,Avery Glass Atelier,Kitchen,Utensils,Utensils,Maison Reserve,V007,13.66,27.9,19.53,0.5104,2024-02-13,Core,Exit,Classic,Terracotta,Small,Ceramic,Good,0.938,0.94
UTL1113,Aster Ceramic Vessel,Kitchen,Utensils,Utensils,Foundry Home,V015,9.98,23.63,23.63,0.5776,2024-06-24,Core,Active,Classic,Sand,One Size,Wool,Good,0.833,0.94
UTL1114,Vale Ceramic Form,Kitchen,Utensils,Utensils,Atelier Edit,V001,20.64,49.88,49.88,0.5861,2023-07-02,Core,Active,Artisan,Ivory,Small,Rattan,Better,0.8471,0.94
UTL1115,Vale Rattan Atelier,Kitchen,Utensils,Utensils,Foundry Home,V008,20.33,47.56,47.56,0.5725,2023-09-07,Core,Active,Artisan,Sage,Medium,Linen,Better,1.794,0.94
UTL1116,Vale Oak Atelier,Kitchen,Utensils,Utensils,Foundry Home,V013,27.04,59.17,59.17,0.543,2023-11-20,Core,Active,Classic,Espresso,Medium,Rattan,Better,0.8806,0.94
UTL1117,Sable Oak Atelier,Kitchen,Utensils,Utensils,Foundry Home,V004,22.57,50.14,50.14,0.5499,2024-10-30,Core,Active,Artisan,Slate,Small,Ceramic,Better,0.9318,0.94
UTL1118,Avery Wool Vessel,Kitchen,Utensils,Utensils,Foundry Home,V009,15.35,31.96,31.96,0.5197,2023-06-14,Core,Active,Classic,Charcoal,Medium,Wool,Good,1.1354,0.94
UTL1119,Cove Ceramic Series,Kitchen,Utensils,Utensils,Northstar Collection,V014,5.85,14.78,14.78,0.6042,2024-06-11,Core,Active,Organic,Ivory,One Size,Oak,Entry,0.738,0.94
UTL1120,Vale Glass Form,Kitchen,Utensils,Utensils,Foundry Home,V002,24.7,48.48,48.48,0.4905,2024-11-12,Core,Active,Artisan,Sage,One Size,Brass,Better,0.8757,0.94
UTL1121,Aster Brass Collection,Kitchen,Utensils,Utensils,Foundry Home,V009,15.05,37.72,37.72,0.601,2024-03-13,Core,Active,Artisan,Espresso,Large,Ceramic,Good,1.2497,0.94
UTL1122,Harbour Glass Series,Kitchen,Utensils,Utensils,Foundry Home,V017,14.46,33.06,33.06,0.5627,2024-09-13,Core,Active,Classic,Natural,Small,Stone,Good,0.6044,0.94
UTL1123,Ridge Brass Object,Kitchen,Utensils,Utensils,Foundry Home,V006,19.85,52.17,52.17,0.6195,2024-01-09,Core,Active,Minimal,Espresso,Large,Marble,Better,1.4872,0.94
UTL1124,Arc Rattan Series,Kitchen,Utensils,Utensils,Northstar Collection,V009,26.35,58.29,58.29,0.5479,2024-06-03,Core,Active,Minimal,Ivory,Medium,Ceramic,Better,0.7941,0.94
UTL1125,Avery Brass Atelier,Kitchen,Utensils,Utensils,Foundry Home,V018,28.34,63.32,63.32,0.5524,2024-06-30,Core,Active,Organic,Champagne,Small,Ceramic,Better,1.0646,0.94
UTL1126,Vale Linen Atelier,Kitchen,Utensils,Utensils,Atelier Edit,V005,10.49,24.45,24.45,0.571,2023-06-15,Core,Active,Classic,Espresso,Medium,Glass,Good,1.5599,0.94
UTL1127,Cove Stone Studio,Kitchen,Utensils,Utensils,Foundry Home,V012,27.4,63.73,63.73,0.5701,2023-08-26,Core,Active,Artisan,Champagne,Large,Stone,Better,0.8881,0.94
UTL1128,Aster Linen Edit,Kitchen,Utensils,Utensils,Foundry Home,V001,14.92,36.52,36.52,0.5914,2024-08-10,Core,Seasonal,Minimal,Slate,Large,Cotton,Good,0.7179,0.94
UTL1129,Noir Brass Studio,Kitchen,Utensils,Utensils,Foundry Home,V006,24.69,60.13,60.13,0.5894,2023-12-02,Core,Active,Artisan,Charcoal,Large,Stone,Better,2.268,0.94
UTL1130,Harbour Marble Object,Kitchen,Utensils,Utensils,Northstar Collection,V015,22.84,48.98,48.98,0.5338,2024-02-26,Core,Active,Minimal,Charcoal,Small,Rattan,Better,1.4236,0.94
UTL1131,Luna Ceramic Object,Kitchen,Utensils,Utensils,Northstar Collection,V020,16.63,36.99,36.99,0.5504,2023-07-16,Core,Active,Modern,Slate,Medium,Marble,Good,1.0409,0.94
UTL1132,Ridge Marble Series,Kitchen,Utensils,Utensils,Northstar Collection,V009,28.7,63.51,44.46,0.5481,2024-05-31,Core,Exit,Modern,Champagne,Large,Brass,Better,0.5452,0.94
UTL1133,Noir Glass Series,Kitchen,Utensils,Utensils,Atelier Edit,V015,5.4,11.73,11.73,0.54,2024-02-16,Core,Active,Minimal,Slate,Large,Oak,Entry,1.5452,0.94
UTL1134,Ridge Brass House,Kitchen,Utensils,Utensils,Foundry Home,V019,29.96,62.69,62.69,0.5221,2024-10-17,Core,Active,Classic,Slate,Large,Marble,Better,0.7905,0.94
UTL1135,Marlow Wool Studio,Kitchen,Utensils,Utensils,Atelier Edit,V007,7.23,17.38,17.38,0.5843,2024-04-12,Core,Active,Classic,Terracotta,One Size,Glass,Entry,1.2483,0.94
UTL1136,Arc Oak Studio,Kitchen,Utensils,Utensils,Northstar Collection,V017,4.16,10.13,10.13,0.5897,2024-07-22,Core,Seasonal,Minimal,Espresso,Large,Stone,Entry,0.5258,0.94
UTL1137,Aster Oak Edit,Kitchen,Utensils,Utensils,Foundry Home,V020,7.0,14.34,14.34,0.5121,2023-12-26,Core,Active,Modern,Champagne,Medium,Cotton,Entry,1.2002,0.94
UTL1138,Ridge Oak Collection,Kitchen,Utensils,Utensils,Atelier Edit,V007,25.11,49.85,49.85,0.4963,2024-08-06,Core,Active,Minimal,Oat,One Size,Glass,Better,1.3291,0.94
UTL1139,Harbour Oak House,Kitchen,Utensils,Utensils,Northstar Collection,V018,9.97,23.33,23.33,0.5725,2023-10-12,Core,Active,Artisan,Natural,Large,Brass,Good,2.0582,0.94
UTL1140,Harbour Stone Series,Kitchen,Utensils,Utensils,Foundry Home,V001,6.07,12.89,12.89,0.5291,2024-07-10,Core,Seasonal,Classic,Terracotta,Medium,Cotton,Entry,1.1731,0.94
UTL1141,Avery Linen Form,Kitchen,Utensils,Utensils,Atelier Edit,V012,8.15,19.6,19.6,0.5844,2023-05-29,Core,Active,Organic,Oat,One Size,Marble,Entry,1.7582,0.94
UTL1142,Marlow Brass Studio,Kitchen,Utensils,Utensils,Foundry Home,V016,14.93,30.75,30.75,0.5145,2024-11-07,Core,Active,Organic,Terracotta,Small,Stone,Good,0.7327,0.94
UTL1143,Noir Ceramic Studio,Kitchen,Utensils,Utensils,Foundry Home,V004,11.99,28.91,28.91,0.5853,2024-07-13,Core,Active,Organic,Ivory,Medium,Glass,Good,0.7053,0.94
UTL1144,Arc Ceramic Collection,Kitchen,Utensils,Utensils,Northstar Collection,V013,25.01,56.79,56.79,0.5597,2024-02-14,Core,Active,Artisan,Sand,Large,Glass,Better,0.8341,0.94
UTL1145,Vale Marble Object,Kitchen,Utensils,Utensils,Atelier Edit,V018,10.53,22.11,22.11,0.5239,2023-07-09,Core,Active,Organic,Charcoal,Large,Wool,Good,1.2784,0.94
UTL1146,Marlow Wool Form,Kitchen,Utensils,Utensils,Maison Reserve,V007,18.0,43.75,43.75,0.5886,2024-03-03,Core,Active,Modern,Terracotta,Medium,Wool,Better,1.1433,0.94
UTL1147,Marlow Glass Edit,Kitchen,Utensils,Utensils,Maison Reserve,V011,29.46,65.53,65.53,0.5504,2023-09-25,Core,Seasonal,Minimal,Terracotta,One Size,Brass,Better,0.8588,0.94
UTL1148,Ridge Marble Object,Kitchen,Utensils,Utensils,Maison Reserve,V001,25.28,48.06,48.06,0.4739,2024-12-28,Core,Active,Minimal,Espresso,Large,Stone,Better,1.7675,0.94
UTL1149,Harbour Wool Form,Kitchen,Utensils,Utensils,Northstar Collection,V005,26.51,68.07,68.07,0.6106,2024-03-26,Core,Active,Organic,Terracotta,Large,Marble,Better,2.2123,0.94
UTL1150,Mira Brass Atelier,Kitchen,Utensils,Utensils,Atelier Edit,V011,27.03,60.09,42.06,0.5501,2024-11-19,Core,Exit,Minimal,Charcoal,Medium,Brass,Better,0.5122,0.94
DUV1151,Mira Oak Collection,Bedding,Duvets,Duvets,Foundry Home,V002,97.41,232.05,232.05,0.5802,2023-09-05,Core,Active,Classic,Ivory,Small,Rattan,Best,0.6726,1.1
DUV1152,Marlow Marble Studio,Bedding,Duvets,Duvets,Atelier Edit,V006,102.37,184.98,184.98,0.4466,2024-01-12,Core,Active,Minimal,Slate,Medium,Marble,Best,1.1717,1.1
DUV1153,Vale Stone Object,Bedding,Duvets,Duvets,Atelier Edit,V013,49.98,116.7,116.7,0.5717,2023-10-28,Core,Active,Minimal,Natural,One Size,Marble,Best,1.0035,1.1
DUV1154,Avery Marble House,Bedding,Duvets,Duvets,Foundry Home,V020,52.5,105.82,105.82,0.5039,2024-11-24,Core,Active,Organic,Sage,Large,Wool,Best,1.261,1.1
DUV1155,Luna Wool Edit,Bedding,Duvets,Duvets,Northstar Collection,V008,113.66,273.61,273.61,0.5846,2023-07-03,Core,Active,Modern,Sage,Small,Stone,Best,0.5497,1.1
DUV1156,Arc Stone Studio,Bedding,Duvets,Duvets,Atelier Edit,V014,35.56,90.49,90.49,0.607,2023-08-18,Core,Active,Classic,Sage,One Size,Stone,Best,0.5774,1.1
DUV1157,Harbour Ceramic Line,Bedding,Duvets,Duvets,Northstar Collection,V002,39.97,91.07,91.07,0.5611,2024-08-21,Core,Active,Modern,Oat,One Size,Glass,Best,0.9583,1.1
DUV1158,Cove Glass Studio,Bedding,Duvets,Duvets,Atelier Edit,V010,59.26,118.02,118.02,0.4979,2024-03-24,Core,Active,Classic,Espresso,Large,Ceramic,Best,0.4326,1.1
DUV1159,Noir Rattan Atelier,Bedding,Duvets,Duvets,Foundry Home,V016,41.49,85.3,85.3,0.5136,2023-06-26,Core,Active,Organic,Ivory,Small,Oak,Best,0.9808,1.1
DUV1160,Ridge Marble Studio,Bedding,Duvets,Duvets,Foundry Home,V001,47.53,116.52,116.52,0.5921,2023-07-30,Core,Active,Artisan,Champagne,One Size,Oak,Best,0.8775,1.1
DUV1161,Sable Ceramic Edit,Bedding,Duvets,Duvets,Maison Reserve,V011,80.61,186.6,186.6,0.568,2024-09-10,Core,Active,Modern,Oat,One Size,Stone,Best,0.4818,1.1
DUV1162,Vale Wool Object,Bedding,Duvets,Duvets,Atelier Edit,V015,97.42,192.25,192.25,0.4933,2024-03-22,Core,Active,Classic,Sage,Medium,Ceramic,Best,0.6318,1.1
DUV1163,Vale Rattan Series,Bedding,Duvets,Duvets,Atelier Edit,V006,59.34,134.54,134.54,0.559,2024-02-13,Core,Active,Classic,Natural,Small,Ceramic,Best,1.1256,1.1
DUV1164,Vale Rattan Form,Bedding,Duvets,Duvets,Northstar Collection,V010,120.67,290.29,290.29,0.5843,2024-09-14,Core,Active,Minimal,Ivory,Large,Cotton,Best,1.3055,1.1
DUV1165,Luna Cotton Form,Bedding,Duvets,Duvets,Northstar Collection,V019,128.82,268.09,268.09,0.5195,2024-10-14,Core,Active,Classic,Terracotta,One Size,Ceramic,Best,0.6317,1.1
DUV1166,Vale Brass House,Bedding,Duvets,Duvets,Foundry Home,V005,88.46,180.52,126.36,0.51,2023-07-25,Core,Exit,Minimal,Champagne,Small,Brass,Best,0.503,1.1
DUV1167,Mira Marble Collection,Bedding,Duvets,Duvets,Maison Reserve,V012,103.49,257.9,257.9,0.5987,2023-12-05,Core,Active,Classic,Champagne,Small,Wool,Best,1.7201,1.1
DUV1168,Noir Wool Object,Bedding,Duvets,Duvets,Foundry Home,V017,93.84,208.14,145.7,0.5492,2023-09-06,Core,Exit,Modern,Slate,One Size,Glass,Best,0.9633,1.1
DUV1169,Mira Linen Collection,Bedding,Duvets,Duvets,Maison Reserve,V008,103.09,257.32,257.32,0.5994,2024-12-13,Core,Active,Modern,Champagne,One Size,Oak,Best,0.6963,1.1
DUV1170,Arc Cotton Studio,Bedding,Duvets,Duvets,Maison Reserve,V015,110.34,227.8,227.8,0.5156,2024-02-24,Core,Active,Minimal,Oat,Medium,Marble,Best,0.7361,1.1
DUV1171,Ridge Wool Vessel,Bedding,Duvets,Duvets,Atelier Edit,V002,131.25,264.59,264.59,0.5039,2023-10-25,Core,Active,Organic,Terracotta,Medium,Rattan,Best,0.4718,1.1
DUV1172,Harbour Marble Line,Bedding,Duvets,Duvets,Northstar Collection,V009,96.26,211.4,211.4,0.5446,2024-07-24,Core,Active,Classic,Espresso,One Size,Ceramic,Best,0.5844,1.1
DUV1173,Marlow Wool Atelier,Bedding,Duvets,Duvets,Atelier Edit,V012,71.66,148.08,148.08,0.5161,2023-12-22,Core,Active,Organic,Slate,One Size,Marble,Best,0.3554,1.1
DUV1174,Aster Ceramic Atelier,Bedding,Duvets,Duvets,Atelier Edit,V019,70.42,151.99,151.99,0.5367,2023-08-27,Core,Active,Classic,Slate,Medium,Marble,Best,0.5365,1.1
DUV1175,Cove Marble Atelier,Bedding,Duvets,Duvets,Foundry Home,V007,81.4,182.15,182.15,0.5531,2023-12-30,Core,Active,Organic,Espresso,Medium,Rattan,Best,1.8436,1.1
DUV1176,Sable Stone House,Bedding,Duvets,Duvets,Maison Reserve,V017,43.47,87.8,87.8,0.5048,2024-07-13,Core,Active,Modern,Terracotta,Medium,Ceramic,Best,0.8109,1.1
DUV1177,Mira Marble Atelier,Bedding,Duvets,Duvets,Maison Reserve,V001,135.32,292.73,292.73,0.5377,2024-02-17,Core,Seasonal,Minimal,Champagne,Large,Stone,Best,0.4183,1.1
DUV1178,Noir Cotton Vessel,Bedding,Duvets,Duvets,Maison Reserve,V010,73.23,186.94,186.94,0.6083,2024-01-21,Core,Active,Modern,Slate,Small,Wool,Best,0.8347,1.1
DUV1179,Sable Glass Series,Bedding,Duvets,Duvets,Atelier Edit,V014,63.29,132.8,132.8,0.5234,2023-10-12,Core,Active,Minimal,Espresso,Small,Wool,Best,1.1136,1.1
DUV1180,Harbour Stone Vessel,Bedding,Duvets,Duvets,Maison Reserve,V005,50.21,120.84,120.84,0.5845,2024-06-21,Core,Active,Classic,Espresso,Small,Ceramic,Best,1.1989,1.1
DUV1181,Harbour Cotton Object,Bedding,Duvets,Duvets,Northstar Collection,V011,110.86,244.8,244.8,0.5471,2024-09-06,Core,Active,Modern,Espresso,Large,Wool,Best,1.3391,1.1
DUV1182,Avery Ceramic Vessel,Bedding,Duvets,Duvets,Northstar Collection,V015,58.79,127.98,127.98,0.5407,2023-06-12,Core,Active,Minimal,Terracotta,Small,Ceramic,Best,0.5053,1.1
DUV1183,Mira Cotton Object,Bedding,Duvets,Duvets,Atelier Edit,V004,106.98,245.91,245.91,0.565,2023-06-16,Core,Seasonal,Minimal,Terracotta,Large,Cotton,Best,0.692,1.1
DUV1184,Noir Brass House,Bedding,Duvets,Duvets,Maison Reserve,V012,73.93,168.33,168.33,0.5608,2024-07-19,Core,Active,Modern,Sand,Large,Cotton,Best,0.6475,1.1
DUV1185,Luna Ceramic Series,Bedding,Duvets,Duvets,Atelier Edit,V018,48.13,121.7,121.7,0.6045,2023-11-22,Core,Active,Modern,Natural,Medium,Stone,Best,0.8129,1.1
DUV1186,Vale Linen Series,Bedding,Duvets,Duvets,Northstar Collection,V005,91.12,215.93,215.93,0.578,2023-12-11,Core,Active,Minimal,Charcoal,Large,Marble,Best,1.3085,1.1
DUV1187,Cove Ceramic Object,Bedding,Duvets,Duvets,Foundry Home,V010,70.6,139.53,139.53,0.494,2024-04-29,Core,Active,Organic,Charcoal,One Size,Stone,Best,1.216,1.1
DUV1188,Vale Marble Form,Bedding,Duvets,Duvets,Northstar Collection,V001,40.38,86.12,86.12,0.5311,2024-10-11,Core,Seasonal,Organic,Natural,Small,Glass,Best,0.3503,1.1
DUV1189,Cove Stone Studio,Bedding,Duvets,Duvets,Maison Reserve,V006,131.29,282.13,282.13,0.5346,2024-06-12,Core,Active,Minimal,Slate,One Size,Ceramic,Best,0.5994,1.1
DUV1190,Harbour Rattan Form,Bedding,Duvets,Duvets,Atelier Edit,V011,62.1,133.3,133.3,0.5342,2024-06-26,Core,Seasonal,Classic,Natural,Large,Rattan,Best,0.3744,1.1
DUV1191,Harbour Wool Studio,Bedding,Duvets,Duvets,Northstar Collection,V001,45.27,88.05,88.05,0.4858,2024-02-05,Core,Active,Artisan,Sand,One Size,Rattan,Best,2.3301,1.1
DUV1192,Harbour Linen Collection,Bedding,Duvets,Duvets,Northstar Collection,V009,76.51,205.44,205.44,0.6276,2024-11-20,Core,Active,Organic,Sand,Large,Cotton,Best,0.8471,1.1
DUV1193,Luna Rattan Form,Bedding,Duvets,Duvets,Foundry Home,V016,46.71,112.3,112.3,0.5841,2024-02-05,Core,Active,Modern,Terracotta,Small,Marble,Best,1.2758,1.1
DUV1194,Marlow Rattan Studio,Bedding,Duvets,Duvets,Northstar Collection,V002,103.48,230.11,230.11,0.5503,2024-02-28,Core,Active,Minimal,Charcoal,One Size,Glass,Best,0.7506,1.1
DUV1195,Sable Glass Collection,Bedding,Duvets,Duvets,Northstar Collection,V010,46.26,129.68,129.68,0.6433,2024-10-05,Core,Active,Artisan,Charcoal,Small,Rattan,Best,0.6838,1.1
DUV1196,Arc Glass Line,Bedding,Duvets,Duvets,Foundry Home,V017,105.66,214.05,214.05,0.5064,2023-08-16,Core,Active,Classic,Charcoal,One Size,Stone,Best,0.6455,1.1
DUV1197,Mira Cotton Line,Bedding,Duvets,Duvets,Northstar Collection,V002,65.19,142.08,142.08,0.5411,2024-12-09,Core,Active,Modern,Sand,Small,Cotton,Best,0.5029,1.1
DUV1198,Luna Rattan Vessel,Bedding,Duvets,Duvets,Atelier Edit,V011,104.43,225.01,225.01,0.5359,2024-01-29,Core,Active,Minimal,Oat,One Size,Marble,Best,0.5353,1.1
DUV1199,Vale Oak Object,Bedding,Duvets,Duvets,Atelier Edit,V017,52.76,111.0,111.0,0.5247,2024-03-16,Core,Active,Minimal,Sand,Medium,Ceramic,Best,1.2307,1.1
DUV1200,Sable Brass Edit,Bedding,Duvets,Duvets,Maison Reserve,V002,46.21,92.98,92.98,0.503,2023-08-26,Core,Active,Minimal,Sand,Large,Glass,Best,0.7055,1.1
DUV1201,Noir Marble Studio,Bedding,Duvets,Duvets,Foundry Home,V008,69.67,163.6,163.6,0.5742,2024-10-10,Core,Active,Organic,Terracotta,Small,Rattan,Best,0.8288,1.1
DUV1202,Luna Linen Studio,Bedding,Duvets,Duvets,Atelier Edit,V016,44.64,101.19,101.19,0.5589,2024-12-29,Core,Active,Classic,Sage,Small,Linen,Best,0.6036,1.1
DUV1203,Harbour Oak Object,Bedding,Duvets,Duvets,Atelier Edit,V003,39.66,89.63,89.63,0.5575,2023-10-09,Core,Active,Minimal,Espresso,Small,Linen,Best,0.5516,1.1
DUV1204,Sable Oak House,Bedding,Duvets,Duvets,Foundry Home,V013,117.61,238.68,238.68,0.5072,2023-11-30,Core,Active,Modern,Slate,One Size,Ceramic,Best,1.6755,1.1
DUV1205,Sable Cotton Atelier,Bedding,Duvets,Duvets,Maison Reserve,V020,43.83,95.74,95.74,0.5422,2024-01-03,Core,Active,Minimal,Terracotta,One Size,Stone,Best,1.0401,1.1
DUV1206,Noir Wool Line,Bedding,Duvets,Duvets,Northstar Collection,V004,72.61,164.77,164.77,0.5593,2023-08-31,Core,Active,Artisan,Slate,One Size,Wool,Best,0.6497,1.1
DUV1207,Vale Linen Line,Bedding,Duvets,Duvets,Foundry Home,V014,42.84,101.42,101.42,0.5776,2024-02-03,Core,Active,Classic,Charcoal,One Size,Stone,Best,0.642,1.1
DUV1208,Harbour Cotton Form,Bedding,Duvets,Duvets,Atelier Edit,V001,122.24,243.79,243.79,0.4986,2024-08-25,Core,Active,Minimal,Slate,One Size,Brass,Best,0.9689,1.1
DUV1209,Luna Rattan Line,Bedding,Duvets,Duvets,Atelier Edit,V004,132.7,272.24,272.24,0.5126,2024-10-16,Core,Active,Modern,Natural,Small,Ceramic,Best,0.6849,1.1
DUV1210,Mira Glass Collection,Bedding,Duvets,Duvets,Maison Reserve,V013,42.34,101.92,101.92,0.5846,2024-06-06,Core,Active,Classic,Terracotta,Small,Wool,Best,0.5174,1.1
DUV1211,Ridge Cotton Line,Bedding,Duvets,Duvets,Maison Reserve,V001,125.65,282.04,282.04,0.5545,2023-07-27,Core,Active,Organic,Champagne,One Size,Linen,Best,0.4082,1.1
DUV1212,Aster Stone Object,Bedding,Duvets,Duvets,Atelier Edit,V007,129.39,289.55,289.55,0.5531,2024-04-26,Core,Active,Minimal,Oat,One Size,Oak,Best,0.6856,1.1
DUV1213,Luna Glass Atelier,Bedding,Duvets,Duvets,Atelier Edit,V016,73.87,192.23,134.56,0.6157,2023-06-07,Core,Exit,Organic,Oat,One Size,Glass,Best,1.1138,1.1
DUV1214,Harbour Ceramic Edit,Bedding,Duvets,Duvets,Foundry Home,V020,127.93,254.91,254.91,0.4981,2023-07-10,Core,Active,Organic,Sand,Small,Rattan,Best,1.121,1.1
DUV1215,Vale Rattan Edit,Bedding,Duvets,Duvets,Maison Reserve,V010,66.73,158.02,158.02,0.5777,2023-09-09,Core,Active,Artisan,Natural,Medium,Wool,Best,0.7206,1.1
DUV1216,Harbour Cotton Edit,Bedding,Duvets,Duvets,Maison Reserve,V013,62.29,146.67,146.67,0.5753,2024-05-18,Core,Active,Organic,Charcoal,Small,Linen,Best,1.1507,1.1
DUV1217,Mira Marble Series,Bedding,Duvets,Duvets,Foundry Home,V002,43.7,113.31,113.31,0.6143,2024-03-04,Core,Active,Organic,Ivory,Large,Oak,Best,0.5708,1.1
DUV1218,Harbour Stone Collection,Bedding,Duvets,Duvets,Northstar Collection,V008,137.74,237.48,237.48,0.42,2024-03-24,Core,Active,Artisan,Sand,Large,Ceramic,Best,0.5268,1.1
DUV1219,Luna Wool Form,Bedding,Duvets,Duvets,Atelier Edit,V016,83.93,202.1,202.1,0.5847,2024-12-22,Core,Active,Artisan,Sage,Large,Wool,Best,0.6318,1.1
DUV1220,Mira Ceramic Studio,Bedding,Duvets,Duvets,Maison Reserve,V002,82.17,198.28,198.28,0.5856,2024-06-16,Core,Active,Modern,Natural,Large,Stone,Best,0.4679,1.1
DUV1221,Vale Brass Studio,Bedding,Duvets,Duvets,Northstar Collection,V012,52.24,112.55,112.55,0.5359,2024-03-02,Core,Active,Classic,Ivory,Small,Brass,Best,0.8737,1.1
DUV1222,Harbour Rattan Edit,Bedding,Duvets,Duvets,Northstar Collection,V018,93.59,198.69,198.69,0.529,2023-09-09,Core,Active,Classic,Slate,Small,Marble,Best,0.4446,1.1
DUV1223,Mira Glass Line,Bedding,Duvets,Duvets,Maison Reserve,V004,97.85,216.65,216.65,0.5483,2024-12-21,Core,Active,Modern,Sand,Large,Marble,Best,0.4972,1.1
DUV1224,Cove Cotton Edit,Bedding,Duvets,Duvets,Foundry Home,V013,82.4,194.58,194.58,0.5765,2023-10-21,Core,Active,Minimal,Sand,Large,Oak,Best,0.8127,1.1
DUV1225,Aster Oak Edit,Bedding,Duvets,Duvets,Northstar Collection,V018,138.75,271.57,271.57,0.4891,2024-05-21,Core,Active,Organic,Sand,Small,Rattan,Best,0.9413,1.1
DUV1226,Luna Marble Line,Bedding,Duvets,Duvets,Atelier Edit,V004,136.1,290.13,290.13,0.5309,2023-06-04,Core,Active,Classic,Natural,One Size,Wool,Best,0.6309,1.1
DUV1227,Sable Marble Form,Bedding,Duvets,Duvets,Northstar Collection,V011,104.05,212.73,212.73,0.5109,2024-10-18,Core,Active,Modern,Terracotta,Large,Ceramic,Best,1.6486,1.1
DUV1228,Harbour Stone House,Bedding,Duvets,Duvets,Atelier Edit,V001,52.45,129.15,129.15,0.5939,2023-10-20,Core,Active,Artisan,Champagne,Large,Linen,Best,0.8108,1.1
DUV1229,Aster Marble House,Bedding,Duvets,Duvets,Atelier Edit,V006,59.45,125.45,125.45,0.5261,2024-05-26,Core,Active,Minimal,Slate,Large,Linen,Best,1.2553,1.1
DUV1230,Aster Rattan Vessel,Bedding,Duvets,Duvets,Foundry Home,V013,66.88,149.33,149.33,0.5521,2024-07-12,Core,Active,Classic,Ivory,Medium,Wool,Best,1.06,1.1
SHT1231,Marlow Ceramic Form,Bedding,Sheets,Sheets,Northstar Collection,V001,36.83,78.28,78.28,0.5296,2024-05-05,Core,Seasonal,Classic,Slate,One Size,Stone,Best,1.337,1.02
SHT1232,Sable Wool Vessel,Bedding,Sheets,Sheets,Foundry Home,V007,33.46,79.6,79.6,0.5796,2024-11-28,Core,Active,Minimal,Champagne,One Size,Brass,Best,1.7372,1.02
SHT1233,Cove Ceramic Object,Bedding,Sheets,Sheets,Maison Reserve,V012,39.66,104.24,104.24,0.6195,2024-12-06,Core,Active,Artisan,Oat,Large,Brass,Best,0.7947,1.02
SHT1234,Avery Ceramic Series,Bedding,Sheets,Sheets,Northstar Collection,V003,96.47,181.01,181.01,0.4671,2024-03-03,Core,Active,Organic,Slate,Large,Cotton,Best,1.3352,1.02
SHT1235,Arc Marble Form,Bedding,Sheets,Sheets,Foundry Home,V007,34.39,76.39,76.39,0.5498,2024-05-10,Core,Active,Classic,Slate,Small,Linen,Best,1.0964,1.02
SHT1236,Luna Linen Atelier,Bedding,Sheets,Sheets,Maison Reserve,V015,84.36,187.4,187.4,0.5498,2023-11-07,Core,Active,Artisan,Slate,Medium,Brass,Best,0.5697,1.02
SHT1237,Harbour Glass Edit,Bedding,Sheets,Sheets,Foundry Home,V002,78.05,186.15,186.15,0.5807,2024-05-20,Core,Active,Minimal,Natural,Large,Ceramic,Best,0.6961,1.02
SHT1238,Sable Glass Atelier,Bedding,Sheets,Sheets,Atelier Edit,V011,42.32,90.85,90.85,0.5342,2023-07-29,Core,Active,Classic,Terracotta,Small,Linen,Best,1.1006,1.02
SHT1239,Arc Linen Line,Bedding,Sheets,Sheets,Atelier Edit,V017,30.36,58.16,58.16,0.4781,2024-05-02,Core,Active,Organic,Oat,Medium,Marble,Better,1.1922,1.02
SHT1240,Vale Wool Series,Bedding,Sheets,Sheets,Atelier Edit,V005,35.71,96.06,96.06,0.6283,2024-05-31,Core,Active,Artisan,Charcoal,Medium,Ceramic,Best,0.4457,1.02
SHT1241,Luna Ceramic Object,Bedding,Sheets,Sheets,Foundry Home,V008,62.35,126.17,126.17,0.5058,2024-09-02,Core,Active,Modern,Espresso,Medium,Ceramic,Best,0.8493,1.02
SHT1242,Luna Marble Edit,Bedding,Sheets,Sheets,Atelier Edit,V016,44.26,97.52,97.52,0.5462,2023-06-20,Core,Active,Modern,Espresso,Small,Glass,Best,0.7438,1.02
SHT1243,Marlow Ceramic Line,Bedding,Sheets,Sheets,Northstar Collection,V004,57.24,125.22,125.22,0.5429,2024-01-28,Core,Active,Minimal,Natural,One Size,Brass,Best,0.7915,1.02
SHT1244,Vale Wool Line,Bedding,Sheets,Sheets,Foundry Home,V012,55.3,121.25,121.25,0.5439,2024-01-17,Core,Active,Artisan,Sand,Large,Brass,Best,1.0473,1.02
SHT1245,Marlow Brass Atelier,Bedding,Sheets,Sheets,Maison Reserve,V017,31.67,65.28,65.28,0.5148,2024-01-23,Core,Active,Classic,Natural,Large,Rattan,Better,0.4312,1.02
SHT1246,Cove Linen Form,Bedding,Sheets,Sheets,Atelier Edit,V003,22.09,58.18,58.18,0.6203,2024-09-22,Core,Active,Modern,Terracotta,Large,Rattan,Better,1.4737,1.02
SHT1247,Harbour Oak Collection,Bedding,Sheets,Sheets,Maison Reserve,V014,28.43,53.76,53.76,0.4712,2024-10-11,Core,Active,Artisan,Sage,Large,Wool,Better,0.3647,1.02
SHT1248,Sable Brass Vessel,Bedding,Sheets,Sheets,Maison Reserve,V020,36.36,80.82,80.82,0.5501,2024-08-31,Core,Active,Classic,Oat,Medium,Stone,Best,0.659,1.02
SHT1249,Vale Rattan Line,Bedding,Sheets,Sheets,Maison Reserve,V008,75.05,172.77,172.77,0.5656,2025-01-02,Core,Seasonal,Minimal,Ivory,Large,Brass,Best,0.8834,1.02
SHT1250,Noir Glass Edit,Bedding,Sheets,Sheets,Maison Reserve,V013,105.75,185.89,185.89,0.4311,2024-12-02,Core,Active,Minimal,Sage,Medium,Rattan,Best,0.7068,1.02
SHT1251,Sable Stone Vessel,Bedding,Sheets,Sheets,Foundry Home,V020,60.39,136.96,136.96,0.5591,2024-02-02,Core,Active,Modern,Terracotta,Medium,Wool,Best,0.8024,1.02
SHT1252,Sable Oak Object,Bedding,Sheets,Sheets,Foundry Home,V008,75.69,151.02,151.02,0.4988,2024-11-30,Core,Active,Artisan,Terracotta,Small,Wool,Best,0.7385,1.02
SHT1253,Avery Linen Form,Bedding,Sheets,Sheets,Maison Reserve,V014,76.32,141.73,141.73,0.4615,2024-02-21,Core,Active,Minimal,Slate,Medium,Glass,Best,1.4067,1.02
SHT1254,Mira Glass Series,Bedding,Sheets,Sheets,Maison Reserve,V003,54.61,111.94,111.94,0.5122,2024-11-03,Core,Active,Modern,Natural,One Size,Ceramic,Best,1.019,1.02
SHT1255,Cove Brass Line,Bedding,Sheets,Sheets,Maison Reserve,V007,60.63,118.83,83.18,0.4898,2023-11-16,Core,Exit,Minimal,Sand,Medium,Brass,Best,1.1266,1.02
SHT1256,Avery Ceramic House,Bedding,Sheets,Sheets,Maison Reserve,V014,45.16,104.21,104.21,0.5666,2024-02-03,Core,Active,Minimal,Charcoal,Small,Linen,Best,0.4644,1.02
SHT1257,Ridge Rattan Line,Bedding,Sheets,Sheets,Maison Reserve,V020,83.14,168.58,168.58,0.5068,2024-02-10,Core,Active,Modern,Ivory,Medium,Glass,Best,0.9523,1.02
SHT1258,Cove Oak House,Bedding,Sheets,Sheets,Maison Reserve,V009,76.41,144.85,144.85,0.4725,2024-12-23,Core,Active,Minimal,Terracotta,One Size,Cotton,Best,1.4216,1.02
SHT1259,Marlow Wool Form,Bedding,Sheets,Sheets,Atelier Edit,V018,23.49,53.74,53.74,0.5628,2024-10-07,Core,Active,Classic,Sage,Large,Rattan,Better,1.5969,1.02
SHT1260,Cove Cotton Atelier,Bedding,Sheets,Sheets,Foundry Home,V002,59.99,131.05,131.05,0.5423,2024-10-09,Core,Active,Organic,Natural,One Size,Wool,Best,1.0237,1.02
SHT1261,Vale Stone Line,Bedding,Sheets,Sheets,Atelier Edit,V010,34.01,64.63,64.63,0.4738,2023-07-31,Core,Active,Minimal,Espresso,Large,Cotton,Better,2.0625,1.02
SHT1262,Noir Rattan Studio,Bedding,Sheets,Sheets,Atelier Edit,V018,65.61,131.66,131.66,0.5016,2024-04-14,Core,Active,Minimal,Ivory,Medium,Rattan,Best,1.0921,1.02
SHT1263,Avery Cotton House,Bedding,Sheets,Sheets,Atelier Edit,V004,66.98,156.35,156.35,0.5716,2024-05-29,Core,Active,Classic,Espresso,Medium,Glass,Best,0.7877,1.02
SHT1264,Ridge Marble Vessel,Bedding,Sheets,Sheets,Foundry Home,V011,53.7,119.24,119.24,0.5496,2024-10-14,Core,Active,Artisan,Sand,Large,Oak,Best,0.9896,1.02
SHT1265,Ridge Brass Collection,Bedding,Sheets,Sheets,Maison Reserve,V016,38.77,90.68,90.68,0.5725,2024-02-02,Core,Active,Minimal,Champagne,Medium,Stone,Best,0.9877,1.02
SHT1266,Ridge Oak Atelier,Bedding,Sheets,Sheets,Atelier Edit,V003,34.06,78.29,78.29,0.5649,2024-08-25,Core,Active,Classic,Ivory,Large,Glass,Best,1.5457,1.02
SHT1267,Avery Wool Series,Bedding,Sheets,Sheets,Maison Reserve,V012,85.56,164.55,164.55,0.4801,2023-12-26,Core,Seasonal,Minimal,Sand,Small,Ceramic,Best,0.8496,1.02
SHT1268,Cove Rattan Vessel,Bedding,Sheets,Sheets,Atelier Edit,V018,55.26,144.43,144.43,0.6174,2024-07-05,Core,Active,Minimal,Espresso,One Size,Linen,Best,2.3366,1.02
SHT1269,Aster Brass Studio,Bedding,Sheets,Sheets,Atelier Edit,V008,31.73,73.78,73.78,0.5699,2023-08-19,Core,Active,Organic,Terracotta,Small,Oak,Best,1.1496,1.02
SHT1270,Harbour Marble Vessel,Bedding,Sheets,Sheets,Maison Reserve,V011,64.52,146.25,146.25,0.5588,2024-06-12,Core,Active,Organic,Charcoal,Medium,Rattan,Best,3.0821,1.02
SHT1271,Cove Rattan Edit,Bedding,Sheets,Sheets,Foundry Home,V018,83.57,188.92,188.92,0.5576,2023-12-30,Core,Active,Classic,Natural,Medium,Cotton,Best,1.9821,1.02
SHT1272,Ridge Brass Edit,Bedding,Sheets,Sheets,Atelier Edit,V005,100.3,196.01,196.01,0.4883,2023-08-16,Core,Active,Modern,Espresso,Small,Stone,Best,1.379,1.02
SHT1273,Ridge Linen Line,Bedding,Sheets,Sheets,Atelier Edit,V013,72.36,157.94,157.94,0.5419,2023-08-23,Core,Active,Minimal,Champagne,Small,Stone,Best,1.2708,1.02
SHT1274,Vale Brass Studio,Bedding,Sheets,Sheets,Northstar Collection,V003,30.78,64.94,64.94,0.526,2024-11-26,Core,Active,Artisan,Champagne,Medium,Oak,Better,1.026,1.02
SHT1275,Avery Wool Edit,Bedding,Sheets,Sheets,Atelier Edit,V009,30.26,62.75,62.75,0.5177,2023-07-29,Core,Active,Modern,Oat,Medium,Cotton,Better,0.7233,1.02
SHT1276,Sable Rattan Edit,Bedding,Sheets,Sheets,Atelier Edit,V017,47.46,97.76,97.76,0.5145,2024-06-27,Core,Active,Artisan,Espresso,Medium,Stone,Best,1.0373,1.02
SHT1277,Marlow Ceramic Form,Bedding,Sheets,Sheets,Maison Reserve,V004,49.18,104.72,104.72,0.5304,2024-12-01,Core,Seasonal,Modern,Champagne,Medium,Cotton,Best,0.5562,1.02
SHT1278,Ridge Wool Object,Bedding,Sheets,Sheets,Maison Reserve,V007,32.94,71.31,71.31,0.5381,2024-01-03,Core,Active,Organic,Espresso,Medium,Cotton,Best,0.6014,1.02
SHT1279,Noir Glass House,Bedding,Sheets,Sheets,Atelier Edit,V016,79.95,168.57,168.57,0.5257,2024-01-22,Core,Active,Modern,Sage,Small,Marble,Best,0.7833,1.02
SHT1280,Arc Stone Studio,Bedding,Sheets,Sheets,Maison Reserve,V002,42.97,114.02,114.02,0.6231,2024-11-24,Core,Active,Modern,Sage,Large,Oak,Best,0.6642,1.02
SHT1281,Arc Cotton Vessel,Bedding,Sheets,Sheets,Foundry Home,V009,23.7,49.25,49.25,0.5187,2023-09-14,Core,Active,Modern,Terracotta,Small,Cotton,Better,1.6789,1.02
SHT1282,Luna Ceramic Line,Bedding,Sheets,Sheets,Foundry Home,V019,51.43,109.27,109.27,0.5293,2024-09-24,Core,Active,Modern,Charcoal,Small,Cotton,Best,1.3053,1.02
SHT1283,Harbour Glass Line,Bedding,Sheets,Sheets,Northstar Collection,V005,41.04,91.94,91.94,0.5537,2024-09-15,Core,Active,Artisan,Champagne,One Size,Stone,Best,0.8531,1.02
SHT1284,Luna Ceramic Line,Bedding,Sheets,Sheets,Atelier Edit,V009,64.91,154.34,154.34,0.5794,2024-09-27,Core,Active,Minimal,Espresso,Large,Marble,Best,1.1511,1.02
SHT1285,Arc Brass Form,Bedding,Sheets,Sheets,Maison Reserve,V020,58.47,130.32,130.32,0.5513,2024-01-11,Core,Active,Minimal,Ivory,One Size,Linen,Best,1.2337,1.02
SHT1286,Ridge Brass Studio,Bedding,Sheets,Sheets,Maison Reserve,V003,33.07,78.89,78.89,0.5808,2024-05-29,Core,Active,Organic,Terracotta,One Size,Marble,Best,0.8294,1.02
SHT1287,Mira Linen Studio,Bedding,Sheets,Sheets,Atelier Edit,V014,41.42,84.77,84.77,0.5113,2025-01-03,Core,Active,Minimal,Ivory,Medium,Glass,Best,1.2365,1.02
SHT1288,Vale Brass Atelier,Bedding,Sheets,Sheets,Atelier Edit,V018,38.99,73.92,51.74,0.4725,2024-09-21,Core,Exit,Artisan,Espresso,Medium,Oak,Best,0.5241,1.02
SHT1289,Marlow Ceramic House,Bedding,Sheets,Sheets,Foundry Home,V008,20.72,46.11,46.11,0.5507,2024-03-21,Core,Active,Modern,Slate,Large,Rattan,Better,0.6458,1.02
SHT1290,Vale Rattan Line,Bedding,Sheets,Sheets,Atelier Edit,V012,26.08,55.78,55.78,0.5324,2023-07-22,Core,Active,Classic,Espresso,Large,Rattan,Better,1.1922,1.02
SHT1291,Avery Brass Edit,Bedding,Sheets,Sheets,Maison Reserve,V002,80.71,160.98,160.98,0.4986,2024-01-29,Core,Active,Classic,Natural,One Size,Cotton,Best,0.6844,1.02
SHT1292,Cove Glass Object,Bedding,Sheets,Sheets,Maison Reserve,V005,63.23,161.84,161.84,0.6093,2023-10-22,Core,Active,Organic,Sage,One Size,Oak,Best,0.8567,1.02
SHT1293,Vale Wool Series,Bedding,Sheets,Sheets,Maison Reserve,V015,65.53,145.9,145.9,0.5509,2023-06-12,Core,Active,Classic,Espresso,One Size,Wool,Best,0.6926,1.02
SHT1294,Cove Stone Series,Bedding,Sheets,Sheets,Atelier Edit,V019,35.0,88.62,88.62,0.605,2023-07-14,Core,Active,Artisan,Terracotta,One Size,Linen,Best,0.8696,1.02
SHT1295,Noir Brass Studio,Bedding,Sheets,Sheets,Foundry Home,V010,67.84,143.12,143.12,0.526,2023-08-04,Core,Active,Modern,Sand,One Size,Cotton,Best,1.3891,1.02
SHT1296,Marlow Cotton Line,Bedding,Sheets,Sheets,Maison Reserve,V013,63.57,151.79,151.79,0.5812,2023-09-11,Core,Active,Minimal,Espresso,Small,Brass,Best,0.7555,1.02
SHT1297,Aster Brass Collection,Bedding,Sheets,Sheets,Atelier Edit,V002,70.21,186.92,186.92,0.6244,2023-12-21,Core,Seasonal,Classic,Espresso,Medium,Wool,Best,0.7974,1.02
SHT1298,Ridge Wool Collection,Bedding,Sheets,Sheets,Foundry Home,V009,70.75,165.65,165.65,0.5729,2024-10-16,Core,Active,Classic,Oat,Large,Oak,Best,1.0814,1.02
SHT1299,Vale Marble Series,Bedding,Sheets,Sheets,Atelier Edit,V016,23.35,55.24,55.24,0.5773,2024-08-14,Core,Active,Classic,Oat,Small,Linen,Better,0.9282,1.02
SHT1300,Noir Glass Atelier,Bedding,Sheets,Sheets,Northstar Collection,V002,25.98,58.48,58.48,0.5558,2023-06-06,Core,Seasonal,Modern,Sage,Medium,Wool,Better,1.0905,1.02
SHT1301,Harbour Brass Line,Bedding,Sheets,Sheets,Northstar Collection,V008,20.82,49.03,49.03,0.5753,2024-12-18,Core,Active,Classic,Champagne,Medium,Cotton,Better,1.1797,1.02
SHT1302,Marlow Oak Collection,Bedding,Sheets,Sheets,Northstar Collection,V019,28.66,73.85,73.85,0.6119,2024-01-18,Core,Active,Modern,Ivory,Large,Marble,Best,0.8878,1.02
SHT1303,Mira Stone Form,Bedding,Sheets,Sheets,Foundry Home,V004,60.45,109.31,109.31,0.447,2024-05-07,Core,Active,Artisan,Espresso,Large,Rattan,Best,0.5181,1.02
SHT1304,Mira Ceramic Series,Bedding,Sheets,Sheets,Atelier Edit,V012,28.69,63.39,63.39,0.5475,2024-11-03,Core,Active,Classic,Espresso,Medium,Ceramic,Better,0.7051,1.02
SHT1305,Avery Brass Line,Bedding,Sheets,Sheets,Northstar Collection,V016,53.09,106.64,106.64,0.5021,2023-10-24,Core,Active,Classic,Sand,One Size,Brass,Best,1.4116,1.02
SHT1306,Cove Glass Vessel,Bedding,Sheets,Sheets,Northstar Collection,V005,28.42,61.3,61.3,0.5363,2023-12-12,Core,Active,Artisan,Natural,One Size,Cotton,Better,0.572,1.02
SHT1307,Aster Rattan Studio,Bedding,Sheets,Sheets,Northstar Collection,V014,49.87,112.5,112.5,0.5567,2023-07-06,Core,Active,Modern,Espresso,Medium,Ceramic,Best,1.6074,1.02
SHT1308,Harbour Stone Collection,Bedding,Sheets,Sheets,Maison Reserve,V019,63.4,150.74,150.74,0.5794,2023-11-13,Core,Active,Artisan,Slate,Small,Wool,Best,1.155,1.02
SHT1309,Ridge Brass Collection,Bedding,Sheets,Sheets,Maison Reserve,V005,33.12,79.0,79.0,0.5807,2023-10-25,Core,Active,Organic,Slate,One Size,Marble,Best,1.2044,1.02
SHT1310,Vale Wool Edit,Bedding,Sheets,Sheets,Atelier Edit,V015,86.39,172.07,172.07,0.4979,2025-01-01,Core,Seasonal,Minimal,Charcoal,One Size,Cotton,Best,1.2945,1.02
SHT1311,Mira Marble Line,Bedding,Sheets,Sheets,Atelier Edit,V018,50.56,115.81,115.81,0.5634,2024-03-11,Core,Active,Modern,Ivory,Large,Wool,Best,0.5529,1.02
SHT1312,Harbour Rattan Vessel,Bedding,Sheets,Sheets,Foundry Home,V006,71.02,160.71,160.71,0.5581,2024-06-14,Core,Active,Artisan,Oat,Large,Rattan,Best,1.3152,1.02
SHT1313,Vale Wool Atelier,Bedding,Sheets,Sheets,Northstar Collection,V014,38.08,87.43,87.43,0.5645,2024-06-07,Core,Active,Artisan,Natural,Large,Stone,Best,0.9138,1.02
SHT1314,Marlow Glass Studio,Bedding,Sheets,Sheets,Foundry Home,V003,27.73,71.99,71.99,0.6148,2024-05-11,Core,Active,Artisan,Slate,Large,Wool,Best,0.6692,1.02
SHT1315,Avery Wool Edit,Bedding,Sheets,Sheets,Maison Reserve,V009,25.64,51.4,51.4,0.5012,2024-01-15,Core,Active,Modern,Oat,Small,Linen,Better,1.7138,1.02
SHT1316,Aster Cotton Atelier,Bedding,Sheets,Sheets,Northstar Collection,V013,59.14,118.76,118.76,0.502,2023-08-17,Core,Active,Classic,Sage,Medium,Rattan,Best,0.8521,1.02
SHT1317,Avery Cotton Atelier,Bedding,Sheets,Sheets,Foundry Home,V020,23.48,47.75,47.75,0.5082,2024-10-13,Core,Seasonal,Organic,Terracotta,Large,Rattan,Better,1.3871,1.02
SHT1318,Sable Marble Edit,Bedding,Sheets,Sheets,Northstar Collection,V007,23.36,54.21,54.21,0.569,2024-02-07,Core,Active,Minimal,Champagne,Medium,Ceramic,Better,0.9105,1.02
SHT1319,Noir Rattan House,Bedding,Sheets,Sheets,Maison Reserve,V014,62.65,161.3,161.3,0.6116,2024-01-27,Core,Active,Minimal,Sand,Small,Cotton,Best,1.2285,1.02
SHT1320,Avery Brass Form,Bedding,Sheets,Sheets,Foundry Home,V005,73.33,176.15,123.3,0.5837,2023-12-14,Core,Exit,Organic,Sand,Medium,Rattan,Best,0.751,1.02
SHT1321,Marlow Wool Series,Bedding,Sheets,Sheets,Maison Reserve,V012,68.88,147.23,147.23,0.5322,2023-08-28,Core,Active,Classic,Champagne,One Size,Glass,Best,1.0733,1.02
SHT1322,Noir Marble Vessel,Bedding,Sheets,Sheets,Northstar Collection,V018,24.76,54.41,54.41,0.545,2023-10-11,Core,Active,Minimal,Slate,One Size,Ceramic,Better,0.8763,1.02
SHT1323,Avery Oak Form,Bedding,Sheets,Sheets,Maison Reserve,V002,62.3,147.06,147.06,0.5764,2024-01-09,Core,Active,Artisan,Sand,Medium,Ceramic,Best,1.3203,1.02
SHT1324,Ridge Marble Vessel,Bedding,Sheets,Sheets,Atelier Edit,V011,39.59,88.14,88.14,0.5508,2023-10-19,Core,Active,Minimal,Espresso,Large,Glass,Best,0.9716,1.02
SHT1325,Avery Glass Series,Bedding,Sheets,Sheets,Atelier Edit,V019,93.25,187.47,187.47,0.5026,2023-12-10,Core,Active,Artisan,Sage,Large,Linen,Best,1.9442,1.02
SHT1326,Noir Oak Edit,Bedding,Sheets,Sheets,Northstar Collection,V003,68.32,153.16,153.16,0.5539,2024-04-03,Core,Active,Organic,Sage,Medium,Linen,Best,0.5462,1.02
SHT1327,Avery Stone Series,Bedding,Sheets,Sheets,Foundry Home,V012,79.67,176.76,176.76,0.5493,2023-08-27,Core,Seasonal,Minimal,Sand,One Size,Linen,Best,0.6661,1.02
SHT1328,Marlow Wool Studio,Bedding,Sheets,Sheets,Foundry Home,V018,73.6,151.56,151.56,0.5144,2024-09-19,Core,Active,Modern,Ivory,Large,Linen,Best,0.5383,1.02
SHT1329,Harbour Cotton Object,Bedding,Sheets,Sheets,Atelier Edit,V006,42.33,102.67,102.67,0.5877,2024-09-02,Core,Active,Classic,Champagne,Medium,Wool,Best,0.9303,1.02
SHT1330,Cove Oak Studio,Bedding,Sheets,Sheets,Maison Reserve,V012,55.04,119.22,119.22,0.5383,2024-05-07,Core,Active,Classic,Natural,Small,Rattan,Best,1.1432,1.02
PIL1331,Luna Rattan Studio,Bedding,Pillows,Pillows,Maison Reserve,V002,50.32,96.11,96.11,0.4765,2025-01-10,Core,Active,Artisan,Ivory,Medium,Oak,Best,1.1385,0.96
PIL1332,Cove Brass Object,Bedding,Pillows,Pillows,Maison Reserve,V006,48.24,95.87,95.87,0.4968,2024-05-01,Core,Active,Minimal,Champagne,Large,Brass,Best,1.837,0.96
PIL1333,Arc Cotton Atelier,Bedding,Pillows,Pillows,Maison Reserve,V014,47.4,109.93,109.93,0.5688,2024-12-21,Core,Active,Artisan,Espresso,Medium,Stone,Best,0.8489,0.96
PIL1334,Noir Marble Edit,Bedding,Pillows,Pillows,Maison Reserve,V002,50.83,110.27,110.27,0.539,2023-10-17,Core,Active,Modern,Champagne,Large,Glass,Best,1.4938,0.96
PIL1335,Ridge Wool Series,Bedding,Pillows,Pillows,Atelier Edit,V008,52.43,106.58,106.58,0.5081,2024-07-22,Core,Active,Modern,Oat,Large,Oak,Best,0.3384,0.96
PIL1336,Luna Brass Series,Bedding,Pillows,Pillows,Northstar Collection,V015,25.32,49.06,49.06,0.4838,2024-09-03,Core,Active,Classic,Espresso,Small,Linen,Better,2.2642,0.96
PIL1337,Ridge Linen Edit,Bedding,Pillows,Pillows,Atelier Edit,V003,25.86,56.51,56.51,0.5424,2024-05-24,Core,Active,Modern,Sand,Large,Stone,Better,1.5367,0.96
PIL1338,Ridge Cotton Collection,Bedding,Pillows,Pillows,Atelier Edit,V009,41.21,90.08,90.08,0.5425,2024-11-11,Core,Active,Modern,Espresso,Small,Linen,Best,1.0247,0.96
PIL1339,Marlow Ceramic Studio,Bedding,Pillows,Pillows,Northstar Collection,V016,34.2,89.47,89.47,0.6177,2024-09-27,Core,Active,Artisan,Espresso,Medium,Glass,Best,1.0847,0.96
PIL1340,Arc Stone Edit,Bedding,Pillows,Pillows,Atelier Edit,V004,34.09,77.87,77.87,0.5622,2023-12-07,Core,Active,Artisan,Sage,Small,Stone,Best,0.8397,0.96
PIL1341,Luna Marble Vessel,Bedding,Pillows,Pillows,Foundry Home,V010,54.14,103.86,103.86,0.4787,2024-10-07,Core,Active,Minimal,Natural,Medium,Wool,Best,0.4592,0.96
PIL1342,Sable Rattan Series,Bedding,Pillows,Pillows,Foundry Home,V019,40.31,77.81,77.81,0.4819,2024-05-19,Core,Active,Organic,Sand,Medium,Wool,Best,0.4971,0.96
PIL1343,Harbour Linen Studio,Bedding,Pillows,Pillows,Northstar Collection,V003,36.61,89.96,89.96,0.5931,2024-03-26,Core,Active,Organic,Slate,One Size,Stone,Best,1.438,0.96
PIL1344,Marlow Brass Edit,Bedding,Pillows,Pillows,Maison Reserve,V013,45.55,107.73,107.73,0.5772,2024-09-10,Core,Active,Minimal,Sand,Small,Glass,Best,0.57,0.96
PIL1345,Noir Linen Edit,Bedding,Pillows,Pillows,Northstar Collection,V018,25.18,59.13,59.13,0.5742,2024-06-15,Core,Active,Modern,Ivory,One Size,Glass,Better,1.1399,0.96
PIL1346,Harbour Ceramic Collection,Bedding,Pillows,Pillows,Maison Reserve,V004,28.42,58.78,58.78,0.5164,2024-02-02,Core,Seasonal,Organic,Espresso,One Size,Wool,Better,1.0145,0.96
PIL1347,Sable Brass Collection,Bedding,Pillows,Pillows,Maison Reserve,V013,38.86,92.32,92.32,0.5791,2023-06-08,Core,Active,Artisan,Espresso,Small,Wool,Best,1.7601,0.96
PIL1348,Marlow Oak Studio,Bedding,Pillows,Pillows,Atelier Edit,V017,28.86,59.61,59.61,0.5158,2024-08-03,Core,Active,Organic,Ivory,Medium,Glass,Better,0.8492,0.96
PIL1349,Luna Stone Atelier,Bedding,Pillows,Pillows,Northstar Collection,V008,19.62,41.87,41.87,0.5314,2024-07-19,Core,Active,Artisan,Charcoal,Medium,Linen,Better,1.0063,0.96
PIL1350,Avery Oak Atelier,Bedding,Pillows,Pillows,Northstar Collection,V015,29.26,65.96,65.96,0.5564,2023-10-24,Core,Active,Organic,Charcoal,Small,Oak,Better,0.8257,0.96
PIL1351,Ridge Linen Atelier,Bedding,Pillows,Pillows,Atelier Edit,V020,43.87,102.28,102.28,0.571,2024-05-28,Core,Active,Minimal,Terracotta,Small,Ceramic,Best,0.9126,0.96
PIL1352,Harbour Rattan Edit,Bedding,Pillows,Pillows,Northstar Collection,V008,28.05,51.93,51.93,0.4599,2024-02-07,Core,Seasonal,Artisan,Slate,Small,Stone,Better,1.5632,0.96
PIL1353,Marlow Wool Studio,Bedding,Pillows,Pillows,Maison Reserve,V014,51.11,115.83,81.08,0.5588,2024-05-13,Core,Exit,Minimal,Oat,Large,Cotton,Best,1.3393,0.96
PIL1354,Sable Ceramic Form,Bedding,Pillows,Pillows,Foundry Home,V001,46.97,90.51,90.51,0.4811,2024-12-11,Core,Active,Minimal,Terracotta,Medium,Marble,Best,2.1214,0.96
PIL1355,Marlow Oak Line,Bedding,Pillows,Pillows,Foundry Home,V006,11.93,26.9,26.9,0.5564,2023-07-11,Core,Active,Artisan,Espresso,Small,Oak,Good,1.7747,0.96
PIL1356,Mira Glass Edit,Bedding,Pillows,Pillows,Northstar Collection,V016,41.58,98.25,98.25,0.5768,2024-02-02,Core,Active,Modern,Slate,One Size,Rattan,Best,1.0252,0.96
PIL1357,Aster Linen Object,Bedding,Pillows,Pillows,Foundry Home,V020,33.61,61.58,61.58,0.4543,2024-10-14,Core,Active,Artisan,Natural,One Size,Oak,Better,1.0165,0.96
PIL1358,Aster Brass House,Bedding,Pillows,Pillows,Northstar Collection,V009,26.68,56.74,39.72,0.5298,2024-12-17,Core,Exit,Classic,Slate,Large,Marble,Better,1.4057,0.96
PIL1359,Arc Oak House,Bedding,Pillows,Pillows,Northstar Collection,V017,10.44,23.38,23.38,0.5536,2024-04-08,Core,Active,Artisan,Terracotta,Small,Wool,Good,0.7641,0.96
PIL1360,Arc Cotton Studio,Bedding,Pillows,Pillows,Foundry Home,V002,30.0,67.96,67.96,0.5586,2024-02-19,Core,Active,Artisan,Champagne,Small,Glass,Better,1.3062,0.96
PIL1361,Mira Glass Vessel,Bedding,Pillows,Pillows,Northstar Collection,V012,38.88,73.03,73.03,0.4677,2023-12-08,Core,Seasonal,Minimal,Slate,Small,Stone,Best,0.7582,0.96
PIL1362,Harbour Linen Collection,Bedding,Pillows,Pillows,Foundry Home,V018,31.66,68.43,68.43,0.5373,2023-09-17,Core,Active,Artisan,Terracotta,Medium,Ceramic,Better,1.9244,0.96
PIL1363,Noir Stone House,Bedding,Pillows,Pillows,Atelier Edit,V006,24.08,57.09,57.09,0.5782,2024-05-10,Core,Active,Minimal,Natural,One Size,Stone,Better,1.084,0.96
PIL1364,Sable Marble House,Bedding,Pillows,Pillows,Atelier Edit,V010,34.29,82.06,82.06,0.5822,2023-11-14,Core,Active,Classic,Natural,One Size,Wool,Best,0.5165,0.96
PIL1365,Mira Stone Edit,Bedding,Pillows,Pillows,Foundry Home,V018,40.76,87.12,87.12,0.5322,2023-06-18,Core,Active,Organic,Charcoal,Medium,Linen,Best,1.3561,0.96
PIL1366,Cove Stone House,Bedding,Pillows,Pillows,Maison Reserve,V003,21.63,49.93,49.93,0.5667,2023-11-03,Core,Seasonal,Artisan,Ivory,One Size,Stone,Better,1.2056,0.96
PIL1367,Ridge Marble Collection,Bedding,Pillows,Pillows,Atelier Edit,V013,44.48,96.17,96.17,0.5375,2023-10-29,Core,Active,Modern,Slate,Small,Ceramic,Best,0.813,0.96
PIL1368,Harbour Wool Vessel,Bedding,Pillows,Pillows,Northstar Collection,V018,19.85,42.05,42.05,0.5279,2024-12-05,Core,Active,Classic,Terracotta,One Size,Brass,Better,1.3916,0.96
PIL1369,Arc Oak Form,Bedding,Pillows,Pillows,Foundry Home,V004,19.84,46.3,46.3,0.5716,2023-10-03,Core,Active,Minimal,Sand,Medium,Stone,Better,1.8189,0.96
PIL1370,Arc Linen Series,Bedding,Pillows,Pillows,Maison Reserve,V014,45.17,104.45,104.45,0.5675,2024-02-09,Core,Active,Classic,Slate,Large,Marble,Best,0.604,0.96
PIL1371,Cove Cotton Studio,Bedding,Pillows,Pillows,Foundry Home,V018,35.87,70.28,70.28,0.4897,2023-08-14,Core,Seasonal,Artisan,Charcoal,Small,Ceramic,Best,1.6638,0.96
PIL1372,Vale Ceramic Edit,Bedding,Pillows,Pillows,Maison Reserve,V006,17.01,40.81,40.81,0.5832,2023-09-29,Core,Active,Classic,Charcoal,Large,Oak,Better,2.0187,0.96
PIL1373,Sable Linen Series,Bedding,Pillows,Pillows,Maison Reserve,V015,39.98,92.64,92.64,0.5684,2023-06-09,Core,Active,Minimal,Charcoal,Medium,Glass,Best,2.2524,0.96
PIL1374,Arc Stone Object,Bedding,Pillows,Pillows,Foundry Home,V002,24.19,59.04,59.04,0.5902,2024-05-20,Core,Active,Modern,Slate,One Size,Stone,Better,0.5067,0.96
PIL1375,Marlow Wool Atelier,Bedding,Pillows,Pillows,Northstar Collection,V010,22.87,57.48,57.48,0.6021,2024-12-03,Core,Active,Modern,Sage,Small,Marble,Better,2.0583,0.96
PIL1376,Avery Rattan Line,Bedding,Pillows,Pillows,Maison Reserve,V015,17.59,49.11,49.11,0.6418,2024-02-03,Core,Active,Minimal,Charcoal,Small,Linen,Better,1.319,0.96
PIL1377,Arc Brass Vessel,Bedding,Pillows,Pillows,Foundry Home,V003,10.34,25.92,25.92,0.6012,2024-07-17,Core,Active,Minimal,Espresso,Large,Marble,Good,1.4814,0.96
PIL1378,Cove Marble Vessel,Bedding,Pillows,Pillows,Maison Reserve,V008,39.3,78.26,78.26,0.4979,2024-12-08,Core,Seasonal,Artisan,Natural,Small,Marble,Best,0.6522,0.96
PIL1379,Vale Wool Line,Bedding,Pillows,Pillows,Foundry Home,V015,27.32,61.89,61.89,0.5585,2023-12-22,Core,Active,Organic,Charcoal,Small,Brass,Better,0.7306,0.96
PIL1380,Aster Brass Atelier,Bedding,Pillows,Pillows,Atelier Edit,V001,12.69,31.98,31.98,0.6033,2023-06-22,Core,Active,Artisan,Slate,Medium,Marble,Good,0.8259,0.96
PIL1381,Mira Marble House,Bedding,Pillows,Pillows,Foundry Home,V010,29.63,57.44,57.44,0.4841,2025-01-12,Core,Active,Artisan,Charcoal,Medium,Oak,Better,0.6148,0.96
PIL1382,Marlow Ceramic Studio,Bedding,Pillows,Pillows,Atelier Edit,V017,35.0,92.65,92.65,0.6222,2023-10-19,Core,Active,Artisan,Sage,Medium,Brass,Best,0.7561,0.96
PIL1383,Vale Wool Atelier,Bedding,Pillows,Pillows,Foundry Home,V003,9.37,22.17,22.17,0.5773,2024-08-07,Core,Active,Organic,Champagne,Medium,Ceramic,Good,0.9643,0.96
PIL1384,Noir Oak Atelier,Bedding,Pillows,Pillows,Northstar Collection,V009,12.14,25.41,25.41,0.5222,2024-06-22,Core,Active,Artisan,Espresso,Small,Rattan,Good,1.2136,0.96
PIL1385,Sable Stone Studio,Bedding,Pillows,Pillows,Northstar Collection,V020,11.74,23.77,23.77,0.5063,2024-09-19,Core,Active,Artisan,Ivory,Small,Linen,Good,1.2354,0.96
PIL1386,Aster Brass Series,Bedding,Pillows,Pillows,Atelier Edit,V004,21.71,41.88,41.88,0.4816,2024-06-13,Core,Active,Classic,Charcoal,Large,Marble,Better,1.8683,0.96
PIL1387,Noir Stone House,Bedding,Pillows,Pillows,Atelier Edit,V012,23.2,56.57,56.57,0.5899,2023-05-24,Core,Active,Artisan,Champagne,Medium,Stone,Better,1.3529,0.96
PIL1388,Ridge Linen Object,Bedding,Pillows,Pillows,Atelier Edit,V001,44.68,105.14,105.14,0.575,2023-06-04,Core,Active,Modern,Champagne,Large,Linen,Best,1.3989,0.96
PIL1389,Avery Linen Object,Bedding,Pillows,Pillows,Maison Reserve,V008,51.44,108.33,108.33,0.5252,2024-04-22,Core,Active,Organic,Sand,One Size,Linen,Best,1.0618,0.96
PIL1390,Noir Stone Edit,Bedding,Pillows,Pillows,Maison Reserve,V013,48.21,102.78,102.78,0.5309,2024-10-07,Core,Seasonal,Artisan,Espresso,Small,Wool,Best,0.8858,0.96
PIL1391,Luna Linen Series,Bedding,Pillows,Pillows,Northstar Collection,V018,20.19,43.03,43.03,0.5307,2023-12-23,Core,Seasonal,Classic,Sage,Large,Linen,Better,1.5088,0.96
PIL1392,Mira Rattan Series,Bedding,Pillows,Pillows,Northstar Collection,V008,44.36,94.13,94.13,0.5287,2024-06-06,Core,Active,Artisan,Slate,Large,Brass,Best,1.0868,0.96
PIL1393,Cove Glass Vessel,Bedding,Pillows,Pillows,Maison Reserve,V013,43.86,87.97,87.97,0.5014,2024-05-19,Core,Active,Classic,Champagne,Large,Marble,Best,0.8901,0.96
PIL1394,Aster Rattan Studio,Bedding,Pillows,Pillows,Maison Reserve,V020,18.18,37.3,37.3,0.5125,2024-12-14,Core,Active,Classic,Espresso,Small,Stone,Good,0.8004,0.96
PIL1395,Noir Ceramic Line,Bedding,Pillows,Pillows,Foundry Home,V009,40.95,94.9,94.9,0.5685,2024-07-19,Core,Active,Artisan,Slate,One Size,Linen,Best,1.0752,0.96
PIL1396,Luna Cotton Line,Bedding,Pillows,Pillows,Northstar Collection,V015,33.56,67.93,67.93,0.506,2024-02-08,Core,Active,Modern,Sage,One Size,Ceramic,Better,0.8972,0.96
PIL1397,Marlow Rattan Edit,Bedding,Pillows,Pillows,Northstar Collection,V001,14.56,31.62,31.62,0.5396,2023-05-27,Core,Active,Organic,Espresso,Large,Stone,Good,2.6225,0.96
PIL1398,Aster Oak Collection,Bedding,Pillows,Pillows,Maison Reserve,V011,42.5,82.03,82.03,0.482,2023-11-19,Core,Active,Modern,Espresso,Medium,Wool,Best,1.9503,0.96
PIL1399,Aster Cotton Atelier,Bedding,Pillows,Pillows,Atelier Edit,V014,10.76,22.69,22.69,0.5259,2024-04-10,Core,Active,Classic,Slate,Medium,Linen,Good,1.2913,0.96
PIL1400,Mira Brass Line,Bedding,Pillows,Pillows,Northstar Collection,V004,36.05,84.48,84.48,0.5733,2024-02-20,Core,Active,Minimal,Slate,Large,Stone,Best,0.9364,0.96
PIL1401,Mira Oak Object,Bedding,Pillows,Pillows,Foundry Home,V009,25.83,59.21,41.45,0.5638,2024-12-24,Core,Exit,Classic,Sand,One Size,Linen,Better,1.3025,0.96
PIL1402,Harbour Oak Line,Bedding,Pillows,Pillows,Foundry Home,V015,36.21,76.47,76.47,0.5265,2023-11-17,Core,Active,Classic,Charcoal,Small,Marble,Best,1.177,0.96
PIL1403,Luna Marble Vessel,Bedding,Pillows,Pillows,Atelier Edit,V005,13.85,36.47,36.47,0.6202,2024-11-10,Core,Active,Organic,Ivory,Small,Ceramic,Good,1.0772,0.96
PIL1404,Aster Oak Collection,Bedding,Pillows,Pillows,Atelier Edit,V013,51.76,105.64,105.64,0.51,2023-10-25,Core,Active,Classic,Champagne,Small,Ceramic,Best,1.2169,0.96
PIL1405,Luna Stone Collection,Bedding,Pillows,Pillows,Northstar Collection,V016,21.27,50.62,50.62,0.5799,2023-10-25,Core,Active,Modern,Terracotta,Medium,Oak,Better,1.0196,0.96
PIL1406,Arc Linen Series,Bedding,Pillows,Pillows,Maison Reserve,V007,27.59,68.23,68.23,0.5956,2023-08-26,Core,Active,Minimal,Terracotta,Large,Glass,Better,0.6428,0.96
PIL1407,Mira Cotton Collection,Bedding,Pillows,Pillows,Atelier Edit,V013,12.86,35.16,35.16,0.6342,2023-06-27,Core,Active,Minimal,Champagne,Medium,Rattan,Good,1.3801,0.96
PIL1408,Cove Oak Series,Bedding,Pillows,Pillows,Atelier Edit,V020,44.52,103.9,103.9,0.5715,2024-09-26,Core,Active,Modern,Oat,Medium,Rattan,Best,1.2914,0.96
PIL1409,Mira Glass Atelier,Bedding,Pillows,Pillows,Maison Reserve,V006,43.32,102.37,102.37,0.5768,2023-11-26,Core,Seasonal,Modern,Sand,Small,Glass,Best,1.769,0.96
PIL1410,Cove Rattan Studio,Bedding,Pillows,Pillows,Northstar Collection,V013,17.92,42.53,42.53,0.5786,2024-07-06,Core,Active,Minimal,Champagne,Medium,Rattan,Better,0.8,0.96
TOW1411,Aster Linen Collection,Bath,Towels,Towels,Atelier Edit,V020,27.27,58.08,58.08,0.5306,2023-09-24,Core,Active,Minimal,Ivory,Medium,Stone,Better,0.9652,0.92
TOW1412,Luna Cotton Vessel,Bath,Towels,Towels,Atelier Edit,V008,21.26,52.07,52.07,0.5917,2023-11-30,Core,Active,Classic,Natural,Medium,Ceramic,Better,2.8593,0.92
TOW1413,Avery Brass Vessel,Bath,Towels,Towels,Foundry Home,V013,6.42,13.48,13.48,0.5237,2024-09-30,Core,Active,Classic,Terracotta,Small,Stone,Entry,0.6499,0.92
TOW1414,Mira Marble Atelier,Bath,Towels,Towels,Northstar Collection,V003,33.53,69.52,69.52,0.5176,2024-08-16,Core,Active,Minimal,Champagne,One Size,Rattan,Better,0.5903,0.92
TOW1415,Aster Marble Series,Bath,Towels,Towels,Foundry Home,V007,31.33,78.39,78.39,0.6003,2024-12-04,Core,Active,Minimal,Charcoal,Medium,Ceramic,Best,2.8021,0.92
TOW1416,Cove Cotton Form,Bath,Towels,Towels,Maison Reserve,V015,25.09,53.99,53.99,0.5353,2024-01-22,Core,Active,Organic,Espresso,Medium,Linen,Better,1.4342,0.92
TOW1417,Mira Cotton Vessel,Bath,Towels,Towels,Foundry Home,V003,12.46,28.77,28.77,0.567,2023-12-10,Core,Active,Modern,Champagne,Small,Oak,Good,1.5916,0.92
TOW1418,Arc Marble Form,Bath,Towels,Towels,Maison Reserve,V009,32.57,74.09,74.09,0.5603,2024-09-17,Core,Active,Minimal,Slate,Large,Linen,Best,1.0299,0.92
TOW1419,Ridge Ceramic Vessel,Bath,Towels,Towels,Foundry Home,V017,28.94,71.21,71.21,0.5936,2024-12-06,Core,Active,Modern,Oat,One Size,Stone,Best,1.0123,0.92
TOW1420,Mira Ceramic House,Bath,Towels,Towels,Foundry Home,V002,35.14,70.81,70.81,0.5037,2025-01-01,Core,Seasonal,Minimal,Slate,Medium,Cotton,Best,0.6155,0.92
TOW1421,Avery Stone Series,Bath,Towels,Towels,Northstar Collection,V009,28.41,67.27,47.09,0.5777,2025-01-05,Core,Exit,Classic,Slate,Small,Rattan,Better,0.9833,0.92
TOW1422,Noir Ceramic Studio,Bath,Towels,Towels,Foundry Home,V018,28.83,68.08,68.08,0.5766,2024-03-08,Core,Active,Classic,Ivory,Small,Cotton,Better,0.7867,0.92
TOW1423,Avery Linen Vessel,Bath,Towels,Towels,Atelier Edit,V004,26.09,55.01,55.01,0.5258,2023-06-19,Core,Active,Artisan,Natural,Small,Cotton,Better,0.8164,0.92
TOW1424,Cove Marble Series,Bath,Towels,Towels,Atelier Edit,V010,6.96,14.77,14.77,0.5285,2024-08-02,Core,Seasonal,Artisan,Sage,One Size,Oak,Entry,1.0643,0.92
TOW1425,Cove Wool Line,Bath,Towels,Towels,Atelier Edit,V020,29.67,65.69,65.69,0.5484,2023-09-04,Core,Active,Minimal,Sage,Small,Wool,Better,1.2165,0.92
TOW1426,Sable Marble Object,Bath,Towels,Towels,Atelier Edit,V007,22.66,43.45,43.45,0.4784,2024-09-12,Core,Active,Minimal,Charcoal,One Size,Marble,Better,1.4272,0.92
TOW1427,Sable Wool House,Bath,Towels,Towels,Foundry Home,V012,32.14,64.91,64.91,0.5048,2024-11-08,Core,Active,Artisan,Espresso,Large,Glass,Better,1.8017,0.92
TOW1428,Vale Rattan Edit,Bath,Towels,Towels,Maison Reserve,V017,6.02,14.25,14.25,0.5772,2023-10-09,Core,Active,Artisan,Charcoal,Medium,Rattan,Entry,1.2316,0.92
TOW1429,Luna Stone House,Bath,Towels,Towels,Foundry Home,V006,13.02,28.94,28.94,0.55,2023-09-05,Core,Active,Classic,Charcoal,Large,Wool,Good,1.4035,0.92
TOW1430,Luna Oak Collection,Bath,Towels,Towels,Foundry Home,V015,30.35,57.33,57.33,0.4706,2023-07-27,Core,Active,Artisan,Terracotta,One Size,Cotton,Better,0.7557,0.92
TOW1431,Noir Linen Edit,Bath,Towels,Towels,Northstar Collection,V019,10.28,23.03,23.03,0.5536,2024-02-27,Core,Active,Minimal,Natural,Medium,Wool,Good,1.5033,0.92
TOW1432,Sable Rattan Series,Bath,Towels,Towels,Maison Reserve,V005,30.83,69.59,69.59,0.557,2024-09-14,Core,Active,Minimal,Ivory,Small,Cotton,Better,1.238,0.92
TOW1433,Luna Cotton Object,Bath,Towels,Towels,Atelier Edit,V013,10.71,21.8,21.8,0.5089,2024-06-20,Core,Active,Minimal,Ivory,One Size,Wool,Good,1.9344,0.92
TOW1434,Luna Cotton Atelier,Bath,Towels,Towels,Maison Reserve,V019,6.49,12.85,12.85,0.4946,2024-08-26,Core,Active,Organic,Charcoal,Medium,Brass,Entry,1.3555,0.92
TOW1435,Avery Rattan Vessel,Bath,Towels,Towels,Foundry Home,V008,9.38,17.43,17.43,0.4621,2023-07-06,Core,Active,Minimal,Champagne,Medium,Marble,Entry,1.3012,0.92
TOW1436,Sable Stone Line,Bath,Towels,Towels,Northstar Collection,V013,32.63,67.9,67.9,0.5194,2024-01-01,Core,Active,Classic,Natural,Medium,Linen,Better,1.8684,0.92
TOW1437,Noir Glass Atelier,Bath,Towels,Towels,Atelier Edit,V020,15.71,34.54,34.54,0.5452,2024-03-28,Core,Active,Organic,Oat,Medium,Glass,Good,1.1855,0.92
TOW1438,Harbour Ceramic Series,Bath,Towels,Towels,Northstar Collection,V009,29.3,74.18,74.18,0.6051,2023-10-08,Core,Active,Minimal,Champagne,Small,Rattan,Best,2.3134,0.92
TOW1439,Luna Rattan Series,Bath,Towels,Towels,Northstar Collection,V017,14.21,29.81,29.81,0.5233,2023-11-06,Core,Active,Organic,Sage,Medium,Stone,Good,0.9542,0.92
TOW1440,Marlow Ceramic Line,Bath,Towels,Towels,Foundry Home,V001,37.21,70.43,70.43,0.4717,2024-02-14,Core,Active,Minimal,Sage,Medium,Wool,Best,0.8385,0.92
TOW1441,Ridge Cotton Object,Bath,Towels,Towels,Foundry Home,V011,25.37,52.29,52.29,0.5148,2023-05-24,Core,Active,Organic,Slate,Medium,Linen,Better,0.539,0.92
TOW1442,Mira Rattan House,Bath,Towels,Towels,Foundry Home,V018,16.25,34.09,34.09,0.5232,2023-09-04,Core,Active,Organic,Ivory,One Size,Stone,Good,0.9735,0.92
TOW1443,Harbour Wool Form,Bath,Towels,Towels,Atelier Edit,V004,11.32,28.73,28.73,0.606,2023-11-13,Core,Active,Modern,Sage,One Size,Marble,Good,0.6374,0.92
TOW1444,Cove Ceramic Studio,Bath,Towels,Towels,Northstar Collection,V012,12.22,24.66,24.66,0.5046,2024-10-20,Core,Active,Modern,Espresso,Small,Linen,Good,1.6155,0.92
TOW1445,Avery Glass Form,Bath,Towels,Towels,Northstar Collection,V018,5.72,13.64,13.64,0.5807,2023-07-03,Core,Seasonal,Classic,Ivory,Medium,Linen,Entry,1.6254,0.92
TOW1446,Luna Linen House,Bath,Towels,Towels,Northstar Collection,V004,16.47,39.0,39.0,0.5778,2023-07-13,Core,Active,Minimal,Natural,Large,Stone,Good,0.8155,0.92
TOW1447,Mira Ceramic Atelier,Bath,Towels,Towels,Foundry Home,V012,18.16,31.38,31.38,0.4214,2024-07-03,Core,Active,Classic,Charcoal,One Size,Glass,Good,0.717,0.92
TOW1448,Sable Stone Series,Bath,Towels,Towels,Maison Reserve,V020,6.36,12.4,12.4,0.4873,2024-11-14,Core,Active,Classic,Charcoal,Small,Rattan,Entry,1.7643,0.92
TOW1449,Vale Wool Edit,Bath,Towels,Towels,Atelier Edit,V004,13.47,34.62,34.62,0.611,2024-09-14,Core,Active,Classic,Champagne,Small,Stone,Good,0.9682,0.92
TOW1450,Ridge Cotton Edit,Bath,Towels,Towels,Foundry Home,V012,14.13,33.16,33.16,0.574,2024-12-28,Core,Active,Classic,Charcoal,Small,Linen,Good,1.4634,0.92
TOW1451,Sable Glass Object,Bath,Towels,Towels,Northstar Collection,V019,22.04,42.16,42.16,0.4773,2023-11-07,Core,Active,Classic,Terracotta,Small,Brass,Better,1.5211,0.92
TOW1452,Noir Cotton Collection,Bath,Towels,Towels,Northstar Collection,V009,14.11,32.89,32.89,0.571,2023-10-18,Core,Active,Minimal,Charcoal,Large,Brass,Good,1.7103,0.92
TOW1453,Aster Oak Studio,Bath,Towels,Towels,Foundry Home,V014,18.25,38.33,38.33,0.5239,2023-09-19,Core,Active,Organic,Sand,Small,Linen,Good,1.2885,0.92
TOW1454,Avery Linen Edit,Bath,Towels,Towels,Atelier Edit,V003,20.93,42.11,42.11,0.503,2023-10-04,Core,Active,Organic,Sand,Small,Oak,Better,1.2797,0.92
TOW1455,Avery Ceramic Object,Bath,Towels,Towels,Northstar Collection,V010,25.74,53.05,53.05,0.5149,2024-05-27,Core,Active,Artisan,Sand,Small,Marble,Better,1.7886,0.92
TOW1456,Aster Rattan Vessel,Bath,Towels,Towels,Foundry Home,V014,28.92,57.12,57.12,0.4936,2024-04-11,Core,Active,Classic,Oat,Small,Glass,Better,0.4197,0.92
TOW1457,Mira Oak Vessel,Bath,Towels,Towels,Northstar Collection,V001,20.01,43.29,43.29,0.5377,2023-12-22,Core,Active,Artisan,Sand,Medium,Glass,Better,1.125,0.92
TOW1458,Cove Wool Atelier,Bath,Towels,Towels,Foundry Home,V011,10.89,24.53,24.53,0.5561,2024-05-27,Core,Active,Minimal,Terracotta,Medium,Linen,Good,1.1578,0.92
TOW1459,Cove Oak Form,Bath,Towels,Towels,Maison Reserve,V014,32.4,68.66,68.66,0.5282,2024-02-08,Core,Active,Minimal,Sage,Small,Ceramic,Better,0.9277,0.92
TOW1460,Harbour Stone Studio,Bath,Towels,Towels,Atelier Edit,V003,38.38,73.79,73.79,0.4799,2024-02-06,Core,Active,Artisan,Charcoal,Medium,Glass,Best,0.771,0.92
TOW1461,Avery Brass Collection,Bath,Towels,Towels,Atelier Edit,V011,6.43,16.82,16.82,0.6177,2024-06-08,Core,Active,Minimal,Charcoal,Small,Brass,Entry,0.6362,0.92
TOW1462,Noir Wool Atelier,Bath,Towels,Towels,Foundry Home,V015,25.09,49.1,49.1,0.489,2025-01-11,Core,Active,Artisan,Sage,Large,Cotton,Better,1.1825,0.92
TOW1463,Cove Ceramic Form,Bath,Towels,Towels,Foundry Home,V006,27.94,53.35,53.35,0.4762,2024-12-29,Core,Active,Minimal,Oat,Small,Brass,Better,2.8731,0.92
TOW1464,Marlow Glass Form,Bath,Towels,Towels,Maison Reserve,V010,26.53,52.71,52.71,0.4967,2023-06-24,Core,Active,Artisan,Espresso,One Size,Oak,Better,1.246,0.92
TOW1465,Ridge Marble Atelier,Bath,Towels,Towels,Atelier Edit,V018,13.54,26.41,26.41,0.4874,2023-09-25,Core,Active,Minimal,Oat,Medium,Oak,Good,1.0186,0.92
TOW1466,Avery Stone Object,Bath,Towels,Towels,Foundry Home,V004,15.05,33.29,33.29,0.548,2024-08-28,Core,Active,Classic,Terracotta,Medium,Ceramic,Good,0.6085,0.92
TOW1467,Vale Stone Atelier,Bath,Towels,Towels,Maison Reserve,V013,26.96,53.91,53.91,0.4999,2024-12-30,Core,Active,Modern,Slate,Medium,Glass,Better,1.7769,0.92
TOW1468,Marlow Cotton Vessel,Bath,Towels,Towels,Foundry Home,V019,10.56,22.51,22.51,0.5311,2024-05-26,Core,Active,Organic,Espresso,Large,Linen,Good,1.9301,0.92
TOW1469,Vale Linen Object,Bath,Towels,Towels,Northstar Collection,V007,14.3,27.62,27.62,0.4821,2023-10-25,Core,Active,Artisan,Terracotta,Medium,Ceramic,Good,1.2179,0.92
TOW1470,Marlow Ceramic House,Bath,Towels,Towels,Atelier Edit,V015,33.25,70.61,49.43,0.5291,2024-07-06,Core,Exit,Classic,Oat,Large,Glass,Best,1.2226,0.92
TOW1471,Avery Rattan House,Bath,Towels,Towels,Maison Reserve,V020,15.99,40.03,40.03,0.6006,2023-07-16,Core,Active,Minimal,Slate,Small,Glass,Better,1.0236,0.92
TOW1472,Mira Stone Object,Bath,Towels,Towels,Foundry Home,V008,19.01,38.18,38.18,0.5021,2023-08-06,Core,Active,Organic,Espresso,Large,Marble,Good,1.4407,0.92
TOW1473,Luna Oak Edit,Bath,Towels,Towels,Maison Reserve,V016,18.15,40.76,40.76,0.5547,2024-07-14,Core,Active,Classic,Natural,Large,Rattan,Better,1.5365,0.92
TOW1474,Marlow Glass Vessel,Bath,Towels,Towels,Northstar Collection,V002,36.0,73.11,73.11,0.5076,2024-07-17,Core,Seasonal,Classic,Terracotta,Small,Oak,Best,1.0771,0.92
TOW1475,Mira Stone Object,Bath,Towels,Towels,Northstar Collection,V009,25.8,53.7,53.7,0.5195,2023-07-04,Core,Active,Organic,Natural,One Size,Ceramic,Better,1.0607,0.92
TOW1476,Avery Wool Edit,Bath,Towels,Towels,Maison Reserve,V017,5.99,14.0,14.0,0.5724,2024-08-10,Core,Active,Artisan,Charcoal,Large,Oak,Entry,1.7686,0.92
TOW1477,Luna Marble House,Bath,Towels,Towels,Northstar Collection,V001,28.0,71.56,71.56,0.6088,2024-06-24,Core,Active,Organic,Champagne,Medium,Ceramic,Best,0.9612,0.92
TOW1478,Arc Wool Line,Bath,Towels,Towels,Northstar Collection,V009,7.04,18.29,18.29,0.615,2023-11-21,Core,Active,Organic,Charcoal,Medium,Marble,Entry,1.8866,0.92
TOW1479,Noir Oak Collection,Bath,Towels,Towels,Atelier Edit,V015,14.81,27.49,27.49,0.4612,2024-04-03,Core,Active,Artisan,Charcoal,One Size,Rattan,Good,2.1304,0.92
TOW1480,Noir Oak Form,Bath,Towels,Towels,Northstar Collection,V005,10.69,24.44,24.44,0.5626,2023-09-01,Core,Active,Minimal,Champagne,Medium,Marble,Good,0.9584,0.92
TOW1481,Aster Glass Edit,Bath,Towels,Towels,Maison Reserve,V011,12.19,30.17,30.17,0.5959,2023-09-16,Core,Active,Organic,Slate,Small,Stone,Good,1.2548,0.92
TOW1482,Harbour Oak Line,Bath,Towels,Towels,Maison Reserve,V017,25.43,56.63,56.63,0.5509,2024-11-22,Core,Active,Organic,Espresso,Small,Glass,Better,1.1155,0.92
TOW1483,Luna Oak Edit,Bath,Towels,Towels,Atelier Edit,V006,30.99,67.97,67.97,0.544,2023-12-22,Core,Seasonal,Modern,Oat,Medium,Linen,Better,1.7852,0.92
TOW1484,Cove Brass Object,Bath,Towels,Towels,Maison Reserve,V012,31.2,64.62,64.62,0.5172,2025-01-11,Core,Seasonal,Organic,Espresso,Large,Rattan,Better,1.0092,0.92
TOW1485,Ridge Oak Series,Bath,Towels,Towels,Northstar Collection,V016,31.28,58.29,58.29,0.4633,2023-11-09,Core,Active,Artisan,Terracotta,Small,Marble,Better,0.5117,0.92
TOW1486,Noir Brass Atelier,Bath,Towels,Towels,Northstar Collection,V006,32.33,74.78,74.78,0.5677,2023-10-31,Core,Active,Classic,Champagne,Large,Brass,Best,2.4857,0.92
TOW1487,Luna Stone Studio,Bath,Towels,Towels,Atelier Edit,V013,21.69,45.81,45.81,0.5265,2023-07-24,Core,Active,Organic,Champagne,Large,Glass,Better,1.6549,0.92
TOW1488,Aster Oak Atelier,Bath,Towels,Towels,Maison Reserve,V020,11.94,25.83,25.83,0.5378,2023-12-06,Core,Active,Modern,Sand,Large,Marble,Good,1.3144,0.92
TOW1489,Arc Cotton Edit,Bath,Towels,Towels,Atelier Edit,V004,6.03,13.43,13.43,0.5513,2023-07-16,Core,Active,Modern,Oat,One Size,Linen,Entry,0.9149,0.92
TOW1490,Noir Linen Studio,Bath,Towels,Towels,Foundry Home,V011,13.84,30.43,30.43,0.5451,2024-11-15,Core,Active,Classic,Natural,Medium,Stone,Good,1.6236,0.92
TOW1491,Marlow Glass Studio,Bath,Towels,Towels,Atelier Edit,V020,8.28,16.94,16.94,0.5111,2023-08-28,Core,Active,Minimal,Ivory,Medium,Glass,Entry,0.505,0.92
TOW1492,Cove Cotton Atelier,Bath,Towels,Towels,Maison Reserve,V006,9.31,20.99,20.99,0.5564,2023-09-30,Core,Seasonal,Artisan,Oat,Small,Linen,Good,1.0867,0.92
TOW1493,Vale Cotton Object,Bath,Towels,Towels,Maison Reserve,V015,8.36,17.33,17.33,0.5176,2024-02-26,Core,Active,Modern,Slate,One Size,Ceramic,Entry,0.7689,0.92
TOW1494,Avery Marble Object,Bath,Towels,Towels,Foundry Home,V003,31.49,66.22,66.22,0.5244,2023-09-21,Core,Active,Minimal,Sage,Large,Ceramic,Better,0.88,0.92
TOW1495,Marlow Rattan House,Bath,Towels,Towels,Northstar Collection,V008,26.23,55.06,55.06,0.5236,2023-11-15,Core,Active,Modern,Natural,Small,Rattan,Better,1.0892,0.92
TOW1496,Harbour Rattan Form,Bath,Towels,Towels,Atelier Edit,V017,16.11,41.11,41.11,0.6082,2024-02-10,Core,Active,Organic,Charcoal,One Size,Glass,Better,1.3052,0.92
TOW1497,Vale Ceramic Line,Bath,Towels,Towels,Atelier Edit,V004,34.87,67.79,67.79,0.4857,2023-06-04,Core,Active,Organic,Sage,One Size,Ceramic,Better,1.6115,0.92
TOW1498,Harbour Glass Object,Bath,Towels,Towels,Atelier Edit,V008,26.61,53.67,53.67,0.5042,2024-12-09,Core,Active,Artisan,Ivory,One Size,Stone,Better,0.9525,0.92
TOW1499,Arc Oak Atelier,Bath,Towels,Towels,Foundry Home,V018,16.09,37.58,37.58,0.5718,2025-01-03,Core,Seasonal,Classic,Ivory,One Size,Marble,Good,1.1287,0.92
TOW1500,Avery Oak Studio,Bath,Towels,Towels,Northstar Collection,V001,22.88,54.87,54.87,0.5831,2024-02-14,Core,Active,Minimal,Espresso,Medium,Stone,Better,0.7728,0.92
BTH1501,Noir Rattan Atelier,Bath,Bath Accessories,Bath Accessories,Maison Reserve,V011,28.45,63.75,63.75,0.5537,2023-08-15,Core,Active,Artisan,Sand,Medium,Ceramic,Better,0.6483,1.0
BTH1502,Avery Glass Edit,Bath,Bath Accessories,Bath Accessories,Foundry Home,V017,7.43,14.44,14.44,0.4857,2024-03-14,Core,Active,Minimal,Slate,Small,Glass,Entry,0.7327,1.0
BTH1503,Harbour Ceramic Form,Bath,Bath Accessories,Bath Accessories,Foundry Home,V002,21.19,44.84,44.84,0.5274,2023-10-28,Core,Seasonal,Classic,Natural,One Size,Ceramic,Better,0.552,1.0
BTH1504,Mira Stone Vessel,Bath,Bath Accessories,Bath Accessories,Foundry Home,V009,19.69,50.77,50.77,0.6122,2024-04-29,Core,Active,Organic,Champagne,Large,Stone,Better,0.7221,1.0
BTH1505,Marlow Cotton Atelier,Bath,Bath Accessories,Bath Accessories,Foundry Home,V016,17.98,48.58,48.58,0.6299,2023-11-02,Core,Seasonal,Artisan,Oat,Large,Oak,Better,0.8922,1.0
BTH1506,Cove Stone Collection,Bath,Bath Accessories,Bath Accessories,Maison Reserve,V007,16.74,37.67,37.67,0.5557,2024-01-19,Core,Active,Minimal,Natural,One Size,Rattan,Good,1.6839,1.0
BTH1507,Avery Wool Atelier,Bath,Bath Accessories,Bath Accessories,Maison Reserve,V012,31.97,72.29,72.29,0.5577,2024-08-25,Core,Active,Minimal,Terracotta,Medium,Stone,Best,1.3209,1.0
BTH1508,Cove Marble Series,Bath,Bath Accessories,Bath Accessories,Maison Reserve,V017,28.75,58.63,58.63,0.5096,2024-02-29,Core,Active,Organic,Terracotta,Large,Wool,Better,1.3979,1.0
BTH1509,Avery Oak Studio,Bath,Bath Accessories,Bath Accessories,Maison Reserve,V006,28.61,72.42,72.42,0.6049,2023-08-06,Core,Active,Modern,Sage,Large,Oak,Best,1.3203,1.0
BTH1510,Noir Glass Vessel,Bath,Bath Accessories,Bath Accessories,Atelier Edit,V014,35.13,77.3,77.3,0.5455,2023-12-09,Core,Active,Classic,Ivory,One Size,Ceramic,Best,0.8042,1.0
BTH1511,Arc Linen Collection,Bath,Bath Accessories,Bath Accessories,Maison Reserve,V001,38.41,80.14,80.14,0.5207,2023-07-10,Core,Active,Modern,Ivory,Large,Wool,Best,1.2731,1.0
BTH1512,Mira Linen Atelier,Bath,Bath Accessories,Bath Accessories,Maison Reserve,V009,38.26,78.06,78.06,0.5098,2024-02-08,Core,Active,Classic,Natural,One Size,Oak,Best,1.7328,1.0
BTH1513,Sable Wool Series,Bath,Bath Accessories,Bath Accessories,Maison Reserve,V016,31.04,64.69,64.69,0.5202,2024-07-16,Core,Active,Artisan,Sand,Medium,Ceramic,Better,1.0702,1.0
BTH1514,Harbour Brass Line,Bath,Bath Accessories,Bath Accessories,Atelier Edit,V019,31.65,80.09,80.09,0.6049,2023-09-14,Core,Active,Minimal,Sand,Small,Wool,Best,0.6345,1.0
BTH1515,Noir Rattan Studio,Bath,Bath Accessories,Bath Accessories,Foundry Home,V008,21.78,57.5,57.5,0.6213,2023-05-25,Core,Active,Artisan,Espresso,One Size,Ceramic,Better,1.2985,1.0
BTH1516,Arc Cotton Studio,Bath,Bath Accessories,Bath Accessories,Atelier Edit,V015,31.52,73.47,73.47,0.571,2024-01-22,Core,Active,Artisan,Oat,Small,Cotton,Best,0.6397,1.0
BTH1517,Harbour Cotton Studio,Bath,Bath Accessories,Bath Accessories,Maison Reserve,V020,31.3,85.59,85.59,0.6343,2024-08-03,Core,Active,Minimal,Sand,Medium,Stone,Best,0.6435,1.0
BTH1518,Marlow Marble House,Bath,Bath Accessories,Bath Accessories,Foundry Home,V010,16.05,39.18,39.18,0.5904,2024-08-19,Core,Active,Minimal,Charcoal,Large,Wool,Good,1.1417,1.0
BTH1519,Noir Marble Form,Bath,Bath Accessories,Bath Accessories,Maison Reserve,V017,7.85,15.81,15.81,0.5034,2024-09-16,Core,Active,Modern,Charcoal,Medium,Rattan,Entry,1.1695,1.0
BTH1520,Sable Ceramic House,Bath,Bath Accessories,Bath Accessories,Northstar Collection,V005,24.93,54.33,54.33,0.5412,2024-07-30,Core,Seasonal,Modern,Natural,One Size,Marble,Better,0.8763,1.0
BTH1521,Sable Glass Object,Bath,Bath Accessories,Bath Accessories,Foundry Home,V010,21.31,45.89,45.89,0.5357,2024-04-18,Core,Active,Minimal,Ivory,Large,Brass,Better,0.6537,1.0
BTH1522,Sable Oak Line,Bath,Bath Accessories,Bath Accessories,Foundry Home,V019,13.26,29.49,29.49,0.5504,2023-12-04,Core,Active,Organic,Oat,Small,Cotton,Good,1.2211,1.0
BTH1523,Aster Glass Vessel,Bath,Bath Accessories,Bath Accessories,Northstar Collection,V005,4.71,10.06,10.06,0.5317,2023-11-07,Core,Active,Organic,Sand,Large,Brass,Entry,0.5266,1.0
BTH1524,Vale Wool House,Bath,Bath Accessories,Bath Accessories,Northstar Collection,V013,31.06,61.35,61.35,0.4938,2023-12-09,Core,Active,Minimal,Natural,One Size,Oak,Better,2.5326,1.0
BTH1525,Sable Cotton Series,Bath,Bath Accessories,Bath Accessories,Foundry Home,V020,9.94,22.66,22.66,0.5612,2024-02-03,Core,Seasonal,Organic,Sand,Medium,Marble,Good,1.3118,1.0
BTH1526,Sable Rattan Vessel,Bath,Bath Accessories,Bath Accessories,Atelier Edit,V004,27.95,59.45,59.45,0.5299,2024-04-02,Core,Active,Modern,Ivory,Medium,Marble,Better,2.5541,1.0
BTH1527,Arc Rattan Line,Bath,Bath Accessories,Bath Accessories,Foundry Home,V013,35.68,82.3,82.3,0.5665,2023-06-15,Core,Active,Artisan,Terracotta,One Size,Cotton,Best,0.8868,1.0
BTH1528,Noir Marble Form,Bath,Bath Accessories,Bath Accessories,Northstar Collection,V018,40.18,87.68,87.68,0.5418,2024-07-02,Core,Seasonal,Modern,Terracotta,One Size,Wool,Best,0.9751,1.0
BTH1529,Arc Marble House,Bath,Bath Accessories,Bath Accessories,Maison Reserve,V007,20.66,44.15,44.15,0.532,2024-06-21,Core,Active,Classic,Terracotta,Medium,Stone,Better,0.9145,1.0
BTH1530,Noir Oak Atelier,Bath,Bath Accessories,Bath Accessories,Maison Reserve,V015,13.29,28.39,28.39,0.532,2024-05-14,Core,Active,Classic,Terracotta,Medium,Stone,Good,1.1052,1.0
BTH1531,Marlow Cotton Form,Bath,Bath Accessories,Bath Accessories,Foundry Home,V001,11.96,25.86,25.86,0.5377,2024-10-08,Core,Active,Organic,Champagne,Medium,Rattan,Good,1.6402,1.0
BTH1532,Aster Ceramic House,Bath,Bath Accessories,Bath Accessories,Maison Reserve,V007,37.46,76.1,76.1,0.5077,2023-10-27,Core,Active,Modern,Ivory,One Size,Brass,Best,1.8512,1.0
BTH1533,Arc Brass Object,Bath,Bath Accessories,Bath Accessories,Foundry Home,V013,34.75,85.12,85.12,0.5918,2023-07-16,Core,Active,Artisan,Sand,Small,Brass,Best,1.7313,1.0
BTH1534,Ridge Wool Form,Bath,Bath Accessories,Bath Accessories,Atelier Edit,V003,12.89,27.55,19.29,0.5323,2024-04-18,Core,Exit,Modern,Sage,Large,Glass,Good,1.2737,1.0
BTH1535,Ridge Glass Edit,Bath,Bath Accessories,Bath Accessories,Atelier Edit,V009,29.77,74.51,74.51,0.6005,2023-12-17,Core,Seasonal,Classic,Natural,Small,Marble,Best,1.0926,1.0
BTH1536,Cove Rattan Line,Bath,Bath Accessories,Bath Accessories,Foundry Home,V016,36.32,77.51,77.51,0.5314,2023-09-11,Core,Active,Modern,Champagne,One Size,Glass,Best,1.3663,1.0
BTH1537,Vale Marble Atelier,Bath,Bath Accessories,Bath Accessories,Maison Reserve,V001,42.16,78.16,78.16,0.4606,2024-04-11,Core,Active,Classic,Champagne,Small,Cotton,Best,0.9708,1.0
BTH1538,Avery Rattan Studio,Bath,Bath Accessories,Bath Accessories,Northstar Collection,V011,40.2,87.41,87.41,0.5401,2023-06-06,Core,Active,Classic,Sage,Large,Rattan,Best,0.9322,1.0
BTH1539,Luna Wool Atelier,Bath,Bath Accessories,Bath Accessories,Foundry Home,V017,15.27,35.6,35.6,0.5711,2024-12-07,Core,Active,Classic,Slate,One Size,Linen,Good,1.0345,1.0
BTH1540,Noir Brass House,Bath,Bath Accessories,Bath Accessories,Maison Reserve,V004,29.53,53.22,53.22,0.4451,2024-06-25,Core,Active,Organic,Sage,Medium,Marble,Better,0.4425,1.0
BTH1541,Ridge Linen Line,Bath,Bath Accessories,Bath Accessories,Maison Reserve,V012,15.8,35.34,35.34,0.553,2023-12-28,Core,Active,Classic,Natural,Small,Rattan,Good,1.0689,1.0
BTH1542,Avery Brass Object,Bath,Bath Accessories,Bath Accessories,Atelier Edit,V016,26.04,49.57,49.57,0.4746,2025-01-03,Core,Active,Minimal,Charcoal,Small,Glass,Better,0.8419,1.0
BTH1543,Harbour Oak Line,Bath,Bath Accessories,Bath Accessories,Atelier Edit,V005,22.67,48.17,48.17,0.5293,2024-08-03,Core,Seasonal,Organic,Ivory,Medium,Marble,Better,0.3704,1.0
BTH1544,Cove Wool Series,Bath,Bath Accessories,Bath Accessories,Atelier Edit,V012,17.74,43.53,43.53,0.5926,2023-10-27,Core,Active,Modern,Sand,Small,Linen,Better,1.2137,1.0
BTH1545,Arc Oak Line,Bath,Bath Accessories,Bath Accessories,Maison Reserve,V016,35.51,77.85,77.85,0.5439,2023-10-19,Core,Active,Artisan,Charcoal,Medium,Stone,Best,1.1368,1.0
BTH1546,Aster Stone Studio,Bath,Bath Accessories,Bath Accessories,Atelier Edit,V003,35.56,73.09,73.09,0.5135,2023-09-19,Core,Active,Minimal,Sand,One Size,Ceramic,Best,1.1298,1.0
BTH1547,Vale Brass Line,Bath,Bath Accessories,Bath Accessories,Maison Reserve,V012,5.25,12.5,12.5,0.5802,2023-05-24,Core,Active,Minimal,Espresso,Medium,Cotton,Entry,0.9824,1.0
BTH1548,Mira Brass Vessel,Bath,Bath Accessories,Bath Accessories,Atelier Edit,V019,5.2,12.91,12.91,0.5971,2023-07-28,Core,Active,Minimal,Natural,One Size,Marble,Entry,0.6086,1.0
BTH1549,Sable Marble House,Bath,Bath Accessories,Bath Accessories,Atelier Edit,V008,13.61,34.67,34.67,0.6076,2023-08-28,Core,Active,Classic,Charcoal,Small,Ceramic,Good,0.9978,1.0
BTH1550,Vale Rattan Line,Bath,Bath Accessories,Bath Accessories,Northstar Collection,V012,29.14,66.01,66.01,0.5585,2023-07-23,Core,Active,Modern,Ivory,One Size,Cotton,Better,0.6289,1.0
BTH1551,Arc Wool Line,Bath,Bath Accessories,Bath Accessories,Foundry Home,V002,41.87,83.63,83.63,0.4993,2024-06-21,Core,Active,Modern,Ivory,Medium,Wool,Best,1.2896,1.0
BTH1552,Harbour Stone Atelier,Bath,Bath Accessories,Bath Accessories,Maison Reserve,V005,5.96,13.92,13.92,0.572,2023-07-06,Core,Active,Minimal,Ivory,One Size,Cotton,Entry,0.5864,1.0
BTH1553,Sable Cotton Vessel,Bath,Bath Accessories,Bath Accessories,Northstar Collection,V014,13.43,28.25,28.25,0.5247,2023-09-25,Core,Seasonal,Artisan,Slate,Large,Rattan,Good,1.0315,1.0
BTH1554,Aster Oak Line,Bath,Bath Accessories,Bath Accessories,Maison Reserve,V003,7.61,16.97,16.97,0.5513,2023-12-05,Core,Active,Organic,Slate,Medium,Linen,Entry,0.3134,1.0
BTH1555,Marlow Marble Vessel,Bath,Bath Accessories,Bath Accessories,Northstar Collection,V009,32.86,71.2,71.2,0.5385,2024-10-27,Core,Active,Artisan,Sand,Large,Brass,Best,1.1665,1.0
BTH1556,Aster Wool Edit,Bath,Bath Accessories,Bath Accessories,Foundry Home,V017,30.93,71.56,71.56,0.5678,2025-01-07,Core,Active,Classic,Natural,Large,Brass,Best,0.436,1.0
BTH1557,Vale Wool Object,Bath,Bath Accessories,Bath Accessories,Atelier Edit,V003,26.58,64.39,64.39,0.5872,2024-01-13,Core,Active,Artisan,Espresso,Medium,Wool,Better,0.9781,1.0
BTH1558,Cove Linen Edit,Bath,Bath Accessories,Bath Accessories,Northstar Collection,V009,36.69,74.85,74.85,0.5098,2023-11-18,Core,Active,Classic,Terracotta,One Size,Marble,Best,0.5935,1.0
BTH1559,Arc Ceramic Vessel,Bath,Bath Accessories,Bath Accessories,Foundry Home,V016,42.55,84.57,84.57,0.4968,2024-10-13,Core,Seasonal,Organic,Slate,Medium,Marble,Best,1.7058,1.0
BTH1560,Sable Wool Form,Bath,Bath Accessories,Bath Accessories,Maison Reserve,V003,25.0,55.08,55.08,0.5462,2024-12-27,Core,Active,Classic,Sage,Large,Linen,Better,1.1402,1.0
BTH1561,Arc Ceramic Form,Bath,Bath Accessories,Bath Accessories,Maison Reserve,V008,7.66,17.29,17.29,0.5572,2024-01-17,Core,Active,Organic,Ivory,Medium,Glass,Entry,2.0296,1.0
BTH1562,Sable Wool House,Bath,Bath Accessories,Bath Accessories,Maison Reserve,V019,42.73,81.5,81.5,0.4757,2024-12-15,Core,Active,Organic,Slate,Small,Rattan,Best,1.2428,1.0
BTH1563,Sable Glass Line,Bath,Bath Accessories,Bath Accessories,Maison Reserve,V002,32.58,80.23,80.23,0.594,2023-08-30,Core,Active,Minimal,Slate,One Size,Stone,Best,0.691,1.0
BTH1564,Marlow Brass Line,Bath,Bath Accessories,Bath Accessories,Northstar Collection,V011,34.21,71.01,71.01,0.5182,2024-11-20,Core,Active,Classic,Natural,Small,Linen,Best,0.8102,1.0
BTH1565,Aster Glass Line,Bath,Bath Accessories,Bath Accessories,Atelier Edit,V018,5.2,10.21,10.21,0.491,2024-01-04,Core,Active,Minimal,Terracotta,One Size,Brass,Entry,0.8798,1.0
BTH1566,Sable Glass Form,Bath,Bath Accessories,Bath Accessories,Atelier Edit,V005,27.2,55.18,55.18,0.5071,2024-04-26,Core,Active,Organic,Sand,Small,Ceramic,Better,1.0526,1.0
BTH1567,Arc Linen Atelier,Bath,Bath Accessories,Bath Accessories,Maison Reserve,V010,20.88,44.09,44.09,0.5263,2024-06-28,Core,Active,Artisan,Slate,One Size,Stone,Better,0.638,1.0
BTH1568,Noir Stone Line,Bath,Bath Accessories,Bath Accessories,Foundry Home,V001,21.7,43.55,30.48,0.5017,2023-11-25,Core,Exit,Artisan,Oat,Small,Marble,Better,1.0586,1.0
BTH1569,Noir Cotton Object,Bath,Bath Accessories,Bath Accessories,Foundry Home,V004,40.46,79.7,79.7,0.4923,2023-09-23,Core,Active,Classic,Ivory,Large,Wool,Best,1.1143,1.0
BTH1570,Noir Oak Collection,Bath,Bath Accessories,Bath Accessories,Foundry Home,V015,5.65,13.49,13.49,0.5812,2023-08-12,Core,Active,Organic,Sand,Small,Cotton,Entry,1.5606,1.0
BSK1571,Marlow Glass House,Storage,Baskets,Baskets,Atelier Edit,V001,34.63,72.69,72.69,0.5236,2023-07-29,Core,Active,Modern,Ivory,Small,Cotton,Best,1.131,1.26
BSK1572,Arc Glass House,Storage,Baskets,Baskets,Maison Reserve,V009,27.41,68.84,68.84,0.6019,2024-12-06,Core,Active,Modern,Sand,Medium,Glass,Better,1.1465,1.26
BSK1573,Sable Brass Collection,Storage,Baskets,Baskets,Atelier Edit,V013,31.39,62.91,62.91,0.5011,2023-09-12,Core,Active,Artisan,Espresso,Medium,Rattan,Better,0.2925,1.26
BSK1574,Harbour Ceramic Collection,Storage,Baskets,Baskets,Maison Reserve,V001,39.63,84.53,84.53,0.5312,2024-04-21,Core,Active,Minimal,Charcoal,Small,Marble,Best,0.7096,1.26
BSK1575,Vale Linen Collection,Storage,Baskets,Baskets,Northstar Collection,V008,22.51,49.36,49.36,0.544,2023-09-08,Core,Active,Organic,Oat,Small,Cotton,Better,1.0333,1.26
BSK1576,Sable Marble Line,Storage,Baskets,Baskets,Maison Reserve,V015,34.56,66.24,66.24,0.4782,2024-02-14,Core,Active,Organic,Sand,One Size,Glass,Better,0.8081,1.26
BSK1577,Vale Glass Object,Storage,Baskets,Baskets,Foundry Home,V020,12.55,25.61,25.61,0.5098,2024-02-24,Core,Active,Modern,Espresso,One Size,Brass,Good,0.843,1.26
BSK1578,Arc Glass House,Storage,Baskets,Baskets,Foundry Home,V008,40.46,74.5,74.5,0.4569,2024-03-30,Core,Active,Modern,Slate,Medium,Ceramic,Best,0.5402,1.26
BSK1579,Ridge Wool Line,Storage,Baskets,Baskets,Foundry Home,V016,8.41,19.48,19.48,0.5685,2025-01-10,Core,Active,Classic,Slate,Small,Ceramic,Entry,1.3516,1.26
BSK1580,Noir Rattan Object,Storage,Baskets,Baskets,Foundry Home,V002,21.11,38.14,38.14,0.4465,2025-01-10,Core,Active,Artisan,Charcoal,Medium,Ceramic,Good,0.809,1.26
BSK1581,Marlow Glass Studio,Storage,Baskets,Baskets,Maison Reserve,V011,39.83,92.78,92.78,0.5707,2023-08-28,Core,Active,Modern,Sage,Small,Marble,Best,0.4039,1.26
BSK1582,Marlow Ceramic Collection,Storage,Baskets,Baskets,Atelier Edit,V016,10.31,20.72,20.72,0.5023,2024-10-30,Core,Active,Organic,Champagne,Small,Ceramic,Good,0.6721,1.26
BSK1583,Cove Stone Series,Storage,Baskets,Baskets,Northstar Collection,V006,22.26,54.46,54.46,0.5912,2024-06-14,Core,Seasonal,Classic,Slate,Small,Marble,Better,0.6507,1.26
BSK1584,Ridge Linen Collection,Storage,Baskets,Baskets,Atelier Edit,V009,10.57,20.92,20.92,0.4947,2023-07-01,Core,Seasonal,Modern,Sand,Medium,Marble,Good,0.5568,1.26
BSK1585,Marlow Wool Atelier,Storage,Baskets,Baskets,Foundry Home,V018,37.99,88.93,88.93,0.5729,2024-03-08,Core,Active,Organic,Sage,Large,Wool,Best,0.6938,1.26
BSK1586,Harbour Rattan Edit,Storage,Baskets,Baskets,Northstar Collection,V004,27.73,58.19,58.19,0.5234,2024-07-14,Core,Active,Organic,Charcoal,One Size,Stone,Better,0.8524,1.26
BSK1587,Ridge Rattan Object,Storage,Baskets,Baskets,Maison Reserve,V012,29.24,66.19,66.19,0.5582,2023-09-06,Core,Active,Classic,Oat,Medium,Wool,Better,0.9414,1.26
BSK1588,Arc Brass Studio,Storage,Baskets,Baskets,Maison Reserve,V018,11.58,23.02,23.02,0.4969,2024-12-02,Core,Active,Classic,Natural,Large,Oak,Good,0.6425,1.26
BSK1589,Luna Brass House,Storage,Baskets,Baskets,Foundry Home,V007,9.65,18.81,18.81,0.4872,2023-10-27,Core,Active,Classic,Champagne,One Size,Glass,Entry,1.1542,1.26
BSK1590,Ridge Stone Series,Storage,Baskets,Baskets,Foundry Home,V011,24.47,53.99,53.99,0.5467,2023-06-01,Core,Seasonal,Organic,Ivory,Medium,Ceramic,Better,0.7869,1.26
BSK1591,Mira Ceramic Form,Storage,Baskets,Baskets,Atelier Edit,V001,27.63,59.27,59.27,0.5339,2024-09-24,Core,Active,Modern,Terracotta,Small,Oak,Better,1.2325,1.26
BSK1592,Avery Brass Line,Storage,Baskets,Baskets,Northstar Collection,V009,22.61,43.34,43.34,0.4783,2024-05-13,Core,Active,Artisan,Natural,Large,Rattan,Better,1.3707,1.26
BSK1593,Cove Ceramic Series,Storage,Baskets,Baskets,Northstar Collection,V014,26.91,61.63,61.63,0.5634,2024-04-20,Core,Active,Minimal,Terracotta,Medium,Linen,Better,1.0738,1.26
BSK1594,Avery Linen Series,Storage,Baskets,Baskets,Northstar Collection,V019,40.22,89.75,89.75,0.5519,2024-02-24,Core,Active,Organic,Oat,Medium,Stone,Best,0.4137,1.26
BSK1595,Avery Marble Collection,Storage,Baskets,Baskets,Atelier Edit,V010,20.42,45.91,45.91,0.5552,2024-10-15,Core,Active,Artisan,Terracotta,Large,Cotton,Better,1.5379,1.26
BSK1596,Vale Ceramic Atelier,Storage,Baskets,Baskets,Northstar Collection,V013,21.81,48.1,48.1,0.5467,2024-10-08,Core,Active,Organic,Terracotta,Small,Glass,Better,1.5211,1.26
BSK1597,Vale Linen Vessel,Storage,Baskets,Baskets,Atelier Edit,V003,23.7,48.57,48.57,0.5121,2023-11-26,Core,Active,Artisan,Sand,Medium,Stone,Better,0.6952,1.26
BSK1598,Harbour Linen Collection,Storage,Baskets,Baskets,Atelier Edit,V011,39.79,99.21,99.21,0.599,2024-02-02,Core,Active,Minimal,Sage,Medium,Cotton,Best,0.9372,1.26
BSK1599,Vale Cotton Object,Storage,Baskets,Baskets,Maison Reserve,V017,22.03,49.93,49.93,0.5587,2024-11-11,Core,Active,Artisan,Espresso,Large,Wool,Better,1.1877,1.26
BSK1600,Ridge Oak Vessel,Storage,Baskets,Baskets,Maison Reserve,V004,27.6,67.1,67.1,0.5887,2023-07-12,Core,Active,Classic,Natural,One Size,Cotton,Better,0.6985,1.26
BSK1601,Harbour Linen Form,Storage,Baskets,Baskets,Foundry Home,V012,27.98,64.43,64.43,0.5657,2023-07-13,Core,Active,Minimal,Ivory,Large,Glass,Better,0.517,1.26
BSK1602,Arc Oak Vessel,Storage,Baskets,Baskets,Maison Reserve,V018,30.09,66.09,66.09,0.5447,2024-07-16,Core,Active,Modern,Terracotta,Large,Oak,Better,1.0479,1.26
BSK1603,Ridge Stone Edit,Storage,Baskets,Baskets,Northstar Collection,V003,11.2,22.03,22.03,0.4918,2024-09-22,Core,Seasonal,Modern,Ivory,One Size,Glass,Good,0.3534,1.26
BSK1604,Marlow Ceramic Form,Storage,Baskets,Baskets,Atelier Edit,V011,27.03,58.9,58.9,0.541,2024-05-16,Core,Active,Organic,Espresso,Large,Stone,Better,0.7742,1.26
BSK1605,Cove Ceramic Form,Storage,Baskets,Baskets,Foundry Home,V018,10.68,28.52,28.52,0.6257,2024-01-01,Core,Active,Modern,Espresso,Large,Oak,Good,0.4104,1.26
BSK1606,Mira Ceramic Edit,Storage,Baskets,Baskets,Foundry Home,V007,30.98,65.62,65.62,0.5278,2023-09-09,Core,Seasonal,Minimal,Sage,Small,Ceramic,Better,1.3763,1.26
BSK1607,Sable Brass House,Storage,Baskets,Baskets,Foundry Home,V010,18.68,44.48,44.48,0.58,2023-11-14,Core,Active,Organic,Charcoal,Small,Oak,Better,0.7909,1.26
BSK1608,Aster Brass Form,Storage,Baskets,Baskets,Maison Reserve,V018,18.76,39.12,39.12,0.5204,2024-07-01,Core,Seasonal,Classic,Champagne,Medium,Linen,Good,0.9154,1.26
BSK1609,Marlow Marble Line,Storage,Baskets,Baskets,Maison Reserve,V004,47.92,90.72,90.72,0.4718,2024-05-30,Core,Active,Organic,Natural,Medium,Oak,Best,1.1597,1.26
BSK1610,Luna Linen Collection,Storage,Baskets,Baskets,Northstar Collection,V012,45.92,97.52,97.52,0.5291,2024-08-14,Core,Active,Classic,Espresso,Large,Glass,Best,2.2736,1.26
BSK1611,Luna Marble Vessel,Storage,Baskets,Baskets,Maison Reserve,V019,13.42,29.73,29.73,0.5487,2023-07-07,Core,Active,Modern,Espresso,Large,Wool,Good,1.8492,1.26
BSK1612,Aster Marble Atelier,Storage,Baskets,Baskets,Atelier Edit,V005,48.04,88.74,88.74,0.4587,2023-07-24,Core,Active,Organic,Terracotta,One Size,Marble,Best,0.6812,1.26
BSK1613,Noir Brass Vessel,Storage,Baskets,Baskets,Foundry Home,V016,13.65,34.2,34.2,0.6009,2024-01-17,Core,Active,Organic,Ivory,Small,Marble,Good,0.4049,1.26
BSK1614,Noir Cotton Line,Storage,Baskets,Baskets,Atelier Edit,V002,19.97,51.12,51.12,0.6093,2023-06-25,Core,Active,Classic,Sage,Large,Stone,Better,0.6743,1.26
BSK1615,Arc Glass Vessel,Storage,Baskets,Baskets,Atelier Edit,V009,8.98,24.41,24.41,0.632,2024-02-14,Core,Active,Modern,Charcoal,Large,Brass,Good,0.7522,1.26
BSK1616,Marlow Rattan Atelier,Storage,Baskets,Baskets,Foundry Home,V013,12.26,25.64,25.64,0.5217,2025-01-10,Core,Active,Classic,Ivory,Medium,Glass,Good,0.8031,1.26
BSK1617,Cove Ceramic Atelier,Storage,Baskets,Baskets,Maison Reserve,V004,29.36,67.04,67.04,0.562,2024-12-04,Core,Active,Minimal,Champagne,Small,Linen,Better,0.8592,1.26
BSK1618,Luna Glass Atelier,Storage,Baskets,Baskets,Northstar Collection,V007,20.67,50.1,50.1,0.5873,2024-06-05,Core,Active,Modern,Ivory,Medium,Marble,Better,0.5907,1.26
BSK1619,Noir Cotton Atelier,Storage,Baskets,Baskets,Maison Reserve,V016,33.54,81.24,81.24,0.5871,2024-12-06,Core,Active,Artisan,Terracotta,Small,Stone,Best,0.4908,1.26
BSK1620,Aster Rattan Form,Storage,Baskets,Baskets,Maison Reserve,V005,30.23,65.29,65.29,0.537,2024-09-15,Core,Active,Classic,Sand,Large,Rattan,Better,1.0449,1.26
BSK1621,Cove Wool Studio,Storage,Baskets,Baskets,Northstar Collection,V009,13.06,27.2,27.2,0.5199,2023-12-02,Core,Active,Artisan,Natural,Small,Brass,Good,1.1468,1.26
BSK1622,Marlow Brass Collection,Storage,Baskets,Baskets,Atelier Edit,V018,35.87,85.46,85.46,0.5803,2024-08-17,Core,Active,Modern,Sand,Small,Oak,Best,0.4842,1.26
BSK1623,Avery Oak Collection,Storage,Baskets,Baskets,Northstar Collection,V006,23.69,60.87,60.87,0.6108,2024-11-08,Core,Active,Organic,Charcoal,Large,Glass,Better,0.7673,1.26
BSK1624,Harbour Rattan Atelier,Storage,Baskets,Baskets,Maison Reserve,V010,40.46,84.96,84.96,0.5237,2024-12-20,Core,Active,Classic,Sage,One Size,Oak,Best,0.683,1.26
BSK1625,Avery Linen Vessel,Storage,Baskets,Baskets,Northstar Collection,V018,16.35,35.4,35.4,0.5381,2024-04-03,Core,Active,Minimal,Espresso,Large,Cotton,Good,1.221,1.26
BSK1626,Harbour Marble Atelier,Storage,Baskets,Baskets,Atelier Edit,V004,21.06,56.29,56.29,0.6259,2024-06-24,Core,Active,Classic,Espresso,One Size,Brass,Better,0.687,1.26
BSK1627,Aster Rattan Vessel,Storage,Baskets,Baskets,Atelier Edit,V011,48.22,90.23,90.23,0.4656,2024-11-04,Core,Active,Classic,Sand,One Size,Ceramic,Best,0.7116,1.26
BSK1628,Mira Ceramic Vessel,Storage,Baskets,Baskets,Northstar Collection,V001,11.34,22.99,22.99,0.5066,2023-09-04,Core,Active,Minimal,Ivory,Large,Cotton,Good,0.2983,1.26
BSK1629,Marlow Brass House,Storage,Baskets,Baskets,Northstar Collection,V004,16.35,31.21,31.21,0.4761,2024-09-01,Core,Active,Organic,Terracotta,Large,Oak,Good,1.2062,1.26
BSK1630,Arc Linen Object,Storage,Baskets,Baskets,Atelier Edit,V013,33.59,72.47,72.47,0.5366,2024-03-27,Core,Seasonal,Classic,Natural,Small,Linen,Best,1.0492,1.26
BSK1631,Harbour Linen Line,Storage,Baskets,Baskets,Maison Reserve,V019,31.92,69.68,69.68,0.5419,2024-08-23,Core,Active,Artisan,Terracotta,Small,Ceramic,Better,0.7057,1.26
BSK1632,Cove Wool Vessel,Storage,Baskets,Baskets,Atelier Edit,V005,13.8,31.01,31.01,0.5549,2024-06-15,Core,Active,Organic,Charcoal,One Size,Brass,Good,0.8981,1.26
BSK1633,Noir Brass Edit,Storage,Baskets,Baskets,Atelier Edit,V012,37.18,67.19,67.19,0.4467,2024-08-20,Core,Active,Artisan,Sand,Medium,Ceramic,Better,0.5871,1.26
BSK1634,Arc Ceramic Atelier,Storage,Baskets,Baskets,Foundry Home,V003,21.67,53.92,53.92,0.5982,2023-09-21,Core,Active,Minimal,Sand,Large,Marble,Better,0.7041,1.26
BSK1635,Luna Oak Edit,Storage,Baskets,Baskets,Foundry Home,V009,37.93,84.86,84.86,0.553,2023-12-17,Core,Active,Modern,Charcoal,One Size,Rattan,Best,0.9637,1.26
BSK1636,Arc Stone Object,Storage,Baskets,Baskets,Atelier Edit,V017,21.41,41.19,41.19,0.4802,2025-01-08,Core,Seasonal,Minimal,Sage,Small,Ceramic,Better,1.2067,1.26
BSK1637,Noir Oak Collection,Storage,Baskets,Baskets,Northstar Collection,V001,36.02,78.46,78.46,0.541,2024-11-04,Core,Active,Modern,Slate,Medium,Rattan,Best,1.4695,1.26
BSK1638,Arc Glass Atelier,Storage,Baskets,Baskets,Maison Reserve,V007,15.26,36.88,36.88,0.5863,2023-10-07,Core,Active,Artisan,Slate,Medium,Ceramic,Good,0.3574,1.26
BSK1639,Ridge Glass Edit,Storage,Baskets,Baskets,Atelier Edit,V017,19.49,44.2,44.2,0.5591,2024-09-03,Core,Active,Modern,Sand,Small,Wool,Better,1.1013,1.26
BSK1640,Luna Marble Studio,Storage,Baskets,Baskets,Maison Reserve,V005,23.99,53.16,53.16,0.5488,2024-02-24,Core,Active,Minimal,Espresso,Large,Cotton,Better,1.1361,1.26
BSK1641,Luna Brass Studio,Storage,Baskets,Baskets,Foundry Home,V012,25.5,52.28,52.28,0.5122,2023-09-15,Core,Active,Modern,Sand,Medium,Cotton,Better,0.7141,1.26
BSK1642,Harbour Glass Line,Storage,Baskets,Baskets,Northstar Collection,V015,9.89,21.97,21.97,0.5497,2024-08-04,Core,Active,Modern,Charcoal,Large,Rattan,Good,1.5293,1.26
BSK1643,Mira Glass Studio,Storage,Baskets,Baskets,Foundry Home,V003,28.8,63.92,63.92,0.5495,2024-01-18,Core,Active,Artisan,Oat,Medium,Rattan,Better,0.4231,1.26
BSK1644,Aster Stone Object,Storage,Baskets,Baskets,Northstar Collection,V010,41.41,98.97,98.97,0.5816,2023-06-03,Core,Active,Organic,Ivory,One Size,Cotton,Best,0.8647,1.26
BSK1645,Mira Stone Collection,Storage,Baskets,Baskets,Maison Reserve,V019,15.82,30.31,30.31,0.478,2023-11-15,Core,Active,Artisan,Espresso,Small,Rattan,Good,0.4022,1.26
BSK1646,Harbour Oak Vessel,Storage,Baskets,Baskets,Maison Reserve,V006,32.26,69.15,69.15,0.5334,2024-03-28,Core,Active,Classic,Terracotta,Small,Wool,Better,0.91,1.26
BSK1647,Marlow Marble Edit,Storage,Baskets,Baskets,Foundry Home,V014,14.62,32.91,32.91,0.5557,2024-02-09,Core,Active,Minimal,Oat,Small,Ceramic,Good,1.6965,1.26
BSK1648,Harbour Stone Line,Storage,Baskets,Baskets,Northstar Collection,V017,9.57,23.67,23.67,0.5959,2023-12-03,Core,Seasonal,Organic,Espresso,Large,Ceramic,Good,0.7472,1.26
BSK1649,Cove Ceramic Object,Storage,Baskets,Baskets,Atelier Edit,V006,24.72,58.2,58.2,0.5753,2023-07-12,Core,Active,Artisan,Espresso,Small,Oak,Better,0.9097,1.26
BSK1650,Marlow Linen Edit,Storage,Baskets,Baskets,Northstar Collection,V014,9.69,20.65,20.65,0.531,2024-08-24,Core,Active,Classic,Sage,One Size,Stone,Good,0.9083,1.26
SHL1651,Aster Cotton House,Storage,Shelving,Shelving,Northstar Collection,V018,43.12,86.54,86.54,0.5017,2024-08-28,Core,Active,Classic,Charcoal,Large,Glass,Best,0.5488,1.28
SHL1652,Ridge Linen Atelier,Storage,Shelving,Shelving,Atelier Edit,V005,62.25,131.13,131.13,0.5253,2023-12-07,Core,Active,Organic,Sand,Medium,Rattan,Best,1.6139,1.28
SHL1653,Luna Cotton Collection,Storage,Shelving,Shelving,Atelier Edit,V012,94.11,208.14,208.14,0.5479,2023-08-18,Core,Active,Classic,Slate,One Size,Marble,Best,1.0607,1.28
SHL1654,Cove Oak Collection,Storage,Shelving,Shelving,Foundry Home,V020,46.72,98.3,98.3,0.5248,2024-02-28,Core,Active,Artisan,Sand,Medium,Marble,Best,0.6453,1.28
SHL1655,Noir Oak Atelier,Storage,Shelving,Shelving,Atelier Edit,V009,60.82,143.68,143.68,0.5767,2024-12-08,Core,Active,Modern,Ivory,Medium,Rattan,Best,0.8493,1.28
SHL1656,Aster Linen Form,Storage,Shelving,Shelving,Maison Reserve,V013,88.13,199.49,199.49,0.5582,2025-01-01,Core,Active,Organic,Terracotta,Small,Glass,Best,0.7394,1.28
SHL1657,Avery Marble Atelier,Storage,Shelving,Shelving,Atelier Edit,V002,78.8,187.41,187.41,0.5796,2023-08-28,Core,Active,Minimal,Sand,One Size,Oak,Best,1.032,1.28
SHL1658,Luna Linen Line,Storage,Shelving,Shelving,Atelier Edit,V008,86.38,180.54,180.54,0.5215,2023-09-12,Core,Active,Artisan,Ivory,Medium,Marble,Best,0.9879,1.28
SHL1659,Arc Linen Atelier,Storage,Shelving,Shelving,Foundry Home,V018,84.27,193.06,193.06,0.5635,2023-11-03,Core,Active,Artisan,Sand,One Size,Cotton,Best,0.689,1.28
SHL1660,Marlow Linen Series,Storage,Shelving,Shelving,Foundry Home,V005,102.56,218.51,218.51,0.5306,2024-01-30,Core,Active,Classic,Sand,One Size,Stone,Best,0.5038,1.28
SHL1661,Harbour Oak Vessel,Storage,Shelving,Shelving,Northstar Collection,V010,81.11,172.69,172.69,0.5303,2024-05-17,Core,Active,Classic,Sand,One Size,Stone,Best,0.7957,1.28
SHL1662,Aster Cotton Object,Storage,Shelving,Shelving,Northstar Collection,V016,109.13,237.51,237.51,0.5405,2024-03-20,Core,Active,Modern,Oat,Medium,Stone,Best,1.3393,1.28
SHL1663,Luna Cotton Line,Storage,Shelving,Shelving,Foundry Home,V004,89.38,185.45,129.81,0.518,2024-09-18,Core,Exit,Artisan,Champagne,Medium,Stone,Best,0.5514,1.28
SHL1664,Marlow Marble Form,Storage,Shelving,Shelving,Atelier Edit,V010,91.13,210.49,210.49,0.5671,2024-10-28,Core,Active,Artisan,Champagne,One Size,Ceramic,Best,1.2413,1.28
SHL1665,Aster Glass Object,Storage,Shelving,Shelving,Atelier Edit,V018,54.51,125.19,125.19,0.5646,2024-04-24,Core,Active,Organic,Sand,Large,Linen,Best,0.4811,1.28
SHL1666,Cove Linen Collection,Storage,Shelving,Shelving,Foundry Home,V007,49.33,123.02,123.02,0.599,2025-01-10,Core,Active,Modern,Oat,Small,Wool,Best,0.6831,1.28
SHL1667,Avery Marble Vessel,Storage,Shelving,Shelving,Foundry Home,V012,63.64,123.16,123.16,0.4833,2024-05-27,Core,Active,Modern,Terracotta,One Size,Marble,Best,1.2507,1.28
SHL1668,Harbour Rattan Studio,Storage,Shelving,Shelving,Foundry Home,V001,105.43,218.92,218.92,0.5184,2023-11-17,Core,Active,Classic,Sage,Small,Cotton,Best,0.452,1.28
SHL1669,Avery Oak House,Storage,Shelving,Shelving,Maison Reserve,V004,94.16,209.51,209.51,0.5506,2023-11-09,Core,Active,Classic,Terracotta,Small,Rattan,Best,0.961,1.28
SHL1670,Arc Marble Line,Storage,Shelving,Shelving,Atelier Edit,V015,49.42,105.74,105.74,0.5326,2024-06-10,Core,Active,Classic,Ivory,Small,Marble,Best,0.7803,1.28
SHL1671,Arc Linen Studio,Storage,Shelving,Shelving,Foundry Home,V019,58.38,128.5,128.5,0.5457,2024-12-12,Core,Active,Modern,Terracotta,Medium,Brass,Best,0.4776,1.28
SHL1672,Vale Linen Form,Storage,Shelving,Shelving,Foundry Home,V008,67.23,119.07,119.07,0.4354,2024-10-17,Core,Active,Minimal,Espresso,Small,Linen,Best,0.4041,1.28
SHL1673,Avery Cotton Object,Storage,Shelving,Shelving,Maison Reserve,V013,52.06,111.61,111.61,0.5335,2024-11-06,Core,Active,Artisan,Oat,Small,Glass,Best,0.6301,1.28
SHL1674,Ridge Linen Collection,Storage,Shelving,Shelving,Atelier Edit,V020,79.14,164.47,164.47,0.5188,2024-04-18,Core,Seasonal,Artisan,Slate,Medium,Linen,Best,0.6358,1.28
SHL1675,Sable Linen Edit,Storage,Shelving,Shelving,Northstar Collection,V006,49.07,112.83,112.83,0.5651,2023-11-08,Core,Active,Artisan,Natural,Large,Oak,Best,0.8614,1.28
SHL1676,Harbour Cotton Series,Storage,Shelving,Shelving,Foundry Home,V014,93.42,184.68,184.68,0.4941,2024-06-20,Core,Seasonal,Organic,Champagne,Large,Wool,Best,1.0786,1.28
SHL1677,Avery Oak Edit,Storage,Shelving,Shelving,Foundry Home,V003,106.45,206.4,206.4,0.4842,2024-03-26,Core,Active,Artisan,Oat,One Size,Rattan,Best,1.0296,1.28
SHL1678,Noir Cotton Collection,Storage,Shelving,Shelving,Atelier Edit,V008,66.2,140.16,140.16,0.5277,2023-10-17,Core,Active,Organic,Champagne,One Size,Rattan,Best,1.8621,1.28
SHL1679,Cove Marble Form,Storage,Shelving,Shelving,Foundry Home,V017,48.56,124.49,124.49,0.6099,2024-01-29,Core,Active,Artisan,Terracotta,Large,Ceramic,Best,0.7062,1.28
SHL1680,Noir Wool Edit,Storage,Shelving,Shelving,Atelier Edit,V001,59.26,152.14,152.14,0.6105,2023-08-15,Core,Active,Artisan,Espresso,Large,Stone,Best,0.9161,1.28
SHL1681,Harbour Ceramic Form,Storage,Shelving,Shelving,Atelier Edit,V008,50.42,120.86,120.86,0.5829,2023-10-23,Core,Seasonal,Minimal,Sand,One Size,Glass,Best,0.4648,1.28
SHL1682,Marlow Glass Line,Storage,Shelving,Shelving,Atelier Edit,V019,59.49,126.26,126.26,0.5288,2024-11-17,Core,Seasonal,Modern,Champagne,One Size,Linen,Best,0.4729,1.28
SHL1683,Sable Wool Edit,Storage,Shelving,Shelving,Foundry Home,V006,43.0,97.49,97.49,0.559,2024-06-21,Core,Active,Artisan,Espresso,Small,Linen,Best,0.3039,1.28
SHL1684,Aster Cotton Edit,Storage,Shelving,Shelving,Maison Reserve,V010,56.94,111.06,111.06,0.4873,2023-09-13,Core,Active,Minimal,Slate,One Size,Stone,Best,0.552,1.28
SHL1685,Avery Wool House,Storage,Shelving,Shelving,Northstar Collection,V017,83.21,178.11,178.11,0.5328,2023-07-20,Core,Active,Classic,Sand,Medium,Stone,Best,0.4185,1.28
SHL1686,Harbour Glass Collection,Storage,Shelving,Shelving,Maison Reserve,V007,87.73,174.57,174.57,0.4974,2024-01-10,Core,Active,Artisan,Natural,One Size,Brass,Best,0.7939,1.28
SHL1687,Vale Wool Edit,Storage,Shelving,Shelving,Foundry Home,V010,82.57,155.89,155.89,0.4703,2024-09-15,Core,Active,Classic,Espresso,Large,Linen,Best,0.7188,1.28
SHL1688,Avery Marble Atelier,Storage,Shelving,Shelving,Foundry Home,V001,82.5,170.73,170.73,0.5168,2023-10-04,Core,Active,Organic,Sand,Medium,Ceramic,Best,1.3313,1.28
SHL1689,Ridge Oak Edit,Storage,Shelving,Shelving,Foundry Home,V005,23.21,50.04,50.04,0.5362,2023-07-19,Core,Active,Artisan,Natural,Medium,Oak,Better,1.109,1.28
SHL1690,Aster Cotton Atelier,Storage,Shelving,Shelving,Foundry Home,V012,41.32,81.21,81.21,0.4912,2023-06-08,Core,Active,Minimal,Terracotta,Large,Rattan,Best,0.3375,1.28
SHL1691,Ridge Oak Atelier,Storage,Shelving,Shelving,Foundry Home,V001,30.94,67.1,67.1,0.5389,2023-06-12,Core,Active,Minimal,Ivory,Large,Linen,Better,0.4942,1.28
SHL1692,Marlow Stone Series,Storage,Shelving,Shelving,Atelier Edit,V007,38.01,83.41,83.41,0.5443,2024-05-08,Core,Active,Classic,Charcoal,Large,Stone,Best,0.7283,1.28
SHL1693,Cove Glass Studio,Storage,Shelving,Shelving,Maison Reserve,V013,47.47,88.27,88.27,0.4622,2024-09-22,Core,Active,Classic,Terracotta,Small,Brass,Best,0.565,1.28
SHL1694,Noir Wool Object,Storage,Shelving,Shelving,Foundry Home,V001,57.84,140.75,140.75,0.5891,2023-06-04,Core,Seasonal,Classic,Natural,Large,Wool,Best,0.7779,1.28
SHL1695,Luna Stone Vessel,Storage,Shelving,Shelving,Atelier Edit,V010,26.18,58.63,58.63,0.5534,2024-02-17,Core,Active,Minimal,Slate,Large,Ceramic,Better,0.447,1.28
SHL1696,Vale Marble Form,Storage,Shelving,Shelving,Maison Reserve,V013,23.72,51.37,51.37,0.5382,2024-11-25,Core,Active,Classic,Natural,Small,Brass,Better,1.1542,1.28
SHL1697,Luna Wool Edit,Storage,Shelving,Shelving,Atelier Edit,V002,44.85,103.75,103.75,0.5677,2024-01-03,Core,Active,Minimal,Sand,Medium,Cotton,Best,1.8885,1.28
SHL1698,Avery Oak Form,Storage,Shelving,Shelving,Northstar Collection,V007,34.64,77.69,77.69,0.5541,2024-03-30,Core,Active,Classic,Oat,Large,Oak,Best,0.8663,1.28
SHL1699,Ridge Wool Line,Storage,Shelving,Shelving,Northstar Collection,V018,42.61,84.03,84.03,0.4929,2023-11-04,Core,Active,Organic,Sand,One Size,Ceramic,Best,1.5594,1.28
SHL1700,Mira Rattan Vessel,Storage,Shelving,Shelving,Atelier Edit,V005,35.81,74.98,74.98,0.5223,2024-09-17,Core,Active,Minimal,Champagne,One Size,Linen,Best,1.1804,1.28
ORG1701,Sable Rattan Studio,Storage,Organizers,Organizers,Foundry Home,V008,24.73,57.68,57.68,0.5712,2023-09-07,Core,Active,Artisan,Terracotta,One Size,Stone,Better,1.2835,1.18
ORG1702,Avery Stone Line,Storage,Organizers,Organizers,Northstar Collection,V015,17.21,41.79,41.79,0.5881,2024-04-24,Core,Active,Artisan,Oat,Small,Glass,Better,0.7782,1.18
ORG1703,Harbour Linen Object,Storage,Organizers,Organizers,Maison Reserve,V006,24.12,53.13,53.13,0.546,2023-06-25,Core,Active,Classic,Sage,Large,Wool,Better,0.6406,1.18
ORG1704,Marlow Wool Edit,Storage,Organizers,Organizers,Maison Reserve,V010,17.17,42.21,42.21,0.5933,2023-07-02,Core,Active,Modern,Sage,One Size,Linen,Better,0.9958,1.18
ORG1705,Avery Glass Line,Storage,Organizers,Organizers,Foundry Home,V019,6.52,15.66,15.66,0.5834,2024-01-14,Core,Active,Classic,Charcoal,Medium,Glass,Entry,0.6784,1.18
ORG1706,Avery Brass Edit,Storage,Organizers,Organizers,Atelier Edit,V005,26.82,54.04,54.04,0.5036,2024-05-22,Core,Active,Classic,Ivory,Large,Ceramic,Better,0.8513,1.18
ORG1707,Mira Marble Form,Storage,Organizers,Organizers,Maison Reserve,V011,9.92,20.05,20.05,0.5053,2024-04-04,Core,Active,Classic,Sage,Large,Ceramic,Good,1.28,1.18
ORG1708,Ridge Ceramic Series,Storage,Organizers,Organizers,Maison Reserve,V018,32.71,64.71,64.71,0.4945,2024-12-07,Core,Active,Classic,Sage,Large,Cotton,Better,1.059,1.18
ORG1709,Mira Ceramic Line,Storage,Organizers,Organizers,Northstar Collection,V006,25.17,53.24,53.24,0.5273,2024-12-06,Core,Active,Modern,Slate,One Size,Rattan,Better,0.8698,1.18
ORG1710,Marlow Cotton Vessel,Storage,Organizers,Organizers,Maison Reserve,V011,42.11,103.07,103.07,0.5914,2024-08-03,Core,Active,Minimal,Terracotta,Large,Stone,Best,1.1336,1.18
ORG1711,Luna Marble Studio,Storage,Organizers,Organizers,Maison Reserve,V018,36.32,100.08,100.08,0.6371,2024-03-05,Core,Active,Organic,Sage,Small,Brass,Best,1.0991,1.18
ORG1712,Cove Brass House,Storage,Organizers,Organizers,Northstar Collection,V009,23.11,51.68,51.68,0.5529,2023-09-25,Core,Seasonal,Minimal,Oat,Medium,Rattan,Better,0.4621,1.18
ORG1713,Arc Linen Atelier,Storage,Organizers,Organizers,Foundry Home,V015,29.8,69.71,69.71,0.5726,2024-04-18,Core,Active,Organic,Terracotta,Small,Ceramic,Better,1.9031,1.18
ORG1714,Aster Ceramic Form,Storage,Organizers,Organizers,Maison Reserve,V001,15.23,31.83,31.83,0.5214,2023-08-20,Core,Seasonal,Artisan,Ivory,Medium,Marble,Good,0.3599,1.18
ORG1715,Sable Glass Line,Storage,Organizers,Organizers,Maison Reserve,V007,32.53,76.06,76.06,0.5723,2023-08-08,Core,Active,Classic,Natural,Small,Oak,Best,0.5895,1.18
ORG1716,Sable Marble Series,Storage,Organizers,Organizers,Northstar Collection,V014,27.9,57.93,57.93,0.5183,2024-08-30,Core,Seasonal,Modern,Sage,One Size,Cotton,Better,0.9597,1.18
ORG1717,Cove Stone Studio,Storage,Organizers,Organizers,Foundry Home,V004,36.35,83.03,83.03,0.5622,2024-05-14,Core,Active,Minimal,Espresso,One Size,Ceramic,Best,1.0588,1.18
ORG1718,Sable Rattan Edit,Storage,Organizers,Organizers,Atelier Edit,V010,19.26,43.55,43.55,0.5579,2023-07-04,Core,Active,Classic,Sage,Small,Stone,Better,0.9279,1.18
ORG1719,Marlow Brass Form,Storage,Organizers,Organizers,Maison Reserve,V014,12.41,25.52,25.52,0.5136,2023-08-12,Core,Seasonal,Classic,Ivory,Medium,Marble,Good,1.0632,1.18
ORG1720,Marlow Stone Vessel,Storage,Organizers,Organizers,Maison Reserve,V003,47.04,102.74,102.74,0.5422,2023-12-29,Core,Active,Artisan,Slate,One Size,Wool,Best,0.7648,1.18
ORG1721,Marlow Marble Series,Storage,Organizers,Organizers,Maison Reserve,V011,40.48,87.76,87.76,0.5388,2024-04-25,Core,Active,Artisan,Oat,Large,Oak,Best,0.5767,1.18
ORG1722,Noir Ceramic Atelier,Storage,Organizers,Organizers,Maison Reserve,V015,33.58,75.28,75.28,0.5539,2024-11-11,Core,Active,Modern,Charcoal,Large,Stone,Best,0.7638,1.18
ORG1723,Noir Wool Object,Storage,Organizers,Organizers,Maison Reserve,V002,22.64,45.68,45.68,0.5045,2024-07-19,Core,Active,Classic,Espresso,Medium,Glass,Better,0.9832,1.18
ORG1724,Mira Stone Collection,Storage,Organizers,Organizers,Atelier Edit,V011,19.95,42.43,42.43,0.5297,2023-06-05,Core,Active,Artisan,Slate,One Size,Brass,Better,1.1674,1.18
ORG1725,Sable Oak Series,Storage,Organizers,Organizers,Maison Reserve,V019,22.13,45.55,45.55,0.5143,2023-10-06,Core,Active,Modern,Slate,Large,Wool,Better,1.0568,1.18
ORG1726,Vale Wool Studio,Storage,Organizers,Organizers,Northstar Collection,V005,24.39,56.8,56.8,0.5707,2023-12-23,Core,Active,Artisan,Ivory,Small,Cotton,Better,1.4593,1.18
ORG1727,Ridge Wool House,Storage,Organizers,Organizers,Atelier Edit,V012,43.35,95.81,95.81,0.5475,2023-07-13,Core,Active,Classic,Champagne,Medium,Brass,Best,0.6689,1.18
ORG1728,Sable Rattan Collection,Storage,Organizers,Organizers,Foundry Home,V001,25.01,55.01,55.01,0.5454,2025-01-03,Core,Active,Classic,Slate,Large,Cotton,Better,0.6491,1.18
ORG1729,Luna Cotton Atelier,Storage,Organizers,Organizers,Foundry Home,V004,50.4,102.97,102.97,0.5105,2024-09-21,Core,Active,Modern,Slate,One Size,Cotton,Best,0.5908,1.18
ORG1730,Cove Marble Atelier,Storage,Organizers,Organizers,Foundry Home,V015,44.46,87.79,87.79,0.4936,2024-05-12,Core,Active,Artisan,Charcoal,Medium,Ceramic,Best,0.9396,1.18
ORG1731,Vale Marble Edit,Storage,Organizers,Organizers,Foundry Home,V018,12.58,28.22,28.22,0.5544,2023-10-27,Core,Active,Modern,Charcoal,One Size,Oak,Good,1.1055,1.18
ORG1732,Avery Ceramic Form,Storage,Organizers,Organizers,Foundry Home,V007,47.79,92.09,92.09,0.481,2024-04-13,Core,Active,Artisan,Ivory,Large,Linen,Best,0.6669,1.18
ORG1733,Vale Glass Series,Storage,Organizers,Organizers,Maison Reserve,V016,46.79,97.06,97.06,0.518,2023-12-08,Core,Seasonal,Minimal,Slate,Large,Glass,Best,2.074,1.18
ORG1734,Harbour Brass Atelier,Storage,Organizers,Organizers,Maison Reserve,V003,40.19,97.49,97.49,0.5878,2024-08-13,Core,Active,Organic,Ivory,Medium,Cotton,Best,0.4762,1.18
ORG1735,Mira Oak Edit,Storage,Organizers,Organizers,Northstar Collection,V009,36.35,92.89,92.89,0.6087,2024-06-26,Core,Active,Organic,Sand,Large,Rattan,Best,1.3134,1.18
ORG1736,Harbour Rattan Form,Storage,Organizers,Organizers,Maison Reserve,V015,42.84,90.1,90.1,0.5245,2023-10-10,Core,Active,Minimal,Champagne,One Size,Rattan,Best,1.1847,1.18
ORG1737,Luna Oak House,Storage,Organizers,Organizers,Northstar Collection,V001,29.12,61.85,61.85,0.5291,2023-09-15,Core,Active,Classic,Oat,Medium,Cotton,Better,1.1329,1.18
ORG1738,Harbour Glass Series,Storage,Organizers,Organizers,Atelier Edit,V009,20.24,43.49,30.44,0.5346,2024-05-18,Core,Exit,Artisan,Natural,One Size,Brass,Better,1.2391,1.18
ORG1739,Arc Stone Series,Storage,Organizers,Organizers,Maison Reserve,V018,34.92,79.29,79.29,0.5596,2024-06-19,Core,Active,Classic,Slate,Large,Stone,Best,0.8538,1.18
ORG1740,Luna Marble Vessel,Storage,Organizers,Organizers,Atelier Edit,V005,11.49,26.11,26.11,0.56,2024-11-24,Core,Active,Organic,Charcoal,Large,Marble,Good,0.6925,1.18
ORG1741,Aster Cotton Form,Storage,Organizers,Organizers,Maison Reserve,V011,32.57,81.07,81.07,0.5982,2023-07-28,Core,Active,Organic,Terracotta,Small,Stone,Best,0.8528,1.18
ORG1742,Marlow Stone Form,Storage,Organizers,Organizers,Northstar Collection,V017,22.24,45.09,45.09,0.5068,2023-12-29,Core,Active,Modern,Sage,One Size,Glass,Better,1.1378,1.18
ORG1743,Cove Wool Atelier,Storage,Organizers,Organizers,Atelier Edit,V006,59.64,113.56,113.56,0.4748,2023-12-01,Core,Active,Organic,Oat,Medium,Oak,Best,0.9875,1.18
ORG1744,Noir Glass House,Storage,Organizers,Organizers,Northstar Collection,V012,8.42,20.84,20.84,0.5959,2024-08-21,Core,Active,Minimal,Natural,Small,Marble,Good,1.9378,1.18
ORG1745,Marlow Brass Collection,Storage,Organizers,Organizers,Atelier Edit,V019,8.28,18.5,18.5,0.5522,2024-01-06,Core,Active,Minimal,Champagne,Large,Stone,Entry,1.1921,1.18
ORG1746,Noir Oak Object,Storage,Organizers,Organizers,Atelier Edit,V003,34.75,76.55,76.55,0.546,2023-12-11,Core,Active,Modern,Ivory,Medium,Rattan,Best,0.4707,1.18
ORG1747,Cove Glass Line,Storage,Organizers,Organizers,Foundry Home,V011,21.9,50.75,50.75,0.5686,2024-10-04,Core,Active,Modern,Espresso,One Size,Brass,Better,1.1981,1.18
ORG1748,Avery Linen Vessel,Storage,Organizers,Organizers,Maison Reserve,V019,9.1,20.74,20.74,0.5613,2024-03-21,Core,Active,Modern,Natural,Medium,Marble,Good,1.3546,1.18
ORG1749,Ridge Linen Studio,Storage,Organizers,Organizers,Maison Reserve,V006,15.07,31.34,31.34,0.519,2023-06-22,Core,Active,Modern,Sand,Large,Stone,Good,1.0092,1.18
ORG1750,Mira Oak Studio,Storage,Organizers,Organizers,Northstar Collection,V014,40.42,87.78,87.78,0.5395,2023-05-26,Core,Active,Minimal,Ivory,Medium,Rattan,Best,1.2395,1.18
ORG1751,Marlow Cotton Collection,Storage,Organizers,Organizers,Atelier Edit,V019,17.12,37.54,37.54,0.5438,2024-05-05,Core,Active,Organic,Oat,Large,Glass,Good,0.8556,1.18
ORG1752,Marlow Linen Line,Storage,Organizers,Organizers,Northstar Collection,V007,33.58,76.84,76.84,0.563,2023-07-04,Core,Seasonal,Modern,Ivory,Small,Glass,Best,0.7436,1.18
ORG1753,Luna Ceramic Edit,Storage,Organizers,Organizers,Maison Reserve,V012,22.0,51.69,51.69,0.5745,2023-10-14,Core,Active,Organic,Sand,Large,Marble,Better,0.9065,1.18
ORG1754,Noir Cotton Atelier,Storage,Organizers,Organizers,Atelier Edit,V003,27.39,60.18,42.13,0.5449,2024-01-17,Core,Exit,Minimal,Natural,One Size,Cotton,Better,0.7466,1.18
ORG1755,Noir Marble House,Storage,Organizers,Organizers,Foundry Home,V010,41.62,94.56,94.56,0.5598,2024-10-15,Core,Seasonal,Artisan,Oat,Large,Linen,Best,0.7985,1.18
ORG1756,Ridge Wool Series,Storage,Organizers,Organizers,Northstar Collection,V017,18.2,37.68,37.68,0.5171,2024-09-20,Core,Active,Modern,Champagne,Medium,Ceramic,Good,1.1073,1.18
ORG1757,Arc Wool Vessel,Storage,Organizers,Organizers,Foundry Home,V003,13.74,34.28,34.28,0.5993,2023-11-24,Core,Active,Classic,Champagne,One Size,Brass,Good,1.5892,1.18
ORG1758,Noir Ceramic Vessel,Storage,Organizers,Organizers,Maison Reserve,V009,32.96,78.05,78.05,0.5778,2023-05-27,Core,Active,Classic,Natural,Large,Linen,Best,1.5224,1.18
ORG1759,Noir Marble Object,Storage,Organizers,Organizers,Northstar Collection,V017,31.08,75.61,75.61,0.589,2024-06-19,Core,Active,Organic,Sand,Small,Stone,Best,0.9543,1.18
ORG1760,Cove Rattan House,Storage,Organizers,Organizers,Northstar Collection,V005,18.58,49.04,49.04,0.621,2023-11-19,Core,Active,Minimal,Champagne,One Size,Marble,Better,0.5989,1.18
ORG1761,Aster Stone House,Storage,Organizers,Organizers,Northstar Collection,V011,19.16,36.59,36.59,0.4764,2024-05-16,Core,Active,Minimal,Sand,One Size,Wool,Good,0.8969,1.18
ORG1762,Marlow Stone Edit,Storage,Organizers,Organizers,Foundry Home,V018,28.93,61.38,61.38,0.5287,2023-09-03,Core,Active,Minimal,Slate,Large,Stone,Better,1.267,1.18
ORG1763,Mira Glass Series,Storage,Organizers,Organizers,Foundry Home,V002,38.47,91.12,91.12,0.5779,2024-09-24,Core,Active,Classic,Ivory,One Size,Ceramic,Best,1.3964,1.18
ORG1764,Sable Wool House,Storage,Organizers,Organizers,Foundry Home,V013,28.62,78.9,78.9,0.6373,2023-10-25,Core,Active,Classic,Terracotta,Small,Glass,Best,0.6984,1.18
ORG1765,Noir Marble Object,Storage,Organizers,Organizers,Atelier Edit,V019,29.41,60.19,60.19,0.5113,2024-04-22,Core,Active,Organic,Natural,Medium,Oak,Better,0.8842,1.18
ORG1766,Cove Glass Studio,Storage,Organizers,Organizers,Maison Reserve,V003,20.1,44.4,44.4,0.5472,2024-01-13,Core,Active,Organic,Terracotta,Small,Linen,Better,1.3492,1.18
ORG1767,Vale Stone Vessel,Storage,Organizers,Organizers,Foundry Home,V011,23.57,52.03,52.03,0.5469,2024-09-02,Core,Active,Artisan,Charcoal,Large,Brass,Better,1.0057,1.18
ORG1768,Sable Linen Collection,Storage,Organizers,Organizers,Atelier Edit,V018,6.3,14.45,14.45,0.5638,2024-03-24,Core,Active,Classic,Oat,Large,Marble,Entry,0.8845,1.18
ORG1769,Luna Rattan Collection,Storage,Organizers,Organizers,Atelier Edit,V007,44.26,100.31,100.31,0.5588,2024-12-26,Core,Active,Classic,Terracotta,One Size,Stone,Best,0.7941,1.18
ORG1770,Luna Wool Form,Storage,Organizers,Organizers,Atelier Edit,V013,20.05,52.98,52.98,0.6215,2023-06-08,Core,Active,Modern,Sage,Medium,Ceramic,Better,0.9594,1.18
LGT1771,Luna Glass Series,Lighting,Table Lamps,Table Lamps,Atelier Edit,V001,26.22,56.47,56.47,0.5357,2024-02-15,Core,Active,Artisan,Sand,One Size,Glass,Better,1.1673,0.76
LGT1772,Cove Rattan Series,Lighting,Table Lamps,Table Lamps,Atelier Edit,V006,71.23,157.34,157.34,0.5473,2024-02-09,Core,Active,Modern,Champagne,One Size,Wool,Best,1.9365,0.76
LGT1773,Harbour Oak Edit,Lighting,Table Lamps,Table Lamps,Northstar Collection,V013,114.47,234.53,234.53,0.5119,2023-06-17,Core,Active,Minimal,Charcoal,Large,Marble,Best,3.2163,0.76
LGT1774,Vale Stone Atelier,Lighting,Table Lamps,Table Lamps,Northstar Collection,V001,96.12,207.76,207.76,0.5373,2023-08-14,Core,Active,Classic,Espresso,One Size,Oak,Best,0.7322,0.76
LGT1775,Noir Marble Series,Lighting,Table Lamps,Table Lamps,Northstar Collection,V009,110.02,221.29,221.29,0.5028,2023-07-11,Core,Active,Organic,Slate,Small,Glass,Best,3.16,0.76
LGT1776,Mira Glass Atelier,Lighting,Table Lamps,Table Lamps,Foundry Home,V017,41.56,99.44,99.44,0.5821,2023-11-07,Core,Active,Modern,Natural,Small,Cotton,Best,2.3603,0.76
LGT1777,Avery Brass Form,Lighting,Table Lamps,Table Lamps,Foundry Home,V020,100.68,191.72,191.72,0.4749,2023-12-31,Core,Active,Classic,Oat,One Size,Brass,Best,1.6996,0.76
LGT1778,Harbour Oak Studio,Lighting,Table Lamps,Table Lamps,Atelier Edit,V008,112.61,235.69,235.69,0.5222,2023-11-06,Core,Active,Minimal,Charcoal,Large,Marble,Best,2.0997,0.76
LGT1779,Aster Oak House,Lighting,Table Lamps,Table Lamps,Atelier Edit,V015,91.28,190.54,190.54,0.521,2024-08-04,Core,Active,Minimal,Terracotta,Large,Oak,Best,1.6573,0.76
LGT1780,Avery Marble Edit,Lighting,Table Lamps,Table Lamps,Maison Reserve,V004,55.88,111.72,111.72,0.4998,2024-05-15,Core,Active,Modern,Sand,Medium,Linen,Best,1.5494,0.76
LGT1781,Harbour Brass Atelier,Lighting,Table Lamps,Table Lamps,Northstar Collection,V011,54.21,142.42,142.42,0.6193,2024-12-02,Core,Active,Organic,Natural,Small,Oak,Best,1.5245,0.76
LGT1782,Aster Glass Vessel,Lighting,Table Lamps,Table Lamps,Foundry Home,V019,58.28,116.59,116.59,0.5001,2024-04-05,Core,Active,Organic,Slate,Large,Stone,Best,1.4573,0.76
LGT1783,Avery Glass Series,Lighting,Table Lamps,Table Lamps,Northstar Collection,V002,36.72,83.89,83.89,0.5623,2024-03-20,Core,Active,Organic,Natural,One Size,Rattan,Best,1.4456,0.76
LGT1784,Arc Brass Edit,Lighting,Table Lamps,Table Lamps,Atelier Edit,V010,35.56,82.7,82.7,0.57,2023-11-10,Core,Active,Minimal,Charcoal,Small,Rattan,Best,2.0835,0.76
LGT1785,Avery Ceramic Edit,Lighting,Table Lamps,Table Lamps,Atelier Edit,V018,44.46,105.62,105.62,0.579,2023-06-30,Core,Active,Artisan,Sage,One Size,Brass,Best,1.5592,0.76
LGT1786,Sable Glass Series,Lighting,Table Lamps,Table Lamps,Atelier Edit,V004,49.21,120.03,84.02,0.5901,2024-09-21,Core,Exit,Minimal,Sage,One Size,Ceramic,Best,1.3812,0.76
LGT1787,Mira Cotton Atelier,Lighting,Table Lamps,Table Lamps,Northstar Collection,V012,37.42,89.39,89.39,0.5814,2024-11-29,Core,Active,Organic,Slate,Large,Brass,Best,1.3541,0.76
LGT1788,Cove Oak Object,Lighting,Table Lamps,Table Lamps,Maison Reserve,V001,96.14,257.58,257.58,0.6268,2023-06-19,Core,Active,Classic,Champagne,Medium,Cotton,Best,2.1224,0.76
LGT1789,Vale Stone Vessel,Lighting,Table Lamps,Table Lamps,Northstar Collection,V008,82.38,170.3,170.3,0.5162,2024-09-09,Core,Active,Modern,Charcoal,Small,Brass,Best,1.9624,0.76
LGT1790,Marlow Stone Edit,Lighting,Table Lamps,Table Lamps,Foundry Home,V014,20.1,51.42,51.42,0.609,2023-08-12,Core,Active,Classic,Champagne,Medium,Brass,Better,0.9142,0.76
LGT1791,Sable Cotton Series,Lighting,Table Lamps,Table Lamps,Foundry Home,V002,33.7,85.44,85.44,0.6056,2024-07-12,Core,Seasonal,Modern,Sage,Medium,Brass,Best,1.5463,0.76
LGT1792,Marlow Stone Series,Lighting,Table Lamps,Table Lamps,Maison Reserve,V007,106.38,256.78,256.78,0.5857,2025-01-12,Core,Active,Organic,Champagne,Large,Ceramic,Best,2.0457,0.76
LGT1793,Harbour Glass Line,Lighting,Table Lamps,Table Lamps,Maison Reserve,V016,66.74,136.32,136.32,0.5104,2023-06-08,Core,Active,Minimal,Sage,Small,Brass,Best,1.1669,0.76
LGT1794,Cove Linen Form,Lighting,Table Lamps,Table Lamps,Foundry Home,V020,102.16,218.18,218.18,0.5318,2024-07-19,Core,Active,Artisan,Oat,Small,Oak,Best,2.2736,0.76
LGT1795,Harbour Cotton House,Lighting,Table Lamps,Table Lamps,Foundry Home,V006,73.48,147.19,147.19,0.5008,2024-10-28,Core,Active,Organic,Charcoal,Small,Glass,Best,0.9882,0.76
LGT1796,Sable Linen Atelier,Lighting,Table Lamps,Table Lamps,Atelier Edit,V017,109.57,240.99,240.99,0.5453,2023-09-28,Core,Active,Minimal,Natural,Medium,Wool,Best,1.431,0.76
LGT1797,Vale Marble Studio,Lighting,Table Lamps,Table Lamps,Atelier Edit,V020,104.0,206.02,206.02,0.4952,2024-05-01,Core,Active,Organic,Natural,One Size,Rattan,Best,2.0413,0.76
LGT1798,Arc Brass Vessel,Lighting,Table Lamps,Table Lamps,Foundry Home,V008,92.64,214.07,214.07,0.5672,2024-02-09,Core,Active,Minimal,Sage,Medium,Oak,Best,0.8549,0.76
LGT1799,Ridge Ceramic Line,Lighting,Table Lamps,Table Lamps,Atelier Edit,V016,83.88,173.5,173.5,0.5165,2024-07-24,Core,Active,Classic,Slate,One Size,Linen,Best,2.7388,0.76
LGT1800,Luna Marble Atelier,Lighting,Table Lamps,Table Lamps,Northstar Collection,V002,40.53,100.0,100.0,0.5947,2023-10-26,Core,Active,Artisan,Sand,Medium,Rattan,Best,1.5935,0.76
LGT1801,Aster Cotton Studio,Lighting,Table Lamps,Table Lamps,Atelier Edit,V012,106.81,240.32,240.32,0.5556,2024-08-30,Core,Active,Organic,Oat,Large,Oak,Best,2.0875,0.76
LGT1802,Vale Rattan Vessel,Lighting,Table Lamps,Table Lamps,Atelier Edit,V016,22.09,46.34,46.34,0.5233,2024-04-16,Core,Active,Artisan,Natural,One Size,Oak,Better,3.466,0.76
LGT1803,Harbour Marble Vessel,Lighting,Table Lamps,Table Lamps,Atelier Edit,V003,105.61,207.93,207.93,0.4921,2023-11-16,Core,Active,Minimal,Terracotta,Medium,Marble,Best,1.7556,0.76
LGT1804,Vale Ceramic House,Lighting,Table Lamps,Table Lamps,Foundry Home,V009,53.14,108.72,108.72,0.5112,2023-11-13,Core,Active,Artisan,Ivory,Large,Rattan,Best,2.0018,0.76
LGT1805,Arc Linen Atelier,Lighting,Table Lamps,Table Lamps,Atelier Edit,V019,56.32,123.78,123.78,0.545,2024-02-13,Core,Active,Artisan,Champagne,Large,Oak,Best,2.0412,0.76
LGT1806,Avery Glass Object,Lighting,Table Lamps,Table Lamps,Foundry Home,V007,69.16,142.44,142.44,0.5144,2024-04-03,Core,Active,Organic,Sand,One Size,Marble,Best,1.8978,0.76
LGT1807,Mira Linen Series,Lighting,Table Lamps,Table Lamps,Atelier Edit,V013,36.66,77.47,77.47,0.5267,2023-09-11,Core,Active,Organic,Charcoal,Medium,Brass,Best,1.5692,0.76
LGT1808,Noir Glass Atelier,Lighting,Table Lamps,Table Lamps,Atelier Edit,V018,71.63,182.44,182.44,0.6074,2024-02-05,Core,Active,Artisan,Ivory,Large,Stone,Best,1.8722,0.76
LGT1809,Harbour Cotton Form,Lighting,Table Lamps,Table Lamps,Northstar Collection,V007,83.43,166.07,166.07,0.4976,2023-12-23,Core,Active,Minimal,Espresso,Medium,Brass,Best,0.735,0.76
LGT1810,Luna Glass Series,Lighting,Table Lamps,Table Lamps,Northstar Collection,V012,38.32,85.09,85.09,0.5496,2024-09-01,Core,Seasonal,Minimal,Charcoal,Medium,Brass,Best,1.6351,0.76
LGT1811,Cove Rattan Studio,Lighting,Table Lamps,Table Lamps,Foundry Home,V019,94.47,224.26,224.26,0.5787,2024-12-11,Core,Active,Artisan,Champagne,One Size,Stone,Best,2.4967,0.76
LGT1812,Ridge Linen Vessel,Lighting,Table Lamps,Table Lamps,Northstar Collection,V006,92.81,196.86,196.86,0.5285,2023-08-08,Core,Active,Artisan,Sage,Medium,Cotton,Best,1.5921,0.76
LGT1813,Sable Linen Vessel,Lighting,Table Lamps,Table Lamps,Foundry Home,V012,93.35,224.7,224.7,0.5846,2024-07-17,Core,Active,Organic,Ivory,Small,Ceramic,Best,1.1106,0.76
LGT1814,Sable Marble Line,Lighting,Table Lamps,Table Lamps,Foundry Home,V003,85.0,165.28,165.28,0.4857,2023-12-25,Core,Active,Classic,Ivory,Medium,Glass,Best,1.3243,0.76
LGT1815,Mira Oak Object,Lighting,Table Lamps,Table Lamps,Foundry Home,V009,117.19,255.57,255.57,0.5415,2023-09-29,Core,Active,Artisan,Terracotta,One Size,Wool,Best,1.5675,0.76
LGT1816,Mira Rattan Studio,Lighting,Table Lamps,Table Lamps,Foundry Home,V016,63.74,156.13,156.13,0.5917,2024-08-15,Core,Active,Classic,Natural,Small,Ceramic,Best,1.2512,0.76
LGT1817,Noir Rattan Collection,Lighting,Table Lamps,Table Lamps,Foundry Home,V020,103.89,236.82,236.82,0.5613,2024-10-09,Core,Active,Classic,Espresso,Small,Brass,Best,1.0435,0.76
LGT1818,Aster Wool Collection,Lighting,Table Lamps,Table Lamps,Foundry Home,V008,58.21,129.84,129.84,0.5517,2024-11-16,Core,Seasonal,Modern,Natural,One Size,Ceramic,Best,0.6907,0.76
LGT1819,Vale Glass Atelier,Lighting,Table Lamps,Table Lamps,Atelier Edit,V015,49.24,97.26,97.26,0.4937,2024-10-30,Core,Active,Artisan,Oat,Large,Linen,Best,4.2304,0.76
LGT1820,Ridge Glass Studio,Lighting,Table Lamps,Table Lamps,Northstar Collection,V003,111.37,227.88,227.88,0.5113,2024-07-06,Core,Active,Organic,Sand,Medium,Stone,Best,2.4429,0.76
LGT1821,Luna Rattan Object,Lighting,Table Lamps,Table Lamps,Maison Reserve,V011,57.19,147.61,147.61,0.6125,2023-07-17,Core,Active,Minimal,Espresso,One Size,Marble,Best,2.5379,0.76
LGT1822,Luna Brass Vessel,Lighting,Table Lamps,Table Lamps,Foundry Home,V018,60.72,142.87,142.87,0.575,2023-10-05,Core,Active,Artisan,Natural,Medium,Marble,Best,0.5995,0.76
LGT1823,Noir Brass Object,Lighting,Table Lamps,Table Lamps,Northstar Collection,V002,29.79,83.62,83.62,0.6437,2023-10-13,Core,Active,Modern,Charcoal,Small,Glass,Best,1.5776,0.76
LGT1824,Noir Glass Studio,Lighting,Table Lamps,Table Lamps,Foundry Home,V013,72.68,181.99,181.99,0.6007,2024-06-18,Core,Active,Modern,Charcoal,Large,Brass,Best,2.0642,0.76
LGT1825,Ridge Oak Series,Lighting,Table Lamps,Table Lamps,Atelier Edit,V018,34.28,71.92,71.92,0.5234,2024-11-16,Core,Active,Classic,Champagne,One Size,Rattan,Best,2.0028,0.76
LGT1826,Ridge Marble Collection,Lighting,Table Lamps,Table Lamps,Foundry Home,V005,63.08,136.18,136.18,0.5368,2024-09-25,Core,Active,Classic,Charcoal,Medium,Oak,Best,2.4065,0.76
LGT1827,Aster Rattan House,Lighting,Table Lamps,Table Lamps,Atelier Edit,V011,39.59,78.76,78.76,0.4973,2023-05-23,Core,Active,Classic,Oat,Large,Wool,Best,2.1208,0.76
LGT1828,Ridge Wool Series,Lighting,Table Lamps,Table Lamps,Foundry Home,V017,43.14,98.46,98.46,0.5619,2024-10-09,Core,Active,Organic,Oat,Small,Wool,Best,1.6336,0.76
LGT1829,Luna Oak Studio,Lighting,Table Lamps,Table Lamps,Maison Reserve,V005,65.06,137.09,137.09,0.5254,2024-05-09,Core,Active,Organic,Sand,Small,Cotton,Best,2.2588,0.76
LGT1830,Avery Oak Line,Lighting,Table Lamps,Table Lamps,Atelier Edit,V011,21.43,47.08,47.08,0.5448,2024-09-18,Core,Active,Minimal,Ivory,Large,Wool,Better,1.1067,0.76
LGT1831,Ridge Wool Studio,Lighting,Table Lamps,Table Lamps,Maison Reserve,V020,34.6,74.19,74.19,0.5336,2023-09-21,Core,Active,Modern,Sand,One Size,Glass,Best,1.5905,0.76
LGT1832,Ridge Wool Object,Lighting,Table Lamps,Table Lamps,Foundry Home,V009,72.77,157.77,157.77,0.5387,2024-02-13,Core,Active,Modern,Champagne,Large,Ceramic,Best,1.6739,0.76
LGT1833,Cove Linen Series,Lighting,Table Lamps,Table Lamps,Atelier Edit,V014,92.09,196.81,196.81,0.5321,2024-03-17,Core,Active,Artisan,Terracotta,Medium,Ceramic,Best,1.836,0.76
LGT1834,Avery Ceramic Studio,Lighting,Table Lamps,Table Lamps,Foundry Home,V020,86.19,191.96,191.96,0.551,2024-03-23,Core,Seasonal,Modern,Sand,Large,Cotton,Best,0.8026,0.76
LGT1835,Arc Linen Line,Lighting,Table Lamps,Table Lamps,Northstar Collection,V008,60.06,150.37,150.37,0.6006,2024-10-06,Core,Active,Minimal,Oat,One Size,Glass,Best,3.5193,0.76
FLR1836,Arc Ceramic House,Lighting,Floor Lamps,Floor Lamps,Maison Reserve,V013,117.16,253.92,253.92,0.5386,2024-05-20,Core,Active,Minimal,Espresso,One Size,Stone,Best,2.3584,0.8
FLR1837,Mira Marble Series,Lighting,Floor Lamps,Floor Lamps,Atelier Edit,V004,125.88,242.92,242.92,0.4818,2023-07-02,Core,Active,Organic,Oat,Small,Stone,Best,1.3129,0.8
FLR1838,Harbour Ceramic Vessel,Lighting,Floor Lamps,Floor Lamps,Maison Reserve,V010,210.44,435.84,435.84,0.5172,2023-09-04,Core,Active,Artisan,Charcoal,Medium,Wool,Best,1.2394,0.8
FLR1839,Luna Wool House,Lighting,Floor Lamps,Floor Lamps,Foundry Home,V015,153.33,378.89,378.89,0.5953,2023-05-24,Core,Active,Artisan,Champagne,One Size,Wool,Best,1.6105,0.8
FLR1840,Vale Linen Collection,Lighting,Floor Lamps,Floor Lamps,Atelier Edit,V004,114.12,303.49,303.49,0.624,2023-05-24,Core,Active,Organic,Sand,Medium,Rattan,Best,2.1524,0.8
FLR1841,Sable Cotton Line,Lighting,Floor Lamps,Floor Lamps,Maison Reserve,V011,70.67,154.66,154.66,0.543,2024-04-30,Core,Active,Minimal,Champagne,Medium,Cotton,Best,1.2292,0.8
FLR1842,Mira Linen Form,Lighting,Floor Lamps,Floor Lamps,Maison Reserve,V019,182.3,348.62,348.62,0.4771,2024-08-05,Core,Active,Organic,Champagne,Small,Glass,Best,1.7983,0.8
FLR1843,Noir Glass Vessel,Lighting,Floor Lamps,Floor Lamps,Foundry Home,V003,180.66,341.28,238.9,0.4706,2025-01-02,Core,Exit,Classic,Slate,Large,Marble,Best,1.4439,0.8
FLR1844,Arc Cotton Atelier,Lighting,Floor Lamps,Floor Lamps,Maison Reserve,V009,102.08,274.66,274.66,0.6284,2024-12-05,Core,Active,Minimal,Slate,Large,Wool,Best,1.5087,0.8
FLR1845,Cove Rattan Object,Lighting,Floor Lamps,Floor Lamps,Northstar Collection,V018,176.25,348.6,348.6,0.4944,2023-11-06,Core,Active,Artisan,Terracotta,Medium,Linen,Best,1.3251,0.8
FLR1846,Avery Brass House,Lighting,Floor Lamps,Floor Lamps,Foundry Home,V006,170.42,398.96,398.96,0.5728,2024-12-18,Core,Active,Minimal,Natural,Large,Stone,Best,1.7733,0.8
FLR1847,Arc Stone Studio,Lighting,Floor Lamps,Floor Lamps,Foundry Home,V011,101.44,222.59,222.59,0.5443,2024-11-07,Core,Active,Organic,Espresso,Large,Stone,Best,2.0267,0.8
FLR1848,Avery Brass Form,Lighting,Floor Lamps,Floor Lamps,Atelier Edit,V019,131.97,279.75,279.75,0.5283,2023-11-02,Core,Active,Classic,Espresso,Small,Oak,Best,0.6018,0.8
FLR1849,Vale Wool Series,Lighting,Floor Lamps,Floor Lamps,Northstar Collection,V004,181.52,349.45,349.45,0.4806,2023-08-08,Core,Active,Classic,Espresso,One Size,Ceramic,Best,1.4033,0.8
FLR1850,Vale Marble Line,Lighting,Floor Lamps,Floor Lamps,Northstar Collection,V015,178.87,367.61,367.61,0.5134,2024-08-02,Core,Active,Artisan,Terracotta,Medium,Marble,Best,1.7941,0.8
FLR1851,Marlow Wool Object,Lighting,Floor Lamps,Floor Lamps,Foundry Home,V019,107.3,224.67,224.67,0.5224,2024-09-19,Core,Active,Organic,Terracotta,One Size,Wool,Best,1.3443,0.8
FLR1852,Mira Marble Series,Lighting,Floor Lamps,Floor Lamps,Northstar Collection,V007,74.85,162.56,162.56,0.5395,2024-01-03,Core,Active,Artisan,Natural,Large,Stone,Best,1.5816,0.8
FLR1853,Vale Linen Vessel,Lighting,Floor Lamps,Floor Lamps,Foundry Home,V012,198.02,398.31,398.31,0.5028,2024-01-20,Core,Active,Classic,Sand,One Size,Linen,Best,0.9956,0.8
FLR1854,Sable Cotton Series,Lighting,Floor Lamps,Floor Lamps,Foundry Home,V020,136.7,352.38,352.38,0.6121,2023-07-24,Core,Active,Modern,Natural,Medium,Brass,Best,2.7759,0.8
FLR1855,Luna Linen Object,Lighting,Floor Lamps,Floor Lamps,Foundry Home,V008,68.98,183.35,183.35,0.6238,2023-08-04,Core,Active,Classic,Terracotta,Medium,Glass,Best,1.3712,0.8
FLR1856,Cove Linen Studio,Lighting,Floor Lamps,Floor Lamps,Atelier Edit,V014,48.16,105.05,105.05,0.5416,2024-04-01,Core,Active,Artisan,Sand,Medium,Marble,Best,0.8722,0.8
FLR1857,Vale Oak Form,Lighting,Floor Lamps,Floor Lamps,Northstar Collection,V004,149.33,301.06,301.06,0.504,2024-05-04,Core,Active,Artisan,Ivory,Large,Rattan,Best,1.4606,0.8
FLR1858,Luna Wool Form,Lighting,Floor Lamps,Floor Lamps,Maison Reserve,V009,131.93,369.0,369.0,0.6425,2023-07-15,Core,Active,Modern,Espresso,Medium,Brass,Best,2.1959,0.8
FLR1859,Sable Oak Atelier,Lighting,Floor Lamps,Floor Lamps,Northstar Collection,V015,55.38,133.35,133.35,0.5847,2024-08-13,Core,Active,Organic,Champagne,Medium,Stone,Best,2.5751,0.8
FLR1860,Harbour Cotton Studio,Lighting,Floor Lamps,Floor Lamps,Atelier Edit,V005,136.2,275.95,275.95,0.5064,2024-12-08,Core,Active,Artisan,Ivory,Large,Brass,Best,1.0876,0.8
FLR1861,Sable Brass House,Lighting,Floor Lamps,Floor Lamps,Maison Reserve,V010,148.29,324.93,227.45,0.5436,2023-06-17,Core,Exit,Minimal,Terracotta,Medium,Glass,Best,1.1829,0.8
FLR1862,Cove Wool Vessel,Lighting,Floor Lamps,Floor Lamps,Foundry Home,V019,100.6,228.8,228.8,0.5603,2023-07-22,Core,Active,Organic,Ivory,Large,Wool,Best,1.0808,0.8
FLR1863,Luna Oak Collection,Lighting,Floor Lamps,Floor Lamps,Atelier Edit,V002,111.27,287.01,287.01,0.6123,2024-07-16,Core,Active,Organic,Oat,Small,Wool,Best,1.3383,0.8
FLR1864,Aster Brass Object,Lighting,Floor Lamps,Floor Lamps,Northstar Collection,V011,100.33,268.15,268.15,0.6259,2024-04-23,Core,Seasonal,Classic,Slate,One Size,Stone,Best,2.7266,0.8
FLR1865,Harbour Wool Collection,Lighting,Floor Lamps,Floor Lamps,Foundry Home,V016,160.71,415.39,415.39,0.6131,2024-05-08,Core,Active,Modern,Ivory,Large,Oak,Best,0.9166,0.8
FLR1866,Aster Glass Atelier,Lighting,Floor Lamps,Floor Lamps,Maison Reserve,V003,187.05,371.3,371.3,0.4962,2023-12-14,Core,Active,Modern,Oat,One Size,Oak,Best,1.765,0.8
FLR1867,Vale Ceramic Vessel,Lighting,Floor Lamps,Floor Lamps,Maison Reserve,V011,124.28,295.93,295.93,0.58,2024-07-16,Core,Active,Artisan,Champagne,Small,Marble,Best,1.8782,0.8
FLR1868,Arc Glass Studio,Lighting,Floor Lamps,Floor Lamps,Foundry Home,V018,115.65,252.6,252.6,0.5422,2024-08-30,Core,Active,Classic,Espresso,One Size,Cotton,Best,2.1032,0.8
FLR1869,Arc Cotton House,Lighting,Floor Lamps,Floor Lamps,Foundry Home,V005,150.9,343.54,343.54,0.5607,2024-12-08,Core,Active,Organic,Champagne,One Size,Oak,Best,1.7106,0.8
FLR1870,Cove Marble Form,Lighting,Floor Lamps,Floor Lamps,Foundry Home,V015,79.89,163.54,163.54,0.5115,2023-07-13,Core,Active,Organic,Natural,Large,Linen,Best,1.2188,0.8
FLR1871,Aster Oak Line,Lighting,Floor Lamps,Floor Lamps,Foundry Home,V018,161.35,406.05,284.24,0.6026,2024-01-21,Core,Exit,Classic,Slate,One Size,Cotton,Best,1.371,0.8
FLR1872,Luna Oak Atelier,Lighting,Floor Lamps,Floor Lamps,Northstar Collection,V008,50.38,112.36,112.36,0.5516,2024-09-27,Core,Active,Artisan,Espresso,Medium,Brass,Best,0.9895,0.8
FLR1873,Ridge Linen Line,Lighting,Floor Lamps,Floor Lamps,Northstar Collection,V012,104.38,221.76,221.76,0.5293,2024-02-28,Core,Active,Modern,Sand,One Size,Brass,Best,1.4463,0.8
FLR1874,Arc Marble Series,Lighting,Floor Lamps,Floor Lamps,Atelier Edit,V001,117.06,261.13,261.13,0.5517,2024-12-15,Core,Active,Artisan,Oat,Small,Oak,Best,1.9019,0.8
FLR1875,Ridge Cotton Collection,Lighting,Floor Lamps,Floor Lamps,Atelier Edit,V009,58.6,133.36,133.36,0.5606,2024-11-09,Core,Active,Organic,Ivory,Large,Brass,Best,1.5431,0.8
FLR1876,Noir Glass Collection,Lighting,Floor Lamps,Floor Lamps,Maison Reserve,V013,185.21,398.02,398.02,0.5347,2024-04-08,Core,Active,Modern,Champagne,Large,Oak,Best,1.1851,0.8
FLR1877,Aster Cotton Vessel,Lighting,Floor Lamps,Floor Lamps,Atelier Edit,V004,174.17,325.29,325.29,0.4646,2023-12-10,Core,Active,Modern,Slate,Medium,Brass,Best,0.9297,0.8
FLR1878,Luna Oak Line,Lighting,Floor Lamps,Floor Lamps,Foundry Home,V011,144.93,314.05,314.05,0.5385,2024-11-21,Core,Active,Artisan,Slate,Small,Cotton,Best,1.1601,0.8
FLR1879,Cove Cotton Series,Lighting,Floor Lamps,Floor Lamps,Northstar Collection,V016,110.75,205.64,205.64,0.4614,2023-09-20,Core,Active,Classic,Terracotta,Large,Ceramic,Best,1.4114,0.8
FLR1880,Mira Brass Vessel,Lighting,Floor Lamps,Floor Lamps,Atelier Edit,V005,163.4,377.47,377.47,0.5671,2024-11-22,Core,Active,Organic,Slate,Large,Oak,Best,1.4223,0.8
PEN1881,Avery Cotton Edit,Lighting,Pendants,Pendants,Maison Reserve,V008,248.68,542.99,542.99,0.542,2023-11-06,Core,Active,Modern,Sage,Large,Stone,Best,0.8489,0.84
PEN1882,Ridge Cotton Line,Lighting,Pendants,Pendants,Atelier Edit,V016,211.65,472.68,472.68,0.5522,2024-07-15,Core,Active,Organic,Natural,Medium,Glass,Best,1.4046,0.84
PEN1883,Noir Wool Atelier,Lighting,Pendants,Pendants,Maison Reserve,V002,158.25,388.69,388.69,0.5929,2023-07-14,Core,Active,Classic,Natural,Large,Stone,Best,1.4284,0.84
PEN1884,Mira Wool Object,Lighting,Pendants,Pendants,Maison Reserve,V009,190.55,424.7,424.7,0.5513,2024-09-03,Core,Active,Minimal,Sand,Small,Brass,Best,0.6774,0.84
PEN1885,Cove Cotton Series,Lighting,Pendants,Pendants,Northstar Collection,V019,147.14,348.31,348.31,0.5776,2024-08-07,Core,Seasonal,Minimal,Espresso,Medium,Stone,Best,0.4814,0.84
PEN1886,Sable Rattan Object,Lighting,Pendants,Pendants,Maison Reserve,V004,164.41,371.36,371.36,0.5573,2024-11-09,Core,Active,Modern,Terracotta,Small,Stone,Best,2.0274,0.84
PEN1887,Avery Ceramic Vessel,Lighting,Pendants,Pendants,Northstar Collection,V010,284.49,553.29,553.29,0.4858,2024-03-22,Core,Active,Artisan,Terracotta,Medium,Marble,Best,1.8798,0.84
PEN1888,Mira Cotton Atelier,Lighting,Pendants,Pendants,Foundry Home,V019,71.3,173.54,173.54,0.5891,2023-12-21,Core,Active,Classic,Ivory,One Size,Stone,Best,1.8594,0.84
PEN1889,Vale Marble Studio,Lighting,Pendants,Pendants,Northstar Collection,V004,108.5,270.95,270.95,0.5995,2024-12-02,Core,Active,Minimal,Sage,Medium,Oak,Best,0.5173,0.84
PEN1890,Avery Cotton Atelier,Lighting,Pendants,Pendants,Maison Reserve,V012,155.57,300.62,300.62,0.4825,2023-08-05,Core,Active,Artisan,Sand,One Size,Stone,Best,3.1872,0.84
PEN1891,Mira Stone Vessel,Lighting,Pendants,Pendants,Northstar Collection,V001,92.73,197.29,197.29,0.53,2024-12-02,Core,Active,Organic,Espresso,One Size,Linen,Best,0.7228,0.84
PEN1892,Cove Rattan Studio,Lighting,Pendants,Pendants,Foundry Home,V006,89.96,169.01,169.01,0.4677,2024-05-16,Core,Active,Artisan,Natural,Medium,Wool,Best,2.5463,0.84
PEN1893,Avery Rattan Object,Lighting,Pendants,Pendants,Atelier Edit,V014,170.55,455.89,455.89,0.6259,2024-11-03,Core,Active,Modern,Sand,One Size,Oak,Best,1.546,0.84
PEN1894,Sable Brass Atelier,Lighting,Pendants,Pendants,Atelier Edit,V002,172.38,401.84,281.29,0.571,2023-07-23,Core,Exit,Classic,Oat,One Size,Ceramic,Best,2.1772,0.84
PEN1895,Cove Rattan Form,Lighting,Pendants,Pendants,Foundry Home,V010,62.18,135.43,135.43,0.5409,2024-09-20,Core,Active,Artisan,Natural,Small,Glass,Best,2.0034,0.84
PEN1896,Noir Linen Series,Lighting,Pendants,Pendants,Maison Reserve,V015,207.09,432.3,432.3,0.521,2023-08-09,Core,Active,Minimal,Terracotta,One Size,Wool,Best,1.4823,0.84
PEN1897,Mira Ceramic Collection,Lighting,Pendants,Pendants,Foundry Home,V001,247.4,500.96,500.96,0.5061,2024-03-05,Core,Active,Modern,Oat,Large,Oak,Best,0.8111,0.84
PEN1898,Aster Stone Form,Lighting,Pendants,Pendants,Atelier Edit,V009,169.22,330.54,330.54,0.488,2024-08-27,Core,Active,Artisan,Espresso,Medium,Stone,Best,1.2047,0.84
PEN1899,Sable Ceramic Object,Lighting,Pendants,Pendants,Northstar Collection,V017,112.27,245.08,245.08,0.5419,2023-08-10,Core,Active,Modern,Ivory,Small,Ceramic,Best,1.0266,0.84
PEN1900,Vale Glass Vessel,Lighting,Pendants,Pendants,Maison Reserve,V005,172.28,313.53,313.53,0.4505,2023-08-16,Core,Active,Modern,Sage,Large,Ceramic,Best,2.4194,0.84
PEN1901,Aster Cotton Vessel,Lighting,Pendants,Pendants,Foundry Home,V010,83.0,186.36,186.36,0.5546,2024-07-26,Core,Seasonal,Modern,Slate,Medium,Brass,Best,1.4155,0.84
PEN1902,Mira Rattan Atelier,Lighting,Pendants,Pendants,Foundry Home,V019,175.75,411.55,411.55,0.573,2023-08-25,Core,Seasonal,Minimal,Charcoal,One Size,Cotton,Best,1.3124,0.84
PEN1903,Marlow Wool Object,Lighting,Pendants,Pendants,Northstar Collection,V006,93.71,180.56,180.56,0.481,2024-11-11,Core,Active,Artisan,Oat,Medium,Wool,Best,1.8932,0.84
PEN1904,Sable Brass House,Lighting,Pendants,Pendants,Foundry Home,V013,192.0,431.37,431.37,0.5549,2024-07-21,Core,Active,Organic,Oat,Medium,Marble,Best,1.5836,0.84
PEN1905,Harbour Stone Object,Lighting,Pendants,Pendants,Maison Reserve,V016,124.54,264.27,264.27,0.5287,2024-03-26,Core,Active,Modern,Oat,Medium,Wool,Best,2.6902,0.84
PEN1906,Cove Ceramic Form,Lighting,Pendants,Pendants,Atelier Edit,V005,192.13,394.53,394.53,0.513,2024-11-24,Core,Active,Artisan,Sand,Large,Ceramic,Best,0.5152,0.84
PEN1907,Harbour Ceramic Vessel,Lighting,Pendants,Pendants,Northstar Collection,V013,117.96,243.27,243.27,0.5151,2024-08-22,Core,Active,Classic,Champagne,Large,Rattan,Best,2.2497,0.84
PEN1908,Luna Marble Vessel,Lighting,Pendants,Pendants,Foundry Home,V001,112.74,272.02,272.02,0.5856,2024-01-15,Core,Active,Organic,Charcoal,Large,Stone,Best,2.1392,0.84
PEN1909,Avery Rattan House,Lighting,Pendants,Pendants,Northstar Collection,V004,132.89,304.31,304.31,0.5633,2023-11-12,Core,Active,Modern,Ivory,Large,Ceramic,Best,1.1094,0.84
PEN1910,Sable Ceramic Series,Lighting,Pendants,Pendants,Northstar Collection,V015,278.25,550.52,550.52,0.4946,2023-12-02,Core,Active,Modern,Espresso,One Size,Ceramic,Best,1.0164,0.84
PEN1911,Vale Brass Studio,Lighting,Pendants,Pendants,Foundry Home,V001,66.57,138.36,138.36,0.5189,2023-08-21,Core,Active,Modern,Champagne,Small,Linen,Best,3.4082,0.84
PEN1912,Marlow Ceramic House,Lighting,Pendants,Pendants,Foundry Home,V006,50.61,119.91,119.91,0.5779,2023-06-28,Core,Active,Minimal,Sand,One Size,Wool,Best,0.7771,0.84
PEN1913,Vale Brass Line,Lighting,Pendants,Pendants,Maison Reserve,V013,127.57,250.78,250.78,0.4913,2024-03-02,Core,Seasonal,Artisan,Ivory,Small,Brass,Best,1.449,0.84
PEN1914,Vale Ceramic Object,Lighting,Pendants,Pendants,Northstar Collection,V020,98.2,222.13,222.13,0.5579,2023-05-30,Core,Active,Organic,Terracotta,One Size,Rattan,Best,0.7683,0.84
PEN1915,Noir Stone Line,Lighting,Pendants,Pendants,Maison Reserve,V009,159.78,337.62,337.62,0.5267,2023-07-11,Core,Active,Classic,Slate,Small,Glass,Best,1.4819,0.84
PEN1916,Sable Oak Object,Lighting,Pendants,Pendants,Atelier Edit,V013,123.92,281.31,281.31,0.5595,2024-03-14,Core,Active,Artisan,Sand,One Size,Wool,Best,0.9814,0.84
PEN1917,Avery Wool Atelier,Lighting,Pendants,Pendants,Atelier Edit,V020,148.18,363.52,363.52,0.5924,2024-11-10,Core,Active,Artisan,Slate,One Size,Marble,Best,0.8209,0.84
PEN1918,Arc Rattan Atelier,Lighting,Pendants,Pendants,Atelier Edit,V011,227.12,494.4,494.4,0.5406,2024-06-22,Core,Active,Organic,Slate,Medium,Glass,Best,1.5301,0.84
PEN1919,Aster Oak Series,Lighting,Pendants,Pendants,Atelier Edit,V018,124.9,326.64,326.64,0.6176,2023-11-24,Core,Active,Modern,Champagne,One Size,Glass,Best,1.1316,0.84
PEN1920,Mira Stone Edit,Lighting,Pendants,Pendants,Foundry Home,V004,125.3,322.41,322.41,0.6114,2024-09-28,Core,Seasonal,Minimal,Charcoal,Medium,Wool,Best,0.9953,0.84
CHR1921,Harbour Wool Line,Seasonal,Christmas Decor,Christmas Decor,Northstar Collection,V011,55.85,129.77,129.77,0.5696,2023-07-21,Christmas,Active,Organic,Terracotta,One Size,Wool,Best,1.9147,0.92
CHR1922,Mira Marble Studio,Seasonal,Christmas Decor,Christmas Decor,Atelier Edit,V019,61.11,151.76,151.76,0.5973,2024-03-05,Christmas,Active,Modern,Espresso,Medium,Oak,Best,2.8025,0.92
CHR1923,Sable Brass House,Seasonal,Christmas Decor,Christmas Decor,Maison Reserve,V005,28.8,60.57,60.57,0.5245,2024-01-10,Christmas,Active,Organic,Ivory,One Size,Oak,Better,0.7273,0.92
CHR1924,Luna Ceramic Form,Seasonal,Christmas Decor,Christmas Decor,Atelier Edit,V013,80.56,162.65,162.65,0.5047,2024-08-17,Christmas,Active,Minimal,Sage,One Size,Ceramic,Best,1.0977,0.92
CHR1925,Harbour Cotton Studio,Seasonal,Christmas Decor,Christmas Decor,Northstar Collection,V016,35.67,74.2,74.2,0.5192,2024-02-14,Christmas,Seasonal,Classic,Champagne,Small,Marble,Best,1.2383,0.92
CHR1926,Aster Cotton Edit,Seasonal,Christmas Decor,Christmas Decor,Foundry Home,V004,33.09,70.48,70.48,0.5305,2024-07-01,Christmas,Active,Modern,Natural,Small,Ceramic,Best,1.9317,0.92
CHR1927,Luna Cotton Series,Seasonal,Christmas Decor,Christmas Decor,Northstar Collection,V010,36.16,90.45,90.45,0.6002,2024-04-10,Christmas,Active,Organic,Slate,Medium,Oak,Best,2.2986,0.92
CHR1928,Mira Rattan Studio,Seasonal,Christmas Decor,Christmas Decor,Foundry Home,V018,61.62,133.11,133.11,0.537,2024-06-19,Christmas,Active,Minimal,Charcoal,Small,Marble,Best,1.5827,0.92
CHR1929,Cove Marble Vessel,Seasonal,Christmas Decor,Christmas Decor,Northstar Collection,V005,71.25,153.91,153.91,0.5371,2023-11-25,Christmas,Active,Minimal,Champagne,One Size,Ceramic,Best,0.6795,0.92
CHR1930,Noir Ceramic House,Seasonal,Christmas Decor,Christmas Decor,Maison Reserve,V012,56.97,154.73,154.73,0.6318,2024-02-03,Christmas,Active,Classic,Champagne,Small,Glass,Best,2.5959,0.92
CHR1931,Harbour Stone House,Seasonal,Christmas Decor,Christmas Decor,Foundry Home,V002,38.44,98.31,98.31,0.609,2023-05-27,Christmas,Active,Classic,Natural,One Size,Cotton,Best,0.9178,0.92
CHR1932,Mira Marble House,Seasonal,Christmas Decor,Christmas Decor,Maison Reserve,V007,76.7,176.69,176.69,0.5659,2024-03-22,Christmas,Active,Modern,Oat,One Size,Ceramic,Best,1.6229,0.92
CHR1933,Sable Ceramic House,Seasonal,Christmas Decor,Christmas Decor,Northstar Collection,V012,48.68,96.01,96.01,0.493,2024-12-28,Christmas,Active,Artisan,Sage,One Size,Wool,Best,1.1953,0.92
CHR1934,Sable Linen Series,Seasonal,Christmas Decor,Christmas Decor,Northstar Collection,V002,13.61,29.93,29.93,0.5454,2024-08-15,Christmas,Active,Classic,Oat,Medium,Oak,Good,2.5617,0.92
CHR1935,Avery Brass Edit,Seasonal,Christmas Decor,Christmas Decor,Maison Reserve,V009,55.2,131.34,131.34,0.5797,2024-10-04,Christmas,Active,Minimal,Sage,Large,Glass,Best,1.8579,0.92
CHR1936,Harbour Wool Studio,Seasonal,Christmas Decor,Christmas Decor,Maison Reserve,V013,49.53,121.07,121.07,0.5909,2024-02-21,Christmas,Active,Organic,Ivory,One Size,Cotton,Best,3.0975,0.92
CHR1937,Noir Oak Atelier,Seasonal,Christmas Decor,Christmas Decor,Atelier Edit,V003,79.94,138.27,138.27,0.4218,2024-10-10,Christmas,Active,Minimal,Champagne,Large,Cotton,Best,1.1469,0.92
CHR1938,Cove Oak Edit,Seasonal,Christmas Decor,Christmas Decor,Maison Reserve,V011,30.21,79.43,79.43,0.6197,2024-08-18,Christmas,Active,Modern,Oat,Small,Oak,Best,0.9346,0.92
CHR1939,Cove Brass Vessel,Seasonal,Christmas Decor,Christmas Decor,Northstar Collection,V017,71.81,169.0,169.0,0.5751,2023-07-24,Christmas,Active,Classic,Ivory,Large,Glass,Best,2.2156,0.92
CHR1940,Luna Cotton Collection,Seasonal,Christmas Decor,Christmas Decor,Foundry Home,V002,25.6,61.14,61.14,0.5813,2023-09-02,Christmas,Active,Modern,Champagne,Medium,Oak,Better,0.8358,0.92
CHR1941,Aster Stone Object,Seasonal,Christmas Decor,Christmas Decor,Atelier Edit,V010,23.15,47.37,47.37,0.5114,2024-04-30,Christmas,Active,Organic,Natural,Small,Marble,Better,2.1002,0.92
CHR1942,Marlow Rattan Edit,Seasonal,Christmas Decor,Christmas Decor,Foundry Home,V019,26.21,66.63,66.63,0.6067,2024-07-04,Christmas,Seasonal,Modern,Sand,One Size,Glass,Better,0.8248,0.92
CHR1943,Arc Oak House,Seasonal,Christmas Decor,Christmas Decor,Northstar Collection,V003,32.61,72.53,72.53,0.5503,2024-08-12,Christmas,Active,Organic,Oat,One Size,Stone,Best,0.9888,0.92
CHR1944,Cove Oak Collection,Seasonal,Christmas Decor,Christmas Decor,Northstar Collection,V012,19.68,41.83,41.83,0.5295,2023-10-04,Christmas,Active,Minimal,Champagne,Small,Rattan,Better,1.2241,0.92
CHR1945,Vale Marble Edit,Seasonal,Christmas Decor,Christmas Decor,Maison Reserve,V017,49.47,121.77,121.77,0.5938,2024-05-31,Christmas,Active,Organic,Espresso,Medium,Wool,Best,0.9936,0.92
CHR1946,Arc Oak Line,Seasonal,Christmas Decor,Christmas Decor,Foundry Home,V007,15.62,36.55,36.55,0.5725,2023-09-25,Christmas,Active,Minimal,Charcoal,Small,Rattan,Good,1.3179,0.92
CHR1947,Ridge Oak Studio,Seasonal,Christmas Decor,Christmas Decor,Northstar Collection,V012,45.24,85.27,85.27,0.4694,2024-08-13,Christmas,Active,Artisan,Champagne,Large,Cotton,Best,1.6656,0.92
CHR1948,Vale Ceramic Collection,Seasonal,Christmas Decor,Christmas Decor,Atelier Edit,V017,87.89,169.9,169.9,0.4827,2023-05-29,Christmas,Active,Organic,Natural,Small,Oak,Best,2.2352,0.92
CHR1949,Vale Rattan Form,Seasonal,Christmas Decor,Christmas Decor,Atelier Edit,V005,78.65,135.61,135.61,0.42,2024-07-08,Christmas,Active,Modern,Ivory,One Size,Oak,Best,0.9549,0.92
CHR1950,Sable Stone Line,Seasonal,Christmas Decor,Christmas Decor,Northstar Collection,V014,18.95,44.25,44.25,0.5718,2024-10-06,Christmas,Active,Classic,Champagne,Medium,Rattan,Better,0.7138,0.92
CHR1951,Avery Stone Line,Seasonal,Christmas Decor,Christmas Decor,Northstar Collection,V019,21.17,50.1,50.1,0.5774,2024-01-22,Christmas,Active,Modern,Natural,Large,Stone,Better,2.3738,0.92
CHR1952,Avery Ceramic Object,Seasonal,Christmas Decor,Christmas Decor,Northstar Collection,V005,56.34,113.75,113.75,0.5047,2024-10-30,Christmas,Seasonal,Minimal,Sage,Medium,Glass,Best,1.0919,0.92
CHR1953,Avery Cotton Atelier,Seasonal,Christmas Decor,Christmas Decor,Atelier Edit,V014,9.91,20.26,20.26,0.5107,2024-08-23,Christmas,Active,Artisan,Sand,One Size,Stone,Good,0.9545,0.92
CHR1954,Cove Rattan Object,Seasonal,Christmas Decor,Christmas Decor,Maison Reserve,V020,66.47,149.13,149.13,0.5543,2024-01-03,Christmas,Active,Modern,Ivory,Medium,Glass,Best,1.4377,0.92
CHR1955,Harbour Ceramic Studio,Seasonal,Christmas Decor,Christmas Decor,Foundry Home,V009,70.98,137.7,137.7,0.4845,2023-11-03,Christmas,Active,Artisan,Sand,Medium,Ceramic,Best,0.9233,0.92
CHR1956,Noir Oak Series,Seasonal,Christmas Decor,Christmas Decor,Atelier Edit,V016,14.01,30.4,30.4,0.5392,2024-02-01,Christmas,Active,Modern,Espresso,One Size,Glass,Good,0.9922,0.92
CHR1957,Marlow Marble House,Seasonal,Christmas Decor,Christmas Decor,Maison Reserve,V004,47.35,112.9,112.9,0.5806,2023-07-07,Christmas,Active,Artisan,Espresso,Small,Stone,Best,4.2681,0.92
CHR1958,Arc Brass Edit,Seasonal,Christmas Decor,Christmas Decor,Foundry Home,V008,75.25,133.78,133.78,0.4375,2023-08-07,Christmas,Active,Artisan,Ivory,Large,Linen,Best,0.9108,0.92
CHR1959,Sable Ceramic Collection,Seasonal,Christmas Decor,Christmas Decor,Northstar Collection,V016,25.57,53.08,53.08,0.5184,2023-08-06,Christmas,Active,Minimal,Natural,Small,Oak,Better,0.9719,0.92
CHR1960,Cove Stone Series,Seasonal,Christmas Decor,Christmas Decor,Atelier Edit,V005,56.81,121.0,121.0,0.5305,2024-12-31,Christmas,Active,Classic,Terracotta,Small,Stone,Best,1.2665,0.92
CHR1961,Aster Wool Form,Seasonal,Christmas Decor,Christmas Decor,Foundry Home,V011,73.53,145.9,145.9,0.496,2024-08-25,Christmas,Active,Modern,Ivory,One Size,Stone,Best,0.8891,0.92
CHR1962,Mira Marble Collection,Seasonal,Christmas Decor,Christmas Decor,Atelier Edit,V016,14.0,33.99,33.99,0.5882,2024-07-08,Christmas,Active,Classic,Champagne,One Size,Wool,Good,1.1628,0.92
CHR1963,Cove Cotton Vessel,Seasonal,Christmas Decor,Christmas Decor,Foundry Home,V005,52.02,148.64,148.64,0.65,2024-08-20,Christmas,Active,Classic,Slate,Medium,Wool,Best,3.0261,0.92
CHR1964,Ridge Glass House,Seasonal,Christmas Decor,Christmas Decor,Atelier Edit,V011,89.52,154.34,154.34,0.42,2024-08-26,Christmas,Active,Modern,Natural,Medium,Linen,Best,1.6315,0.92
CHR1965,Noir Oak Series,Seasonal,Christmas Decor,Christmas Decor,Foundry Home,V020,19.75,51.06,51.06,0.6131,2024-02-08,Christmas,Active,Artisan,Espresso,Large,Glass,Better,1.2375,0.92
CHR1966,Ridge Glass Atelier,Seasonal,Christmas Decor,Christmas Decor,Maison Reserve,V005,52.13,118.0,118.0,0.5582,2023-06-23,Christmas,Active,Organic,Charcoal,Small,Cotton,Best,1.0336,0.92
CHR1967,Mira Oak Series,Seasonal,Christmas Decor,Christmas Decor,Northstar Collection,V011,21.02,45.69,45.69,0.5398,2023-08-11,Christmas,Active,Classic,Charcoal,Medium,Stone,Better,1.3153,0.92
CHR1968,Aster Oak Vessel,Seasonal,Christmas Decor,Christmas Decor,Foundry Home,V020,12.45,38.84,38.84,0.6795,2024-06-12,Christmas,Active,Organic,Espresso,Large,Marble,Good,1.3151,0.92
CHR1969,Arc Marble Collection,Seasonal,Christmas Decor,Christmas Decor,Atelier Edit,V008,9.02,24.43,24.43,0.6309,2024-10-30,Christmas,Active,Modern,Terracotta,Large,Rattan,Good,1.2731,0.92
CHR1970,Sable Oak Studio,Seasonal,Christmas Decor,Christmas Decor,Northstar Collection,V014,36.17,93.77,93.77,0.6142,2023-08-20,Christmas,Active,Modern,Oat,Small,Glass,Best,1.5307,0.92
CHR1971,Marlow Stone Studio,Seasonal,Christmas Decor,Christmas Decor,Atelier Edit,V001,67.01,164.41,164.41,0.5924,2023-10-13,Christmas,Active,Artisan,Champagne,Medium,Glass,Best,0.7885,0.92
CHR1972,Aster Wool Atelier,Seasonal,Christmas Decor,Christmas Decor,Atelier Edit,V006,42.9,103.34,103.34,0.5848,2023-11-05,Christmas,Active,Artisan,Espresso,Medium,Rattan,Best,2.0984,0.92
CHR1973,Cove Ceramic House,Seasonal,Christmas Decor,Christmas Decor,Atelier Edit,V014,61.25,119.33,119.33,0.4867,2023-09-26,Christmas,Active,Organic,Slate,Large,Linen,Best,0.941,0.92
CHR1974,Arc Cotton Object,Seasonal,Christmas Decor,Christmas Decor,Atelier Edit,V001,8.26,17.86,17.86,0.5373,2024-04-28,Christmas,Active,Artisan,Oat,Large,Stone,Entry,2.8111,0.92
CHR1975,Cove Stone Form,Seasonal,Christmas Decor,Christmas Decor,Northstar Collection,V009,38.4,89.67,89.67,0.5718,2024-06-23,Christmas,Active,Organic,Espresso,Medium,Cotton,Best,1.1712,0.92
CHR1976,Avery Ceramic Object,Seasonal,Christmas Decor,Christmas Decor,Foundry Home,V017,36.53,74.92,74.92,0.5124,2023-11-03,Christmas,Active,Classic,Ivory,Medium,Cotton,Best,2.1182,0.92
CHR1977,Avery Glass House,Seasonal,Christmas Decor,Christmas Decor,Northstar Collection,V002,48.76,108.83,108.83,0.552,2023-10-16,Christmas,Active,Classic,Natural,Small,Glass,Best,0.9329,0.92
CHR1978,Avery Brass Vessel,Seasonal,Christmas Decor,Christmas Decor,Foundry Home,V010,31.34,72.63,72.63,0.5686,2024-12-21,Christmas,Seasonal,Modern,Espresso,Medium,Oak,Best,2.2368,0.92
CHR1979,Aster Wool House,Seasonal,Christmas Decor,Christmas Decor,Northstar Collection,V015,74.45,156.32,156.32,0.5238,2023-12-04,Christmas,Active,Classic,Sage,Medium,Linen,Best,0.7317,0.92
CHR1980,Luna Glass Vessel,Seasonal,Christmas Decor,Christmas Decor,Maison Reserve,V004,56.99,128.22,128.22,0.5555,2024-08-22,Christmas,Active,Artisan,Espresso,Large,Marble,Best,1.4646,0.92
CHR1981,Avery Ceramic Vessel,Seasonal,Christmas Decor,Christmas Decor,Atelier Edit,V012,37.65,73.22,73.22,0.4857,2024-03-23,Christmas,Active,Organic,Terracotta,One Size,Linen,Best,2.1483,0.92
CHR1982,Avery Marble Object,Seasonal,Christmas Decor,Christmas Decor,Maison Reserve,V016,74.33,153.87,153.87,0.5169,2023-12-04,Christmas,Active,Classic,Ivory,One Size,Glass,Best,1.4033,0.92
CHR1983,Vale Cotton Line,Seasonal,Christmas Decor,Christmas Decor,Atelier Edit,V002,35.32,70.07,70.07,0.4959,2023-08-26,Christmas,Active,Artisan,Terracotta,Small,Rattan,Best,1.1518,0.92
CHR1984,Vale Brass Atelier,Seasonal,Christmas Decor,Christmas Decor,Foundry Home,V011,65.19,152.14,152.14,0.5715,2023-07-30,Christmas,Active,Minimal,Sage,Small,Cotton,Best,0.8386,0.92
CHR1985,Harbour Brass Object,Seasonal,Christmas Decor,Christmas Decor,Northstar Collection,V017,66.3,133.73,133.73,0.5042,2024-09-18,Christmas,Active,Organic,Sage,Small,Ceramic,Best,2.1429,0.92
HAL1986,Vale Stone Series,Seasonal,Halloween,Halloween,Maison Reserve,V006,10.58,25.73,25.73,0.5889,2024-01-06,Halloween,Active,Modern,Sand,One Size,Linen,Good,1.2236,1.08
HAL1987,Ridge Stone Form,Seasonal,Halloween,Halloween,Northstar Collection,V010,18.13,40.28,40.28,0.55,2023-09-29,Halloween,Active,Artisan,Terracotta,Small,Oak,Better,0.8706,1.08
HAL1988,Ridge Ceramic Form,Seasonal,Halloween,Halloween,Atelier Edit,V018,22.92,42.69,29.88,0.4631,2024-04-13,Halloween,Exit,Modern,Oat,Medium,Ceramic,Better,0.9543,1.08
HAL1989,Harbour Oak Atelier,Seasonal,Halloween,Halloween,Foundry Home,V008,41.05,84.74,84.74,0.5156,2025-01-02,Halloween,Active,Artisan,Champagne,Large,Marble,Best,0.9506,1.08
HAL1990,Cove Rattan Vessel,Seasonal,Halloween,Halloween,Northstar Collection,V011,27.43,51.9,51.9,0.4715,2023-09-15,Halloween,Active,Artisan,Oat,Small,Linen,Better,1.0527,1.08
HAL1991,Noir Glass House,Seasonal,Halloween,Halloween,Foundry Home,V002,32.58,81.6,81.6,0.6007,2023-09-05,Halloween,Active,Modern,Natural,Large,Glass,Best,1.2288,1.08
HAL1992,Marlow Stone Series,Seasonal,Halloween,Halloween,Foundry Home,V007,18.25,39.07,39.07,0.5329,2024-08-14,Halloween,Active,Modern,Sand,One Size,Glass,Good,1.2775,1.08
HAL1993,Vale Wool Edit,Seasonal,Halloween,Halloween,Foundry Home,V012,38.69,81.51,81.51,0.5253,2024-11-26,Halloween,Active,Artisan,Espresso,Small,Ceramic,Best,0.6712,1.08
HAL1994,Aster Brass Edit,Seasonal,Halloween,Halloween,Atelier Edit,V020,12.36,26.31,26.31,0.5304,2023-08-14,Halloween,Active,Minimal,Oat,One Size,Linen,Good,0.9626,1.08
HAL1995,Arc Oak Form,Seasonal,Halloween,Halloween,Northstar Collection,V009,20.46,49.97,49.97,0.5905,2024-06-14,Halloween,Active,Artisan,Sage,Medium,Wool,Better,0.3803,1.08
HAL1996,Aster Rattan House,Seasonal,Halloween,Halloween,Northstar Collection,V014,20.97,49.68,49.68,0.5778,2024-11-23,Halloween,Active,Classic,Sand,Small,Brass,Better,0.6847,1.08
HAL1997,Noir Stone Form,Seasonal,Halloween,Halloween,Atelier Edit,V020,15.42,35.72,35.72,0.5684,2023-06-30,Halloween,Active,Artisan,Sand,Small,Cotton,Good,1.8693,1.08
HAL1998,Harbour Ceramic Atelier,Seasonal,Halloween,Halloween,Maison Reserve,V010,23.41,54.44,54.44,0.5701,2024-05-12,Halloween,Active,Organic,Sage,Small,Glass,Better,1.1209,1.08
HAL1999,Marlow Linen Studio,Seasonal,Halloween,Halloween,Atelier Edit,V014,37.1,90.16,90.16,0.5885,2024-12-14,Halloween,Seasonal,Minimal,Slate,Large,Oak,Best,0.8068,1.08
HAL2000,Ridge Wool Series,Seasonal,Halloween,Halloween,Northstar Collection,V004,46.28,90.35,90.35,0.4878,2024-03-02,Halloween,Active,Minimal,Champagne,Small,Rattan,Best,0.8941,1.08
HAL2001,Vale Oak Atelier,Seasonal,Halloween,Halloween,Foundry Home,V009,28.3,64.57,64.57,0.5617,2024-04-05,Halloween,Active,Artisan,Champagne,Medium,Linen,Better,0.5131,1.08
HAL2002,Arc Cotton Studio,Seasonal,Halloween,Halloween,Foundry Home,V018,43.67,93.87,93.87,0.5347,2023-08-17,Halloween,Active,Modern,Slate,One Size,Marble,Best,1.8493,1.08
HAL2003,Ridge Rattan Collection,Seasonal,Halloween,Halloween,Northstar Collection,V003,29.55,68.31,68.31,0.5675,2024-06-04,Halloween,Active,Classic,Terracotta,Small,Brass,Better,0.6695,1.08
HAL2004,Ridge Wool Edit,Seasonal,Halloween,Halloween,Atelier Edit,V009,13.88,30.34,30.34,0.5426,2024-02-21,Halloween,Active,Artisan,Sage,Medium,Cotton,Good,1.2079,1.08
HAL2005,Vale Brass Line,Seasonal,Halloween,Halloween,Maison Reserve,V019,40.62,80.1,80.1,0.4928,2024-11-17,Halloween,Active,Classic,Champagne,Small,Rattan,Best,0.7223,1.08
HAL2006,Sable Wool Vessel,Seasonal,Halloween,Halloween,Northstar Collection,V005,23.02,56.24,56.24,0.5906,2024-02-23,Halloween,Active,Organic,Sand,Medium,Wool,Better,1.0184,1.08
HAL2007,Marlow Rattan Edit,Seasonal,Halloween,Halloween,Northstar Collection,V013,35.85,84.18,84.18,0.5741,2024-01-23,Halloween,Active,Modern,Charcoal,Medium,Cotton,Best,0.7593,1.08
HAL2008,Avery Linen Collection,Seasonal,Halloween,Halloween,Maison Reserve,V020,17.61,32.22,32.22,0.4536,2024-12-15,Halloween,Active,Modern,Espresso,Small,Stone,Good,1.2455,1.08
HAL2009,Avery Glass House,Seasonal,Halloween,Halloween,Atelier Edit,V008,25.0,49.08,49.08,0.4906,2023-09-30,Halloween,Seasonal,Classic,Natural,Large,Ceramic,Better,0.6809,1.08
HAL2010,Sable Marble Studio,Seasonal,Halloween,Halloween,Northstar Collection,V012,7.66,16.71,16.71,0.5414,2023-08-09,Halloween,Active,Artisan,Slate,Small,Marble,Entry,1.117,1.08
HAL2011,Harbour Oak Line,Seasonal,Halloween,Halloween,Atelier Edit,V002,5.87,13.64,13.64,0.5697,2024-05-10,Halloween,Active,Organic,Sage,Large,Oak,Entry,0.9516,1.08
HAL2012,Mira Wool Edit,Seasonal,Halloween,Halloween,Atelier Edit,V007,32.86,64.25,64.25,0.4885,2024-09-18,Halloween,Active,Organic,Natural,One Size,Glass,Better,0.8997,1.08
HAL2013,Luna Stone Form,Seasonal,Halloween,Halloween,Maison Reserve,V014,19.53,54.33,54.33,0.6406,2023-10-17,Halloween,Active,Modern,Natural,Small,Wool,Better,1.7323,1.08
HAL2014,Arc Cotton Collection,Seasonal,Halloween,Halloween,Atelier Edit,V020,19.97,42.96,42.96,0.5352,2023-10-07,Halloween,Active,Organic,Oat,Small,Linen,Better,0.5732,1.08
HAL2015,Mira Ceramic Collection,Seasonal,Halloween,Halloween,Atelier Edit,V010,17.34,40.02,40.02,0.5667,2024-06-10,Halloween,Active,Artisan,Terracotta,One Size,Oak,Better,1.1451,1.08
HAL2016,Avery Glass Vessel,Seasonal,Halloween,Halloween,Northstar Collection,V016,16.73,40.37,40.37,0.5856,2023-06-01,Halloween,Active,Classic,Sand,Large,Oak,Better,0.7882,1.08
HAL2017,Aster Linen Atelier,Seasonal,Halloween,Halloween,Foundry Home,V001,38.61,82.02,82.02,0.5292,2024-10-26,Halloween,Active,Classic,Terracotta,Large,Brass,Best,1.7032,1.08
HAL2018,Mira Marble Form,Seasonal,Halloween,Halloween,Atelier Edit,V007,30.77,63.97,63.97,0.519,2024-05-10,Halloween,Seasonal,Modern,Sand,Small,Marble,Better,0.5772,1.08
HAL2019,Luna Ceramic Studio,Seasonal,Halloween,Halloween,Atelier Edit,V017,30.67,69.27,69.27,0.5572,2023-06-21,Halloween,Seasonal,Minimal,Charcoal,Small,Stone,Better,1.5243,1.08
HAL2020,Sable Stone Form,Seasonal,Halloween,Halloween,Northstar Collection,V005,25.77,58.12,58.12,0.5567,2024-07-29,Halloween,Active,Classic,Natural,Medium,Marble,Better,1.8728,1.08
SUM2021,Avery Linen Form,Seasonal,Summer Living,Summer Living,Atelier Edit,V012,32.1,65.35,65.35,0.5089,2023-09-10,Summer,Active,Artisan,Natural,Small,Glass,Better,1.1602,0.96
SUM2022,Sable Glass Collection,Seasonal,Summer Living,Summer Living,Maison Reserve,V016,40.8,88.42,88.42,0.5386,2024-08-09,Summer,Active,Minimal,Sand,Small,Glass,Best,0.7983,0.96
SUM2023,Noir Ceramic Edit,Seasonal,Summer Living,Summer Living,Atelier Edit,V006,14.27,32.85,32.85,0.5655,2024-03-17,Summer,Active,Organic,Natural,One Size,Ceramic,Good,1.6131,0.96
SUM2024,Vale Stone Object,Seasonal,Summer Living,Summer Living,Atelier Edit,V011,49.61,97.27,97.27,0.49,2024-03-24,Summer,Active,Modern,Ivory,Large,Cotton,Best,1.0174,0.96
SUM2025,Luna Linen Atelier,Seasonal,Summer Living,Summer Living,Northstar Collection,V017,30.56,62.34,62.34,0.5098,2024-05-01,Summer,Active,Modern,Sage,Small,Linen,Better,0.9707,0.96
SUM2026,Harbour Cotton Form,Seasonal,Summer Living,Summer Living,Northstar Collection,V006,55.53,115.86,115.86,0.5208,2024-11-22,Summer,Active,Modern,Terracotta,One Size,Ceramic,Best,1.1378,0.96
SUM2027,Mira Ceramic Atelier,Seasonal,Summer Living,Summer Living,Atelier Edit,V011,58.32,131.64,131.64,0.557,2024-01-26,Summer,Active,Classic,Sand,One Size,Stone,Best,0.609,0.96
SUM2028,Noir Brass Form,Seasonal,Summer Living,Summer Living,Northstar Collection,V018,66.91,146.5,146.5,0.5432,2024-04-21,Summer,Active,Classic,Oat,One Size,Oak,Best,2.1105,0.96
SUM2029,Cove Ceramic Series,Seasonal,Summer Living,Summer Living,Foundry Home,V006,64.48,144.59,144.59,0.5541,2023-09-28,Summer,Active,Artisan,Champagne,Large,Marble,Best,1.3424,0.96
SUM2030,Noir Oak Series,Seasonal,Summer Living,Summer Living,Maison Reserve,V011,19.7,40.33,40.33,0.5115,2024-08-26,Summer,Active,Classic,Sand,One Size,Wool,Better,1.4245,0.96
SUM2031,Vale Wool Vessel,Seasonal,Summer Living,Summer Living,Northstar Collection,V002,29.28,59.36,59.36,0.5067,2024-09-20,Summer,Active,Minimal,Terracotta,Small,Marble,Better,1.9784,0.96
SUM2032,Luna Linen House,Seasonal,Summer Living,Summer Living,Foundry Home,V008,57.58,120.85,120.85,0.5235,2023-08-24,Summer,Active,Organic,Champagne,Medium,Rattan,Best,1.3845,0.96
SUM2033,Vale Glass Vessel,Seasonal,Summer Living,Summer Living,Atelier Edit,V015,69.61,136.61,136.61,0.4904,2024-10-22,Summer,Active,Artisan,Sage,Small,Marble,Best,1.4686,0.96
SUM2034,Ridge Oak Collection,Seasonal,Summer Living,Summer Living,Foundry Home,V001,77.2,165.58,165.58,0.5337,2024-09-08,Summer,Active,Classic,Natural,Medium,Stone,Best,1.6475,0.96
SUM2035,Vale Brass Form,Seasonal,Summer Living,Summer Living,Maison Reserve,V006,41.87,110.89,77.62,0.6224,2023-11-10,Summer,Exit,Classic,Oat,Medium,Ceramic,Best,3.2181,0.96
SUM2036,Aster Rattan Series,Seasonal,Summer Living,Summer Living,Maison Reserve,V016,13.89,36.86,36.86,0.6233,2024-08-09,Summer,Active,Organic,Oat,Large,Linen,Good,1.1065,0.96
SUM2037,Mira Cotton Object,Seasonal,Summer Living,Summer Living,Atelier Edit,V020,36.18,94.38,94.38,0.6167,2024-12-24,Summer,Active,Minimal,Champagne,Large,Brass,Best,1.1809,0.96
SUM2038,Vale Linen Form,Seasonal,Summer Living,Summer Living,Foundry Home,V011,11.78,26.18,26.18,0.5502,2023-09-26,Summer,Active,Minimal,Sage,Small,Oak,Good,2.0755,0.96
SUM2039,Mira Ceramic Object,Seasonal,Summer Living,Summer Living,Atelier Edit,V016,16.05,41.12,41.12,0.6096,2024-08-10,Summer,Active,Artisan,Natural,Large,Cotton,Better,2.7093,0.96
SUM2040,Arc Ceramic Form,Seasonal,Summer Living,Summer Living,Foundry Home,V005,63.89,120.84,120.84,0.4713,2024-12-29,Summer,Active,Organic,Slate,Medium,Brass,Best,1.2183,0.96
SUM2041,Marlow Glass Line,Seasonal,Summer Living,Summer Living,Maison Reserve,V011,46.45,116.46,116.46,0.6012,2023-11-22,Summer,Active,Organic,Slate,Large,Ceramic,Best,0.6231,0.96
SUM2042,Marlow Marble Edit,Seasonal,Summer Living,Summer Living,Foundry Home,V018,72.46,156.6,156.6,0.5373,2024-04-30,Summer,Active,Classic,Espresso,Large,Stone,Best,0.8578,0.96
SUM2043,Ridge Glass Object,Seasonal,Summer Living,Summer Living,Maison Reserve,V006,71.8,157.18,157.18,0.5432,2023-12-07,Summer,Active,Modern,Sage,Large,Rattan,Best,1.4336,0.96
SUM2044,Marlow Glass House,Seasonal,Summer Living,Summer Living,Maison Reserve,V013,66.66,140.75,140.75,0.5264,2024-11-11,Summer,Active,Minimal,Natural,Large,Stone,Best,2.5733,0.96
SUM2045,Sable Marble Edit,Seasonal,Summer Living,Summer Living,Foundry Home,V019,64.68,133.77,133.77,0.5165,2023-08-08,Summer,Active,Organic,Ivory,Large,Rattan,Best,1.4225,0.96
SUM2046,Mira Stone Form,Seasonal,Summer Living,Summer Living,Northstar Collection,V004,52.36,138.67,138.67,0.6224,2024-07-20,Summer,Active,Classic,Oat,Small,Linen,Best,0.5947,0.96
SUM2047,Noir Rattan Studio,Seasonal,Summer Living,Summer Living,Northstar Collection,V013,52.64,116.05,116.05,0.5464,2024-10-10,Summer,Active,Minimal,Espresso,One Size,Wool,Best,0.6243,0.96
SUM2048,Harbour Rattan Object,Seasonal,Summer Living,Summer Living,Northstar Collection,V017,38.19,96.81,96.81,0.6055,2023-05-25,Summer,Seasonal,Modern,Slate,Small,Cotton,Best,1.4221,0.96
SUM2049,Ridge Marble Object,Seasonal,Summer Living,Summer Living,Maison Reserve,V008,60.9,137.92,96.54,0.5585,2024-09-03,Summer,Exit,Organic,Sage,Small,Linen,Best,0.7342,0.96
SUM2050,Noir Oak Studio,Seasonal,Summer Living,Summer Living,Maison Reserve,V015,28.19,65.67,65.67,0.5707,2023-07-29,Summer,Active,Artisan,Oat,Small,Ceramic,Better,0.7644,0.96
SUM2051,Arc Oak Line,Seasonal,Summer Living,Summer Living,Maison Reserve,V020,20.5,38.43,38.43,0.4665,2023-10-20,Summer,Active,Modern,Sand,Small,Brass,Good,1.3031,0.96
SUM2052,Avery Brass Object,Seasonal,Summer Living,Summer Living,Foundry Home,V009,23.95,53.8,53.8,0.5549,2023-10-27,Summer,Active,Minimal,Terracotta,One Size,Ceramic,Better,1.3758,0.96
SUM2053,Ridge Rattan Atelier,Seasonal,Summer Living,Summer Living,Atelier Edit,V015,28.35,66.76,66.76,0.5754,2024-04-10,Summer,Active,Artisan,Sand,Large,Rattan,Better,1.9205,0.96
SUM2054,Arc Ceramic House,Seasonal,Summer Living,Summer Living,Maison Reserve,V020,42.75,89.78,89.78,0.5239,2023-12-29,Summer,Active,Organic,Natural,Medium,Glass,Best,1.262,0.96
SUM2055,Harbour Ceramic Atelier,Seasonal,Summer Living,Summer Living,Foundry Home,V008,35.36,86.95,86.95,0.5934,2023-06-18,Summer,Active,Minimal,Champagne,Large,Glass,Best,1.3914,0.96
SUM2056,Vale Brass Atelier,Seasonal,Summer Living,Summer Living,Foundry Home,V013,30.54,56.01,56.01,0.4547,2023-07-12,Summer,Active,Classic,Ivory,Small,Oak,Better,1.6855,0.96
SUM2057,Arc Marble Vessel,Seasonal,Summer Living,Summer Living,Atelier Edit,V004,52.31,128.94,128.94,0.5943,2024-08-08,Summer,Active,Artisan,Oat,One Size,Rattan,Best,1.3862,0.96
SUM2058,Sable Cotton Form,Seasonal,Summer Living,Summer Living,Foundry Home,V007,56.28,135.32,135.32,0.5841,2024-07-16,Summer,Active,Organic,Oat,Large,Marble,Best,1.3718,0.96
SUM2059,Marlow Oak Collection,Seasonal,Summer Living,Summer Living,Foundry Home,V015,20.49,56.59,56.59,0.6379,2023-07-17,Summer,Seasonal,Artisan,Champagne,Large,Glass,Better,0.8187,0.96
SUM2060,Aster Brass Object,Seasonal,Summer Living,Summer Living,Northstar Collection,V005,26.27,51.17,51.17,0.4866,2023-10-04,Summer,Active,Organic,Espresso,Large,Marble,Better,1.0584,0.96
SUM2061,Mira Brass Form,Seasonal,Summer Living,Summer Living,Foundry Home,V011,29.47,68.27,68.27,0.5684,2024-03-01,Summer,Active,Modern,Sage,Small,Ceramic,Better,1.679,0.96
SUM2062,Harbour Wool Edit,Seasonal,Summer Living,Summer Living,Foundry Home,V015,40.76,93.18,93.18,0.5626,2024-05-16,Summer,Active,Artisan,Sand,One Size,Cotton,Best,1.0088,0.96
SUM2063,Mira Brass Studio,Seasonal,Summer Living,Summer Living,Atelier Edit,V002,24.38,51.08,51.08,0.5228,2024-09-17,Summer,Active,Classic,Ivory,Small,Oak,Better,0.6246,0.96
SUM2064,Aster Brass Line,Seasonal,Summer Living,Summer Living,Foundry Home,V011,56.87,129.22,129.22,0.5599,2023-07-23,Summer,Seasonal,Organic,Sage,One Size,Linen,Best,0.9415,0.96
SUM2065,Cove Glass House,Seasonal,Summer Living,Summer Living,Foundry Home,V017,63.51,129.52,129.52,0.5096,2024-11-14,Summer,Active,Modern,Natural,One Size,Brass,Best,1.5691,0.96
WIN2066,Cove Wool Studio,Seasonal,Winter Comfort,Winter Comfort,Northstar Collection,V007,12.96,31.5,31.5,0.5885,2024-08-13,Winter,Active,Modern,Champagne,One Size,Ceramic,Good,0.9121,1.0
WIN2067,Luna Wool Line,Seasonal,Winter Comfort,Winter Comfort,Atelier Edit,V014,32.93,63.94,63.94,0.485,2023-06-27,Winter,Active,Organic,Sage,Medium,Marble,Better,0.7971,1.0
WIN2068,Sable Cotton Collection,Seasonal,Winter Comfort,Winter Comfort,Atelier Edit,V020,41.99,89.34,89.34,0.53,2023-11-13,Winter,Seasonal,Organic,Espresso,One Size,Brass,Best,1.6695,1.0
WIN2069,Harbour Brass Series,Seasonal,Winter Comfort,Winter Comfort,Atelier Edit,V008,44.29,95.2,95.2,0.5348,2024-04-19,Winter,Active,Artisan,Ivory,Small,Ceramic,Best,1.1504,1.0
WIN2070,Vale Cotton Collection,Seasonal,Winter Comfort,Winter Comfort,Foundry Home,V014,23.16,58.25,58.25,0.6024,2025-01-08,Winter,Active,Artisan,Champagne,One Size,Ceramic,Better,2.8102,1.0
WIN2071,Mira Marble Object,Seasonal,Winter Comfort,Winter Comfort,Northstar Collection,V001,18.12,48.09,48.09,0.6232,2024-10-25,Winter,Active,Classic,Terracotta,Medium,Cotton,Better,0.8278,1.0
WIN2072,Aster Oak Edit,Seasonal,Winter Comfort,Winter Comfort,Foundry Home,V007,20.16,49.31,49.31,0.5911,2024-05-10,Winter,Active,Artisan,Charcoal,One Size,Oak,Better,1.1784,1.0
WIN2073,Mira Brass Edit,Seasonal,Winter Comfort,Winter Comfort,Atelier Edit,V012,42.86,96.54,96.54,0.556,2023-12-24,Winter,Active,Organic,Terracotta,Medium,Wool,Best,1.3153,1.0
WIN2074,Ridge Wool Vessel,Seasonal,Winter Comfort,Winter Comfort,Foundry Home,V001,47.59,97.48,97.48,0.5118,2023-12-17,Winter,Active,Organic,Natural,Large,Cotton,Best,0.7723,1.0
WIN2075,Harbour Rattan Series,Seasonal,Winter Comfort,Winter Comfort,Northstar Collection,V009,31.68,60.09,60.09,0.4728,2023-09-20,Winter,Active,Modern,Champagne,Medium,Glass,Better,1.1543,1.0
WIN2076,Noir Linen Collection,Seasonal,Winter Comfort,Winter Comfort,Northstar Collection,V013,13.29,31.62,31.62,0.5796,2024-07-06,Winter,Active,Minimal,Terracotta,Large,Linen,Good,1.6858,1.0
WIN2077,Aster Cotton Vessel,Seasonal,Winter Comfort,Winter Comfort,Foundry Home,V002,40.41,74.43,74.43,0.4571,2023-06-15,Winter,Active,Artisan,Oat,Large,Wool,Best,1.0549,1.0
WIN2078,Luna Linen Series,Seasonal,Winter Comfort,Winter Comfort,Foundry Home,V008,39.54,87.89,87.89,0.5501,2024-04-13,Winter,Active,Organic,Ivory,One Size,Stone,Best,0.3628,1.0
WIN2079,Marlow Marble Collection,Seasonal,Winter Comfort,Winter Comfort,Maison Reserve,V016,19.08,39.76,39.76,0.5202,2024-06-12,Winter,Active,Classic,Oat,One Size,Wool,Good,0.8578,1.0
WIN2080,Vale Stone Form,Seasonal,Winter Comfort,Winter Comfort,Northstar Collection,V004,33.22,64.97,64.97,0.4887,2025-01-12,Winter,Active,Minimal,Espresso,Medium,Brass,Better,2.8492,1.0
WIN2081,Mira Stone Object,Seasonal,Winter Comfort,Winter Comfort,Foundry Home,V012,31.91,75.15,75.15,0.5754,2023-10-11,Winter,Active,Artisan,Natural,Large,Stone,Best,1.638,1.0
WIN2082,Mira Ceramic House,Seasonal,Winter Comfort,Winter Comfort,Maison Reserve,V018,64.65,126.61,126.61,0.4894,2023-09-13,Winter,Active,Classic,Slate,One Size,Brass,Best,0.8111,1.0
WIN2083,Arc Glass Collection,Seasonal,Winter Comfort,Winter Comfort,Maison Reserve,V006,26.48,55.24,55.24,0.5206,2024-08-23,Winter,Active,Modern,Sage,Small,Oak,Better,1.3072,1.0
WIN2084,Noir Glass Vessel,Seasonal,Winter Comfort,Winter Comfort,Northstar Collection,V012,27.71,59.27,59.27,0.5326,2024-12-07,Winter,Active,Organic,Terracotta,Large,Cotton,Better,1.4182,1.0
WIN2085,Marlow Wool Edit,Seasonal,Winter Comfort,Winter Comfort,Foundry Home,V018,56.01,103.37,103.37,0.4582,2024-07-09,Winter,Active,Minimal,Slate,Small,Stone,Best,1.2971,1.0
WIN2086,Cove Ceramic Line,Seasonal,Winter Comfort,Winter Comfort,Maison Reserve,V006,33.79,75.39,75.39,0.5518,2023-08-29,Winter,Active,Organic,Champagne,Large,Linen,Best,0.8657,1.0
WIN2087,Noir Marble Form,Seasonal,Winter Comfort,Winter Comfort,Atelier Edit,V014,11.48,24.73,24.73,0.5359,2023-12-21,Winter,Active,Modern,Terracotta,One Size,Stone,Good,0.8509,1.0
WIN2088,Noir Brass Form,Seasonal,Winter Comfort,Winter Comfort,Atelier Edit,V018,52.45,123.49,123.49,0.5752,2024-07-09,Winter,Active,Organic,Sage,Medium,Cotton,Best,0.8682,1.0
WIN2089,Ridge Linen Line,Seasonal,Winter Comfort,Winter Comfort,Foundry Home,V008,35.71,79.45,79.45,0.5505,2024-01-30,Winter,Active,Modern,Espresso,Small,Glass,Best,1.3409,1.0
WIN2090,Ridge Brass House,Seasonal,Winter Comfort,Winter Comfort,Atelier Edit,V015,23.21,63.44,63.44,0.6341,2024-04-10,Winter,Active,Classic,Charcoal,Medium,Oak,Better,1.9274,1.0
WIN2091,Luna Linen Collection,Seasonal,Winter Comfort,Winter Comfort,Northstar Collection,V001,47.46,99.02,99.02,0.5207,2023-06-24,Winter,Active,Organic,Sand,Small,Wool,Best,0.3769,1.0
WIN2092,Vale Rattan Studio,Seasonal,Winter Comfort,Winter Comfort,Atelier Edit,V008,47.59,100.5,100.5,0.5265,2024-09-27,Winter,Active,Classic,Espresso,Medium,Oak,Best,1.2836,1.0
WIN2093,Noir Glass Studio,Seasonal,Winter Comfort,Winter Comfort,Foundry Home,V013,32.38,67.92,67.92,0.5233,2024-06-30,Winter,Active,Classic,Sand,Medium,Glass,Better,1.0104,1.0
WIN2094,Arc Oak Vessel,Seasonal,Winter Comfort,Winter Comfort,Northstar Collection,V020,28.18,68.59,68.59,0.5892,2024-09-09,Winter,Active,Modern,Ivory,One Size,Glass,Better,1.6574,1.0
WIN2095,Harbour Rattan Object,Seasonal,Winter Comfort,Winter Comfort,Foundry Home,V007,31.85,71.43,71.43,0.5541,2023-11-30,Winter,Active,Classic,Sage,Medium,Brass,Best,1.2866,1.0
WIN2096,Marlow Oak Collection,Seasonal,Winter Comfort,Winter Comfort,Maison Reserve,V015,41.88,107.38,107.38,0.61,2024-12-07,Winter,Active,Modern,Slate,Large,Linen,Best,0.9302,1.0
WIN2097,Vale Linen Vessel,Seasonal,Winter Comfort,Winter Comfort,Atelier Edit,V002,26.16,47.83,47.83,0.453,2024-10-23,Winter,Active,Organic,Espresso,Small,Glass,Better,0.5762,1.0
WIN2098,Noir Glass Line,Seasonal,Winter Comfort,Winter Comfort,Foundry Home,V010,17.78,37.5,37.5,0.526,2023-11-02,Winter,Active,Classic,Sand,One Size,Marble,Good,0.7613,1.0
WIN2099,Cove Stone Form,Seasonal,Winter Comfort,Winter Comfort,Maison Reserve,V017,16.34,32.68,32.68,0.5001,2023-11-02,Winter,Active,Artisan,Terracotta,Small,Cotton,Good,1.2236,1.0
WIN2100,Arc Stone Vessel,Seasonal,Winter Comfort,Winter Comfort,Foundry Home,V003,35.78,72.35,72.35,0.5054,2023-10-11,Winter,Active,Modern,Oat,One Size,Brass,Best,0.9554,1.0
CND2101,Ridge Marble Vessel,Giftware,Candles,Candles,Foundry Home,V011,40.61,84.89,59.42,0.5216,2023-07-31,Core,Exit,Modern,Slate,Medium,Wool,Best,2.493,0.92
CND2102,Aster Wool Object,Giftware,Candles,Candles,Maison Reserve,V015,16.22,40.74,40.74,0.6019,2024-05-04,Core,Active,Modern,Ivory,Small,Cotton,Better,1.1052,0.92
CND2103,Harbour Rattan Vessel,Giftware,Candles,Candles,Maison Reserve,V002,15.81,36.18,36.18,0.5631,2024-01-11,Core,Active,Organic,Ivory,One Size,Marble,Good,0.7659,0.92
CND2104,Vale Glass Line,Giftware,Candles,Candles,Foundry Home,V012,29.28,61.26,61.26,0.5221,2025-01-07,Core,Active,Modern,Slate,One Size,Brass,Better,2.1693,0.92
CND2105,Ridge Cotton Studio,Giftware,Candles,Candles,Atelier Edit,V019,35.21,71.18,71.18,0.5054,2023-10-25,Core,Active,Minimal,Champagne,Medium,Cotton,Best,1.3442,0.92
CND2106,Noir Brass Line,Giftware,Candles,Candles,Foundry Home,V003,40.14,84.49,84.49,0.5249,2024-03-22,Core,Active,Modern,Champagne,Medium,Glass,Best,1.2707,0.92
CND2107,Mira Cotton Edit,Giftware,Candles,Candles,Atelier Edit,V012,27.4,55.64,55.64,0.5076,2023-09-07,Core,Active,Minimal,Sage,Small,Linen,Better,1.1088,0.92
CND2108,Luna Rattan Form,Giftware,Candles,Candles,Foundry Home,V019,17.22,36.46,36.46,0.5277,2024-10-31,Core,Seasonal,Artisan,Natural,Medium,Rattan,Good,0.8672,0.92
CND2109,Luna Stone Studio,Giftware,Candles,Candles,Foundry Home,V005,27.76,69.26,69.26,0.5992,2024-02-18,Core,Active,Classic,Slate,Large,Stone,Better,1.0025,0.92
CND2110,Arc Cotton Object,Giftware,Candles,Candles,Atelier Edit,V011,39.09,75.88,75.88,0.4848,2024-03-29,Core,Active,Organic,Sand,One Size,Glass,Best,1.5872,0.92
CND2111,Cove Marble Atelier,Giftware,Candles,Candles,Atelier Edit,V020,18.91,39.31,39.31,0.5191,2024-01-05,Core,Active,Classic,Slate,Medium,Cotton,Good,1.111,0.92
CND2112,Sable Marble House,Giftware,Candles,Candles,Maison Reserve,V007,11.25,22.83,22.83,0.5073,2024-09-14,Core,Active,Artisan,Sand,Medium,Rattan,Good,2.924,0.92
CND2113,Noir Brass Edit,Giftware,Candles,Candles,Northstar Collection,V014,25.11,51.55,51.55,0.5129,2024-02-10,Core,Active,Modern,Natural,Large,Oak,Better,1.755,0.92
CND2114,Sable Cotton Collection,Giftware,Candles,Candles,Atelier Edit,V020,4.82,13.37,13.37,0.6397,2024-06-17,Core,Seasonal,Artisan,Charcoal,Large,Linen,Entry,2.6848,0.92
CND2115,Noir Oak Edit,Giftware,Candles,Candles,Atelier Edit,V009,14.74,30.4,30.4,0.515,2023-12-26,Core,Active,Classic,Ivory,Small,Marble,Good,2.5087,0.92
CND2116,Marlow Stone Line,Giftware,Candles,Candles,Maison Reserve,V013,7.04,15.98,15.98,0.5592,2024-03-16,Core,Active,Artisan,Slate,One Size,Marble,Entry,2.0115,0.92
CND2117,Aster Linen Collection,Giftware,Candles,Candles,Maison Reserve,V004,13.29,30.3,30.3,0.5613,2023-12-17,Core,Seasonal,Artisan,Oat,One Size,Marble,Good,1.9611,0.92
CND2118,Harbour Rattan Object,Giftware,Candles,Candles,Maison Reserve,V009,41.06,84.32,84.32,0.5131,2024-11-01,Core,Active,Artisan,Terracotta,Small,Glass,Best,1.0212,0.92
CND2119,Ridge Rattan Edit,Giftware,Candles,Candles,Maison Reserve,V014,22.53,46.67,46.67,0.5172,2024-09-20,Core,Active,Modern,Sage,Medium,Ceramic,Better,1.3155,0.92
CND2120,Aster Wool Object,Giftware,Candles,Candles,Northstar Collection,V005,19.81,42.79,42.79,0.5371,2024-01-18,Core,Active,Minimal,Slate,Medium,Ceramic,Better,1.5255,0.92
CND2121,Vale Cotton Collection,Giftware,Candles,Candles,Maison Reserve,V011,40.64,82.48,82.48,0.5072,2024-06-12,Core,Active,Organic,Ivory,Medium,Rattan,Best,1.3184,0.92
CND2122,Noir Oak Vessel,Giftware,Candles,Candles,Northstar Collection,V015,28.07,63.99,63.99,0.5614,2023-07-03,Core,Active,Modern,Oat,Small,Rattan,Better,0.7567,0.92
CND2123,Sable Glass House,Giftware,Candles,Candles,Northstar Collection,V005,23.05,49.07,49.07,0.5302,2024-06-02,Core,Active,Artisan,Espresso,Small,Oak,Better,0.9341,0.92
CND2124,Ridge Glass House,Giftware,Candles,Candles,Maison Reserve,V011,7.59,14.98,14.98,0.4931,2024-05-14,Core,Active,Modern,Oat,Medium,Wool,Entry,0.9024,0.92
CND2125,Avery Stone Vessel,Giftware,Candles,Candles,Northstar Collection,V019,28.65,59.35,59.35,0.5172,2024-11-08,Core,Seasonal,Minimal,Natural,Small,Wool,Better,1.3348,0.92
CND2126,Aster Ceramic Vessel,Giftware,Candles,Candles,Foundry Home,V004,5.44,11.72,11.72,0.5361,2024-06-11,Core,Active,Modern,Oat,Small,Glass,Entry,1.3531,0.92
CND2127,Ridge Glass Edit,Giftware,Candles,Candles,Maison Reserve,V012,27.33,62.73,62.73,0.5644,2024-04-28,Core,Active,Classic,Oat,Large,Marble,Better,1.3022,0.92
CND2128,Arc Linen Series,Giftware,Candles,Candles,Northstar Collection,V018,34.95,83.04,83.04,0.5791,2024-11-07,Core,Active,Modern,Espresso,One Size,Stone,Best,1.6528,0.92
CND2129,Arc Ceramic House,Giftware,Candles,Candles,Northstar Collection,V008,14.17,34.96,34.96,0.5946,2024-11-23,Core,Active,Classic,Sage,Large,Cotton,Good,1.0778,0.92
CND2130,Arc Wool Collection,Giftware,Candles,Candles,Maison Reserve,V014,23.22,51.34,51.34,0.5477,2024-04-04,Core,Active,Modern,Slate,Small,Oak,Better,0.9969,0.92
CND2131,Ridge Wool Vessel,Giftware,Candles,Candles,Northstar Collection,V002,7.39,19.39,19.39,0.6188,2024-03-26,Core,Active,Modern,Sage,Large,Ceramic,Entry,1.2659,0.92
CND2132,Mira Linen Studio,Giftware,Candles,Candles,Atelier Edit,V009,20.68,42.47,42.47,0.513,2024-08-15,Core,Active,Modern,Champagne,One Size,Brass,Better,0.8986,0.92
CND2133,Avery Rattan Line,Giftware,Candles,Candles,Atelier Edit,V016,12.21,27.09,27.09,0.5494,2024-03-17,Core,Seasonal,Artisan,Champagne,Small,Ceramic,Good,1.5833,0.92
CND2134,Mira Wool Edit,Giftware,Candles,Candles,Atelier Edit,V020,29.29,60.56,60.56,0.5163,2024-12-12,Core,Active,Classic,Ivory,One Size,Marble,Better,1.09,0.92
CND2135,Mira Stone Series,Giftware,Candles,Candles,Northstar Collection,V006,24.18,58.53,58.53,0.5869,2023-08-09,Core,Active,Organic,Natural,One Size,Ceramic,Better,0.585,0.92
CND2136,Aster Cotton Atelier,Giftware,Candles,Candles,Atelier Edit,V014,24.05,50.11,50.11,0.52,2024-05-09,Core,Seasonal,Modern,Slate,Large,Cotton,Better,3.1221,0.92
CND2137,Marlow Stone Line,Giftware,Candles,Candles,Foundry Home,V002,18.38,37.32,37.32,0.5075,2024-12-21,Core,Active,Modern,Terracotta,One Size,Ceramic,Good,1.648,0.92
CND2138,Marlow Brass Form,Giftware,Candles,Candles,Maison Reserve,V010,20.4,49.2,49.2,0.5854,2025-01-01,Core,Active,Organic,Natural,Large,Ceramic,Better,1.2561,0.92
CND2139,Noir Oak Atelier,Giftware,Candles,Candles,Atelier Edit,V017,12.54,27.22,27.22,0.5394,2024-05-12,Core,Active,Artisan,Champagne,Medium,Cotton,Good,1.8536,0.92
CND2140,Luna Rattan Object,Giftware,Candles,Candles,Northstar Collection,V005,14.57,33.35,33.35,0.5632,2024-05-04,Core,Active,Organic,Natural,Small,Stone,Good,1.2736,0.92
CND2141,Marlow Glass Atelier,Giftware,Candles,Candles,Maison Reserve,V012,15.8,27.9,27.9,0.4339,2023-12-12,Core,Active,Artisan,Champagne,One Size,Cotton,Good,0.7849,0.92
CND2142,Sable Cotton Atelier,Giftware,Candles,Candles,Maison Reserve,V017,26.12,58.37,58.37,0.5525,2024-05-23,Core,Active,Organic,Espresso,Small,Oak,Better,1.9613,0.92
CND2143,Harbour Brass Atelier,Giftware,Candles,Candles,Maison Reserve,V004,28.04,59.7,59.7,0.5302,2024-05-24,Core,Active,Minimal,Charcoal,Large,Linen,Better,2.1507,0.92
CND2144,Marlow Oak Line,Giftware,Candles,Candles,Maison Reserve,V009,24.05,59.0,59.0,0.5924,2024-05-23,Core,Active,Organic,Natural,One Size,Brass,Better,0.879,0.92
CND2145,Noir Glass House,Giftware,Candles,Candles,Atelier Edit,V020,33.3,83.07,83.07,0.5991,2024-08-20,Core,Active,Organic,Champagne,Large,Oak,Best,1.0436,0.92
CND2146,Marlow Wool Form,Giftware,Candles,Candles,Foundry Home,V004,35.43,71.76,71.76,0.5063,2023-07-02,Core,Active,Artisan,Sage,Large,Ceramic,Best,1.7269,0.92
CND2147,Harbour Rattan Studio,Giftware,Candles,Candles,Maison Reserve,V010,8.99,21.07,21.07,0.5733,2024-03-25,Core,Active,Minimal,Champagne,Large,Ceramic,Good,1.9815,0.92
CND2148,Arc Rattan Vessel,Giftware,Candles,Candles,Northstar Collection,V017,22.89,52.95,52.95,0.5677,2024-09-23,Core,Active,Minimal,Champagne,Small,Marble,Better,0.9197,0.92
CND2149,Mira Glass Collection,Giftware,Candles,Candles,Atelier Edit,V006,21.8,44.41,44.41,0.509,2024-10-05,Core,Active,Organic,Sage,Large,Ceramic,Better,2.4955,0.92
CND2150,Marlow Brass House,Giftware,Candles,Candles,Northstar Collection,V011,38.29,78.01,54.61,0.5091,2024-06-18,Core,Exit,Organic,Oat,Small,Brass,Best,1.3651,0.92
CND2151,Avery Marble Object,Giftware,Candles,Candles,Northstar Collection,V018,26.07,60.61,60.61,0.5698,2024-02-12,Core,Active,Minimal,Sand,Small,Ceramic,Better,0.903,0.92
CND2152,Arc Wool Edit,Giftware,Candles,Candles,Northstar Collection,V009,22.96,47.35,47.35,0.515,2024-09-18,Core,Seasonal,Minimal,Sand,Medium,Glass,Better,2.2665,0.92
CND2153,Marlow Brass Edit,Giftware,Candles,Candles,Northstar Collection,V016,24.88,62.89,62.89,0.6043,2023-10-17,Core,Active,Artisan,Espresso,Large,Rattan,Better,2.8894,0.92
CND2154,Ridge Glass Collection,Giftware,Candles,Candles,Northstar Collection,V003,25.05,56.53,56.53,0.5569,2023-10-08,Core,Active,Artisan,Champagne,Large,Glass,Better,1.1665,0.92
CND2155,Sable Brass Object,Giftware,Candles,Candles,Maison Reserve,V009,25.66,60.41,60.41,0.5752,2023-12-19,Core,Active,Artisan,Espresso,One Size,Brass,Better,1.2451,0.92
CND2156,Marlow Marble Edit,Giftware,Candles,Candles,Northstar Collection,V013,21.9,45.43,45.43,0.518,2024-04-01,Core,Active,Organic,Sand,Medium,Oak,Better,0.7257,0.92
CND2157,Aster Rattan Studio,Giftware,Candles,Candles,Foundry Home,V001,35.62,80.04,80.04,0.555,2023-06-30,Core,Active,Modern,Champagne,Small,Linen,Best,1.6242,0.92
CND2158,Cove Glass Atelier,Giftware,Candles,Candles,Northstar Collection,V008,33.56,74.58,74.58,0.55,2024-11-01,Core,Active,Classic,Champagne,One Size,Ceramic,Best,0.87,0.92
CND2159,Arc Brass Collection,Giftware,Candles,Candles,Atelier Edit,V014,12.02,25.45,25.45,0.5277,2023-10-05,Core,Active,Classic,Slate,Small,Oak,Good,0.6545,0.92
CND2160,Harbour Rattan Form,Giftware,Candles,Candles,Atelier Edit,V002,24.16,54.37,54.37,0.5555,2024-12-09,Core,Active,Minimal,Slate,One Size,Stone,Better,1.6482,0.92
CND2161,Mira Rattan Vessel,Giftware,Candles,Candles,Maison Reserve,V010,24.97,54.85,54.85,0.5448,2023-10-24,Core,Active,Modern,Charcoal,Small,Ceramic,Better,2.3962,0.92
CND2162,Arc Rattan Studio,Giftware,Candles,Candles,Northstar Collection,V018,14.43,28.1,28.1,0.4866,2023-10-16,Core,Active,Organic,Sage,Medium,Stone,Good,0.7983,0.92
CND2163,Aster Glass Line,Giftware,Candles,Candles,Maison Reserve,V004,19.52,45.08,45.08,0.5671,2024-02-09,Core,Active,Minimal,Terracotta,Medium,Stone,Better,1.7517,0.92
CND2164,Harbour Ceramic Series,Giftware,Candles,Candles,Foundry Home,V010,22.74,49.49,49.49,0.5406,2023-11-20,Core,Active,Modern,Oat,Medium,Wool,Better,1.1594,0.92
CND2165,Aster Brass Studio,Giftware,Candles,Candles,Atelier Edit,V019,21.81,54.36,54.36,0.5988,2024-03-31,Core,Active,Modern,Espresso,Medium,Linen,Better,1.1326,0.92
CND2166,Luna Oak Atelier,Giftware,Candles,Candles,Atelier Edit,V006,7.56,19.62,19.62,0.6149,2024-07-09,Core,Active,Artisan,Natural,One Size,Glass,Entry,1.4646,0.92
CND2167,Ridge Marble Collection,Giftware,Candles,Candles,Northstar Collection,V014,33.6,71.27,71.27,0.5286,2024-08-01,Core,Active,Artisan,Slate,One Size,Brass,Best,1.4155,0.92
CND2168,Avery Glass Line,Giftware,Candles,Candles,Atelier Edit,V017,7.17,18.61,18.61,0.6147,2023-09-01,Core,Active,Modern,Sand,Medium,Brass,Entry,1.2501,0.92
CND2169,Luna Glass Edit,Giftware,Candles,Candles,Foundry Home,V004,12.79,26.28,26.28,0.5134,2023-07-05,Core,Active,Minimal,Terracotta,Medium,Rattan,Good,2.7956,0.92
CND2170,Harbour Rattan Studio,Giftware,Candles,Candles,Northstar Collection,V012,33.92,65.28,65.28,0.4804,2024-02-28,Core,Active,Artisan,Champagne,Medium,Brass,Better,1.2871,0.92
FRM2171,Luna Cotton Vessel,Giftware,Frames,Frames,Foundry Home,V020,32.89,75.05,75.05,0.5617,2024-02-14,Core,Active,Modern,Charcoal,Large,Wool,Best,0.9609,1.14
FRM2172,Noir Brass House,Giftware,Frames,Frames,Maison Reserve,V009,38.16,90.1,90.1,0.5765,2024-04-14,Core,Active,Organic,Espresso,Medium,Marble,Best,1.3317,1.14
FRM2173,Luna Rattan House,Giftware,Frames,Frames,Foundry Home,V013,23.54,48.24,48.24,0.512,2023-10-19,Core,Active,Modern,Sand,Small,Ceramic,Better,0.7164,1.14
FRM2174,Aster Oak Studio,Giftware,Frames,Frames,Foundry Home,V001,19.6,43.18,43.18,0.5461,2024-11-23,Core,Active,Artisan,Sage,One Size,Glass,Better,0.4355,1.14
FRM2175,Arc Marble Studio,Giftware,Frames,Frames,Atelier Edit,V010,37.18,79.53,79.53,0.5325,2023-05-30,Core,Active,Organic,Charcoal,Large,Wool,Best,1.0635,1.14
FRM2176,Vale Marble Line,Giftware,Frames,Frames,Maison Reserve,V013,27.43,48.04,33.63,0.4291,2024-04-12,Core,Exit,Artisan,Champagne,One Size,Brass,Better,1.7673,1.14
FRM2177,Sable Oak Atelier,Giftware,Frames,Frames,Atelier Edit,V004,37.95,82.6,82.6,0.5405,2023-05-28,Core,Active,Minimal,Slate,Large,Brass,Best,0.935,1.14
FRM2178,Vale Glass Form,Giftware,Frames,Frames,Atelier Edit,V007,6.85,15.13,15.13,0.5475,2024-03-02,Core,Active,Classic,Oat,Medium,Stone,Entry,0.8706,1.14
FRM2179,Ridge Marble Collection,Giftware,Frames,Frames,Northstar Collection,V015,43.86,93.78,93.78,0.5323,2024-05-25,Core,Active,Organic,Natural,Small,Marble,Best,1.1738,1.14
FRM2180,Avery Wool Collection,Giftware,Frames,Frames,Northstar Collection,V004,21.46,47.36,47.36,0.5468,2023-08-21,Core,Active,Classic,Charcoal,One Size,Glass,Better,1.0137,1.14
FRM2181,Cove Cotton House,Giftware,Frames,Frames,Atelier Edit,V008,26.64,57.78,57.78,0.539,2023-08-19,Core,Active,Organic,Champagne,Medium,Rattan,Better,0.4006,1.14
FRM2182,Noir Stone Series,Giftware,Frames,Frames,Maison Reserve,V019,34.85,74.09,74.09,0.5297,2024-08-21,Core,Active,Artisan,Sage,Medium,Rattan,Best,0.762,1.14
FRM2183,Sable Linen House,Giftware,Frames,Frames,Foundry Home,V002,36.64,73.61,73.61,0.5022,2023-07-27,Core,Active,Artisan,Terracotta,One Size,Glass,Best,1.6372,1.14
FRM2184,Sable Glass Studio,Giftware,Frames,Frames,Atelier Edit,V013,23.25,44.55,44.55,0.4782,2024-02-12,Core,Active,Modern,Sand,Large,Cotton,Better,2.3688,1.14
FRM2185,Vale Linen Studio,Giftware,Frames,Frames,Maison Reserve,V016,28.97,67.95,67.95,0.5737,2023-11-02,Core,Active,Organic,Oat,One Size,Cotton,Better,1.0425,1.14
FRM2186,Avery Glass Object,Giftware,Frames,Frames,Maison Reserve,V007,22.92,57.3,57.3,0.6,2023-10-09,Core,Active,Classic,Slate,One Size,Oak,Better,1.1185,1.14
FRM2187,Mira Brass Vessel,Giftware,Frames,Frames,Maison Reserve,V014,10.68,21.18,21.18,0.4957,2024-04-18,Core,Active,Classic,Terracotta,Large,Glass,Good,1.2318,1.14
FRM2188,Arc Cotton Object,Giftware,Frames,Frames,Maison Reserve,V020,30.6,76.38,76.38,0.5994,2024-07-31,Core,Active,Modern,Sand,Large,Marble,Best,0.8406,1.14
FRM2189,Cove Linen House,Giftware,Frames,Frames,Foundry Home,V004,20.22,56.06,56.06,0.6393,2024-07-24,Core,Active,Artisan,Oat,Small,Ceramic,Better,0.5978,1.14
FRM2190,Mira Linen Edit,Giftware,Frames,Frames,Atelier Edit,V011,15.31,32.23,32.23,0.525,2024-05-17,Core,Active,Artisan,Ivory,Medium,Linen,Good,0.9066,1.14
FRM2191,Arc Brass House,Giftware,Frames,Frames,Maison Reserve,V018,45.01,93.95,93.95,0.5209,2024-10-23,Core,Active,Organic,Charcoal,Large,Cotton,Best,0.4738,1.14
FRM2192,Harbour Stone Atelier,Giftware,Frames,Frames,Atelier Edit,V006,11.11,21.48,21.48,0.4827,2024-12-16,Core,Active,Classic,Terracotta,Large,Cotton,Good,0.5736,1.14
FRM2193,Harbour Linen House,Giftware,Frames,Frames,Atelier Edit,V013,33.27,76.41,76.41,0.5645,2023-06-27,Core,Active,Organic,Ivory,Large,Stone,Best,0.679,1.14
FRM2194,Sable Stone Vessel,Giftware,Frames,Frames,Foundry Home,V003,32.31,75.64,75.64,0.5728,2024-06-03,Core,Seasonal,Classic,Natural,One Size,Glass,Best,0.7373,1.14
FRM2195,Marlow Oak Object,Giftware,Frames,Frames,Maison Reserve,V008,35.09,79.61,79.61,0.5593,2023-10-18,Core,Active,Classic,Slate,One Size,Cotton,Best,0.7126,1.14
FRM2196,Ridge Oak Edit,Giftware,Frames,Frames,Atelier Edit,V015,17.07,40.3,40.3,0.5765,2023-06-16,Core,Active,Organic,Sand,One Size,Wool,Better,0.6289,1.14
FRM2197,Cove Marble Studio,Giftware,Frames,Frames,Foundry Home,V002,17.37,35.65,35.65,0.5128,2023-11-04,Core,Active,Organic,Charcoal,Small,Oak,Good,0.8053,1.14
FRM2198,Avery Wool Atelier,Giftware,Frames,Frames,Northstar Collection,V010,44.01,88.28,88.28,0.5014,2024-03-05,Core,Seasonal,Minimal,Ivory,One Size,Ceramic,Best,0.776,1.14
FRM2199,Avery Rattan Series,Giftware,Frames,Frames,Northstar Collection,V014,32.84,73.9,73.9,0.5556,2024-08-17,Core,Active,Artisan,Oat,Large,Ceramic,Best,0.4922,1.14
FRM2200,Avery Brass Series,Giftware,Frames,Frames,Atelier Edit,V003,35.35,68.13,68.13,0.4811,2023-09-06,Core,Active,Classic,Oat,Medium,Oak,Better,0.5439,1.14
FRM2201,Sable Glass Series,Giftware,Frames,Frames,Maison Reserve,V010,37.64,80.65,80.65,0.5333,2024-05-26,Core,Active,Minimal,Oat,Small,Linen,Best,1.4899,1.14
FRM2202,Cove Wool Edit,Giftware,Frames,Frames,Northstar Collection,V015,15.71,38.52,38.52,0.5921,2024-06-03,Core,Active,Modern,Terracotta,Small,Rattan,Good,1.1294,1.14
FRM2203,Mira Stone Line,Giftware,Frames,Frames,Atelier Edit,V002,22.41,43.29,43.29,0.4823,2023-10-08,Core,Seasonal,Modern,Terracotta,Small,Wool,Better,1.251,1.14
FRM2204,Ridge Brass Line,Giftware,Frames,Frames,Foundry Home,V013,16.59,42.15,42.15,0.6065,2023-07-18,Core,Active,Modern,Sand,One Size,Stone,Better,0.5153,1.14
FRM2205,Harbour Oak Form,Giftware,Frames,Frames,Maison Reserve,V019,25.5,47.2,47.2,0.4597,2024-09-17,Core,Active,Organic,Sage,Large,Oak,Better,0.2647,1.14
FRM2206,Cove Brass Collection,Giftware,Frames,Frames,Atelier Edit,V007,15.39,31.64,31.64,0.5137,2023-10-20,Core,Active,Classic,Charcoal,Medium,Marble,Good,1.0588,1.14
FRM2207,Arc Rattan Vessel,Giftware,Frames,Frames,Foundry Home,V010,35.78,92.14,92.14,0.6117,2023-08-17,Core,Active,Classic,Sage,Large,Oak,Best,0.7218,1.14
FRM2208,Vale Stone Series,Giftware,Frames,Frames,Atelier Edit,V017,23.75,62.68,62.68,0.6211,2023-11-01,Core,Active,Artisan,Oat,Medium,Brass,Better,0.564,1.14
FRM2209,Harbour Marble Form,Giftware,Frames,Frames,Northstar Collection,V005,8.73,18.75,18.75,0.5342,2024-03-02,Core,Active,Classic,Champagne,One Size,Wool,Entry,0.7684,1.14
FRM2210,Sable Cotton Edit,Giftware,Frames,Frames,Atelier Edit,V014,26.54,46.48,46.48,0.429,2024-09-06,Core,Active,Minimal,Sage,Small,Ceramic,Better,0.5568,1.14
FRM2211,Arc Ceramic Series,Giftware,Frames,Frames,Maison Reserve,V001,37.28,87.22,87.22,0.5726,2024-09-08,Core,Active,Artisan,Sage,Large,Glass,Best,0.8266,1.14
FRM2212,Mira Ceramic Object,Giftware,Frames,Frames,Atelier Edit,V008,28.61,69.57,69.57,0.5887,2024-01-21,Core,Active,Modern,Slate,Small,Stone,Better,0.8838,1.14
FRM2213,Ridge Rattan Atelier,Giftware,Frames,Frames,Northstar Collection,V013,23.1,58.42,58.42,0.6046,2023-12-11,Core,Active,Modern,Sage,Large,Linen,Better,1.4564,1.14
FRM2214,Noir Oak Line,Giftware,Frames,Frames,Atelier Edit,V003,27.02,51.38,51.38,0.4742,2024-05-18,Core,Active,Artisan,Champagne,Small,Brass,Better,0.7862,1.14
FRM2215,Ridge Wool Object,Giftware,Frames,Frames,Maison Reserve,V009,33.5,75.01,75.01,0.5534,2023-10-19,Core,Active,Artisan,Terracotta,Medium,Brass,Best,0.5677,1.14
GFT2216,Marlow Stone Studio,Giftware,Curated Gifts,Curated Gifts,Foundry Home,V017,29.55,72.6,72.6,0.593,2024-01-29,Core,Active,Artisan,Ivory,Medium,Rattan,Best,0.8845,1.0
GFT2217,Marlow Glass Form,Giftware,Curated Gifts,Curated Gifts,Foundry Home,V020,12.13,26.87,26.87,0.5485,2024-09-03,Core,Active,Artisan,Ivory,Large,Brass,Good,1.3385,1.0
GFT2218,Luna Marble House,Giftware,Curated Gifts,Curated Gifts,Foundry Home,V008,24.73,45.82,45.82,0.4602,2023-11-23,Core,Active,Modern,Sand,Medium,Stone,Better,1.3595,1.0
GFT2219,Cove Linen Line,Giftware,Curated Gifts,Curated Gifts,Maison Reserve,V017,60.82,122.98,122.98,0.5054,2023-09-13,Core,Active,Artisan,Sand,Medium,Marble,Best,1.0001,1.0
GFT2220,Luna Rattan Form,Giftware,Curated Gifts,Curated Gifts,Foundry Home,V003,16.6,39.34,27.54,0.5781,2024-10-17,Core,Exit,Artisan,Espresso,Medium,Cotton,Good,0.988,1.0
GFT2221,Harbour Rattan Edit,Giftware,Curated Gifts,Curated Gifts,Maison Reserve,V008,71.29,163.45,163.45,0.5638,2024-05-06,Core,Active,Minimal,Slate,Small,Brass,Best,1.1867,1.0
GFT2222,Luna Oak Line,Giftware,Curated Gifts,Curated Gifts,Atelier Edit,V016,43.58,93.63,93.63,0.5346,2024-12-31,Core,Active,Minimal,Terracotta,Small,Oak,Best,2.4463,1.0
GFT2223,Mira Stone Object,Giftware,Curated Gifts,Curated Gifts,Atelier Edit,V006,25.38,55.98,55.98,0.5467,2024-05-14,Core,Active,Minimal,Slate,One Size,Wool,Better,1.5559,1.0
GFT2224,Mira Ceramic Line,Giftware,Curated Gifts,Curated Gifts,Foundry Home,V011,70.68,154.39,154.39,0.5422,2024-02-14,Core,Active,Modern,Terracotta,One Size,Oak,Best,0.988,1.0
GFT2225,Harbour Rattan Vessel,Giftware,Curated Gifts,Curated Gifts,Maison Reserve,V020,19.89,53.56,53.56,0.6286,2024-06-28,Core,Seasonal,Artisan,Espresso,Medium,Cotton,Better,0.929,1.0
GFT2226,Marlow Stone Edit,Giftware,Curated Gifts,Curated Gifts,Foundry Home,V005,38.26,74.21,74.21,0.4845,2024-09-01,Core,Active,Minimal,Ivory,Medium,Marble,Best,3.1127,1.0
GFT2227,Avery Stone Collection,Giftware,Curated Gifts,Curated Gifts,Maison Reserve,V010,10.67,23.14,16.2,0.5389,2025-01-08,Core,Exit,Minimal,Espresso,Small,Oak,Good,1.1108,1.0
GFT2228,Noir Ceramic Studio,Giftware,Curated Gifts,Curated Gifts,Foundry Home,V001,53.24,106.04,106.04,0.498,2023-09-08,Core,Active,Organic,Ivory,Medium,Marble,Best,1.3681,1.0
GFT2229,Arc Brass Series,Giftware,Curated Gifts,Curated Gifts,Foundry Home,V005,33.39,75.54,75.54,0.5579,2024-08-16,Core,Active,Classic,Champagne,Small,Cotton,Best,1.1162,1.0
GFT2230,Aster Brass Object,Giftware,Curated Gifts,Curated Gifts,Atelier Edit,V011,16.96,39.18,39.18,0.5672,2024-06-16,Core,Active,Classic,Natural,Large,Rattan,Good,2.0777,1.0
GFT2231,Avery Glass Collection,Giftware,Curated Gifts,Curated Gifts,Foundry Home,V020,14.87,31.48,31.48,0.5276,2024-02-20,Core,Active,Organic,Oat,Medium,Stone,Good,0.7574,1.0
GFT2232,Cove Wool Form,Giftware,Curated Gifts,Curated Gifts,Northstar Collection,V009,70.65,133.05,133.05,0.469,2024-06-01,Core,Seasonal,Classic,Natural,Medium,Brass,Best,1.188,1.0
GFT2233,Cove Brass Line,Giftware,Curated Gifts,Curated Gifts,Foundry Home,V015,8.6,18.43,12.9,0.5334,2024-03-09,Core,Exit,Modern,Ivory,Medium,Rattan,Entry,0.8582,1.0
GFT2234,Harbour Wool Series,Giftware,Curated Gifts,Curated Gifts,Northstar Collection,V001,71.61,165.9,165.9,0.5684,2023-09-07,Core,Active,Classic,Charcoal,Small,Rattan,Best,1.363,1.0
GFT2235,Harbour Wool House,Giftware,Curated Gifts,Curated Gifts,Atelier Edit,V009,17.19,38.62,38.62,0.5548,2023-10-14,Core,Active,Artisan,Sand,Small,Cotton,Good,0.7672,1.0
GFT2236,Avery Oak House,Giftware,Curated Gifts,Curated Gifts,Atelier Edit,V017,62.5,139.88,139.88,0.5532,2024-12-22,Core,Active,Minimal,Slate,Small,Stone,Best,1.2272,1.0
GFT2237,Avery Oak Edit,Giftware,Curated Gifts,Curated Gifts,Atelier Edit,V020,20.84,47.93,47.93,0.5651,2023-12-30,Core,Active,Modern,Espresso,Medium,Oak,Better,0.734,1.0
GFT2238,Sable Ceramic Series,Giftware,Curated Gifts,Curated Gifts,Foundry Home,V011,26.18,61.46,61.46,0.574,2024-01-27,Core,Active,Minimal,Ivory,Small,Oak,Better,1.5127,1.0
GFT2239,Luna Ceramic Object,Giftware,Curated Gifts,Curated Gifts,Northstar Collection,V018,11.82,26.26,26.26,0.5501,2023-09-26,Core,Active,Artisan,Sand,Large,Glass,Good,2.4553,1.0
GFT2240,Sable Wool Object,Giftware,Curated Gifts,Curated Gifts,Maison Reserve,V003,44.67,99.23,99.23,0.5498,2024-09-27,Core,Active,Artisan,Espresso,Small,Glass,Best,1.3972,1.0
GFT2241,Noir Glass Vessel,Giftware,Curated Gifts,Curated Gifts,Atelier Edit,V011,13.3,27.23,27.23,0.5117,2023-09-26,Core,Active,Artisan,Natural,One Size,Marble,Good,1.7466,1.0
GFT2242,Mira Brass Series,Giftware,Curated Gifts,Curated Gifts,Atelier Edit,V018,68.54,148.26,148.26,0.5377,2023-07-10,Core,Active,Artisan,Sand,Small,Brass,Best,1.3431,1.0
GFT2243,Marlow Rattan Vessel,Giftware,Curated Gifts,Curated Gifts,Atelier Edit,V004,58.23,139.43,139.43,0.5824,2023-08-14,Core,Seasonal,Minimal,Slate,One Size,Marble,Best,0.7867,1.0
GFT2244,Noir Wool Form,Giftware,Curated Gifts,Curated Gifts,Northstar Collection,V009,9.94,23.68,23.68,0.5802,2023-05-23,Core,Active,Minimal,Charcoal,Small,Cotton,Good,1.2039,1.0
GFT2245,Arc Glass Line,Giftware,Curated Gifts,Curated Gifts,Foundry Home,V016,49.79,101.89,101.89,0.5113,2024-01-13,Core,Active,Organic,Espresso,Medium,Brass,Best,0.8905,1.0
GFT2246,Luna Brass Line,Giftware,Curated Gifts,Curated Gifts,Northstar Collection,V006,61.09,160.62,160.62,0.6197,2024-07-14,Core,Active,Artisan,Natural,One Size,Rattan,Best,2.3657,1.0
GFT2247,Arc Ceramic Form,Giftware,Curated Gifts,Curated Gifts,Foundry Home,V013,47.49,102.44,102.44,0.5364,2024-07-10,Core,Active,Classic,Natural,Small,Rattan,Best,0.6359,1.0
GFT2248,Noir Rattan Form,Giftware,Curated Gifts,Curated Gifts,Atelier Edit,V020,79.74,170.28,170.28,0.5317,2023-08-12,Core,Active,Organic,Espresso,Large,Linen,Best,1.8974,1.0
GFT2249,Noir Oak Line,Giftware,Curated Gifts,Curated Gifts,Atelier Edit,V007,62.2,117.89,117.89,0.4724,2023-10-12,Core,Active,Minimal,Slate,Medium,Cotton,Best,0.9561,1.0
GFT2250,Luna Rattan Object,Giftware,Curated Gifts,Curated Gifts,Northstar Collection,V014,40.15,82.08,82.08,0.5109,2024-03-25,Core,Active,Artisan,Slate,One Size,Brass,Best,0.6241,1.0
GFT2251,Harbour Brass House,Giftware,Curated Gifts,Curated Gifts,Foundry Home,V001,69.06,161.47,161.47,0.5723,2024-06-26,Core,Active,Classic,Natural,Large,Rattan,Best,1.1176,1.0
GFT2252,Vale Stone Collection,Giftware,Curated Gifts,Curated Gifts,Northstar Collection,V007,77.82,144.18,144.18,0.4602,2024-11-11,Core,Active,Modern,Champagne,Medium,Stone,Best,1.183,1.0
GFT2253,Vale Cotton Form,Giftware,Curated Gifts,Curated Gifts,Foundry Home,V014,42.69,97.79,97.79,0.5635,2024-05-03,Core,Active,Modern,Sand,Medium,Oak,Best,0.7329,1.0
GFT2254,Arc Ceramic House,Giftware,Curated Gifts,Curated Gifts,Foundry Home,V003,80.13,153.63,153.63,0.4784,2023-08-16,Core,Active,Modern,Slate,Large,Wool,Best,0.7016,1.0
GFT2255,Vale Linen Object,Giftware,Curated Gifts,Curated Gifts,Foundry Home,V007,72.94,148.95,148.95,0.5103,2023-10-01,Core,Active,Organic,Slate,One Size,Wool,Best,0.8145,1.0
