PO_Number,Vendor_ID,SKU_ID,Order_Date,Expected_Delivery_Date,Actual_Delivery_Date,Units_Ordered,Units_Received,Unit_Cost,Total_Cost,Delivery_Status
PO000001,V006,FLR1846,2025-07-15,2025-08-20,2025-08-30,96,96,170.42,16360.32,Late
PO000002,V004,BTH1526,2025-12-09,2025-12-27,2026-01-01,36,36,27.95,1006.2,Late
PO000003,V004,DEC0046,2025-04-28,2025-05-16,2025-05-21,72,72,12.11,871.92,Late
PO000004,V003,DEC0163,2025-07-13,2025-09-13,2025-09-09,120,102,28.83,3459.6,On Time
PO000005,V016,WIN2079,2026-03-07,2026-03-21,2026-03-28,72,72,19.08,1373.76,Late
PO000006,V001,CND2157,2026-05-24,2026-06-24,2026-06-29,48,48,35.62,1709.76,Late
PO000007,V011,DEC0081,2026-02-07,2026-03-21,2026-03-22,120,102,18.47,2216.4,On Time
PO000008,V004,TEX0520,2025-02-28,2025-03-18,2025-03-09,96,96,27.06,2597.76,On Time
PO000009,V017,BTH1519,2025-03-21,2025-04-05,2025-04-09,72,72,7.85,565.2,Late
PO000010,V013,FRM2213,2025-02-13,2025-03-08,2025-03-07,96,96,23.1,2217.6,On Time
PO000011,V020,PEN1914,2026-07-06,2026-08-04,2026-07-31,36,36,98.2,3535.2,On Time
PO000012,V015,SRV0973,2025-03-02,2025-03-26,2025-03-28,96,78,29.41,2823.36,On Time
PO000013,V003,DEC0137,2025-06-06,2025-08-07,2025-08-16,120,120,16.15,1938.0,Late
PO000014,V010,KIT0878,2025-07-12,2025-09-02,2025-08-30,96,96,58.3,5596.8,On Time
PO000015,V002,LGT1791,2025-04-01,2025-05-06,2025-05-20,120,120,33.7,4044.0,Late
PO000016,V002,SEA0711,2025-10-01,2025-11-05,2025-11-04,96,96,170.67,16384.32,On Time
PO000017,V010,CND2147,2026-01-11,2026-03-04,2026-03-05,36,36,8.99,323.64,On Time
PO000018,V009,BTH1555,2025-04-22,2025-06-09,2025-06-11,24,24,32.86,788.64,On Time
PO000019,V002,MIR0391,2026-06-21,2026-07-26,2026-08-01,36,36,115.27,4149.72,Late
PO000020,V019,SRV1022,2025-03-15,2025-04-19,2025-04-20,48,48,28.15,1351.2,On Time
PO000021,V006,TOW1463,2025-06-14,2025-07-20,2025-07-14,48,48,27.94,1341.12,On Time
PO000022,V009,HAL2004,2025-05-08,2025-06-25,2025-07-02,48,48,13.88,666.24,Late
PO000023,V003,FLR1866,2025-10-30,2025-12-31,2025-12-31,96,96,187.05,17956.8,On Time
PO000024,V014,FUR0593,2025-03-15,2025-04-25,2025-04-28,96,96,210.26,20184.96,Late
PO000025,V019,ORG1748,2025-06-20,2025-07-25,2025-07-28,72,72,9.1,655.2,Late
PO000026,V013,HAL2007,2025-05-09,2025-06-01,2025-06-01,120,120,35.85,4302.0,On Time
PO000027,V005,KIT0900,2025-09-21,2025-11-01,2025-11-03,24,24,66.81,1603.44,On Time
PO000028,V008,FUR0621,2025-12-04,2026-01-16,2026-01-20,72,72,121.83,8771.76,Late
PO000029,V007,WAL0209,2026-01-29,2026-02-18,2026-02-21,120,120,44.46,5335.2,Late
PO000030,V011,CHR1984,2025-02-14,2025-03-28,2025-04-03,120,120,65.19,7822.8,Late
PO000031,V012,SRV1044,2026-06-26,2026-07-22,2026-07-20,120,120,13.58,1629.6,On Time
PO000032,V017,FUR0619,2025-08-30,2025-09-14,2025-09-17,36,36,220.23,7928.28,Late
PO000033,V014,SHT1313,2026-03-14,2026-04-24,2026-04-30,36,36,38.08,1370.88,Late
PO000034,V002,SHT1260,2025-03-28,2025-05-02,2025-05-11,36,36,59.99,2159.64,Late
PO000035,V008,DEC0089,2026-05-28,2026-07-10,2026-07-05,24,24,24.05,577.2,On Time
PO000036,V020,CND2134,2025-02-21,2025-03-22,2025-03-20,48,48,29.29,1405.92,On Time
PO000037,V008,DEC0018,2025-04-25,2025-06-07,2025-06-12,96,96,37.73,3622.08,Late
PO000038,V018,ORG1762,2026-04-25,2026-05-10,2026-05-13,72,72,28.93,2082.96,Late
PO000039,V009,HAL2004,2026-02-13,2026-04-02,2026-04-02,48,48,13.88,666.24,On Time
PO000040,V004,SRV1003,2026-02-23,2026-03-13,2026-03-11,72,72,39.5,2844.0,On Time
PO000041,V017,SRV1076,2026-05-12,2026-05-27,2026-05-27,48,36,25.17,1208.16,On Time
PO000042,V001,WAL0308,2025-12-22,2026-01-22,2026-01-25,36,36,69.69,2508.84,Late
PO000043,V011,TEX0484,2026-06-30,2026-08-11,2026-08-24,72,72,17.23,1240.56,Late
PO000044,V018,PIL1345,2025-04-20,2025-05-05,2025-05-07,72,72,25.18,1812.96,On Time
PO000045,V011,TOW1441,2026-06-04,2026-07-16,2026-07-22,120,120,25.37,3044.4,Late
PO000046,V002,BTH1551,2026-05-07,2026-06-11,2026-06-08,96,96,41.87,4019.52,On Time
PO000047,V009,TOW1418,2025-12-09,2026-01-26,2026-01-30,72,72,32.57,2345.04,Late
PO000048,V019,LGT1782,2025-09-08,2025-10-13,2025-10-04,120,120,58.28,6993.6,On Time
PO000049,V005,SHT1272,2025-11-13,2025-12-24,2025-12-28,96,96,100.3,9628.8,Late
PO000050,V018,MIR0382,2025-11-10,2025-11-25,2025-12-04,36,36,64.9,2336.4,Late
PO000051,V013,KIT0867,2025-09-18,2025-10-11,2025-10-11,120,120,99.46,11935.2,On Time
PO000052,V004,PEN1886,2025-07-25,2025-08-12,2025-08-06,72,72,164.41,11837.52,On Time
PO000053,V001,SEA0720,2025-09-02,2025-10-03,2025-10-02,48,48,267.21,12826.08,On Time
PO000054,V010,SEA0718,2026-05-31,2026-07-22,2026-07-23,120,120,334.29,40114.8,On Time
PO000055,V003,SHT1314,2025-11-16,2026-01-17,2026-01-25,48,48,27.73,1331.04,Late
PO000056,V015,DUV1170,2026-03-30,2026-04-23,2026-04-24,24,12,110.34,2648.16,On Time
PO000057,V016,SHL1662,2025-03-04,2025-03-18,2025-03-27,120,120,109.13,13095.6,Late
PO000058,V016,SUM2039,2025-03-28,2025-04-11,2025-04-25,72,72,16.05,1155.6,Late
PO000059,V010,BTH1521,2026-02-18,2026-04-11,2026-04-12,36,36,21.31,767.16,On Time
PO000060,V017,SEA0748,2025-06-07,2025-06-22,2025-06-16,36,36,87.77,3159.72,On Time
PO000061,V013,WAL0193,2026-02-14,2026-03-09,2026-03-14,96,84,36.26,3480.96,Late
PO000062,V006,TOW1492,2025-07-04,2025-08-09,2025-08-21,72,72,9.31,670.32,Late
PO000063,V018,DUV1185,2025-06-09,2025-06-24,2025-06-28,120,120,48.13,5775.6,Late
PO000064,V012,BSK1601,2025-11-17,2025-12-13,2025-12-18,96,96,27.98,2686.08,Late
PO000065,V014,KIT0899,2026-02-25,2026-04-07,2026-04-08,48,48,30.52,1464.96,On Time
PO000066,V011,MIR0387,2026-02-17,2026-03-31,2026-04-01,36,24,86.06,3098.16,On Time
PO000067,V015,SHL1670,2026-04-29,2026-05-23,2026-05-25,24,24,49.42,1186.08,On Time
PO000068,V005,SHT1292,2025-05-20,2025-06-30,2025-06-21,24,24,63.23,1517.52,On Time
PO000069,V011,CND2124,2025-09-11,2025-10-23,2025-10-24,24,24,7.59,182.16,On Time
PO000070,V012,WIN2081,2026-03-30,2026-04-25,2026-04-28,72,72,31.91,2297.52,Late
PO000071,V016,SHT1265,2025-09-20,2025-10-04,2025-10-12,96,78,38.77,3721.92,Late
PO000072,V012,BSK1601,2026-06-10,2026-07-06,2026-07-14,120,120,27.98,3357.6,Late
PO000073,V004,MIR0417,2026-04-30,2026-05-18,2026-05-23,24,24,73.5,1764.0,Late
PO000074,V017,WAL0282,2026-05-04,2026-05-19,2026-05-16,72,72,14.42,1038.24,On Time
PO000075,V002,SEA0754,2026-06-01,2026-07-06,2026-07-10,48,48,367.91,17659.68,Late
PO000076,V002,TEX0451,2026-03-11,2026-04-15,2026-04-24,48,42,12.27,588.96,Late
PO000077,V018,WAL0211,2025-07-03,2025-07-18,2025-07-14,36,36,34.74,1250.64,On Time
PO000078,V015,SUM2053,2025-08-13,2025-09-06,2025-09-09,72,72,28.35,2041.2,Late
PO000079,V004,TOW1466,2025-06-12,2025-06-30,2025-06-27,24,24,15.05,361.2,On Time
PO000080,V012,SHL1653,2025-10-11,2025-11-06,2025-11-10,36,36,94.11,3387.96,Late
PO000081,V013,TOW1413,2026-06-27,2026-07-20,2026-07-22,72,72,6.42,462.24,On Time
PO000082,V002,SHT1260,2025-02-12,2025-03-19,2025-03-31,120,120,59.99,7198.8,Late
PO000083,V006,DEC0009,2025-08-01,2025-09-06,2025-09-14,120,120,11.4,1368.0,Late
PO000084,V017,DEC0068,2025-06-07,2025-06-22,2025-06-27,120,120,33.26,3991.2,Late
PO000085,V013,DEC0133,2026-03-01,2026-03-24,2026-03-27,96,96,12.99,1247.04,Late
PO000086,V002,CHR1931,2025-12-14,2026-01-18,2026-01-22,72,72,38.44,2767.68,Late
PO000087,V012,ORG1744,2025-10-26,2025-11-21,2025-11-23,24,24,8.42,202.08,On Time
PO000088,V001,KIT0891,2026-05-18,2026-06-18,2026-06-14,24,24,48.33,1159.92,On Time
PO000089,V011,TOW1458,2025-06-06,2025-07-18,2025-07-25,96,96,10.89,1045.44,Late
PO000090,V010,DEC0124,2026-06-26,2026-08-17,2026-08-16,72,72,30.95,2228.4,On Time
PO000091,V003,SHT1246,2025-11-25,2026-01-26,2026-02-01,96,96,22.09,2120.64,Late
PO000092,V014,WAL0253,2025-12-25,2026-02-04,2026-02-05,48,48,67.94,3261.12,On Time
PO000093,V011,PEN1918,2026-04-05,2026-05-17,2026-05-25,120,102,227.12,27254.4,Late
PO000094,V016,FUR0582,2025-09-23,2025-10-07,2025-10-20,36,36,128.37,4621.32,Late
PO000095,V013,FRM2193,2026-04-18,2026-05-11,2026-05-13,96,96,33.27,3193.92,On Time
PO000096,V010,SHL1687,2026-02-25,2026-04-18,2026-04-18,72,72,82.57,5945.04,On Time
PO000097,V018,WAL0279,2026-05-04,2026-05-19,2026-05-12,120,120,74.76,8971.2,On Time
PO000098,V016,TEX0479,2025-12-06,2025-12-20,2026-01-01,48,42,11.78,565.44,Late
PO000099,V005,TAB0772,2025-05-12,2025-06-22,2025-06-23,48,48,332.78,15973.44,On Time
PO000100,V014,SRV1039,2025-06-18,2025-07-29,2025-07-26,96,96,38.32,3678.72,On Time
PO000101,V016,SRV0985,2025-05-01,2025-05-15,2025-05-19,120,120,8.21,985.2,Late
PO000102,V003,FLR1843,2025-03-11,2025-05-12,2025-04-29,120,120,180.66,21679.2,On Time
PO000103,V005,MIR0372,2025-04-13,2025-05-24,2025-06-01,24,24,103.61,2486.64,Late
PO000104,V002,DEC0023,2025-02-09,2025-03-16,2025-03-19,72,72,55.59,4002.48,Late
PO000105,V020,SEA0757,2025-11-16,2025-12-15,2025-12-19,24,24,169.19,4060.56,Late
PO000106,V016,SRV0976,2026-06-11,2026-06-25,2026-07-09,24,12,43.93,1054.32,Late
PO000107,V012,FUR0644,2026-05-15,2026-06-10,2026-06-06,24,24,124.34,2984.16,On Time
PO000108,V011,PIL1398,2025-03-04,2025-04-15,2025-04-19,24,24,42.5,1020.0,Late
PO000109,V003,TOW1460,2025-03-14,2025-05-15,2025-05-15,72,72,38.38,2763.36,On Time
PO000110,V013,FRM2173,2026-06-08,2026-07-01,2026-06-20,36,24,23.54,847.44,On Time
PO000111,V002,DEC0183,2026-03-18,2026-04-22,2026-04-23,120,120,14.68,1761.6,On Time
PO000112,V002,CND2160,2026-06-09,2026-07-14,2026-07-21,72,72,24.16,1739.52,Late
PO000113,V004,CND2117,2026-03-29,2026-04-16,2026-04-22,120,120,13.29,1594.8,Late
PO000114,V012,TOW1427,2025-03-18,2025-04-13,2025-04-11,120,108,32.14,3856.8,On Time
PO000115,V015,KIT0933,2025-08-20,2025-09-13,2025-09-07,36,30,42.06,1514.16,On Time
PO000116,V015,TEX0462,2025-04-09,2025-05-03,2025-05-09,24,24,34.74,833.76,Late
PO000117,V003,ORG1734,2025-06-11,2025-08-12,2025-08-16,48,48,40.19,1929.12,Late
PO000118,V007,ORG1715,2026-01-16,2026-02-05,2026-02-17,48,48,32.53,1561.44,Late
PO000119,V016,KIT0859,2025-02-10,2025-02-24,2025-02-18,120,120,84.1,10092.0,On Time
PO000120,V007,BTH1529,2025-02-15,2025-03-07,2025-03-15,120,120,20.66,2479.2,Late
PO000121,V012,FUR0664,2026-04-04,2026-04-30,2026-04-27,36,36,137.11,4935.96,On Time
PO000122,V004,TEX0520,2025-09-15,2025-10-03,2025-10-01,120,120,27.06,3247.2,On Time
PO000123,V006,DEC0009,2025-10-11,2025-11-16,2025-11-11,36,36,11.4,410.4,On Time
PO000124,V017,WAL0322,2025-06-08,2025-06-23,2025-07-05,120,120,36.12,4334.4,Late
PO000125,V006,CHR1972,2026-04-22,2026-05-28,2026-05-25,96,96,42.9,4118.4,On Time
PO000126,V011,BSK1627,2025-07-02,2025-08-13,2025-08-24,72,72,48.22,3471.84,Late
PO000127,V010,WAL0267,2025-07-11,2025-09-01,2025-08-27,72,72,44.15,3178.8,On Time
PO000128,V019,WAL0288,2025-06-13,2025-07-18,2025-07-17,24,24,17.71,425.04,On Time
PO000129,V019,SHT1282,2026-01-13,2026-02-17,2026-02-11,72,66,51.43,3702.96,On Time
PO000130,V019,HAL2005,2026-05-06,2026-06-10,2026-06-18,36,24,40.62,1462.32,Late
PO000131,V013,PIL1407,2025-11-25,2025-12-18,2025-12-18,24,12,12.86,308.64,On Time
PO000132,V010,TEX0475,2026-06-29,2026-08-20,2026-08-23,24,24,8.25,198.0,Late
PO000133,V020,TOW1471,2025-03-10,2025-04-08,2025-04-10,96,96,15.99,1535.04,On Time
PO000134,V010,TEX0507,2025-05-12,2025-07-03,2025-07-08,72,72,37.24,2681.28,Late
PO000135,V010,FRM2207,2026-01-25,2026-03-18,2026-03-25,120,120,35.78,4293.6,Late
PO000136,V003,MIR0406,2025-02-08,2025-04-11,2025-04-12,72,72,38.28,2756.16,On Time
PO000137,V016,SUM2022,2025-04-29,2025-05-13,2025-05-15,48,48,40.8,1958.4,On Time
PO000138,V020,CND2114,2026-06-30,2026-07-29,2026-07-28,24,6,4.82,115.68,On Time
PO000139,V016,FUR0639,2025-03-24,2025-04-07,2025-04-13,48,48,80.92,3884.16,Late
PO000140,V011,KIT0864,2025-11-27,2026-01-08,2026-01-09,72,72,23.15,1666.8,On Time
PO000141,V015,TEX0462,2026-06-24,2026-07-18,2026-07-15,48,48,34.74,1667.52,On Time
PO000142,V003,SEA0694,2025-11-09,2026-01-10,2026-01-13,120,120,102.06,12247.2,Late
PO000143,V016,DEC0059,2025-10-18,2025-11-01,2025-11-10,120,120,29.92,3590.4,Late
PO000144,V016,SEA0682,2026-05-26,2026-06-09,2026-06-17,72,72,124.92,8994.24,Late
PO000145,V013,WAL0316,2025-09-30,2025-10-23,2025-10-21,72,72,65.78,4736.16,On Time
PO000146,V018,BSK1588,2026-04-09,2026-04-24,2026-04-30,72,72,11.58,833.76,Late
PO000147,V007,DEC0158,2025-03-23,2025-04-12,2025-04-21,96,96,45.27,4345.92,Late
PO000148,V014,FUR0579,2025-06-08,2025-07-19,2025-07-14,24,24,181.55,4357.2,On Time
PO000149,V013,TAB0813,2026-01-11,2026-02-03,2026-02-16,48,48,362.49,17399.52,Late
PO000150,V007,DEC0032,2025-11-25,2025-12-15,2025-12-18,24,24,10.58,253.92,Late
PO000151,V003,SEA0694,2026-01-04,2026-03-07,2026-03-13,48,48,102.06,4898.88,Late
PO000152,V004,PEN1886,2025-12-21,2026-01-08,2026-01-16,72,72,164.41,11837.52,Late
PO000153,V010,SRV1055,2025-03-08,2025-04-29,2025-04-27,96,96,43.12,4139.52,On Time
PO000154,V012,TEX0473,2026-06-04,2026-06-30,2026-07-06,96,96,42.96,4124.16,Late
PO000155,V010,FUR0584,2025-11-18,2026-01-09,2026-01-05,72,72,118.19,8509.68,On Time
PO000156,V003,TEX0437,2026-01-17,2026-03-20,2026-03-22,24,24,25.32,607.68,On Time
PO000157,V008,FLR1872,2026-03-06,2026-04-18,2026-04-14,48,48,50.38,2418.24,On Time
PO000158,V016,SHT1242,2026-05-29,2026-06-12,2026-06-12,96,96,44.26,4248.96,On Time
PO000159,V017,SRV1019,2026-03-24,2026-04-08,2026-04-07,96,96,25.11,2410.56,On Time
PO000160,V016,BTH1513,2025-10-25,2025-11-08,2025-11-13,72,72,31.04,2234.88,Late
PO000161,V003,TEX0526,2026-06-23,2026-08-24,2026-08-27,120,120,25.59,3070.8,Late
PO000162,V018,MIR0422,2025-09-01,2025-09-16,2025-09-23,72,72,62.92,4530.24,Late
PO000163,V003,DEC0137,2026-01-10,2026-03-13,2026-03-21,24,24,16.15,387.6,Late
PO000164,V018,WIN2085,2025-08-13,2025-08-28,2025-09-05,120,120,56.01,6721.2,Late
PO000165,V009,TOW1418,2025-12-26,2026-02-12,2026-02-05,120,108,32.57,3908.4,On Time
PO000166,V002,DEC0114,2026-05-18,2026-06-22,2026-06-24,36,36,15.53,559.08,On Time
PO000167,V020,WAL0194,2026-03-24,2026-04-22,2026-04-22,48,48,31.94,1533.12,On Time
PO000168,V012,DEC0067,2025-10-10,2025-11-05,2025-11-11,96,96,12.65,1214.4,Late
PO000169,V006,TOW1486,2026-03-09,2026-04-14,2026-04-16,36,36,32.33,1163.88,On Time
PO000170,V018,LGT1822,2025-08-12,2025-08-27,2025-08-26,72,60,60.72,4371.84,On Time
PO000171,V012,MIR0393,2026-01-05,2026-01-31,2026-02-05,48,48,69.78,3349.44,Late
PO000172,V006,TAB0815,2025-05-11,2025-06-16,2025-06-14,24,24,200.55,4813.2,On Time
PO000173,V005,SHL1689,2025-12-25,2026-02-04,2026-02-04,36,36,23.21,835.56,On Time
PO000174,V006,PEN1892,2025-09-09,2025-10-15,2025-10-21,24,24,89.96,2159.04,Late
PO000175,V002,WAL0220,2026-04-17,2026-05-22,2026-05-25,36,18,83.46,3004.56,Late
PO000176,V004,TOW1446,2026-02-13,2026-03-03,2026-03-03,24,24,16.47,395.28,On Time
PO000177,V019,BTH1522,2025-09-08,2025-10-13,2025-10-18,36,36,13.26,477.36,Late
PO000178,V015,TOW1462,2025-10-16,2025-11-09,2025-11-12,24,24,25.09,602.16,Late
PO000179,V020,DEC0148,2025-12-01,2025-12-30,2025-12-27,36,36,27.21,979.56,On Time
PO000180,V014,WAL0250,2025-09-19,2025-10-30,2025-10-28,36,18,34.34,1236.24,On Time
PO000181,V019,BSK1594,2025-07-24,2025-08-28,2025-08-29,120,120,40.22,4826.4,On Time
PO000182,V013,TEX0444,2026-03-25,2026-04-17,2026-04-22,96,96,45.21,4340.16,Late
PO000183,V009,MIR0375,2025-08-28,2025-10-15,2025-10-19,72,72,67.55,4863.6,Late
PO000184,V013,PEN1916,2025-08-27,2025-09-19,2025-09-24,96,96,123.92,11896.32,Late
PO000185,V017,KIT0896,2026-03-28,2026-04-12,2026-04-15,24,24,17.67,424.08,Late
PO000186,V002,SEA0680,2026-03-26,2026-04-30,2026-05-11,120,120,293.69,35242.8,Late
PO000187,V004,DEC0046,2026-03-27,2026-04-14,2026-04-16,24,24,12.11,290.64,On Time
PO000188,V007,KIT0935,2025-07-09,2025-07-29,2025-08-06,72,66,50.28,3620.16,Late
PO000189,V003,TEX0437,2025-02-12,2025-04-15,2025-04-22,36,36,25.32,911.52,Late
PO000190,V003,WAL0263,2025-04-16,2025-06-17,2025-06-18,24,24,33.1,794.4,On Time
PO000191,V009,SHT1275,2026-05-22,2026-07-09,2026-07-11,120,102,30.26,3631.2,On Time
PO000192,V005,TAB0780,2025-05-15,2025-06-25,2025-06-23,36,36,90.09,3243.24,On Time
PO000193,V004,UTL1103,2025-06-02,2025-06-20,2025-06-29,120,120,27.54,3304.8,Late
PO000194,V014,WIN2070,2025-02-21,2025-04-03,2025-04-09,48,30,23.16,1111.68,Late
PO000195,V005,HAL2020,2025-08-05,2025-09-15,2025-09-11,120,120,25.77,3092.4,On Time
PO000196,V020,LGT1817,2025-11-02,2025-12-01,2025-12-02,72,72,103.89,7480.08,On Time
PO000197,V018,DUV1225,2025-11-01,2025-11-16,2025-11-17,24,24,138.75,3330.0,On Time
PO000198,V020,DEC0131,2026-04-06,2026-05-05,2026-05-05,120,120,37.83,4539.6,On Time
PO000199,V002,FUR0614,2026-04-30,2026-06-04,2026-06-06,120,102,203.93,24471.6,On Time
PO000200,V015,WAL0219,2025-06-28,2025-07-22,2025-07-18,72,72,73.22,5271.84,On Time
PO000201,V020,SHL1654,2025-08-11,2025-09-09,2025-09-08,48,48,46.72,2242.56,On Time
PO000202,V009,SRV0978,2025-12-22,2026-02-08,2026-02-10,96,96,16.68,1601.28,On Time
PO000203,V008,TOW1472,2026-03-21,2026-05-03,2026-05-07,36,36,19.01,684.36,Late
PO000204,V004,CND2146,2026-06-21,2026-07-09,2026-07-12,72,72,35.43,2550.96,Late
PO000205,V014,TAB0799,2025-12-04,2026-01-14,2026-01-20,120,120,102.98,12357.6,Late
PO000206,V020,GFT2217,2025-03-05,2025-04-03,2025-04-05,36,24,12.13,436.68,On Time
PO000207,V018,SHT1262,2026-07-02,2026-07-17,2026-07-13,120,120,65.61,7873.2,On Time
PO000208,V020,CND2114,2025-12-20,2026-01-18,2026-01-18,36,36,4.82,173.52,On Time
PO000209,V013,KIT0947,2026-04-17,2026-05-10,2026-05-11,48,48,57.56,2762.88,On Time
PO000210,V002,DEC0023,2025-06-01,2025-07-06,2025-07-04,96,96,55.59,5336.64,On Time
PO000211,V006,TOW1483,2025-11-28,2026-01-03,2026-01-09,96,96,30.99,2975.04,Late
PO000212,V015,TOW1416,2025-06-27,2025-07-21,2025-08-01,96,96,25.09,2408.64,Late
PO000213,V012,WAL0224,2025-02-26,2025-03-24,2025-03-28,36,36,44.34,1596.24,Late
PO000214,V006,DEC0172,2026-02-26,2026-04-03,2026-04-05,96,96,46.63,4476.48,On Time
PO000215,V015,DEC0019,2026-04-29,2026-05-23,2026-05-31,24,24,30.39,729.36,Late
PO000216,V018,KIT0945,2025-12-27,2026-01-11,2026-01-12,72,72,29.25,2106.0,On Time
PO000217,V019,CND2108,2026-04-13,2026-05-18,2026-05-27,120,120,17.22,2066.4,Late
PO000218,V004,TAB0837,2026-01-13,2026-01-31,2026-01-25,36,36,179.6,6465.6,On Time
PO000219,V002,SRV1020,2026-03-24,2026-04-28,2026-04-28,120,120,50.23,6027.6,On Time
PO000220,V015,SUM2062,2025-02-11,2025-03-07,2025-03-05,72,60,40.76,2934.72,On Time
PO000221,V010,SRV1075,2026-06-24,2026-08-15,2026-08-10,96,96,60.29,5787.84,On Time
PO000222,V002,MIR0420,2026-02-23,2026-03-30,2026-04-09,36,36,59.96,2158.56,Late
PO000223,V015,DEC0122,2026-04-09,2026-05-03,2026-04-20,96,96,61.18,5873.28,On Time
PO000224,V017,FUR0668,2026-06-13,2026-06-28,2026-07-07,24,24,151.44,3634.56,Late
PO000225,V019,ORG1751,2026-03-26,2026-04-30,2026-04-22,72,72,17.12,1232.64,On Time
PO000226,V017,GFT2216,2026-04-30,2026-05-15,2026-05-12,96,96,29.55,2836.8,On Time
PO000227,V005,CHR1963,2026-05-15,2026-06-25,2026-06-21,96,96,52.02,4993.92,On Time
PO000228,V012,TOW1484,2025-07-14,2025-08-09,2025-08-12,36,36,31.2,1123.2,Late
PO000229,V003,KIT0937,2025-03-15,2025-05-16,2025-05-10,96,96,22.57,2166.72,On Time
PO000230,V018,CHR1928,2025-05-29,2025-06-13,2025-06-13,36,36,61.62,2218.32,On Time
PO000231,V003,KIT0934,2026-02-03,2026-04-06,2026-04-09,72,72,75.52,5437.44,Late
PO000232,V010,MIR0424,2026-07-04,2026-08-25,2026-08-22,120,120,46.85,5622.0,On Time
PO000233,V011,FUR0627,2025-04-13,2025-05-25,2025-05-25,36,36,176.44,6351.84,On Time
PO000234,V007,FUR0598,2026-01-31,2026-02-20,2026-02-26,36,36,87.92,3165.12,Late
PO000235,V018,HAL1988,2026-04-20,2026-05-05,2026-05-14,36,36,22.92,825.12,Late
PO000236,V003,UTL1094,2025-03-08,2025-05-09,2025-05-05,48,42,12.51,600.48,On Time
PO000237,V014,UTL1087,2025-09-26,2025-11-06,2025-11-03,48,36,30.8,1478.4,On Time
PO000238,V015,SRV0990,2026-03-15,2026-04-08,2026-04-11,24,24,68.52,1644.48,Late
PO000239,V014,TOW1453,2025-08-28,2025-10-08,2025-10-13,120,120,18.25,2190.0,Late
PO000240,V003,ORG1734,2026-01-22,2026-03-25,2026-03-23,96,96,40.19,3858.24,On Time
PO000241,V013,BTH1533,2025-08-10,2025-09-02,2025-09-02,48,48,34.75,1668.0,On Time
PO000242,V015,ORG1736,2026-02-26,2026-03-22,2026-03-25,72,72,42.84,3084.48,Late
PO000243,V012,DEC0004,2025-02-08,2025-03-06,2025-03-04,24,24,16.71,401.04,On Time
PO000244,V016,FUR0645,2026-04-17,2026-05-01,2026-04-30,72,72,45.61,3283.92,On Time
PO000245,V005,TAB0812,2026-04-17,2026-05-28,2026-05-27,72,72,78.24,5633.28,On Time
PO000246,V014,CND2119,2025-12-18,2026-01-28,2026-02-03,24,24,22.53,540.72,Late
PO000247,V007,HAL1992,2025-06-30,2025-07-20,2025-08-05,48,48,18.25,876.0,Late
PO000248,V011,FLR1864,2025-02-26,2025-04-09,2025-04-12,36,30,100.33,3611.88,Late
PO000249,V002,WAL0277,2026-01-11,2026-02-15,2026-02-25,36,36,88.61,3189.96,Late
PO000250,V017,BTH1508,2025-03-30,2025-04-14,2025-04-22,48,48,28.75,1380.0,Late
PO000251,V014,WIN2067,2025-04-15,2025-05-26,2025-05-26,120,120,32.93,3951.6,On Time
PO000252,V019,FRM2205,2025-08-17,2025-09-21,2025-09-19,36,36,25.5,918.0,On Time
PO000253,V019,SHT1308,2025-03-16,2025-04-20,2025-04-24,36,36,63.4,2282.4,Late
PO000254,V003,TOW1454,2026-02-18,2026-04-21,2026-04-27,120,120,20.93,2511.6,Late
PO000255,V015,KIT0933,2025-11-13,2025-12-07,2025-12-17,36,36,42.06,1514.16,Late
PO000256,V018,TEX0519,2025-03-22,2025-04-06,2025-04-05,48,48,9.49,455.52,On Time
PO000257,V006,MIR0403,2025-09-13,2025-10-19,2025-10-23,72,72,50.09,3606.48,Late
PO000258,V017,GFT2216,2026-01-14,2026-01-29,2026-01-29,36,36,29.55,1063.8,On Time
PO000259,V003,TOW1494,2025-09-01,2025-11-02,2025-11-09,72,72,31.49,2267.28,Late
PO000260,V004,DUV1209,2025-05-24,2025-06-11,2025-06-04,96,96,132.7,12739.2,On Time
PO000261,V012,TAB0804,2026-05-04,2026-05-30,2026-06-03,24,24,187.82,4507.68,Late
PO000262,V003,CND2106,2025-12-05,2026-02-05,2026-02-10,72,72,40.14,2890.08,Late
PO000263,V015,SEA0753,2025-04-07,2025-05-01,2025-05-03,96,96,310.3,29788.8,On Time
PO000264,V005,GFT2229,2025-03-04,2025-04-14,2025-04-20,48,48,33.39,1602.72,Late
PO000265,V005,FUR0603,2026-01-27,2026-03-09,2026-03-02,48,30,120.06,5762.88,On Time
PO000266,V019,FLR1848,2025-03-25,2025-04-29,2025-04-24,72,66,131.97,9501.84,On Time
PO000267,V016,TOW1473,2026-05-03,2026-05-17,2026-05-16,72,66,18.15,1306.8,On Time
PO000268,V008,SHT1241,2025-04-30,2025-06-12,2025-06-16,96,96,62.35,5985.6,Late
PO000269,V006,SRV0972,2025-05-27,2025-07-02,2025-06-27,36,36,35.9,1292.4,On Time
PO000270,V008,WAL0195,2026-04-12,2026-05-25,2026-06-03,36,18,48.11,1731.96,Late
PO000271,V005,TEX0489,2025-07-22,2025-09-01,2025-09-04,36,30,24.88,895.68,Late
PO000272,V008,SRV1049,2026-02-03,2026-03-18,2026-03-22,48,48,37.91,1819.68,Late
PO000273,V007,SHT1255,2026-04-29,2026-05-19,2026-05-22,96,96,60.63,5820.48,Late
PO000274,V005,TEX0466,2025-05-23,2025-07-03,2025-07-01,36,30,38.37,1381.32,On Time
PO000275,V012,HAL2010,2025-10-12,2025-11-07,2025-11-12,48,48,7.66,367.68,Late
PO000276,V012,DEC0004,2025-03-09,2025-04-04,2025-04-12,48,48,16.71,802.08,Late
PO000277,V005,DEC0069,2025-04-19,2025-05-30,2025-05-31,96,96,58.37,5603.52,On Time
PO000278,V016,WAL0342,2025-04-14,2025-04-28,2025-05-03,24,24,18.7,448.8,Late
PO000279,V010,HAL1987,2026-05-27,2026-07-18,2026-07-19,72,72,18.13,1305.36,On Time
PO000280,V006,GFT2246,2025-04-07,2025-05-13,2025-05-10,48,48,61.09,2932.32,On Time
PO000281,V001,BTH1568,2025-09-27,2025-10-28,2025-10-18,24,24,21.7,520.8,On Time
PO000282,V012,SHT1233,2025-03-22,2025-04-17,2025-04-21,36,36,39.66,1427.76,Late
PO000283,V003,MIR0406,2026-03-18,2026-05-19,2026-05-11,24,24,38.28,918.72,On Time
PO000284,V002,FRM2203,2025-02-13,2025-03-20,2025-03-25,24,24,22.41,537.84,Late
PO000285,V019,SRV1022,2026-03-24,2026-04-28,2026-04-28,24,6,28.15,675.6,On Time
PO000286,V019,WAL0291,2025-05-22,2025-06-26,2025-06-24,96,96,42.87,4115.52,On Time
PO000287,V008,WAL0335,2026-01-17,2026-03-01,2026-02-27,96,96,46.53,4466.88,On Time
PO000288,V010,ORG1704,2026-01-28,2026-03-21,2026-03-25,48,48,17.17,824.16,Late
PO000289,V020,SUM2051,2026-05-04,2026-06-02,2026-06-05,48,30,20.5,984.0,Late
PO000290,V018,FLR1845,2026-07-05,2026-07-20,2026-07-27,96,96,176.25,16920.0,Late
PO000291,V001,WAL0348,2026-05-16,2026-06-16,2026-06-19,36,36,84.6,3045.6,Late
PO000292,V016,PEN1905,2025-05-08,2025-05-22,2025-05-21,96,96,124.54,11955.84,On Time
PO000293,V001,BTH1511,2026-03-01,2026-04-01,2026-04-06,24,24,38.41,921.84,Late
PO000294,V016,LGT1793,2026-04-21,2026-05-05,2026-05-21,72,72,66.74,4805.28,Late
PO000295,V010,BTH1567,2026-03-02,2026-04-23,2026-04-23,120,120,20.88,2505.6,On Time
PO000296,V005,SRV1060,2026-05-07,2026-06-17,2026-06-23,72,72,6.35,457.2,Late
PO000297,V007,TEX0512,2025-12-01,2025-12-21,2025-12-27,48,48,12.7,609.6,Late
PO000298,V012,DUV1184,2025-07-19,2025-08-14,2025-08-15,24,24,73.93,1774.32,On Time
PO000299,V002,DUV1220,2025-12-14,2026-01-18,2026-01-17,96,96,82.17,7888.32,On Time
PO000300,V010,SEA0718,2026-04-13,2026-06-04,2026-06-03,24,24,334.29,8022.96,On Time
PO000301,V008,DEC0089,2025-05-21,2025-07-03,2025-07-03,96,96,24.05,2308.8,On Time
PO000302,V006,HAL1986,2025-11-06,2025-12-12,2025-12-16,72,72,10.58,761.76,Late
PO000303,V014,CND2113,2026-01-25,2026-03-07,2026-03-06,72,72,25.11,1807.92,On Time
PO000304,V002,BTH1563,2026-01-26,2026-03-02,2026-03-16,48,48,32.58,1563.84,Late
PO000305,V019,KIT0894,2026-04-22,2026-05-27,2026-05-28,24,24,91.2,2188.8,On Time
PO000306,V011,UTL1110,2026-04-14,2026-05-26,2026-05-20,72,66,16.77,1207.44,On Time
PO000307,V009,BTH1555,2026-01-11,2026-02-28,2026-03-07,48,48,32.86,1577.28,Late
PO000308,V003,TOW1417,2026-01-06,2026-03-09,2026-03-19,36,36,12.46,448.56,Late
PO000309,V019,ORG1745,2026-05-21,2026-06-25,2026-06-30,48,48,8.28,397.44,Late
PO000310,V020,DEC0128,2026-03-30,2026-04-28,2026-05-08,72,72,40.1,2887.2,Late
PO000311,V012,SHT1267,2025-03-29,2025-04-24,2025-04-13,48,48,85.56,4106.88,On Time
PO000312,V018,LGT1822,2026-04-08,2026-04-23,2026-04-20,48,48,60.72,2914.56,On Time
PO000313,V008,KIT0855,2025-03-25,2025-05-07,2025-05-08,96,96,27.07,2598.72,On Time
PO000314,V009,HAL1995,2025-09-12,2025-10-30,2025-10-31,72,72,20.46,1473.12,On Time
PO000315,V008,SRV1018,2026-03-24,2026-05-06,2026-05-10,72,72,56.34,4056.48,Late
PO000316,V005,TAB0769,2025-05-11,2025-06-21,2025-06-19,24,24,83.86,2012.64,On Time
PO000317,V015,LGT1819,2026-02-03,2026-02-27,2026-03-05,24,24,49.24,1181.76,Late
PO000318,V013,FUR0604,2025-04-01,2025-04-24,2025-04-21,36,36,152.96,5506.56,On Time
PO000319,V008,DUV1218,2026-06-02,2026-07-15,2026-07-16,120,120,137.74,16528.8,On Time
PO000320,V018,TEX0488,2026-04-10,2026-04-25,2026-04-27,96,96,38.43,3689.28,On Time
PO000321,V010,FRM2175,2025-03-27,2025-05-18,2025-05-23,96,96,37.18,3569.28,Late
PO000322,V019,FLR1848,2026-03-04,2026-04-08,2026-04-05,36,36,131.97,4750.92,On Time
PO000323,V013,PIL1404,2026-02-24,2026-03-19,2026-03-23,48,48,51.76,2484.48,Late
PO000324,V015,SRV0973,2025-02-19,2025-03-15,2025-03-26,96,96,29.41,2823.36,Late
PO000325,V012,TAB0830,2025-03-07,2025-04-02,2025-03-30,96,96,127.91,12279.36,On Time
PO000326,V003,ORG1734,2026-04-17,2026-06-18,2026-06-21,96,96,40.19,3858.24,Late
PO000327,V008,UTL1115,2025-02-26,2025-04-10,2025-04-08,36,36,20.33,731.88,On Time
PO000328,V012,KIT0927,2026-01-11,2026-02-06,2026-02-15,48,48,22.72,1090.56,Late
PO000329,V009,TAB0784,2026-05-28,2026-07-15,2026-07-24,48,48,120.31,5774.88,Late
PO000330,V011,DUV1161,2026-04-24,2026-06-05,2026-06-13,72,66,80.61,5803.92,Late
PO000331,V005,KIT0900,2025-08-01,2025-09-11,2025-09-18,24,24,66.81,1603.44,Late
PO000332,V006,KIT0869,2025-06-01,2025-07-07,2025-06-29,120,120,46.77,5612.4,On Time
PO000333,V012,SHT1267,2025-05-03,2025-05-29,2025-05-22,36,30,85.56,3080.16,On Time
PO000334,V017,GFT2219,2026-01-08,2026-01-23,2026-01-21,72,72,60.82,4379.04,On Time
PO000335,V017,CND2139,2025-03-29,2025-04-13,2025-04-13,36,36,12.54,451.44,On Time
PO000336,V011,DEC0178,2025-12-06,2026-01-17,2026-01-20,120,120,37.9,4548.0,Late
PO000337,V020,BTH1525,2026-03-11,2026-04-09,2026-04-11,48,48,9.94,477.12,On Time
PO000338,V001,SEA0737,2025-11-05,2025-12-06,2025-12-15,120,120,79.85,9582.0,Late
PO000339,V006,SUM2026,2025-04-05,2025-05-11,2025-05-12,72,72,55.53,3998.16,On Time
PO000340,V017,KIT0896,2025-04-03,2025-04-18,2025-04-14,48,48,17.67,848.16,On Time
PO000341,V005,BTH1552,2025-10-01,2025-11-11,2025-11-12,72,72,5.96,429.12,On Time
PO000342,V005,WAL0240,2025-05-29,2025-07-09,2025-07-09,24,24,57.84,1388.16,On Time
PO000343,V005,SHT1283,2025-07-28,2025-09-07,2025-09-10,96,96,41.04,3939.84,Late
PO000344,V007,SRV1052,2025-10-13,2025-11-02,2025-11-05,72,72,55.14,3970.08,Late
PO000345,V017,WAL0265,2025-06-07,2025-06-22,2025-06-24,36,36,67.29,2422.44,On Time
PO000346,V020,KIT0874,2026-02-19,2026-03-20,2026-03-12,120,114,89.93,10791.6,On Time
PO000347,V003,DUV1203,2025-05-08,2025-07-09,2025-07-11,96,96,39.66,3807.36,On Time
PO000348,V006,DUV1229,2026-05-29,2026-07-04,2026-06-29,36,36,59.45,2140.2,On Time
PO000349,V007,KIT0909,2025-02-17,2025-03-09,2025-03-28,96,90,74.45,7147.2,Late
PO000350,V012,TAB0850,2025-06-12,2025-07-08,2025-07-10,120,120,71.98,8637.6,On Time
PO000351,V011,DEC0138,2025-10-25,2025-12-06,2025-12-12,72,54,22.26,1602.72,Late
PO000352,V016,CHR1982,2025-05-13,2025-05-27,2025-06-09,72,72,74.33,5351.76,Late
PO000353,V002,LGT1783,2025-12-06,2026-01-10,2026-01-14,24,24,36.72,881.28,Late
PO000354,V004,WAL0346,2026-05-05,2026-05-23,2026-05-27,48,48,37.77,1812.96,Late
PO000355,V002,DUV1194,2026-03-05,2026-04-09,2026-04-21,36,36,103.48,3725.28,Late
PO000356,V005,CND2120,2025-05-21,2025-07-01,2025-07-02,48,48,19.81,950.88,On Time
PO000357,V008,PIL1378,2025-10-18,2025-11-30,2025-11-23,24,24,39.3,943.2,On Time
PO000358,V007,ORG1715,2025-07-03,2025-07-23,2025-07-29,48,48,32.53,1561.44,Late
PO000359,V013,UTL1096,2025-11-11,2025-12-04,2025-12-01,24,24,26.08,625.92,On Time
PO000360,V011,SHT1264,2025-07-22,2025-09-02,2025-09-15,120,120,53.7,6444.0,Late
PO000361,V005,FUR0663,2025-06-19,2025-07-30,2025-08-08,120,120,109.77,13172.4,Late
PO000362,V014,TOW1459,2025-09-09,2025-10-20,2025-11-02,36,36,32.4,1166.4,Late
PO000363,V007,TOW1469,2025-02-13,2025-03-05,2025-03-11,36,36,14.3,514.8,Late
PO000364,V005,TOW1480,2026-06-21,2026-08-01,2026-07-28,72,72,10.69,769.68,On Time
PO000365,V017,FUR0556,2025-07-09,2025-07-24,2025-07-24,120,120,60.84,7300.8,On Time
PO000366,V005,BSK1620,2025-06-27,2025-08-07,2025-08-07,120,120,30.23,3627.6,On Time
PO000367,V012,WIN2081,2025-03-26,2025-04-21,2025-04-17,24,24,31.91,765.84,On Time
PO000368,V006,UTL1123,2025-09-24,2025-10-30,2025-10-30,96,96,19.85,1905.6,On Time
PO000369,V010,DEC0161,2025-11-22,2026-01-13,2026-01-18,36,36,41.6,1497.6,Late
PO000370,V020,CND2111,2025-07-10,2025-08-08,2025-08-14,72,72,18.91,1361.52,Late
PO000371,V008,WAL0215,2025-05-27,2025-07-09,2025-07-03,48,48,40.31,1934.88,On Time
PO000372,V017,SUM2025,2026-01-18,2026-02-02,2026-02-02,36,36,30.56,1100.16,On Time
PO000373,V008,SHT1252,2025-12-31,2026-02-12,2026-02-15,36,36,75.69,2724.84,Late
PO000374,V002,LGT1823,2025-08-19,2025-09-23,2025-10-02,96,96,29.79,2859.84,Late
PO000375,V010,TOW1424,2025-02-14,2025-04-07,2025-04-07,72,72,6.96,501.12,On Time
PO000376,V005,FUR0629,2025-02-01,2025-03-14,2025-03-20,24,24,264.08,6337.92,Late
PO000377,V017,SHL1679,2025-10-03,2025-10-18,2025-10-22,36,36,48.56,1748.16,Late
PO000378,V018,SHT1311,2025-02-17,2025-03-04,2025-03-04,24,24,50.56,1213.44,On Time
PO000379,V020,LGT1831,2025-07-19,2025-08-17,2025-08-18,96,96,34.6,3321.6,On Time
PO000380,V010,KIT0967,2025-10-02,2025-11-23,2025-11-24,96,96,59.83,5743.68,On Time
PO000381,V001,TAB0848,2025-10-13,2025-11-13,2025-11-15,120,120,112.97,13556.4,On Time
PO000382,V008,BTH1515,2026-05-22,2026-07-04,2026-06-25,36,36,21.78,784.08,On Time
PO000383,V011,ORG1767,2026-04-27,2026-06-08,2026-06-13,24,6,23.57,565.68,Late
PO000384,V018,TAB0831,2025-07-31,2025-08-15,2025-08-20,72,72,219.74,15821.28,Late
PO000385,V012,CND2104,2025-04-09,2025-05-05,2025-05-01,72,72,29.28,2108.16,On Time
PO000386,V009,BSK1615,2025-12-07,2026-01-24,2026-01-27,72,72,8.98,646.56,Late
PO000387,V020,WAL0311,2025-05-24,2025-06-22,2025-06-24,24,24,48.73,1169.52,On Time
PO000388,V018,KIT0959,2025-09-28,2025-10-13,2025-10-08,36,36,41.62,1498.32,On Time
PO000389,V017,DEC0025,2025-11-28,2025-12-13,2025-12-10,36,36,43.07,1550.52,On Time
PO000390,V003,TAB0840,2025-02-23,2025-04-26,2025-04-23,24,24,186.88,4485.12,On Time
PO000391,V019,PEN1885,2025-09-20,2025-10-25,2025-10-28,120,120,147.14,17656.8,Late
PO000392,V004,UTL1100,2025-05-12,2025-05-30,2025-06-03,36,36,22.95,826.2,Late
PO000393,V004,DEC0166,2026-02-06,2026-02-24,2026-02-25,120,120,48.26,5791.2,On Time
PO000394,V013,SUM2047,2025-10-26,2025-11-18,2025-11-17,120,108,52.64,6316.8,On Time
PO000395,V013,SRV1016,2026-03-26,2026-04-18,2026-04-24,48,48,45.27,2172.96,Late
PO000396,V016,DEC0079,2026-03-15,2026-03-29,2026-04-10,36,36,23.27,837.72,Late
PO000397,V008,UTL1095,2026-05-24,2026-07-06,2026-07-04,36,36,28.48,1025.28,On Time
PO000398,V005,TOW1480,2026-02-11,2026-03-24,2026-03-24,72,66,10.69,769.68,On Time
PO000399,V012,MIR0393,2026-04-29,2026-05-25,2026-06-03,96,96,69.78,6698.88,Late
PO000400,V020,GFT2231,2025-02-13,2025-03-14,2025-03-13,36,36,14.87,535.32,On Time
PO000401,V006,FUR0649,2025-05-03,2025-06-08,2025-06-07,48,48,132.98,6383.04,On Time
PO000402,V006,SEA0706,2025-11-06,2025-12-12,2025-12-10,72,72,105.61,7603.92,On Time
PO000403,V011,FLR1864,2026-03-16,2026-04-27,2026-05-10,120,120,100.33,12039.6,Late
PO000404,V005,LGT1826,2025-02-28,2025-04-10,2025-04-10,48,48,63.08,3027.84,On Time
PO000405,V017,CND2168,2025-08-24,2025-09-08,2025-09-11,48,48,7.17,344.16,Late
PO000406,V008,TEX0438,2025-09-18,2025-10-31,2025-10-29,48,48,41.23,1979.04,On Time
PO000407,V014,WAL0253,2025-04-15,2025-05-26,2025-06-02,120,120,67.94,8152.8,Late
PO000408,V015,TOW1430,2025-06-19,2025-07-13,2025-07-15,36,36,30.35,1092.6,On Time
PO000409,V003,WAL0263,2026-06-14,2026-08-15,2026-08-14,48,42,33.1,1588.8,On Time
PO000410,V003,DEC0137,2026-05-27,2026-07-28,2026-07-29,96,96,16.15,1550.4,On Time
PO000411,V011,BSK1581,2025-09-02,2025-10-14,2025-10-29,72,72,39.83,2867.76,Late
PO000412,V013,WIN2076,2025-12-22,2026-01-14,2026-01-11,36,36,13.29,478.44,On Time
PO000413,V013,TOW1487,2026-06-13,2026-07-06,2026-07-06,120,120,21.69,2602.8,On Time
PO000414,V002,FUR0640,2025-04-24,2025-05-29,2025-06-08,36,36,178.7,6433.2,Late
PO000415,V002,FLR1863,2025-02-20,2025-03-27,2025-03-29,72,66,111.27,8011.44,On Time
PO000416,V009,TEX0541,2026-02-06,2026-03-26,2026-04-05,48,48,49.45,2373.6,Late
PO000417,V001,WAL0260,2026-03-11,2026-04-11,2026-04-23,48,48,25.57,1227.36,Late
PO000418,V014,WIN2067,2026-05-17,2026-06-27,2026-06-25,120,120,32.93,3951.6,On Time
PO000419,V010,CND2138,2025-02-12,2025-04-05,2025-03-30,48,48,20.4,979.2,On Time
PO000420,V017,DEC0159,2025-03-22,2025-04-06,2025-03-28,36,18,19.15,689.4,On Time
PO000421,V016,DUV1202,2025-09-19,2025-10-03,2025-10-15,36,36,44.64,1607.04,Late
PO000422,V008,TOW1495,2025-06-27,2025-08-09,2025-08-13,72,72,26.23,1888.56,Late
PO000423,V017,SHL1685,2025-11-20,2025-12-05,2025-12-10,120,120,83.21,9985.2,Late
PO000424,V004,DEC0120,2025-04-16,2025-05-04,2025-05-01,48,48,27.52,1320.96,On Time
PO000425,V012,KIT0927,2025-10-21,2025-11-16,2025-11-10,72,72,22.72,1635.84,On Time
PO000426,V009,PIL1401,2026-02-04,2026-03-24,2026-03-19,72,72,25.83,1859.76,On Time
PO000427,V017,WAL0299,2026-02-16,2026-03-03,2026-03-05,36,36,43.13,1552.68,On Time
PO000428,V016,LGT1799,2025-06-01,2025-06-15,2025-06-20,120,120,83.88,10065.6,Late
PO000429,V017,SHL1679,2026-07-07,2026-07-22,2026-07-22,24,24,48.56,1165.44,On Time
PO000430,V005,DEC0063,2025-10-25,2025-12-05,2025-12-01,48,48,46.75,2244.0,On Time
PO000431,V015,TOW1479,2025-04-30,2025-05-24,2025-05-21,96,96,14.81,1421.76,On Time
PO000432,V013,FUR0673,2025-03-04,2025-03-27,2025-04-01,96,96,149.03,14306.88,Late
PO000433,V014,HAL1999,2026-03-29,2026-05-09,2026-05-09,120,120,37.1,4452.0,On Time
PO000434,V001,FRM2174,2025-05-03,2025-06-03,2025-06-11,48,48,19.6,940.8,Late
PO000435,V020,DEC0131,2026-06-26,2026-07-25,2026-07-21,120,120,37.83,4539.6,On Time
PO000436,V011,PIL1398,2026-01-11,2026-02-22,2026-02-27,120,120,42.5,5100.0,Late
PO000437,V001,UTL1140,2025-12-15,2026-01-15,2026-01-12,96,96,6.07,582.72,On Time
PO000438,V003,KIT0897,2026-02-02,2026-04-05,2026-03-28,36,36,15.71,565.56,On Time
PO000439,V002,KIT0871,2026-01-31,2026-03-07,2026-03-15,48,48,35.1,1684.8,Late
PO000440,V005,WAL0269,2025-04-22,2025-06-02,2025-06-02,36,36,51.71,1861.56,On Time
PO000441,V003,KIT0854,2025-07-14,2025-09-14,2025-09-23,96,96,77.01,7392.96,Late
PO000442,V001,WAL0260,2026-02-25,2026-03-28,2026-03-23,72,72,25.57,1841.04,On Time
PO000443,V010,WAL0207,2026-02-05,2026-03-29,2026-03-30,72,72,64.35,4633.2,On Time
PO000444,V010,BTH1518,2025-06-23,2025-08-14,2025-08-26,48,42,16.05,770.4,Late
PO000445,V019,DEC0102,2025-03-04,2025-04-08,2025-03-31,48,48,44.75,2148.0,On Time
PO000446,V018,WIN2082,2026-04-18,2026-05-03,2026-05-02,96,78,64.65,6206.4,On Time
PO000447,V013,TOW1433,2026-05-17,2026-06-09,2026-05-27,36,36,10.71,385.56,On Time
PO000448,V007,FLR1852,2026-05-27,2026-06-16,2026-06-24,72,60,74.85,5389.2,Late
PO000449,V009,HAL1995,2025-09-30,2025-11-17,2025-11-22,36,24,20.46,736.56,Late
PO000450,V004,HAL2000,2026-03-24,2026-04-11,2026-04-11,72,72,46.28,3332.16,On Time
PO000451,V009,CHR1935,2025-10-30,2025-12-17,2025-12-19,48,48,55.2,2649.6,On Time
PO000452,V013,WIN2093,2026-03-24,2026-04-16,2026-04-21,48,48,32.38,1554.24,Late
PO000453,V011,MIR0410,2026-01-30,2026-03-13,2026-03-17,96,84,76.04,7299.84,Late
PO000454,V010,FUR0607,2025-04-02,2025-05-24,2025-05-26,72,72,108.76,7830.72,On Time
PO000455,V009,WAL0272,2026-01-03,2026-02-20,2026-02-22,36,36,41.73,1502.28,On Time
PO000456,V020,SEA0745,2026-05-29,2026-06-27,2026-06-26,72,72,104.09,7494.48,On Time
PO000457,V011,MIR0361,2026-04-26,2026-06-07,2026-06-16,72,72,103.66,7463.52,Late
PO000458,V002,SUM2063,2025-10-03,2025-11-07,2025-11-14,24,24,24.38,585.12,Late
PO000459,V002,FUR0623,2025-03-16,2025-04-20,2025-04-21,72,72,108.66,7823.52,On Time
PO000460,V017,KIT0922,2025-08-15,2025-08-30,2025-09-01,48,48,35.75,1716.0,On Time
PO000461,V004,TEX0469,2025-08-18,2025-09-05,2025-09-09,96,78,10.43,1001.28,Late
PO000462,V003,BTH1546,2026-01-07,2026-03-10,2026-03-13,24,24,35.56,853.44,Late
PO000463,V015,PIL1402,2026-01-01,2026-01-25,2026-01-27,24,24,36.21,869.04,On Time
PO000464,V004,SHT1263,2025-10-15,2025-11-02,2025-11-07,36,36,66.98,2411.28,Late
PO000465,V001,DEC0008,2025-07-19,2025-08-19,2025-08-27,36,36,37.92,1365.12,Late
PO000466,V019,WAL0202,2025-08-24,2025-09-28,2025-10-03,36,24,60.91,2192.76,Late
PO000467,V018,PIL1371,2025-10-20,2025-11-04,2025-10-30,72,72,35.87,2582.64,On Time
PO000468,V003,DEC0026,2025-05-04,2025-07-05,2025-07-05,36,36,15.01,540.36,On Time
PO000469,V011,FLR1841,2025-02-04,2025-03-18,2025-03-27,36,36,70.67,2544.12,Late
PO000470,V003,SEA0694,2025-05-04,2025-07-05,2025-07-03,96,96,102.06,9797.76,On Time
PO000471,V016,UTL1085,2025-10-30,2025-11-13,2025-11-21,36,36,16.22,583.92,Late
PO000472,V017,DEC0168,2025-02-13,2025-02-28,2025-03-03,120,120,31.37,3764.4,Late
PO000473,V005,ORG1760,2026-03-11,2026-04-21,2026-04-28,48,48,18.58,891.84,Late
PO000474,V018,DEC0071,2026-03-08,2026-03-23,2026-03-18,48,48,29.86,1433.28,On Time
PO000475,V016,PIL1356,2025-02-07,2025-02-21,2025-02-25,96,96,41.58,3991.68,Late
PO000476,V001,CHR1971,2025-08-17,2025-09-17,2025-09-15,48,48,67.01,3216.48,On Time
PO000477,V003,CHR1943,2025-03-12,2025-05-13,2025-05-05,36,36,32.61,1173.96,On Time
PO000478,V016,DEC0162,2025-02-22,2025-03-08,2025-03-22,36,36,47.72,1717.92,Late
PO000479,V019,DEC0188,2025-12-15,2026-01-19,2026-01-14,72,72,51.2,3686.4,On Time
PO000480,V013,PIL1367,2026-03-23,2026-04-15,2026-04-14,48,48,44.48,2135.04,On Time
PO000481,V012,DEC0004,2025-07-10,2025-08-05,2025-07-29,96,90,16.71,1604.16,On Time
PO000482,V009,ORG1758,2025-12-07,2026-01-24,2026-01-29,48,48,32.96,1582.08,Late
PO000483,V010,DEC0135,2025-10-11,2025-12-02,2025-12-01,120,120,33.25,3990.0,On Time
PO000484,V011,SEA0747,2025-11-13,2025-12-25,2025-12-29,96,96,170.22,16341.12,Late
PO000485,V009,WAL0341,2026-06-18,2026-08-05,2026-08-12,120,120,13.52,1622.4,Late
PO000486,V002,FLR1863,2026-05-03,2026-06-07,2026-06-20,72,72,111.27,8011.44,Late
PO000487,V010,DEC0024,2026-03-15,2026-05-06,2026-05-12,120,120,49.01,5881.2,Late
PO000488,V002,TOW1420,2026-03-07,2026-04-11,2026-04-11,72,72,35.14,2530.08,On Time
PO000489,V012,TEX0481,2025-06-23,2025-07-19,2025-07-18,24,24,21.13,507.12,On Time
PO000490,V014,CHR1970,2026-02-04,2026-03-17,2026-03-14,24,24,36.17,868.08,On Time
PO000491,V008,TOW1495,2025-10-14,2025-11-26,2025-11-26,24,24,26.23,629.52,On Time
PO000492,V016,SRV1036,2025-06-18,2025-07-02,2025-07-07,96,84,50.28,4826.88,Late
PO000493,V011,SUM2024,2025-05-27,2025-07-08,2025-07-17,24,24,49.61,1190.64,Late
PO000494,V015,TOW1493,2025-09-11,2025-10-05,2025-10-02,96,96,8.36,802.56,On Time
PO000495,V014,BTH1553,2026-03-12,2026-04-22,2026-04-22,96,96,13.43,1289.28,On Time
PO000496,V003,TEX0443,2025-03-04,2025-05-05,2025-05-06,36,36,21.77,783.72,On Time
PO000497,V008,SHT1241,2025-03-20,2025-05-02,2025-05-07,96,78,62.35,5985.6,Late
PO000498,V003,WAL0314,2025-07-31,2025-10-01,2025-10-09,120,120,79.9,9588.0,Late
PO000499,V016,WAL0225,2025-03-19,2025-04-02,2025-04-13,48,48,81.22,3898.56,Late
PO000500,V019,WAL0288,2025-11-23,2025-12-28,2025-12-27,120,120,17.71,2125.2,On Time
PO000501,V019,SHT1302,2025-10-13,2025-11-17,2025-11-20,48,48,28.66,1375.68,Late
PO000502,V001,FUR0597,2026-05-24,2026-06-24,2026-06-29,120,120,88.55,10626.0,Late
PO000503,V018,FLR1868,2025-03-21,2025-04-05,2025-04-18,96,96,115.65,11102.4,Late
PO000504,V009,SRV1035,2026-06-17,2026-08-04,2026-08-08,96,96,33.93,3257.28,Late
PO000505,V011,SRV0981,2025-09-15,2025-10-27,2025-11-07,96,96,12.16,1167.36,Late
PO000506,V006,KIT0943,2025-05-02,2025-06-07,2025-06-09,96,96,49.77,4777.92,On Time
PO000507,V019,SHT1325,2025-12-31,2026-02-04,2026-02-03,96,96,93.25,8952.0,On Time
PO000508,V019,HAL2005,2026-05-09,2026-06-13,2026-06-03,72,72,40.62,2924.64,On Time
PO000509,V020,FRM2188,2025-08-17,2025-09-15,2025-09-18,120,120,30.6,3672.0,Late
PO000510,V018,SHT1271,2025-03-18,2025-04-02,2025-04-03,36,36,83.57,3008.52,On Time
PO000511,V001,MIR0408,2025-06-04,2025-07-05,2025-07-07,120,120,38.92,4670.4,On Time
PO000512,V015,KIT0853,2026-04-10,2026-05-04,2026-05-07,120,120,51.93,6231.6,Late
PO000513,V008,SHT1269,2025-02-04,2025-03-19,2025-03-27,48,48,31.73,1523.04,Late
PO000514,V018,DEC0071,2025-03-03,2025-03-18,2025-03-25,72,72,29.86,2149.92,Late
PO000515,V002,SUM2063,2026-06-01,2026-07-06,2026-07-12,36,36,24.38,877.68,Late
PO000516,V004,SHT1303,2026-04-08,2026-04-26,2026-04-21,72,72,60.45,4352.4,On Time
PO000517,V001,TEX0468,2025-07-24,2025-08-24,2025-08-21,36,36,15.12,544.32,On Time
PO000518,V001,KIT0931,2025-09-08,2025-10-09,2025-10-13,96,96,35.27,3385.92,Late
PO000519,V002,DEC0157,2026-03-05,2026-04-09,2026-04-15,120,120,50.16,6019.2,Late
PO000520,V007,FRM2186,2025-11-14,2025-12-04,2025-12-13,24,24,22.92,550.08,Late
PO000521,V011,CHR1921,2026-02-27,2026-04-10,2026-04-20,96,96,55.85,5361.6,Late
PO000522,V003,TAB0786,2026-02-24,2026-04-27,2026-04-26,96,96,246.3,23644.8,On Time
PO000523,V016,LGT1793,2026-04-18,2026-05-02,2026-05-12,96,78,66.74,6407.04,Late
PO000524,V016,HAL2016,2026-04-04,2026-04-18,2026-04-21,96,78,16.73,1606.08,Late
PO000525,V015,KIT0913,2025-09-15,2025-10-09,2025-10-17,72,60,82.66,5951.52,Late
PO000526,V002,MIR0420,2025-07-13,2025-08-17,2025-08-27,36,18,59.96,2158.56,Late
PO000527,V019,SHT1325,2026-01-12,2026-02-16,2026-02-15,120,120,93.25,11190.0,On Time
PO000528,V007,SEA0752,2026-02-27,2026-03-19,2026-03-29,24,24,252.27,6054.48,Late
PO000529,V015,WIN2090,2025-11-11,2025-12-05,2025-11-30,120,120,23.21,2785.2,On Time
PO000530,V004,TAB0849,2025-03-24,2025-04-11,2025-04-10,72,60,205.59,14802.48,On Time
PO000531,V019,KIT0888,2026-03-04,2026-04-08,2026-04-19,120,120,62.59,7510.8,Late
PO000532,V011,GFT2238,2026-06-11,2026-07-23,2026-07-30,72,72,26.18,1884.96,Late
PO000533,V014,FRM2210,2025-10-30,2025-12-10,2025-12-15,96,90,26.54,2547.84,Late
PO000534,V020,DEC0165,2025-11-26,2025-12-25,2026-01-01,120,120,55.88,6705.6,Late
PO000535,V015,WAL0210,2025-09-05,2025-09-29,2025-09-30,96,90,66.42,6376.32,On Time
PO000536,V017,TOW1419,2025-08-03,2025-08-18,2025-08-25,48,48,28.94,1389.12,Late
PO000537,V006,DEC0009,2026-01-16,2026-02-21,2026-02-24,96,96,11.4,1094.4,Late
PO000538,V008,PIL1378,2025-07-24,2025-09-05,2025-09-02,72,72,39.3,2829.6,On Time
PO000539,V010,CND2147,2025-12-14,2026-02-04,2026-02-02,48,48,8.99,431.52,On Time
PO000540,V003,SHT1266,2025-06-20,2025-08-21,2025-08-15,24,24,34.06,817.44,On Time
PO000541,V014,TAB0799,2025-12-01,2026-01-11,2026-01-01,48,48,102.98,4943.04,On Time
PO000542,V010,TOW1455,2025-02-23,2025-04-16,2025-04-14,24,24,25.74,617.76,On Time
PO000543,V001,BTH1568,2026-02-22,2026-03-25,2026-03-24,36,36,21.7,781.2,On Time
PO000544,V011,UTL1150,2026-03-30,2026-05-11,2026-05-19,36,36,27.03,973.08,Late
PO000545,V018,UTL1145,2025-05-15,2025-05-30,2025-06-11,120,120,10.53,1263.6,Late
PO000546,V008,CHR1969,2025-03-19,2025-05-01,2025-04-28,36,36,9.02,324.72,On Time
PO000547,V003,KIT0934,2026-03-26,2026-05-27,2026-05-31,72,72,75.52,5437.44,Late
PO000548,V004,SRV1017,2026-04-24,2026-05-12,2026-05-14,48,48,24.49,1175.52,On Time
PO000549,V017,LGT1776,2026-07-01,2026-07-16,2026-07-24,48,48,41.56,1994.88,Late
PO000550,V013,BTH1527,2026-01-04,2026-01-27,2026-02-01,96,96,35.68,3425.28,Late
PO000551,V016,ORG1733,2025-11-07,2025-11-21,2025-11-28,96,96,46.79,4491.84,Late
PO000552,V012,CHR1981,2026-07-06,2026-08-01,2026-08-05,24,24,37.65,903.6,Late
PO000553,V010,CHR1978,2026-01-05,2026-02-26,2026-03-03,36,36,31.34,1128.24,Late
PO000554,V008,KIT0961,2026-01-09,2026-02-21,2026-02-22,96,96,50.05,4804.8,On Time
PO000555,V011,SRV0981,2025-11-28,2026-01-09,2026-01-14,48,48,12.16,583.68,Late
PO000556,V005,WAL0192,2025-11-20,2025-12-31,2025-12-28,24,24,37.0,888.0,On Time
PO000557,V011,TOW1490,2025-03-02,2025-04-13,2025-04-09,72,72,13.84,996.48,On Time
PO000558,V013,SRV1016,2025-08-01,2025-08-24,2025-08-20,24,24,45.27,1086.48,On Time
PO000559,V013,PEN1904,2026-01-17,2026-02-09,2026-02-07,24,24,192.0,4608.0,On Time
PO000560,V013,TOW1487,2025-03-25,2025-04-17,2025-04-18,72,72,21.69,1561.68,On Time
PO000561,V013,PIL1344,2025-07-16,2025-08-08,2025-08-01,48,48,45.55,2186.4,On Time
PO000562,V014,FRM2210,2026-03-23,2026-05-03,2026-05-09,36,36,26.54,955.44,Late
PO000563,V005,UTL1149,2026-06-02,2026-07-13,2026-07-12,120,120,26.51,3181.2,On Time
PO000564,V014,SRV1047,2025-09-24,2025-11-04,2025-11-03,24,18,56.95,1366.8,On Time
PO000565,V019,TEX0514,2026-04-04,2026-05-09,2026-05-16,96,96,19.54,1875.84,Late
PO000566,V017,FRM2208,2026-02-17,2026-03-04,2026-02-23,72,72,23.75,1710.0,On Time
PO000567,V005,TEX0432,2026-02-20,2026-04-02,2026-04-02,36,36,38.95,1402.2,On Time
PO000568,V003,TAB0794,2026-03-03,2026-05-04,2026-05-01,96,96,270.56,25973.76,On Time
PO000569,V013,FRM2193,2026-04-04,2026-04-27,2026-04-30,48,48,33.27,1596.96,Late
PO000570,V008,CHR1958,2025-11-11,2025-12-24,2025-12-20,24,24,75.25,1806.0,On Time
PO000571,V004,SHL1663,2025-09-21,2025-10-09,2025-10-05,96,96,89.38,8580.48,On Time
PO000572,V006,LGT1795,2025-10-31,2025-12-06,2025-12-08,36,36,73.48,2645.28,On Time
PO000573,V013,KIT0856,2025-11-28,2025-12-21,2025-12-23,48,48,64.24,3083.52,On Time
PO000574,V009,PIL1358,2026-04-19,2026-06-06,2026-06-09,96,96,26.68,2561.28,Late
PO000575,V017,TEX0548,2026-06-29,2026-07-14,2026-07-17,36,36,17.65,635.4,Late
PO000576,V001,UTL1140,2026-04-25,2026-05-26,2026-05-31,72,72,6.07,437.04,Late
PO000577,V017,WAL0322,2025-05-30,2025-06-14,2025-06-18,96,96,36.12,3467.52,Late
PO000578,V006,DEC0029,2025-07-18,2025-08-23,2025-08-27,96,96,54.42,5224.32,Late
PO000579,V010,SEA0701,2025-02-16,2025-04-09,2025-04-17,36,36,109.27,3933.72,Late
PO000580,V017,DEC0039,2025-05-02,2025-05-17,2025-05-19,36,36,56.38,2029.68,On Time
PO000581,V011,FRM2190,2025-02-24,2025-04-07,2025-04-13,120,120,15.31,1837.2,Late
PO000582,V006,WAL0303,2025-10-18,2025-11-23,2025-11-17,120,120,32.31,3877.2,On Time
PO000583,V011,CHR1984,2025-09-18,2025-10-30,2025-11-04,72,72,65.19,4693.68,Late
PO000584,V020,TOW1471,2026-04-02,2026-05-01,2026-05-04,120,120,15.99,1918.8,Late
PO000585,V017,WAL0208,2025-06-23,2025-07-08,2025-07-19,48,48,48.55,2330.4,Late
PO000586,V013,SHL1696,2025-12-08,2025-12-31,2026-01-08,24,24,23.72,569.28,Late
PO000587,V006,PEN1892,2026-02-02,2026-03-10,2026-03-19,48,48,89.96,4318.08,Late
PO000588,V012,UTL1127,2025-04-20,2025-05-16,2025-05-08,120,120,27.4,3288.0,On Time
PO000589,V004,CND2126,2025-11-03,2025-11-21,2025-11-15,72,72,5.44,391.68,On Time
PO000590,V010,KIT0915,2025-12-05,2026-01-26,2026-01-27,72,72,66.37,4778.64,On Time
PO000591,V010,TOW1464,2025-09-09,2025-10-31,2025-11-07,24,24,26.53,636.72,Late
PO000592,V010,CHR1927,2026-07-04,2026-08-25,2026-08-30,72,72,36.16,2603.52,Late
PO000593,V019,FLR1848,2025-06-14,2025-07-19,2025-07-18,36,36,131.97,4750.92,On Time
PO000594,V006,ORG1749,2025-06-22,2025-07-28,2025-08-04,72,72,15.07,1085.04,Late
PO000595,V010,UTL1084,2025-07-16,2025-09-06,2025-09-13,24,24,26.21,629.04,Late
PO000596,V001,KIT0954,2025-10-02,2025-11-02,2025-11-04,120,120,14.88,1785.6,On Time
PO000597,V006,PEN1912,2025-04-08,2025-05-14,2025-05-15,96,96,50.61,4858.56,On Time
PO000598,V012,DEC0127,2025-03-01,2025-03-27,2025-03-31,96,96,23.59,2264.64,Late
PO000599,V014,SHT1319,2025-04-20,2025-05-31,2025-05-30,36,36,62.65,2255.4,On Time
PO000600,V010,WAL0267,2025-07-21,2025-09-11,2025-09-12,48,30,44.15,2119.2,On Time
PO000601,V014,FLR1856,2025-12-01,2026-01-11,2026-01-06,36,36,48.16,1733.76,On Time
PO000602,V002,MIR0351,2026-01-22,2026-02-26,2026-03-09,120,120,53.65,6438.0,Late
PO000603,V015,WIN2090,2026-01-27,2026-02-20,2026-02-18,48,48,23.21,1114.08,On Time
PO000604,V014,FLR1856,2025-11-02,2025-12-13,2025-12-19,24,24,48.16,1155.84,Late
PO000605,V002,PIL1334,2025-07-16,2025-08-20,2025-08-25,72,72,50.83,3659.76,Late
PO000606,V008,WAL0215,2025-05-09,2025-06-21,2025-06-22,36,36,40.31,1451.16,On Time
PO000607,V013,WAL0276,2026-05-10,2026-06-02,2026-05-22,48,48,40.41,1939.68,On Time
PO000608,V013,PIL1407,2025-05-31,2025-06-23,2025-06-20,120,120,12.86,1543.2,On Time
PO000609,V020,TOW1448,2025-05-15,2025-06-13,2025-06-18,96,78,6.36,610.56,Late
PO000610,V001,SHT1231,2025-02-24,2025-03-27,2025-04-03,36,36,36.83,1325.88,Late
PO000611,V018,TOW1499,2026-03-02,2026-03-17,2026-03-14,24,24,16.09,386.16,On Time
PO000612,V010,FRM2201,2025-10-03,2025-11-24,2025-11-20,72,72,37.64,2710.08,On Time
PO000613,V014,WIN2070,2025-10-02,2025-11-12,2025-11-15,24,6,23.16,555.84,Late
PO000614,V012,LGT1813,2025-10-27,2025-11-22,2025-11-28,24,6,93.35,2240.4,Late
PO000615,V002,WAL0337,2025-12-22,2026-01-26,2026-01-29,48,48,48.96,2350.08,Late
PO000616,V016,TAB0836,2025-04-21,2025-05-05,2025-05-06,48,48,177.87,8537.76,On Time
PO000617,V001,FUR0597,2026-03-08,2026-04-08,2026-04-09,96,96,88.55,8500.8,On Time
PO000618,V010,TAB0807,2025-10-05,2025-11-26,2025-11-25,72,72,282.3,20325.6,On Time
PO000619,V012,SHT1233,2026-06-28,2026-07-24,2026-07-30,48,48,39.66,1903.68,Late
PO000620,V016,DEC0116,2026-02-11,2026-02-25,2026-03-01,24,6,18.47,443.28,Late
PO000621,V012,DEC0093,2025-11-21,2025-12-17,2025-12-18,36,36,22.3,802.8,On Time
PO000622,V018,SHL1651,2026-07-02,2026-07-17,2026-07-19,36,36,43.12,1552.32,On Time
PO000623,V018,MIR0402,2026-04-15,2026-04-30,2026-05-02,96,96,76.62,7355.52,On Time
PO000624,V018,SHT1259,2026-02-21,2026-03-08,2026-03-05,24,24,23.49,563.76,On Time
PO000625,V018,SRV0979,2025-09-19,2025-10-04,2025-10-06,24,24,52.3,1255.2,On Time
PO000626,V013,SUM2047,2025-12-14,2026-01-06,2026-01-11,120,120,52.64,6316.8,Late
PO000627,V005,TAB0789,2025-02-06,2025-03-19,2025-03-30,72,72,55.59,4002.48,Late
PO000628,V010,PIL1375,2025-03-20,2025-05-11,2025-05-18,96,96,22.87,2195.52,Late
PO000629,V008,SRV1021,2026-01-15,2026-02-27,2026-02-26,48,36,55.6,2668.8,On Time
PO000630,V001,FUR0608,2025-11-13,2025-12-14,2025-12-16,96,96,189.9,18230.4,On Time
PO000631,V004,CHR1980,2025-02-04,2025-02-22,2025-02-19,48,42,56.99,2735.52,On Time
PO000632,V014,WAL0250,2025-09-27,2025-11-07,2025-11-07,36,36,34.34,1236.24,On Time
PO000633,V017,KIT0896,2026-04-26,2026-05-11,2026-05-20,96,96,17.67,1696.32,Late
PO000634,V010,TOW1424,2026-04-29,2026-06-20,2026-06-21,36,36,6.96,250.56,On Time
PO000635,V015,SRV1079,2026-04-04,2026-04-28,2026-05-01,72,72,46.65,3358.8,Late
PO000636,V002,SHT1237,2025-09-24,2025-10-29,2025-11-07,72,72,78.05,5619.6,Late
PO000637,V016,SHT1279,2026-03-15,2026-03-29,2026-03-31,120,120,79.95,9594.0,On Time
PO000638,V012,SHT1233,2025-08-18,2025-09-13,2025-09-25,72,72,39.66,2855.52,Late
PO000639,V014,TAB0799,2026-05-02,2026-06-12,2026-06-15,48,30,102.98,4943.04,Late
PO000640,V007,SHT1232,2025-06-30,2025-07-20,2025-07-21,24,18,33.46,803.04,On Time
PO000641,V007,TEX0495,2025-07-22,2025-08-11,2025-08-15,48,36,35.31,1694.88,Late
PO000642,V001,PIL1397,2026-03-30,2026-04-30,2026-04-30,36,36,14.56,524.16,On Time
PO000643,V005,SHT1272,2025-12-05,2026-01-15,2026-01-20,48,48,100.3,4814.4,Late
PO000644,V010,SRV1055,2025-07-29,2025-09-19,2025-09-20,36,36,43.12,1552.32,On Time
PO000645,V014,UTL1119,2025-08-04,2025-09-14,2025-09-15,120,120,5.85,702.0,On Time
PO000646,V001,WAL0260,2025-02-08,2025-03-11,2025-03-15,48,48,25.57,1227.36,Late
PO000647,V003,TEX0503,2025-11-06,2026-01-07,2026-01-09,36,36,13.04,469.44,On Time
PO000648,V003,TEX0534,2025-04-15,2025-06-16,2025-06-20,72,72,43.81,3154.32,Late
PO000649,V008,SEA0712,2025-09-02,2025-10-15,2025-10-10,36,36,137.48,4949.28,On Time
PO000650,V020,DEC0145,2025-04-03,2025-05-02,2025-05-08,120,120,35.42,4250.4,Late
PO000651,V013,SUM2056,2026-05-09,2026-06-01,2026-05-26,24,24,30.54,732.96,On Time
PO000652,V004,TEX0500,2026-05-09,2026-05-27,2026-05-29,48,48,21.91,1051.68,On Time
PO000653,V019,BSK1645,2025-10-09,2025-11-13,2025-11-05,96,96,15.82,1518.72,On Time
PO000654,V007,HAL2018,2025-05-28,2025-06-17,2025-06-23,120,102,30.77,3692.4,Late
PO000655,V005,FUR0663,2025-05-16,2025-06-26,2025-06-29,96,96,109.77,10537.92,Late
PO000656,V011,TEX0484,2026-05-30,2026-07-11,2026-07-10,48,42,17.23,827.04,On Time
PO000657,V013,TAB0813,2026-04-27,2026-05-20,2026-05-24,120,120,362.49,43498.8,Late
PO000658,V012,FUR0561,2026-06-05,2026-07-01,2026-06-18,24,24,231.81,5563.44,On Time
PO000659,V008,SUM2055,2025-02-21,2025-04-05,2025-04-03,36,36,35.36,1272.96,On Time
PO000660,V011,DEC0170,2025-05-23,2025-07-04,2025-07-10,24,12,12.71,305.04,Late
PO000661,V007,LGT1809,2025-10-26,2025-11-15,2025-11-20,36,36,83.43,3003.48,Late
PO000662,V001,SHL1691,2026-07-06,2026-08-06,2026-08-11,48,48,30.94,1485.12,Late
PO000663,V012,CHR1947,2026-01-13,2026-02-08,2026-02-05,72,72,45.24,3257.28,On Time
PO000664,V011,DEC0001,2026-05-06,2026-06-17,2026-06-17,24,24,45.39,1089.36,On Time
PO000665,V016,WAL0233,2025-02-14,2025-02-28,2025-03-02,48,48,84.94,4077.12,On Time
PO000666,V016,DUV1202,2025-06-25,2025-07-09,2025-07-14,48,48,44.64,2142.72,Late
PO000667,V011,BSK1627,2026-02-02,2026-03-16,2026-03-13,48,48,48.22,2314.56,On Time
PO000668,V003,FUR0606,2025-11-16,2026-01-17,2026-01-20,120,120,94.99,11398.8,Late
PO000669,V003,MIR0394,2025-08-01,2025-10-02,2025-10-06,24,24,89.91,2157.84,Late
PO000670,V019,FRM2182,2025-04-13,2025-05-18,2025-05-22,120,102,34.85,4182.0,Late
PO000671,V002,MIR0351,2025-11-22,2025-12-27,2026-01-10,36,36,53.65,1931.4,Late
PO000672,V008,WIN2089,2026-06-12,2026-07-25,2026-07-19,72,72,35.71,2571.12,On Time
PO000673,V005,ORG1706,2026-03-15,2026-04-25,2026-04-17,96,96,26.82,2574.72,On Time
PO000674,V015,PIL1376,2025-03-02,2025-03-26,2025-03-25,72,72,17.59,1266.48,On Time
PO000675,V010,MIR0424,2025-08-01,2025-09-22,2025-09-19,48,48,46.85,2248.8,On Time
PO000676,V004,TAB0766,2026-02-09,2026-02-27,2026-03-02,36,36,213.4,7682.4,Late
PO000677,V010,TAB0798,2025-04-16,2025-06-07,2025-06-07,24,24,272.9,6549.6,On Time
PO000678,V012,WAL0241,2026-04-06,2026-05-02,2026-05-10,36,36,67.45,2428.2,Late
PO000679,V016,SUM2022,2026-05-23,2026-06-06,2026-06-14,72,54,40.8,2937.6,Late
PO000680,V006,PEN1892,2025-05-05,2025-06-10,2025-06-03,120,120,89.96,10795.2,On Time
PO000681,V003,TOW1414,2026-01-23,2026-03-26,2026-03-28,36,36,33.53,1207.08,On Time
PO000682,V015,TEX0462,2026-01-10,2026-02-03,2026-02-11,48,48,34.74,1667.52,Late
PO000683,V008,SUM2049,2026-01-02,2026-02-14,2026-02-13,36,36,60.9,2192.4,On Time
PO000684,V007,DEC0066,2025-07-08,2025-07-28,2025-08-01,24,24,25.34,608.16,Late
PO000685,V020,DEC0145,2026-06-19,2026-07-18,2026-07-25,36,36,35.42,1275.12,Late
PO000686,V005,FUR0626,2025-04-18,2025-05-29,2025-06-02,72,72,74.15,5338.8,Late
PO000687,V020,TEX0431,2025-09-01,2025-09-30,2025-10-02,120,120,22.94,2752.8,On Time
PO000688,V012,UTL1141,2026-07-07,2026-08-02,2026-08-01,72,72,8.15,586.8,On Time
PO000689,V012,SRV1044,2025-11-12,2025-12-08,2025-12-08,48,48,13.58,651.84,On Time
PO000690,V019,SHT1294,2025-09-24,2025-10-29,2025-10-28,96,96,35.0,3360.0,On Time
PO000691,V017,TEX0545,2025-08-06,2025-08-21,2025-08-22,96,96,15.27,1465.92,On Time
PO000692,V018,CND2162,2026-02-02,2026-02-17,2026-02-23,24,24,14.43,346.32,Late
PO000693,V013,WAL0276,2025-11-01,2025-11-24,2025-11-23,72,72,40.41,2909.52,On Time
PO000694,V004,DEC0020,2026-04-26,2026-05-14,2026-05-09,96,96,49.6,4761.6,On Time
PO000695,V017,CHR1985,2025-07-18,2025-08-02,2025-07-30,120,120,66.3,7956.0,On Time
PO000696,V001,FLR1874,2025-05-05,2025-06-05,2025-06-05,72,72,117.06,8428.32,On Time
PO000697,V012,DEC0147,2025-11-09,2025-12-05,2025-12-02,48,48,37.77,1812.96,On Time
PO000698,V001,DUV1191,2026-07-03,2026-08-03,2026-08-05,36,36,45.27,1629.72,On Time
PO000699,V004,TOW1466,2025-09-25,2025-10-13,2025-10-10,72,72,15.05,1083.6,On Time
PO000700,V014,TEX0436,2025-09-13,2025-10-24,2025-10-25,72,72,33.26,2394.72,On Time
PO000701,V007,DUV1175,2025-07-18,2025-08-07,2025-08-23,96,96,81.4,7814.4,Late
PO000702,V012,FUR0644,2025-12-01,2025-12-27,2025-12-23,36,36,124.34,4476.24,On Time
PO000703,V018,BSK1605,2026-05-24,2026-06-08,2026-06-08,36,30,10.68,384.48,On Time
PO000704,V018,BSK1622,2025-10-03,2025-10-18,2025-10-17,36,36,35.87,1291.32,On Time
PO000705,V009,SHL1655,2025-04-28,2025-06-15,2025-06-13,36,36,60.82,2189.52,On Time
PO000706,V008,TOW1412,2026-04-14,2026-05-27,2026-06-01,36,36,21.26,765.36,Late
PO000707,V004,DEC0166,2026-02-13,2026-03-03,2026-03-01,72,72,48.26,3474.72,On Time
PO000708,V001,MIR0408,2025-08-21,2025-09-21,2025-09-20,48,48,38.92,1868.16,On Time
PO000709,V016,PEN1882,2025-08-14,2025-08-28,2025-09-12,48,48,211.65,10159.2,Late
PO000710,V005,TEX0486,2025-03-07,2025-04-17,2025-04-10,24,24,30.67,736.08,On Time
PO000711,V013,WAL0304,2026-06-13,2026-07-06,2026-06-29,120,120,64.7,7764.0,On Time
PO000712,V002,FRM2197,2025-12-31,2026-02-04,2026-02-08,120,120,17.37,2084.4,Late
PO000713,V018,UTL1125,2025-05-11,2025-05-26,2025-05-28,36,36,28.34,1020.24,On Time
PO000714,V004,DEC0003,2026-05-06,2026-05-24,2026-05-21,72,72,12.3,885.6,On Time
PO000715,V006,SRV1043,2025-06-23,2025-07-29,2025-07-28,72,72,33.44,2407.68,On Time
PO000716,V017,FUR0668,2026-04-10,2026-04-25,2026-04-14,48,42,151.44,7269.12,On Time
PO000717,V006,LGT1772,2025-10-05,2025-11-10,2025-11-15,48,48,71.23,3419.04,Late
PO000718,V008,TAB0829,2025-04-22,2025-06-04,2025-06-02,72,72,107.32,7727.04,On Time
PO000719,V006,UTL1123,2025-09-01,2025-10-07,2025-10-08,24,24,19.85,476.4,On Time
PO000720,V017,SRV1019,2026-04-06,2026-04-21,2026-04-19,24,24,25.11,602.64,On Time
PO000721,V016,SEA0682,2025-11-09,2025-11-23,2025-11-21,120,120,124.92,14990.4,On Time
PO000722,V009,SRV1072,2026-04-02,2026-05-20,2026-05-16,120,120,60.66,7279.2,On Time
PO000723,V002,TEX0494,2025-11-26,2025-12-31,2026-01-08,48,48,10.87,521.76,Late
PO000724,V012,BTH1547,2026-05-21,2026-06-16,2026-06-14,36,36,5.25,189.0,On Time
PO000725,V003,SHT1286,2025-05-31,2025-08-01,2025-08-03,120,120,33.07,3968.4,On Time
PO000726,V017,SEA0742,2025-12-21,2026-01-05,2026-01-10,48,48,276.81,13286.88,Late
PO000727,V017,TOW1428,2026-05-08,2026-05-23,2026-05-24,36,36,6.02,216.72,On Time
PO000728,V007,TEX0452,2025-10-11,2025-10-31,2025-11-02,36,24,13.65,491.4,On Time
PO000729,V008,CND2129,2026-01-15,2026-02-27,2026-03-02,120,120,14.17,1700.4,Late
PO000730,V012,DEC0093,2025-05-28,2025-06-23,2025-06-24,96,84,22.3,2140.8,On Time
PO000731,V014,KIT0899,2026-04-02,2026-05-13,2026-05-13,36,36,30.52,1098.72,On Time
PO000732,V007,BTH1532,2025-08-21,2025-09-10,2025-09-17,96,96,37.46,3596.16,Late
PO000733,V014,FUR0599,2025-10-19,2025-11-29,2025-11-27,48,30,174.05,8354.4,On Time
PO000734,V004,BTH1540,2025-07-29,2025-08-16,2025-08-25,96,84,29.53,2834.88,Late
PO000735,V020,DEC0085,2025-10-17,2025-11-15,2025-11-15,24,24,27.79,666.96,On Time
PO000736,V001,PIL1397,2025-03-01,2025-04-01,2025-04-06,72,72,14.56,1048.32,Late
PO000737,V008,WIN2089,2025-07-18,2025-08-30,2025-08-30,96,96,35.71,3428.16,On Time
PO000738,V016,FUR0645,2025-10-25,2025-11-08,2025-11-07,96,96,45.61,4378.56,On Time
PO000739,V006,SRV1006,2026-05-11,2026-06-16,2026-06-11,48,48,56.76,2724.48,On Time
PO000740,V004,PIL1400,2025-12-16,2026-01-03,2026-01-13,120,120,36.05,4326.0,Late
PO000741,V013,SRV1053,2026-03-28,2026-04-20,2026-04-19,120,120,15.87,1904.4,On Time
PO000742,V007,SHT1318,2025-03-20,2025-04-09,2025-04-22,48,48,23.36,1121.28,Late
PO000743,V017,WAL0299,2025-06-07,2025-06-22,2025-06-30,24,24,43.13,1035.12,Late
PO000744,V016,GFT2245,2026-01-15,2026-01-29,2026-02-06,72,54,49.79,3584.88,Late
PO000745,V008,UTL1101,2025-03-08,2025-04-20,2025-04-22,96,96,18.62,1787.52,On Time
PO000746,V007,GFT2252,2025-06-22,2025-07-12,2025-07-18,48,48,77.82,3735.36,Late
PO000747,V013,SEA0750,2025-07-26,2025-08-18,2025-08-13,96,96,117.48,11278.08,On Time
PO000748,V016,UTL1085,2025-03-07,2025-03-21,2025-04-05,36,24,16.22,583.92,Late
PO000749,V009,BTH1504,2026-04-30,2026-06-17,2026-06-16,72,72,19.69,1417.68,On Time
PO000750,V012,CHR1944,2025-12-15,2026-01-10,2026-01-01,24,18,19.68,472.32,On Time
PO000751,V004,MIR0386,2025-12-11,2025-12-29,2025-12-27,36,36,97.62,3514.32,On Time
PO000752,V011,FLR1878,2025-02-16,2025-03-30,2025-04-03,36,18,144.93,5217.48,Late
PO000753,V017,SUM2065,2025-07-03,2025-07-18,2025-07-24,24,24,63.51,1524.24,Late
PO000754,V005,BTH1523,2025-08-21,2025-10-01,2025-09-26,24,24,4.71,113.04,On Time
PO000755,V011,KIT0918,2025-02-25,2025-04-08,2025-04-05,24,24,24.58,589.92,On Time
PO000756,V011,TEX0527,2025-05-08,2025-06-19,2025-06-28,96,96,36.55,3508.8,Late
PO000757,V006,FLR1846,2025-03-11,2025-04-16,2025-04-14,48,48,170.42,8180.16,On Time
PO000758,V009,DEC0095,2025-08-12,2025-09-29,2025-09-28,120,120,15.07,1808.4,On Time
PO000759,V009,TOW1475,2025-02-23,2025-04-12,2025-04-13,96,96,25.8,2476.8,On Time
PO000760,V002,DEC0174,2025-02-11,2025-03-18,2025-03-26,48,30,36.57,1755.36,Late
PO000761,V002,TAB0774,2025-03-20,2025-04-24,2025-05-07,48,48,98.67,4736.16,Late
PO000762,V006,TAB0809,2026-03-18,2026-04-23,2026-04-27,120,120,82.37,9884.4,Late
PO000763,V012,SHT1233,2025-10-09,2025-11-04,2025-11-08,72,72,39.66,2855.52,Late
PO000764,V003,GFT2220,2025-07-05,2025-09-05,2025-09-09,48,48,16.6,796.8,Late
PO000765,V002,LGT1783,2025-03-13,2025-04-17,2025-04-25,36,36,36.72,1321.92,Late
PO000766,V016,SRV0976,2025-10-16,2025-10-30,2025-11-13,72,72,43.93,3162.96,Late
PO000767,V010,CND2138,2025-09-01,2025-10-23,2025-10-30,120,120,20.4,2448.0,Late
PO000768,V013,WAL0327,2025-09-22,2025-10-15,2025-10-19,36,36,68.04,2449.44,Late
PO000769,V012,PIL1387,2025-07-28,2025-08-23,2025-08-30,72,72,23.2,1670.4,Late
PO000770,V008,SRV1021,2025-10-08,2025-11-20,2025-11-30,120,120,55.6,6672.0,Late
PO000771,V016,BSK1579,2025-04-25,2025-05-09,2025-05-14,48,48,8.41,403.68,Late
PO000772,V008,TOW1435,2026-04-25,2026-06-07,2026-06-01,72,72,9.38,675.36,On Time
PO000773,V017,GFT2236,2026-05-13,2026-05-28,2026-05-19,120,120,62.5,7500.0,On Time
PO000774,V012,SHT1244,2026-06-05,2026-07-01,2026-06-29,72,66,55.3,3981.6,On Time
PO000775,V008,FUR0661,2025-09-01,2025-10-14,2025-10-17,72,72,131.4,9460.8,Late
PO000776,V004,UTL1097,2025-02-09,2025-02-27,2025-02-10,24,24,19.97,479.28,On Time
PO000777,V005,WAL0340,2025-09-26,2025-11-06,2025-11-07,24,24,18.13,435.12,On Time
PO000778,V009,BTH1535,2026-05-23,2026-07-10,2026-07-14,48,48,29.77,1428.96,Late
PO000779,V017,WIN2099,2026-04-12,2026-04-27,2026-04-27,24,24,16.34,392.16,On Time
PO000780,V009,BSK1621,2025-05-08,2025-06-25,2025-07-04,36,36,13.06,470.16,Late
PO000781,V002,DEC0091,2025-04-12,2025-05-17,2025-05-28,120,120,44.72,5366.4,Late
PO000782,V001,TEX0440,2025-11-21,2025-12-22,2026-01-01,72,72,27.32,1967.04,Late
PO000783,V011,SRV0981,2025-02-25,2025-04-08,2025-04-12,120,120,12.16,1459.2,Late
PO000784,V003,WAL0326,2025-05-12,2025-07-13,2025-07-18,72,72,66.91,4817.52,Late
PO000785,V020,UTL1131,2025-04-27,2025-05-26,2025-05-29,72,72,16.63,1197.36,Late
PO000786,V010,BTH1521,2026-02-16,2026-04-09,2026-04-13,96,96,21.31,2045.76,Late
PO000787,V003,KIT0866,2026-05-08,2026-07-09,2026-07-11,24,24,37.97,911.28,On Time
PO000788,V009,DEC0181,2025-03-11,2025-04-28,2025-05-04,96,96,44.65,4286.4,Late
PO000789,V008,SHT1241,2026-06-10,2026-07-23,2026-08-04,48,48,62.35,2992.8,Late
PO000790,V019,WAL0214,2026-07-08,2026-08-12,2026-08-18,96,84,31.86,3058.56,Late
PO000791,V009,SEA0758,2025-08-18,2025-10-05,2025-10-08,96,96,118.27,11353.92,Late
PO000792,V015,ORG1702,2026-03-29,2026-04-22,2026-04-24,36,36,17.21,619.56,On Time
PO000793,V009,TEX0538,2025-10-19,2025-12-06,2025-12-04,96,96,37.1,3561.6,On Time
PO000794,V009,MIR0398,2026-03-18,2026-05-05,2026-04-29,120,120,92.59,11110.8,On Time
PO000795,V003,SHT1246,2026-01-10,2026-03-13,2026-03-09,24,24,22.09,530.16,On Time
PO000796,V018,DUV1222,2026-03-26,2026-04-10,2026-04-15,96,96,93.59,8984.64,Late
PO000797,V006,DUV1189,2026-06-14,2026-07-20,2026-07-23,48,48,131.29,6301.92,Late
PO000798,V012,WAL0247,2025-02-15,2025-03-13,2025-03-14,72,72,25.97,1869.84,On Time
PO000799,V014,SRV1039,2026-03-26,2026-05-06,2026-05-09,24,24,38.32,919.68,Late
PO000800,V013,WAL0227,2026-03-11,2026-04-03,2026-04-05,96,96,21.18,2033.28,On Time
PO000801,V011,CND2150,2025-08-05,2025-09-16,2025-09-24,48,48,38.29,1837.92,Late
PO000802,V020,PEN1914,2025-04-19,2025-05-18,2025-05-21,96,96,98.2,9427.2,Late
PO000803,V013,PEN1904,2025-02-27,2025-03-22,2025-03-30,96,96,192.0,18432.0,Late
PO000804,V012,UTL1104,2026-01-30,2026-02-25,2026-02-27,48,48,9.39,450.72,On Time
PO000805,V001,BTH1537,2026-03-08,2026-04-08,2026-04-16,120,120,42.16,5059.2,Late
PO000806,V010,SEA0744,2025-04-29,2025-06-20,2025-06-22,48,48,114.05,5474.4,On Time
PO000807,V007,PIL1406,2025-12-22,2026-01-11,2026-01-19,48,48,27.59,1324.32,Late
PO000808,V001,DUV1188,2026-04-16,2026-05-17,2026-05-23,36,36,40.38,1453.68,Late
PO000809,V007,FUR0638,2025-04-29,2025-05-19,2025-06-04,96,96,215.91,20727.36,Late
PO000810,V014,SRV1030,2026-01-13,2026-02-23,2026-02-14,96,96,14.1,1353.6,On Time
PO000811,V001,MIR0357,2025-11-29,2025-12-30,2025-12-28,36,36,31.02,1116.72,On Time
PO000812,V015,FLR1870,2025-07-28,2025-08-21,2025-08-24,120,120,79.89,9586.8,Late
PO000813,V009,TEX0461,2026-02-19,2026-04-08,2026-04-07,96,96,36.49,3503.04,On Time
PO000814,V019,TEX0514,2026-06-02,2026-07-07,2026-07-12,96,96,19.54,1875.84,Late
PO000815,V016,CHR1962,2025-09-07,2025-09-21,2025-10-01,24,24,14.0,336.0,Late
PO000816,V017,CND2168,2025-08-25,2025-09-09,2025-09-02,48,42,7.17,344.16,On Time
PO000817,V009,PEN1915,2025-03-16,2025-05-03,2025-05-03,24,24,159.78,3834.72,On Time
PO000818,V011,TEX0544,2026-01-26,2026-03-09,2026-03-16,36,36,47.07,1694.52,Late
PO000819,V014,FRM2187,2025-10-17,2025-11-27,2025-11-25,72,72,10.68,768.96,On Time
PO000820,V013,KIT0944,2025-02-16,2025-03-11,2025-03-13,48,48,20.03,961.44,On Time
PO000821,V003,SEA0683,2026-05-15,2026-07-16,2026-07-14,72,66,279.53,20126.16,On Time
PO000822,V005,KIT0872,2025-06-28,2025-08-08,2025-08-11,48,48,60.95,2925.6,Late
PO000823,V008,SRV1018,2026-06-24,2026-08-06,2026-08-10,72,72,56.34,4056.48,Late
PO000824,V006,WAL0323,2025-08-10,2025-09-15,2025-09-10,96,78,16.33,1567.68,On Time
PO000825,V007,HAL2018,2026-04-26,2026-05-16,2026-05-26,48,48,30.77,1476.96,Late
PO000826,V011,LGT1821,2025-10-07,2025-11-18,2025-11-21,36,36,57.19,2058.84,Late
PO000827,V011,CHR1967,2025-10-02,2025-11-13,2025-11-19,24,24,21.02,504.48,Late
PO000828,V004,TOW1446,2025-07-15,2025-08-02,2025-08-03,36,36,16.47,592.92,On Time
PO000829,V019,TEX0514,2026-02-28,2026-04-04,2026-04-01,36,36,19.54,703.44,On Time
PO000830,V020,DUV1205,2026-05-07,2026-06-05,2026-06-05,72,60,43.83,3155.76,On Time
PO000831,V012,ORG1744,2026-07-06,2026-08-01,2026-08-13,24,12,8.42,202.08,Late
PO000832,V004,FUR0589,2026-04-22,2026-05-10,2026-05-13,96,96,223.39,21445.44,Late
PO000833,V016,TEX0525,2026-04-08,2026-04-22,2026-04-16,24,24,39.23,941.52,On Time
PO000834,V001,SUM2034,2025-12-21,2026-01-21,2026-01-30,72,72,77.2,5558.4,Late
PO000835,V004,MIR0429,2025-10-04,2025-10-22,2025-10-21,48,48,68.32,3279.36,On Time
PO000836,V017,DEC0025,2025-07-11,2025-07-26,2025-07-27,72,72,43.07,3101.04,On Time
PO000837,V005,WAL0269,2025-03-19,2025-04-29,2025-04-24,36,36,51.71,1861.56,On Time
PO000838,V013,KIT0856,2025-05-03,2025-05-26,2025-05-30,24,24,64.24,1541.76,Late
PO000839,V012,FUR0644,2025-12-09,2026-01-04,2026-01-03,48,48,124.34,5968.32,On Time
PO000840,V004,DEC0086,2025-05-30,2025-06-17,2025-06-16,96,96,50.99,4895.04,On Time
PO000841,V005,KIT0900,2025-08-02,2025-09-12,2025-09-17,120,120,66.81,8017.2,Late
PO000842,V007,HAL2018,2025-04-12,2025-05-02,2025-05-07,48,48,30.77,1476.96,Late
PO000843,V004,GFT2243,2025-08-12,2025-08-30,2025-09-02,24,6,58.23,1397.52,Late
PO000844,V013,SEA0750,2025-12-09,2026-01-01,2026-01-07,120,120,117.48,14097.6,Late
PO000845,V008,SHL1658,2026-03-06,2026-04-18,2026-04-13,24,24,86.38,2073.12,On Time
PO000846,V008,SUM2055,2026-02-02,2026-03-17,2026-03-23,24,24,35.36,848.64,Late
PO000847,V001,BSK1574,2026-01-01,2026-02-01,2026-01-24,36,36,39.63,1426.68,On Time
PO000848,V011,TEX0550,2025-06-23,2025-08-04,2025-08-22,48,30,45.68,2192.64,Late
PO000849,V005,CHR1960,2025-11-19,2025-12-30,2025-12-30,120,120,56.81,6817.2,On Time
PO000850,V016,WAL0225,2025-04-21,2025-05-05,2025-05-11,24,18,81.22,1949.28,Late
PO000851,V011,KIT0870,2025-05-25,2025-07-06,2025-07-13,48,48,36.98,1775.04,Late
PO000852,V018,WAL0211,2025-10-11,2025-10-26,2025-10-30,24,24,34.74,833.76,Late
PO000853,V002,DEC0174,2026-05-01,2026-06-05,2026-06-16,24,24,36.57,877.68,Late
PO000854,V015,PIL1336,2025-10-05,2025-10-29,2025-10-25,72,54,25.32,1823.04,On Time
PO000855,V009,ORG1758,2026-01-25,2026-03-14,2026-03-14,24,24,32.96,791.04,On Time
PO000856,V001,BSK1637,2026-05-12,2026-06-12,2026-06-13,36,36,36.02,1296.72,On Time
PO000857,V018,GFT2239,2025-08-27,2025-09-11,2025-09-08,24,24,11.82,283.68,On Time
PO000858,V009,WAL0204,2026-06-16,2026-08-03,2026-07-27,96,96,41.05,3940.8,On Time
PO000859,V020,DEC0185,2025-02-23,2025-03-24,2025-03-28,48,48,58.6,2812.8,Late
PO000860,V002,BSK1580,2026-01-13,2026-02-17,2026-03-01,96,96,21.11,2026.56,Late
PO000861,V010,PIL1375,2026-06-17,2026-08-08,2026-08-18,120,120,22.87,2744.4,Late
PO000862,V006,MIR0392,2025-04-14,2025-05-20,2025-05-19,96,96,25.85,2481.6,On Time
PO000863,V006,WAL0255,2025-05-26,2025-07-01,2025-07-05,24,24,30.76,738.24,Late
PO000864,V010,PIL1341,2026-02-23,2026-04-16,2026-04-22,48,48,54.14,2598.72,Late
PO000865,V014,ORG1750,2025-04-01,2025-05-12,2025-05-08,36,36,40.42,1455.12,On Time
PO000866,V011,CHR1967,2025-03-13,2025-04-24,2025-04-24,36,36,21.02,756.72,On Time
PO000867,V014,GFT2250,2025-02-02,2025-03-15,2025-03-22,72,72,40.15,2890.8,Late
PO000868,V003,TAB0834,2026-01-14,2026-03-17,2026-03-11,120,120,97.34,11680.8,On Time
PO000869,V011,WAL0301,2025-08-18,2025-09-29,2025-10-13,24,18,25.67,616.08,Late
PO000870,V014,PIL1333,2025-10-27,2025-12-07,2025-12-03,120,120,47.4,5688.0,On Time
PO000871,V012,FUR0561,2026-06-02,2026-06-28,2026-06-26,96,96,231.81,22253.76,On Time
PO000872,V004,UTL1100,2025-02-03,2025-02-21,2025-02-15,72,72,22.95,1652.4,On Time
PO000873,V007,TOW1426,2025-04-06,2025-04-26,2025-04-28,96,78,22.66,2175.36,On Time
PO000874,V017,SEA0702,2026-01-09,2026-01-24,2026-01-22,24,24,70.8,1699.2,On Time
PO000875,V012,MIR0393,2025-04-10,2025-05-06,2025-05-02,120,120,69.78,8373.6,On Time
PO000876,V016,DUV1159,2026-05-04,2026-05-18,2026-05-25,24,24,41.49,995.76,Late
PO000877,V004,LGT1786,2025-07-09,2025-07-27,2025-07-13,48,48,49.21,2362.08,On Time
PO000878,V016,DEC0116,2025-08-07,2025-08-21,2025-09-07,96,96,18.47,1773.12,Late
PO000879,V018,DEC0005,2025-12-28,2026-01-12,2026-01-23,96,96,47.06,4517.76,Late
PO000880,V014,SEA0727,2025-11-07,2025-12-18,2025-12-18,48,48,242.33,11631.84,On Time
PO000881,V012,WIN2073,2025-12-18,2026-01-13,2026-01-10,24,24,42.86,1028.64,On Time
PO000882,V015,FLR1850,2025-10-02,2025-10-26,2025-10-27,48,48,178.87,8585.76,On Time
PO000883,V013,MIR0416,2026-07-01,2026-07-24,2026-07-16,96,96,91.17,8752.32,On Time
PO000884,V003,LGT1814,2025-02-10,2025-04-13,2025-04-05,48,48,85.0,4080.0,On Time
PO000885,V008,TAB0821,2025-04-26,2025-06-08,2025-06-16,36,36,215.51,7758.36,Late
PO000886,V015,TAB0822,2025-03-10,2025-04-03,2025-04-09,36,36,179.96,6478.56,Late
PO000887,V010,TAB0841,2026-01-25,2026-03-18,2026-03-07,120,120,155.79,18694.8,On Time
PO000888,V010,TAB0807,2026-05-24,2026-07-15,2026-07-13,120,120,282.3,33876.0,On Time
PO000889,V014,PIL1370,2025-03-10,2025-04-20,2025-04-21,24,24,45.17,1084.08,On Time
PO000890,V016,ORG1733,2026-06-09,2026-06-23,2026-07-07,24,24,46.79,1122.96,Late
PO000891,V013,WAL0333,2025-08-24,2025-09-16,2025-09-18,96,96,52.81,5069.76,On Time
PO000892,V008,FUR0581,2026-05-27,2026-07-09,2026-07-01,72,72,148.66,10703.52,On Time
PO000893,V013,TOW1487,2025-10-27,2025-11-19,2025-11-20,72,72,21.69,1561.68,On Time
PO000894,V003,SEA0760,2025-07-02,2025-09-02,2025-08-29,96,96,401.85,38577.6,On Time
PO000895,V007,ORG1769,2026-06-17,2026-07-07,2026-07-07,120,102,44.26,5311.2,On Time
PO000896,V020,DEC0145,2026-03-28,2026-04-26,2026-04-30,48,36,35.42,1700.16,Late
PO000897,V019,CND2108,2025-07-14,2025-08-18,2025-08-14,48,48,17.22,826.56,On Time
PO000898,V011,UTL1147,2025-09-24,2025-11-05,2025-11-06,96,96,29.46,2828.16,On Time
PO000899,V020,SEA0745,2025-04-28,2025-05-27,2025-05-31,72,72,104.09,7494.48,Late
PO000900,V013,DUV1216,2026-02-05,2026-02-28,2026-02-22,120,120,62.29,7474.8,On Time
PO000901,V016,KIT0965,2026-03-10,2026-03-24,2026-04-09,120,108,34.43,4131.6,Late
PO000902,V005,KIT0926,2025-11-28,2026-01-08,2026-01-08,24,12,29.18,700.32,On Time
PO000903,V020,TOW1411,2025-06-30,2025-07-29,2025-08-04,120,120,27.27,3272.4,Late
PO000904,V005,SEA0703,2026-04-24,2026-06-04,2026-06-02,72,72,189.44,13639.68,On Time
PO000905,V009,FUR0635,2025-12-19,2026-02-05,2026-02-02,24,24,242.18,5812.32,On Time
PO000906,V004,DUV1183,2025-04-29,2025-05-17,2025-05-19,48,48,106.98,5135.04,On Time
PO000907,V013,PIL1390,2025-07-03,2025-07-26,2025-07-24,48,48,48.21,2314.08,On Time
PO000908,V010,PIL1341,2025-10-03,2025-11-24,2025-11-23,36,36,54.14,1949.04,On Time
PO000909,V018,DUV1185,2026-05-20,2026-06-04,2026-06-11,48,48,48.13,2310.24,Late
PO000910,V012,PIL1387,2025-04-30,2025-05-26,2025-05-25,96,96,23.2,2227.2,On Time
PO000911,V001,SHL1688,2025-11-04,2025-12-05,2025-12-01,72,72,82.5,5940.0,On Time
PO000912,V007,DEC0075,2025-03-29,2025-04-18,2025-04-27,96,96,27.32,2622.72,Late
PO000913,V016,SEA0693,2026-01-19,2026-02-02,2026-02-19,96,96,162.68,15617.28,Late
PO000914,V009,TEX0518,2026-02-12,2026-04-01,2026-04-06,72,72,31.34,2256.48,Late
PO000915,V018,LGT1825,2026-04-13,2026-04-28,2026-05-03,72,72,34.28,2468.16,Late
PO000916,V009,SUM2052,2025-12-03,2026-01-20,2026-01-23,24,24,23.95,574.8,Late
PO000917,V001,TEX0440,2026-05-27,2026-06-27,2026-06-22,120,120,27.32,3278.4,On Time
PO000918,V020,WAL0257,2026-05-30,2026-06-28,2026-07-01,96,96,22.23,2134.08,Late
PO000919,V003,UTL1094,2025-11-28,2026-01-29,2026-02-01,96,96,12.51,1200.96,Late
PO000920,V005,KIT0900,2025-04-09,2025-05-20,2025-05-31,24,24,66.81,1603.44,Late
PO000921,V018,SHL1659,2026-06-24,2026-07-09,2026-07-14,36,24,84.27,3033.72,Late
PO000922,V004,FLR1840,2025-06-11,2025-06-29,2025-07-02,24,24,114.12,2738.88,Late
PO000923,V006,KIT0923,2025-02-14,2025-03-22,2025-03-26,24,24,38.24,917.76,Late
PO000924,V015,WAL0262,2026-02-07,2026-03-03,2026-03-02,120,120,38.89,4666.8,On Time
PO000925,V004,LGT1780,2026-03-11,2026-03-29,2026-03-26,36,36,55.88,2011.68,On Time
PO000926,V018,SHT1328,2025-03-21,2025-04-05,2025-04-06,48,48,73.6,3532.8,On Time
PO000927,V002,DEC0091,2026-02-26,2026-04-02,2026-04-05,120,120,44.72,5366.4,Late
PO000928,V009,CND2115,2025-04-07,2025-05-25,2025-05-30,120,120,14.74,1768.8,Late
PO000929,V008,FUR0621,2025-12-15,2026-01-27,2026-02-01,96,96,121.83,11695.68,Late
PO000930,V009,MIR0398,2026-04-14,2026-06-01,2026-05-26,48,48,92.59,4444.32,On Time
PO000931,V016,TAB0836,2025-10-23,2025-11-06,2025-11-12,48,48,177.87,8537.76,Late
PO000932,V001,TEX0517,2025-08-17,2025-09-17,2025-09-15,120,120,43.15,5178.0,On Time
PO000933,V006,LGT1812,2025-11-30,2026-01-05,2026-01-01,120,120,92.81,11137.2,On Time
PO000934,V006,TAB0815,2025-04-06,2025-05-12,2025-05-22,120,120,200.55,24066.0,Late
PO000935,V006,GFT2246,2026-06-21,2026-07-27,2026-07-29,24,24,61.09,1466.16,On Time
PO000936,V012,SHL1667,2026-06-25,2026-07-21,2026-07-24,72,72,63.64,4582.08,Late
PO000937,V004,UTL1097,2025-12-18,2026-01-05,2025-12-31,72,72,19.97,1437.84,On Time
PO000938,V003,ORG1754,2025-02-07,2025-04-10,2025-04-08,36,18,27.39,986.04,On Time
PO000939,V019,SRV0994,2025-07-25,2025-08-29,2025-08-29,36,36,39.46,1420.56,On Time
PO000940,V004,CND2169,2026-06-30,2026-07-18,2026-07-20,36,24,12.79,460.44,On Time
PO000941,V019,TAB0805,2026-02-15,2026-03-22,2026-04-02,36,30,216.53,7795.08,Late
PO000942,V002,DEC0023,2026-02-10,2026-03-17,2026-03-21,24,18,55.59,1334.16,Late
PO000943,V020,BTH1525,2025-10-26,2025-11-24,2025-11-27,36,36,9.94,357.84,Late
PO000944,V013,LGT1807,2025-10-17,2025-11-09,2025-11-07,96,96,36.66,3519.36,On Time
PO000945,V011,WAL0198,2025-11-17,2025-12-29,2025-12-31,120,120,65.33,7839.6,On Time
PO000946,V018,SUM2028,2025-03-22,2025-04-06,2025-04-05,72,72,66.91,4817.52,On Time
PO000947,V015,FLR1850,2025-11-03,2025-11-27,2025-11-24,120,120,178.87,21464.4,On Time
PO000948,V013,UTL1116,2025-12-29,2026-01-21,2026-01-22,36,36,27.04,973.44,On Time
PO000949,V011,KIT0938,2025-11-18,2025-12-30,2026-01-05,48,48,13.25,636.0,Late
PO000950,V012,TAB0850,2025-02-05,2025-03-03,2025-03-03,120,120,71.98,8637.6,On Time
PO000951,V005,FUR0669,2025-04-09,2025-05-20,2025-05-21,36,36,54.21,1951.56,On Time
PO000952,V011,FUR0564,2026-01-12,2026-02-23,2026-03-03,96,96,164.57,15798.72,Late
PO000953,V001,BSK1591,2025-09-22,2025-10-23,2025-10-25,24,24,27.63,663.12,On Time
PO000954,V018,KIT0925,2025-10-23,2025-11-07,2025-11-02,72,72,15.67,1128.24,On Time
PO000955,V012,TEX0493,2026-05-08,2026-06-03,2026-06-02,24,24,27.76,666.24,On Time
PO000956,V008,DEC0109,2025-07-10,2025-08-22,2025-08-23,96,96,40.84,3920.64,On Time
PO000957,V010,PIL1375,2025-11-25,2026-01-16,2026-01-22,120,120,22.87,2744.4,Late
PO000958,V017,TEX0508,2025-10-20,2025-11-04,2025-11-09,96,96,54.93,5273.28,Late
PO000959,V004,WAL0237,2025-04-14,2025-05-02,2025-05-02,96,96,40.82,3918.72,On Time
PO000960,V003,SRV1054,2026-02-24,2026-04-27,2026-04-27,96,96,22.23,2134.08,On Time
PO000961,V010,CHR1927,2025-03-02,2025-04-23,2025-04-21,120,120,36.16,4339.2,On Time
PO000962,V013,FLR1836,2025-06-12,2025-07-05,2025-07-04,96,96,117.16,11247.36,On Time
PO000963,V007,DEC0032,2025-11-16,2025-12-06,2025-12-02,24,24,10.58,253.92,On Time
PO000964,V003,FRM2200,2026-02-12,2026-04-15,2026-04-11,72,72,35.35,2545.2,On Time
PO000965,V018,PEN1919,2026-05-28,2026-06-12,2026-06-19,72,72,124.9,8992.8,Late
PO000966,V020,FUR0588,2025-02-01,2025-03-02,2025-03-05,36,36,107.69,3876.84,Late
PO000967,V008,WAL0349,2026-04-04,2026-05-17,2026-05-21,36,36,68.56,2468.16,Late
PO000968,V017,SEA0742,2026-03-08,2026-03-23,2026-03-25,72,72,276.81,19930.32,On Time
PO000969,V008,GFT2221,2026-03-28,2026-05-10,2026-05-02,120,120,71.29,8554.8,On Time
PO000970,V014,DEC0156,2025-03-22,2025-05-02,2025-05-01,24,6,58.09,1394.16,On Time
PO000971,V005,KIT0940,2025-04-26,2025-06-06,2025-06-09,96,96,37.88,3636.48,Late
PO000972,V005,SHT1283,2025-02-21,2025-04-03,2025-04-03,120,120,41.04,4924.8,On Time
PO000973,V017,HAL2019,2025-09-22,2025-10-07,2025-10-05,48,48,30.67,1472.16,On Time
PO000974,V002,SRV1031,2026-04-30,2026-06-04,2026-06-10,24,24,33.2,796.8,Late
PO000975,V004,SHL1663,2025-05-27,2025-06-14,2025-06-13,36,36,89.38,3217.68,On Time
PO000976,V009,FUR0624,2025-09-09,2025-10-27,2025-10-26,120,120,234.4,28128.0,On Time
PO000977,V005,TEX0466,2026-01-18,2026-02-28,2026-03-05,72,72,38.37,2762.64,Late
PO000978,V011,SHT1270,2026-04-06,2026-05-18,2026-05-18,24,24,64.52,1548.48,On Time
PO000979,V014,CND2130,2025-06-02,2025-07-13,2025-07-10,120,108,23.22,2786.4,On Time
PO000980,V007,FUR0598,2026-04-04,2026-04-24,2026-04-29,96,78,87.92,8440.32,Late
PO000981,V006,KIT0929,2026-01-05,2026-02-10,2026-02-07,120,120,58.15,6978.0,On Time
PO000982,V012,CHR1981,2025-04-09,2025-05-05,2025-05-06,120,120,37.65,4518.0,On Time
PO000983,V013,SRV1056,2026-03-18,2026-04-10,2026-04-11,24,24,12.82,307.68,On Time
PO000984,V012,CHR1981,2026-05-23,2026-06-18,2026-06-24,120,120,37.65,4518.0,Late
PO000985,V013,TEX0464,2026-07-03,2026-07-26,2026-07-23,120,120,19.11,2293.2,On Time
PO000986,V003,LGT1803,2026-04-21,2026-06-22,2026-06-21,120,120,105.61,12673.2,On Time
PO000987,V009,WAL0232,2026-02-02,2026-03-22,2026-03-19,48,48,56.21,2698.08,On Time
PO000988,V009,SUM2052,2025-02-07,2025-03-27,2025-03-29,72,72,23.95,1724.4,On Time
PO000989,V020,SRV1037,2026-06-13,2026-07-12,2026-07-13,48,48,36.76,1764.48,On Time
PO000990,V015,KIT0942,2026-02-19,2026-03-15,2026-03-14,96,96,45.98,4414.08,On Time
PO000991,V013,DUV1230,2025-07-30,2025-08-22,2025-08-27,24,24,66.88,1605.12,Late
PO000992,V013,LGT1773,2026-02-25,2026-03-20,2026-03-22,36,36,114.47,4120.92,On Time
PO000993,V015,SEA0753,2026-06-13,2026-07-07,2026-07-11,120,120,310.3,37236.0,Late
PO000994,V006,UTL1123,2025-06-03,2025-07-09,2025-07-08,24,24,19.85,476.4,On Time
PO000995,V001,TEX0440,2026-03-07,2026-04-07,2026-04-06,36,36,27.32,983.52,On Time
PO000996,V013,FUR0616,2026-02-07,2026-03-02,2026-03-04,72,72,52.06,3748.32,On Time
PO000997,V008,SEA0678,2026-02-15,2026-03-30,2026-03-29,36,36,284.09,10227.24,On Time
PO000998,V014,WAL0347,2025-06-04,2025-07-15,2025-07-22,72,72,50.34,3624.48,Late
PO000999,V008,BTH1515,2026-05-23,2026-07-05,2026-07-05,72,72,21.78,1568.16,On Time
PO001000,V013,PIL1404,2025-08-03,2025-08-26,2025-09-03,36,36,51.76,1863.36,Late
PO001001,V007,SHT1232,2025-02-06,2025-02-26,2025-03-02,96,96,33.46,3212.16,Late
PO001002,V020,HAL2008,2025-08-21,2025-09-19,2025-10-03,36,24,17.61,633.96,Late
PO001003,V004,TEX0543,2026-03-20,2026-04-07,2026-04-04,24,24,14.74,353.76,On Time
PO001004,V004,TEX0469,2025-09-17,2025-10-05,2025-10-05,36,36,10.43,375.48,On Time
PO001005,V007,SUM2058,2025-06-23,2025-07-13,2025-07-18,120,120,56.28,6753.6,Late
PO001006,V007,SHL1686,2026-06-30,2026-07-20,2026-07-27,120,108,87.73,10527.6,Late
PO001007,V020,SHT1317,2026-06-04,2026-07-03,2026-07-07,72,72,23.48,1690.56,Late
PO001008,V003,BSK1634,2026-06-28,2026-08-29,2026-09-11,24,24,21.67,520.08,Late
PO001009,V013,DEC0164,2026-06-25,2026-07-18,2026-07-19,36,36,31.22,1123.92,On Time
PO001010,V001,WIN2074,2025-10-02,2025-11-02,2025-11-07,120,120,47.59,5710.8,Late
PO001011,V009,DEC0084,2025-03-06,2025-04-23,2025-04-24,96,96,49.81,4781.76,On Time
PO001012,V011,TAB0770,2025-03-21,2025-05-02,2025-05-07,48,48,305.31,14654.88,Late
PO001013,V012,WIN2084,2025-06-06,2025-07-02,2025-06-27,36,36,27.71,997.56,On Time
PO001014,V016,TEX0456,2026-01-19,2026-02-02,2026-02-18,120,120,41.37,4964.4,Late
PO001015,V009,ORG1735,2025-04-21,2025-06-08,2025-06-17,48,48,36.35,1744.8,Late
PO001016,V017,BTH1539,2026-06-29,2026-07-14,2026-07-21,24,24,15.27,366.48,Late
PO001017,V002,BTH1503,2025-12-20,2026-01-24,2026-01-23,48,48,21.19,1017.12,On Time
PO001018,V008,SRV1018,2025-12-09,2026-01-21,2026-01-20,96,96,56.34,5408.64,On Time
PO001019,V008,SHL1658,2026-02-14,2026-03-29,2026-03-26,120,120,86.38,10365.6,On Time
PO001020,V009,TEX0541,2026-03-27,2026-05-14,2026-05-20,72,72,49.45,3560.4,Late
PO001021,V016,SRV1042,2025-07-24,2025-08-07,2025-08-11,96,96,36.69,3522.24,Late
PO001022,V019,UTL1111,2025-09-18,2025-10-23,2025-10-25,24,12,7.11,170.64,On Time
PO001023,V018,UTL1091,2025-09-07,2025-09-22,2025-09-20,72,72,10.83,779.76,On Time
PO001024,V010,SHT1295,2025-02-22,2025-04-15,2025-04-10,96,96,67.84,6512.64,On Time
PO001025,V015,KIT0910,2025-12-20,2026-01-13,2026-01-20,120,120,37.98,4557.6,Late
PO001026,V015,ORG1713,2025-08-15,2025-09-08,2025-09-11,48,48,29.8,1430.4,Late
PO001027,V003,SRV1034,2025-04-24,2025-06-25,2025-07-09,72,72,41.54,2990.88,Late
PO001028,V007,DEC0126,2025-08-01,2025-08-21,2025-08-29,24,12,30.01,720.24,Late
PO001029,V006,PIL1409,2025-02-01,2025-03-09,2025-03-07,36,36,43.32,1559.52,On Time
PO001030,V004,CHR1926,2026-05-03,2026-05-21,2026-05-29,96,96,33.09,3176.64,Late
PO001031,V002,MIR0420,2025-06-15,2025-07-20,2025-07-31,24,24,59.96,1439.04,Late
PO001032,V010,WAL0338,2026-05-28,2026-07-19,2026-07-18,120,120,56.66,6799.2,On Time
PO001033,V004,TOW1423,2025-04-16,2025-05-04,2025-05-07,36,36,26.09,939.24,Late
PO001034,V013,DEC0070,2026-01-25,2026-02-17,2026-02-09,96,96,43.3,4156.8,On Time
PO001035,V009,HAL2001,2025-05-14,2025-07-01,2025-07-01,24,24,28.3,679.2,On Time
PO001036,V001,DUV1228,2025-02-04,2025-03-07,2025-03-10,72,72,52.45,3776.4,Late
PO001037,V006,TOW1463,2026-03-04,2026-04-09,2026-04-07,120,120,27.94,3352.8,On Time
PO001038,V013,DEC0047,2025-02-23,2025-03-18,2025-03-22,48,48,51.05,2450.4,Late
PO001039,V015,DUV1170,2025-06-17,2025-07-11,2025-07-10,120,114,110.34,13240.8,On Time
PO001040,V011,CND2101,2025-12-30,2026-02-10,2026-02-11,48,30,40.61,1949.28,On Time
PO001041,V015,WAL0219,2025-09-03,2025-09-27,2025-10-02,36,36,73.22,2635.92,Late
PO001042,V015,TAB0776,2025-02-26,2025-03-22,2025-03-14,36,36,87.01,3132.36,On Time
PO001043,V011,CND2110,2026-04-03,2026-05-15,2026-05-22,96,90,39.09,3752.64,Late
PO001044,V008,MIR0389,2025-12-21,2026-02-02,2026-02-02,36,36,28.94,1041.84,On Time
PO001045,V010,UTL1084,2025-02-23,2025-04-16,2025-04-08,48,48,26.21,1258.08,On Time
PO001046,V012,SEA0687,2025-07-21,2025-08-16,2025-08-17,72,72,130.87,9422.64,On Time
PO001047,V013,TAB0767,2026-05-02,2026-05-25,2026-05-18,96,96,286.07,27462.72,On Time
PO001048,V003,SHT1326,2025-10-22,2025-12-23,2025-12-23,96,96,68.32,6558.72,On Time
PO001049,V017,TAB0782,2026-03-15,2026-03-30,2026-03-25,24,24,101.35,2432.4,On Time
PO001050,V008,DUV1201,2026-04-13,2026-05-26,2026-05-21,72,72,69.67,5016.24,On Time
PO001051,V004,SHT1263,2025-06-10,2025-06-28,2025-06-30,96,84,66.98,6430.08,On Time
PO001052,V016,UTL1085,2025-05-27,2025-06-10,2025-06-20,96,96,16.22,1557.12,Late
PO001053,V002,DUV1200,2025-11-28,2026-01-02,2026-01-09,48,48,46.21,2218.08,Late
PO001054,V009,GFT2235,2025-04-27,2025-06-14,2025-06-25,72,54,17.19,1237.68,Late
PO001055,V005,ORG1760,2025-06-09,2025-07-20,2025-07-17,120,120,18.58,2229.6,On Time
PO001056,V005,BSK1632,2025-06-20,2025-07-31,2025-07-28,36,18,13.8,496.8,On Time
PO001057,V003,FUR0583,2026-03-30,2026-05-31,2026-05-31,48,48,228.6,10972.8,On Time
PO001058,V001,WIN2071,2025-06-09,2025-07-10,2025-07-13,24,24,18.12,434.88,Late
PO001059,V011,CHR1967,2025-10-14,2025-11-25,2025-12-18,96,96,21.02,2017.92,Late
PO001060,V015,SHT1236,2026-04-01,2026-04-25,2026-04-22,36,30,84.36,3036.96,On Time
PO001061,V008,SHT1241,2025-04-30,2025-06-12,2025-06-19,48,48,62.35,2992.8,Late
PO001062,V013,SHL1656,2025-10-12,2025-11-04,2025-11-05,24,24,88.13,2115.12,On Time
PO001063,V001,DUV1188,2026-02-13,2026-03-16,2026-03-18,120,120,40.38,4845.6,On Time
PO001064,V003,ORG1720,2026-04-15,2026-06-16,2026-06-17,120,120,47.04,5644.8,On Time
PO001065,V007,BSK1618,2025-07-04,2025-07-24,2025-08-03,120,120,20.67,2480.4,Late
PO001066,V006,SEA0706,2025-11-23,2025-12-29,2025-12-28,48,48,105.61,5069.28,On Time
PO001067,V019,FLR1851,2025-03-29,2025-05-03,2025-05-11,36,36,107.3,3862.8,Late
PO001068,V017,SUM2025,2025-11-20,2025-12-05,2025-12-06,96,96,30.56,2933.76,On Time
PO001069,V011,TAB0818,2026-06-20,2026-08-01,2026-08-12,24,24,328.25,7878.0,Late
PO001070,V005,TEX0432,2026-03-13,2026-04-23,2026-04-16,120,120,38.95,4674.0,On Time
PO001071,V013,BSK1616,2026-04-03,2026-04-26,2026-04-20,96,96,12.26,1176.96,On Time
PO001072,V004,FRM2180,2025-08-24,2025-09-11,2025-09-19,96,96,21.46,2060.16,Late
PO001073,V006,KIT0923,2025-05-30,2025-07-05,2025-06-25,120,120,38.24,4588.8,On Time
PO001074,V012,CHR1947,2025-03-31,2025-04-26,2025-04-26,96,96,45.24,4343.04,On Time
PO001075,V008,DEC0018,2025-10-21,2025-12-03,2025-11-28,96,96,37.73,3622.08,On Time
PO001076,V020,FRM2188,2025-02-23,2025-03-24,2025-03-20,48,48,30.6,1468.8,On Time
PO001077,V009,SHT1298,2025-06-20,2025-08-07,2025-08-02,24,24,70.75,1698.0,On Time
PO001078,V011,TEX0487,2026-01-24,2026-03-07,2026-03-19,36,36,39.12,1408.32,Late
PO001079,V001,PIL1388,2026-04-19,2026-05-20,2026-05-15,120,120,44.68,5361.6,On Time
PO001080,V002,KIT0963,2025-11-26,2025-12-31,2026-01-05,72,72,47.39,3412.08,Late
PO001081,V012,BSK1641,2025-04-02,2025-04-28,2025-04-26,36,36,25.5,918.0,On Time
PO001082,V006,UTL1129,2025-04-05,2025-05-11,2025-05-17,48,48,24.69,1185.12,Late
PO001083,V002,SHT1323,2025-08-30,2025-10-04,2025-10-08,120,120,62.3,7476.0,Late
PO001084,V002,UTL1120,2025-11-30,2026-01-04,2026-01-06,48,48,24.7,1185.6,On Time
PO001085,V020,LGT1831,2025-09-12,2025-10-11,2025-10-11,72,72,34.6,2491.2,On Time
PO001086,V014,CND2113,2025-05-14,2025-06-24,2025-06-11,48,48,25.11,1205.28,On Time
PO001087,V007,TEX0546,2025-08-19,2025-09-08,2025-09-13,24,24,46.08,1105.92,Late
PO001088,V013,MIR0416,2025-04-14,2025-05-07,2025-05-11,96,96,91.17,8752.32,Late
PO001089,V010,FUR0618,2026-04-25,2026-06-16,2026-06-21,72,72,134.77,9703.44,Late
PO001090,V002,SEA0754,2025-07-15,2025-08-19,2025-08-23,24,24,367.91,8829.84,Late
PO001091,V002,FUR0623,2025-09-10,2025-10-15,2025-10-21,36,24,108.66,3911.76,Late
PO001092,V009,MIR0404,2026-02-12,2026-04-01,2026-04-04,120,120,38.68,4641.6,Late
PO001093,V002,CND2131,2025-12-18,2026-01-22,2026-02-03,36,36,7.39,266.04,Late
PO001094,V004,SUM2057,2026-05-29,2026-06-16,2026-06-16,96,96,52.31,5021.76,On Time
PO001095,V015,TAB0793,2026-01-16,2026-02-09,2026-02-22,36,18,176.29,6346.44,Late
PO001096,V013,CHR1936,2025-04-15,2025-05-08,2025-05-09,48,48,49.53,2377.44,On Time
PO001097,V012,DEC0147,2025-12-22,2026-01-17,2026-01-19,72,72,37.77,2719.44,On Time
PO001098,V011,TAB0801,2026-03-17,2026-04-28,2026-05-20,36,36,206.28,7426.08,Late
PO001099,V001,TOW1440,2025-10-12,2025-11-12,2025-11-12,48,48,37.21,1786.08,On Time
PO001100,V018,SHL1651,2026-01-19,2026-02-03,2026-02-01,96,84,43.12,4139.52,On Time
PO001101,V010,DEC0124,2025-10-24,2025-12-15,2025-12-05,72,72,30.95,2228.4,On Time
PO001102,V008,KIT0912,2025-07-16,2025-08-28,2025-08-28,96,96,69.74,6695.04,On Time
PO001103,V003,SHT1234,2025-12-13,2026-02-13,2026-02-18,120,120,96.47,11576.4,Late
PO001104,V008,KIT0961,2026-04-17,2026-05-30,2026-06-05,36,36,50.05,1801.8,Late
PO001105,V011,DEC0081,2025-07-12,2025-08-23,2025-08-29,24,24,18.47,443.28,Late
PO001106,V011,TEX0484,2025-08-28,2025-10-09,2025-10-21,120,120,17.23,2067.6,Late
PO001107,V002,FUR0674,2025-06-05,2025-07-10,2025-07-22,120,120,124.61,14953.2,Late
PO001108,V013,FUR0570,2025-03-10,2025-04-02,2025-04-01,24,24,101.25,2430.0,On Time
PO001109,V010,BSK1624,2025-12-26,2026-02-16,2026-02-27,72,72,40.46,2913.12,Late
PO001110,V005,PEN1900,2026-03-20,2026-04-30,2026-04-25,72,72,172.28,12404.16,On Time
PO001111,V004,DUV1183,2025-03-25,2025-04-12,2025-04-13,96,96,106.98,10270.08,On Time
PO001112,V001,DUV1208,2026-05-08,2026-06-08,2026-06-13,120,120,122.24,14668.8,Late
PO001113,V020,FRM2188,2025-11-29,2025-12-28,2025-12-31,96,96,30.6,2937.6,Late
PO001114,V002,DEC0037,2025-03-10,2025-04-14,2025-04-22,48,48,36.83,1767.84,Late
PO001115,V004,MIR0423,2026-01-05,2026-01-23,2026-01-27,72,72,66.65,4798.8,Late
PO001116,V014,ORG1716,2025-09-13,2025-10-24,2025-10-31,36,36,27.9,1004.4,Late
PO001117,V001,SEA0677,2025-12-23,2026-01-23,2026-01-26,96,96,146.78,14090.88,Late
PO001118,V016,TAB0845,2025-04-16,2025-04-30,2025-05-03,36,24,229.61,8265.96,Late
PO001119,V020,DUV1214,2026-05-19,2026-06-17,2026-06-22,72,72,127.93,9210.96,Late
PO001120,V007,WAL0289,2025-02-21,2025-03-13,2025-03-27,72,66,25.21,1815.12,Late
PO001121,V016,BSK1579,2026-04-09,2026-04-23,2026-04-25,24,24,8.41,201.84,On Time
PO001122,V013,SHL1693,2026-01-09,2026-02-01,2026-02-05,24,24,47.47,1139.28,Late
PO001123,V011,TEX0441,2025-04-28,2025-06-09,2025-06-14,48,48,27.97,1342.56,Late
PO001124,V006,LGT1812,2026-05-13,2026-06-18,2026-06-17,36,36,92.81,3341.16,On Time
PO001125,V016,WAL0225,2025-04-01,2025-04-15,2025-04-30,36,30,81.22,2923.92,Late
PO001126,V001,SHL1691,2025-03-15,2025-04-15,2025-04-18,36,36,30.94,1113.84,Late
PO001127,V006,DEC0172,2025-05-20,2025-06-25,2025-06-27,24,24,46.63,1119.12,On Time
PO001128,V015,SUM2062,2026-04-17,2026-05-11,2026-05-07,120,120,40.76,4891.2,On Time
PO001129,V009,DUV1192,2026-02-27,2026-04-16,2026-04-15,24,24,76.51,1836.24,On Time
PO001130,V007,ORG1769,2025-02-13,2025-03-05,2025-03-04,24,24,44.26,1062.24,On Time
PO001131,V015,SUM2053,2025-03-02,2025-03-26,2025-04-02,96,96,28.35,2721.6,Late
PO001132,V004,FLR1837,2025-06-20,2025-07-08,2025-07-10,96,96,125.88,12084.48,On Time
PO001133,V007,BTH1506,2025-04-22,2025-05-12,2025-05-14,96,96,16.74,1607.04,On Time
PO001134,V010,MIR0424,2026-03-10,2026-05-01,2026-05-04,36,36,46.85,1686.6,Late
PO001135,V002,SRV0971,2025-02-22,2025-03-29,2025-04-07,48,48,34.5,1656.0,Late
PO001136,V005,KIT0900,2025-10-04,2025-11-14,2025-11-10,36,36,66.81,2405.16,On Time
PO001137,V009,DEC0078,2026-04-07,2026-05-25,2026-05-28,24,24,28.49,683.76,Late
PO001138,V006,CND2166,2025-03-22,2025-04-27,2025-04-25,36,36,7.56,272.16,On Time
PO001139,V020,PIL1385,2026-06-19,2026-07-18,2026-07-21,120,120,11.74,1408.8,Late
PO001140,V007,FUR0646,2026-02-28,2026-03-20,2026-03-29,48,48,80.26,3852.48,Late
PO001141,V017,UTL1136,2026-01-29,2026-02-13,2026-02-16,120,120,4.16,499.2,Late
PO001142,V019,FRM2205,2025-10-26,2025-11-30,2025-12-07,120,120,25.5,3060.0,Late
PO001143,V013,MIR0390,2026-02-13,2026-03-08,2026-03-10,24,24,92.59,2222.16,On Time
PO001144,V010,FLR1838,2025-11-12,2026-01-03,2026-01-04,36,36,210.44,7575.84,On Time
PO001145,V019,ORG1725,2026-04-08,2026-05-13,2026-05-06,72,60,22.13,1593.36,On Time
PO001146,V020,SUM2054,2026-05-17,2026-06-15,2026-06-15,24,24,42.75,1026.0,On Time
PO001147,V001,PIL1388,2025-10-15,2025-11-15,2025-11-13,36,36,44.68,1608.48,On Time
PO001148,V016,DEC0042,2025-04-28,2025-05-12,2025-05-20,120,120,31.91,3829.2,Late
PO001149,V005,FUR0629,2025-02-14,2025-03-27,2025-03-17,24,24,264.08,6337.92,On Time
PO001150,V010,MIR0424,2026-06-12,2026-08-03,2026-08-15,48,48,46.85,2248.8,Late
PO001151,V002,CHR1931,2025-03-03,2025-04-07,2025-04-09,24,24,38.44,922.56,On Time
PO001152,V019,FLR1848,2025-08-17,2025-09-21,2025-09-18,48,48,131.97,6334.56,On Time
PO001153,V009,WAL0341,2026-06-13,2026-07-31,2026-07-26,72,72,13.52,973.44,On Time
PO001154,V002,WAL0277,2026-06-02,2026-07-07,2026-07-07,48,48,88.61,4253.28,On Time
PO001155,V020,FUR0588,2026-01-07,2026-02-05,2026-02-05,120,114,107.69,12922.8,On Time
PO001156,V020,WAL0194,2026-06-07,2026-07-06,2026-07-13,96,96,31.94,3066.24,Late
PO001157,V003,PIL1377,2025-10-30,2025-12-31,2026-01-05,24,24,10.34,248.16,Late
PO001158,V007,TEX0498,2026-04-24,2026-05-14,2026-05-29,24,24,15.62,374.88,Late
PO001159,V003,FLR1866,2026-03-25,2026-05-26,2026-05-30,72,72,187.05,13467.6,Late
PO001160,V012,BTH1544,2025-09-25,2025-10-21,2025-10-24,120,120,17.74,2128.8,Late
PO001161,V020,SEA0734,2025-12-09,2026-01-07,2026-01-16,36,36,124.96,4498.56,Late
PO001162,V006,MIR0392,2025-02-12,2025-03-20,2025-03-20,96,96,25.85,2481.6,On Time
PO001163,V002,BTH1551,2026-04-14,2026-05-19,2026-05-19,36,24,41.87,1507.32,On Time
PO001164,V002,LGT1783,2025-04-03,2025-05-08,2025-05-20,36,36,36.72,1321.92,Late
PO001165,V014,TEX0533,2025-02-13,2025-03-26,2025-03-22,36,36,18.03,649.08,On Time
PO001166,V008,CHR1969,2025-03-28,2025-05-10,2025-05-06,96,96,9.02,865.92,On Time
PO001167,V004,DUV1206,2025-12-24,2026-01-11,2026-01-03,120,120,72.61,8713.2,On Time
PO001168,V001,TEX0477,2025-02-23,2025-03-26,2025-03-26,120,120,9.46,1135.2,On Time
PO001169,V018,WIN2085,2025-07-01,2025-07-16,2025-07-23,72,72,56.01,4032.72,Late
PO001170,V010,FRM2207,2025-06-03,2025-07-25,2025-08-03,120,120,35.78,4293.6,Late
PO001171,V012,ORG1727,2026-06-08,2026-07-04,2026-07-12,24,12,43.35,1040.4,Late
PO001172,V014,CND2119,2025-10-19,2025-11-29,2025-11-23,120,120,22.53,2703.6,On Time
PO001173,V004,DUV1206,2026-01-18,2026-02-05,2026-02-03,48,30,72.61,3485.28,On Time
PO001174,V006,TEX0515,2025-12-19,2026-01-24,2026-01-27,48,48,39.7,1905.6,Late
PO001175,V005,WAL0280,2025-02-26,2025-04-08,2025-04-17,48,48,24.9,1195.2,Late
PO001176,V001,DUV1228,2025-12-17,2026-01-17,2026-01-22,36,36,52.45,1888.2,Late
PO001177,V003,TAB0840,2025-12-24,2026-02-24,2026-02-25,48,48,186.88,8970.24,On Time
PO001178,V003,KIT0914,2025-02-07,2025-04-10,2025-04-12,96,96,89.83,8623.68,On Time
PO001179,V018,WAL0339,2025-11-10,2025-11-25,2025-11-26,48,48,46.09,2212.32,On Time
PO001180,V005,SHT1272,2026-01-03,2026-02-13,2026-02-22,48,30,100.3,4814.4,Late
PO001181,V004,CND2146,2026-01-18,2026-02-05,2026-02-08,36,36,35.43,1275.48,Late
PO001182,V019,BTH1548,2026-05-23,2026-06-27,2026-07-02,72,72,5.2,374.4,Late
PO001183,V004,TAB0843,2026-06-04,2026-06-22,2026-06-19,24,24,335.29,8046.96,On Time
PO001184,V005,MIR0409,2025-02-09,2025-03-22,2025-04-03,96,96,23.95,2299.2,Late
PO001185,V005,TAB0789,2025-07-22,2025-09-01,2025-08-29,48,48,55.59,2668.32,On Time
PO001186,V003,WAL0223,2025-06-05,2025-08-06,2025-07-27,36,36,81.74,2942.64,On Time
PO001187,V018,CND2162,2025-06-21,2025-07-06,2025-07-01,24,24,14.43,346.32,On Time
PO001188,V012,PIL1361,2025-06-29,2025-07-25,2025-07-29,96,96,38.88,3732.48,Late
PO001189,V020,UTL1137,2025-07-22,2025-08-20,2025-08-26,72,72,7.0,504.0,Late
PO001190,V005,UTL1089,2025-12-30,2026-02-09,2026-02-06,48,48,26.73,1283.04,On Time
PO001191,V018,KIT0968,2025-08-16,2025-08-31,2025-09-10,36,36,16.24,584.64,Late
PO001192,V009,TOW1452,2025-07-29,2025-09-15,2025-09-16,36,36,14.11,507.96,On Time
PO001193,V008,SHL1672,2025-10-20,2025-12-02,2025-12-02,96,96,67.23,6454.08,On Time
PO001194,V011,TAB0818,2025-12-01,2026-01-12,2026-01-23,72,60,328.25,23634.0,Late
PO001195,V002,SHT1280,2025-07-12,2025-08-16,2025-08-21,96,78,42.97,4125.12,Late
PO001196,V009,DUV1192,2025-03-11,2025-04-28,2025-04-27,96,96,76.51,7344.96,On Time
PO001197,V014,TEX0536,2026-05-04,2026-06-14,2026-06-19,72,72,12.82,923.04,Late
PO001198,V009,SEA0732,2026-04-03,2026-05-21,2026-05-23,120,120,266.59,31990.8,On Time
PO001199,V011,SRV1070,2025-03-17,2025-04-28,2025-05-05,120,120,25.3,3036.0,Late
PO001200,V003,PIL1377,2026-04-10,2026-06-11,2026-06-11,96,96,10.34,992.64,On Time
PO001201,V011,CND2150,2026-04-18,2026-05-30,2026-06-08,36,36,38.29,1378.44,Late
PO001202,V015,SEA0753,2025-08-17,2025-09-10,2025-09-12,96,96,310.3,29788.8,On Time
PO001203,V017,TAB0768,2025-06-27,2025-07-12,2025-07-16,24,24,251.88,6045.12,Late
PO001204,V014,CHR1970,2025-08-02,2025-09-12,2025-09-19,120,120,36.17,4340.4,Late
PO001205,V016,PIL1356,2026-02-16,2026-03-02,2026-03-09,72,72,41.58,2993.76,Late
PO001206,V009,TOW1438,2025-09-05,2025-10-23,2025-10-24,72,72,29.3,2109.6,On Time
PO001207,V005,KIT0960,2026-03-12,2026-04-22,2026-04-27,120,120,73.28,8793.6,Late
PO001208,V004,ORG1717,2026-03-18,2026-04-05,2026-04-03,120,102,36.35,4362.0,On Time
PO001209,V010,BTH1521,2026-05-03,2026-06-24,2026-06-27,48,48,21.31,1022.88,Late
PO001210,V003,SHT1274,2026-04-08,2026-06-09,2026-06-15,36,36,30.78,1108.08,Late
PO001211,V009,WAL0341,2025-07-13,2025-08-30,2025-09-01,36,36,13.52,486.72,On Time
PO001212,V008,DEC0169,2025-02-10,2025-03-25,2025-04-03,48,48,45.33,2175.84,Late
PO001213,V013,DEC0173,2026-05-30,2026-06-22,2026-06-28,24,12,33.15,795.6,Late
PO001214,V013,BSK1573,2025-08-01,2025-08-24,2025-08-22,72,72,31.39,2260.08,On Time
PO001215,V018,UTL1139,2025-06-11,2025-06-26,2025-06-26,96,96,9.97,957.12,On Time
PO001216,V003,HAL2003,2026-02-17,2026-04-20,2026-04-24,36,36,29.55,1063.8,Late
PO001217,V005,BTH1552,2025-06-04,2025-07-15,2025-07-17,24,24,5.96,143.04,On Time
PO001218,V013,HAL2007,2025-06-27,2025-07-20,2025-07-22,96,96,35.85,3441.6,On Time
PO001219,V003,SEA0697,2025-05-10,2025-07-11,2025-07-18,36,36,266.45,9592.2,Late
PO001220,V006,SRV0975,2026-05-26,2026-07-01,2026-07-05,96,96,36.02,3457.92,Late
PO001221,V003,DEC0160,2025-09-11,2025-11-12,2025-11-18,36,18,42.82,1541.52,Late
PO001222,V011,TEX0484,2025-04-02,2025-05-14,2025-06-01,72,66,17.23,1240.56,Late
PO001223,V018,WIN2088,2026-04-27,2026-05-12,2026-05-10,36,36,52.45,1888.2,On Time
PO001224,V008,FRM2181,2025-11-04,2025-12-17,2025-12-17,96,96,26.64,2557.44,On Time
PO001225,V011,DEC0098,2026-01-13,2026-02-24,2026-02-25,72,72,13.17,948.24,On Time
PO001226,V001,UTL1140,2026-03-07,2026-04-07,2026-04-15,24,24,6.07,145.68,Late
PO001227,V001,TAB0820,2025-06-29,2025-07-30,2025-07-27,120,120,182.35,21882.0,On Time
PO001228,V005,SHT1272,2025-09-05,2025-10-16,2025-10-18,48,36,100.3,4814.4,On Time
PO001229,V010,SHT1261,2026-01-02,2026-02-23,2026-02-27,48,48,34.01,1632.48,Late
PO001230,V008,TOW1498,2026-04-10,2026-05-23,2026-05-21,120,120,26.61,3193.2,On Time
PO001231,V018,SRV1028,2026-06-15,2026-06-30,2026-06-30,96,96,31.58,3031.68,On Time
PO001232,V009,UTL1098,2025-09-29,2025-11-16,2025-11-15,24,12,11.98,287.52,On Time
PO001233,V006,SUM2023,2025-11-25,2025-12-31,2026-01-06,36,36,14.27,513.72,Late
PO001234,V010,BSK1624,2025-03-29,2025-05-20,2025-05-24,120,120,40.46,4855.2,Late
PO001235,V003,FRM2214,2025-08-04,2025-10-05,2025-09-30,96,96,27.02,2593.92,On Time
PO001236,V013,UTL1096,2025-08-24,2025-09-16,2025-09-09,24,24,26.08,625.92,On Time
PO001237,V014,DEC0090,2025-07-12,2025-08-22,2025-08-19,120,120,54.69,6562.8,On Time
PO001238,V001,CND2157,2025-02-20,2025-03-23,2025-03-20,120,120,35.62,4274.4,On Time
PO001239,V012,DUV1167,2025-04-23,2025-05-19,2025-05-19,48,48,103.49,4967.52,On Time
PO001240,V016,PIL1339,2025-05-22,2025-06-05,2025-06-08,24,24,34.2,820.8,Late
PO001241,V011,CHR1967,2025-08-29,2025-10-10,2025-10-16,24,12,21.02,504.48,Late
PO001242,V009,FUR0635,2026-03-06,2026-04-23,2026-04-20,24,24,242.18,5812.32,On Time
PO001243,V016,WAL0259,2025-11-30,2025-12-14,2025-12-22,96,96,51.59,4952.64,Late
PO001244,V009,TOW1421,2025-09-07,2025-10-25,2025-11-04,24,24,28.41,681.84,Late
PO001245,V017,TOW1428,2026-04-03,2026-04-18,2026-04-18,120,120,6.02,722.4,On Time
PO001246,V004,BSK1600,2025-10-18,2025-11-05,2025-11-01,36,36,27.6,993.6,On Time
PO001247,V003,BTH1560,2025-11-29,2026-01-30,2026-02-06,48,48,25.0,1200.0,Late
PO001248,V017,BTH1539,2025-11-11,2025-11-26,2025-11-26,72,72,15.27,1099.44,On Time
PO001249,V001,DEC0151,2026-01-22,2026-02-22,2026-02-16,96,96,14.18,1361.28,On Time
PO001250,V015,DEC0142,2026-03-19,2026-04-12,2026-04-09,48,30,38.39,1842.72,On Time
PO001251,V005,TAB0783,2026-01-01,2026-02-11,2026-02-01,36,36,114.75,4131.0,On Time
PO001252,V009,CHR1955,2025-08-15,2025-10-02,2025-10-01,120,120,70.98,8517.6,On Time
PO001253,V018,SEA0679,2025-07-30,2025-08-14,2025-08-11,96,96,108.37,10403.52,On Time
PO001254,V015,SUM2053,2026-01-26,2026-02-19,2026-02-24,120,120,28.35,3402.0,Late
PO001255,V001,KIT0954,2025-11-22,2025-12-23,2025-12-28,120,120,14.88,1785.6,Late
PO001256,V004,WAL0246,2025-02-15,2025-03-05,2025-02-28,72,72,76.0,5472.0,On Time
PO001257,V004,TAB0843,2025-09-16,2025-10-04,2025-10-07,120,120,335.29,40234.8,Late
PO001258,V004,WAL0346,2025-12-05,2025-12-23,2025-12-19,36,36,37.77,1359.72,On Time
PO001259,V014,MIR0379,2025-05-30,2025-07-10,2025-07-10,48,48,87.55,4202.4,On Time
PO001260,V008,DEC0058,2025-08-22,2025-10-04,2025-10-04,96,96,28.86,2770.56,On Time
PO001261,V010,KIT0878,2025-12-28,2026-02-18,2026-02-13,120,120,58.3,6996.0,On Time
PO001262,V005,CHR1963,2026-02-05,2026-03-18,2026-03-22,96,96,52.02,4993.92,Late
PO001263,V016,KIT0865,2025-03-08,2025-03-22,2025-03-30,48,48,106.86,5129.28,Late
PO001264,V013,SHT1250,2026-03-21,2026-04-13,2026-04-13,24,24,105.75,2538.0,On Time
PO001265,V007,HAL2018,2025-08-28,2025-09-17,2025-09-26,36,24,30.77,1107.72,Late
PO001266,V010,SEA0741,2025-04-10,2025-06-01,2025-06-01,36,36,227.52,8190.72,On Time
PO001267,V004,CND2117,2025-05-09,2025-05-27,2025-05-21,96,96,13.29,1275.84,On Time
PO001268,V015,KIT0910,2026-04-30,2026-05-24,2026-05-23,72,72,37.98,2734.56,On Time
PO001269,V003,TEX0523,2026-05-27,2026-07-28,2026-07-31,96,96,45.27,4345.92,Late
PO001270,V001,TEX0468,2025-11-06,2025-12-07,2025-12-11,72,54,15.12,1088.64,Late
PO001271,V003,SHT1314,2025-03-02,2025-05-03,2025-05-05,96,96,27.73,2662.08,On Time
PO001272,V008,DEC0041,2025-12-11,2026-01-23,2026-01-24,72,72,38.56,2776.32,On Time
PO001273,V005,MIR0383,2025-03-21,2025-05-01,2025-05-04,96,96,33.02,3169.92,Late
PO001274,V006,MIR0392,2026-01-23,2026-02-28,2026-03-14,48,48,25.85,1240.8,Late
PO001275,V019,SRV0994,2026-05-10,2026-06-14,2026-06-22,72,72,39.46,2841.12,Late
PO001276,V012,WAL0224,2025-05-29,2025-06-24,2025-06-25,96,96,44.34,4256.64,On Time
PO001277,V007,TOW1469,2026-02-11,2026-03-03,2026-03-03,72,72,14.3,1029.6,On Time
PO001278,V002,LGT1800,2026-04-12,2026-05-17,2026-05-28,120,102,40.53,4863.6,Late
PO001279,V009,FUR0615,2026-06-29,2026-08-16,2026-08-16,120,114,204.26,24511.2,On Time
PO001280,V003,TOW1454,2025-09-15,2025-11-16,2025-11-21,96,96,20.93,2009.28,Late
PO001281,V018,PIL1371,2026-04-06,2026-04-21,2026-04-16,120,120,35.87,4304.4,On Time
PO001282,V016,CHR1925,2025-07-08,2025-07-22,2025-07-27,48,48,35.67,1712.16,Late
PO001283,V010,HAL1998,2025-10-27,2025-12-18,2025-12-12,36,36,23.41,842.76,On Time
PO001284,V011,GFT2238,2025-12-19,2026-01-30,2026-02-08,24,24,26.18,628.32,Late
PO001285,V004,TAB0837,2025-10-12,2025-10-30,2025-11-08,96,90,179.6,17241.6,Late
PO001286,V011,CHR1984,2026-07-07,2026-08-18,2026-08-22,96,96,65.19,6258.24,Late
PO001287,V011,SUM2030,2025-09-02,2025-10-14,2025-10-19,48,36,19.7,945.6,Late
PO001288,V003,TAB0800,2025-02-05,2025-04-08,2025-04-07,48,48,194.79,9349.92,On Time
PO001289,V006,PIL1363,2025-05-30,2025-07-05,2025-07-05,48,48,24.08,1155.84,On Time
PO001290,V016,PIL1405,2026-05-12,2026-05-26,2026-06-11,96,84,21.27,2041.92,Late
PO001291,V016,PIL1405,2026-04-03,2026-04-17,2026-05-06,96,96,21.27,2041.92,Late
PO001292,V002,SUM2031,2025-07-18,2025-08-22,2025-08-28,120,120,29.28,3513.6,Late
PO001293,V005,SRV0986,2025-08-08,2025-09-18,2025-09-22,36,36,16.62,598.32,Late
PO001294,V002,DUV1217,2025-08-22,2025-09-26,2025-09-30,36,36,43.7,1573.2,Late
PO001295,V015,DEC0019,2025-03-05,2025-03-29,2025-03-30,36,36,30.39,1094.04,On Time
PO001296,V003,TOW1454,2026-05-23,2026-07-24,2026-07-20,96,96,20.93,2009.28,On Time
PO001297,V006,SHT1312,2026-03-15,2026-04-20,2026-04-16,24,24,71.02,1704.48,On Time
PO001298,V002,FUR0563,2026-05-10,2026-06-14,2026-06-20,96,96,99.74,9575.04,Late
PO001299,V016,CHR1962,2026-05-20,2026-06-03,2026-06-12,72,66,14.0,1008.0,Late
PO001300,V018,SEA0728,2026-05-21,2026-06-05,2026-06-04,24,24,304.71,7313.04,On Time
PO001301,V018,UTL1145,2025-10-23,2025-11-07,2025-11-12,36,36,10.53,379.08,Late
PO001302,V013,FRM2204,2025-06-03,2025-06-26,2025-06-25,96,96,16.59,1592.64,On Time
PO001303,V018,PEN1919,2026-05-08,2026-05-23,2026-05-26,36,36,124.9,4496.4,Late
PO001304,V010,FRM2207,2025-10-06,2025-11-27,2025-11-27,24,24,35.78,858.72,On Time
PO001305,V010,CHR1927,2025-11-13,2026-01-04,2026-01-06,120,120,36.16,4339.2,On Time
PO001306,V014,ORG1719,2025-05-02,2025-06-12,2025-06-16,36,36,12.41,446.76,Late
PO001307,V009,BSK1572,2025-11-02,2025-12-20,2025-12-14,48,48,27.41,1315.68,On Time
PO001308,V006,SRV1043,2026-04-13,2026-05-19,2026-05-27,72,72,33.44,2407.68,Late
PO001309,V009,DEC0078,2026-02-20,2026-04-09,2026-04-16,96,96,28.49,2735.04,Late
PO001310,V013,SRV1067,2025-11-01,2025-11-24,2025-11-20,24,24,33.54,804.96,On Time
PO001311,V011,TEX0484,2025-10-01,2025-11-12,2025-11-20,24,24,17.23,413.52,Late
PO001312,V010,FRM2201,2025-09-15,2025-11-06,2025-10-29,72,72,37.64,2710.08,On Time
PO001313,V009,BSK1572,2025-07-21,2025-09-07,2025-09-18,72,72,27.41,1973.52,Late
PO001314,V010,CHR1978,2026-04-22,2026-06-13,2026-06-15,72,72,31.34,2256.48,On Time
PO001315,V003,WAL0263,2026-06-22,2026-08-23,2026-08-19,36,36,33.1,1191.6,On Time
PO001316,V018,KIT0968,2025-10-27,2025-11-11,2025-11-13,48,48,16.24,779.52,On Time
PO001317,V004,SEA0689,2026-07-07,2026-07-25,2026-07-25,36,36,237.9,8564.4,On Time
PO001318,V018,SHT1259,2025-05-27,2025-06-11,2025-06-02,24,24,23.49,563.76,On Time
PO001319,V014,TAB0799,2026-01-07,2026-02-17,2026-02-15,48,48,102.98,4943.04,On Time
PO001320,V009,DEC0061,2025-09-22,2025-11-09,2025-11-20,36,36,44.11,1587.96,Late
PO001321,V010,WAL0281,2025-04-02,2025-05-24,2025-05-26,96,96,53.11,5098.56,On Time
PO001322,V010,PIL1381,2025-11-29,2026-01-20,2026-01-25,36,36,29.63,1066.68,Late
PO001323,V017,CHR1948,2025-10-17,2025-11-01,2025-11-06,72,72,87.89,6328.08,Late
PO001324,V004,TEX0543,2025-07-14,2025-08-01,2025-08-08,24,12,14.74,353.76,Late
PO001325,V005,MIR0400,2026-01-10,2026-02-20,2026-02-20,120,114,127.69,15322.8,On Time
PO001326,V017,WAL0285,2025-11-30,2025-12-15,2025-12-15,120,120,81.79,9814.8,On Time
PO001327,V014,PIL1333,2025-07-25,2025-09-04,2025-09-10,24,24,47.4,1137.6,Late
PO001328,V004,FUR0609,2026-02-14,2026-03-04,2026-03-06,72,72,160.22,11535.84,On Time
PO001329,V002,DEC0114,2025-12-07,2026-01-11,2026-01-19,48,30,15.53,745.44,Late
PO001330,V002,SRV1020,2026-04-30,2026-06-04,2026-06-12,120,120,50.23,6027.6,Late
PO001331,V006,TAB0809,2026-07-04,2026-08-09,2026-08-06,72,72,82.37,5930.64,On Time
PO001332,V008,DEC0115,2025-09-28,2025-11-10,2025-11-08,48,48,26.45,1269.6,On Time
PO001333,V018,UTL1145,2025-11-23,2025-12-08,2025-12-07,24,24,10.53,252.72,On Time
PO001334,V004,TEX0469,2026-05-11,2026-05-29,2026-06-08,48,48,10.43,500.64,Late
PO001335,V019,FUR0554,2025-08-23,2025-09-27,2025-10-07,24,6,123.8,2971.2,Late
PO001336,V010,WAL0307,2025-12-15,2026-02-05,2026-02-11,96,96,34.4,3302.4,Late
PO001337,V015,DUV1170,2025-09-30,2025-10-24,2025-10-23,36,36,110.34,3972.24,On Time
PO001338,V018,BSK1588,2025-02-16,2025-03-03,2025-03-11,48,48,11.58,555.84,Late
PO001339,V005,KIT0940,2025-10-08,2025-11-18,2025-11-24,120,120,37.88,4545.6,Late
PO001340,V019,TOW1451,2025-04-10,2025-05-15,2025-05-14,96,96,22.04,2115.84,On Time
PO001341,V016,DEC0076,2026-02-19,2026-03-05,2026-03-12,48,48,47.81,2294.88,Late
PO001342,V020,DEC0085,2025-10-18,2025-11-16,2025-11-25,24,24,27.79,666.96,Late
PO001343,V005,CHR1923,2025-04-08,2025-05-19,2025-05-19,96,96,28.8,2764.8,On Time
PO001344,V001,LGT1771,2025-06-02,2025-07-03,2025-07-09,120,120,26.22,3146.4,Late
PO001345,V020,DEC0128,2025-06-09,2025-07-08,2025-07-06,120,120,40.1,4812.0,On Time
PO001346,V020,WAL0328,2026-01-29,2026-02-27,2026-03-07,48,48,68.13,3270.24,Late
PO001347,V013,MIR0427,2026-05-02,2026-05-25,2026-05-24,120,120,76.22,9146.4,On Time
PO001348,V007,WIN2066,2025-11-05,2025-11-25,2025-12-04,96,96,12.96,1244.16,Late
PO001349,V015,ORG1702,2025-03-06,2025-03-30,2025-04-01,120,120,17.21,2065.2,On Time
PO001350,V009,CND2118,2026-05-11,2026-06-28,2026-06-27,120,120,41.06,4927.2,On Time
PO001351,V011,UTL1150,2025-03-21,2025-05-02,2025-05-13,48,48,27.03,1297.44,Late
PO001352,V010,HAL1987,2026-03-22,2026-05-13,2026-05-13,36,36,18.13,652.68,On Time
PO001353,V007,TEX0512,2025-11-05,2025-11-25,2025-12-02,72,60,12.7,914.4,Late
PO001354,V018,BSK1588,2026-05-10,2026-05-25,2026-05-25,48,42,11.58,555.84,On Time
PO001355,V016,SRV1042,2025-04-18,2025-05-02,2025-05-12,120,108,36.69,4402.8,Late
PO001356,V005,CND2123,2025-08-28,2025-10-08,2025-10-09,96,96,23.05,2212.8,On Time
PO001357,V005,WAL0192,2025-03-24,2025-05-04,2025-05-03,24,24,37.0,888.0,On Time
PO001358,V016,LGT1802,2026-05-27,2026-06-10,2026-06-17,48,48,22.09,1060.32,Late
PO001359,V001,LGT1774,2025-11-27,2025-12-28,2025-12-22,120,120,96.12,11534.4,On Time
PO001360,V006,WAL0229,2026-01-16,2026-02-21,2026-02-18,36,36,27.89,1004.04,On Time
PO001361,V017,KIT0956,2025-06-05,2025-06-20,2025-06-22,24,18,37.23,893.52,On Time
PO001362,V007,TEX0498,2025-10-19,2025-11-08,2025-11-14,96,96,15.62,1499.52,Late
PO001363,V016,TAB0839,2025-03-07,2025-03-21,2025-04-01,48,48,184.04,8833.92,Late
PO001364,V017,TOW1439,2025-06-16,2025-07-01,2025-06-24,96,90,14.21,1364.16,On Time
PO001365,V009,FUR0635,2026-05-24,2026-07-11,2026-07-21,120,120,242.18,29061.6,Late
PO001366,V014,DEC0033,2025-07-16,2025-08-26,2025-08-22,36,36,20.12,724.32,On Time
PO001367,V014,SEA0710,2025-03-27,2025-05-07,2025-05-04,24,24,120.8,2899.2,On Time
PO001368,V011,TOW1461,2025-03-18,2025-04-29,2025-05-03,72,72,6.43,462.96,Late
PO001369,V015,FUR0650,2026-01-18,2026-02-11,2026-02-06,36,36,86.14,3101.04,On Time
PO001370,V017,TEX0485,2026-06-29,2026-07-14,2026-07-07,120,120,42.72,5126.4,On Time
PO001371,V010,BTH1567,2025-09-06,2025-10-28,2025-10-29,24,24,20.88,501.12,On Time
PO001372,V005,TEX0466,2026-02-28,2026-04-10,2026-04-08,72,72,38.37,2762.64,On Time
PO001373,V008,FUR0655,2026-05-02,2026-06-14,2026-06-09,120,120,104.15,12498.0,On Time
PO001374,V012,WAL0201,2026-05-29,2026-06-24,2026-06-27,96,96,28.64,2749.44,Late
PO001375,V015,TEX0453,2025-03-27,2025-04-20,2025-04-12,96,96,45.08,4327.68,On Time
PO001376,V018,FLR1845,2025-04-15,2025-04-30,2025-04-25,48,48,176.25,8460.0,On Time
PO001377,V014,SHT1307,2026-01-27,2026-03-09,2026-03-10,48,30,49.87,2393.76,On Time
PO001378,V006,TEX0515,2025-09-08,2025-10-14,2025-10-14,120,120,39.7,4764.0,On Time
PO001379,V003,BSK1634,2025-02-22,2025-04-25,2025-04-26,36,36,21.67,780.12,On Time
PO001380,V020,FRM2188,2025-08-17,2025-09-15,2025-09-17,24,24,30.6,734.4,On Time
PO001381,V011,TEX0467,2025-09-17,2025-10-29,2025-10-28,48,48,23.27,1116.96,On Time
PO001382,V018,TAB0808,2025-07-29,2025-08-13,2025-08-15,96,78,174.46,16748.16,On Time
PO001383,V017,DEC0139,2026-06-02,2026-06-17,2026-06-18,96,96,43.27,4153.92,On Time
PO001384,V005,KIT0860,2025-09-29,2025-11-09,2025-11-11,24,24,17.76,426.24,On Time
PO001385,V011,TEX0441,2026-05-16,2026-06-27,2026-07-04,48,48,27.97,1342.56,Late
PO001386,V019,CND2108,2026-03-05,2026-04-09,2026-04-07,96,96,17.22,1653.12,On Time
PO001387,V016,DUV1193,2025-09-08,2025-09-22,2025-09-19,96,96,46.71,4484.16,On Time
PO001388,V004,LGT1786,2025-03-19,2025-04-06,2025-04-07,48,48,49.21,2362.08,On Time
PO001389,V009,BSK1572,2025-05-19,2025-07-06,2025-07-15,24,24,27.41,657.84,Late
PO001390,V009,FUR0595,2026-04-11,2026-05-29,2026-05-24,48,48,113.99,5471.52,On Time
PO001391,V011,KIT0938,2025-05-03,2025-06-14,2025-06-18,36,36,13.25,477.0,Late
PO001392,V020,FLR1854,2025-08-27,2025-09-25,2025-09-25,24,24,136.7,3280.8,On Time
PO001393,V014,HAL2013,2025-02-18,2025-03-31,2025-04-02,24,24,19.53,468.72,On Time
PO001394,V010,CHR1941,2025-04-18,2025-06-09,2025-06-09,36,36,23.15,833.4,On Time
PO001395,V019,SHT1294,2026-02-23,2026-03-30,2026-04-01,96,96,35.0,3360.0,On Time
PO001396,V005,MIR0380,2025-06-18,2025-07-29,2025-07-26,24,24,123.64,2967.36,On Time
PO001397,V016,DEC0162,2025-03-06,2025-03-20,2025-03-28,120,120,47.72,5726.4,Late
PO001398,V013,TEX0464,2026-01-07,2026-01-30,2026-01-30,96,96,19.11,1834.56,On Time
PO001399,V010,WAL0281,2025-11-23,2026-01-14,2026-01-18,72,72,53.11,3823.92,Late
PO001400,V004,DEC0020,2025-04-04,2025-04-22,2025-04-23,96,96,49.6,4761.6,On Time
PO001401,V017,SRV1068,2025-10-03,2025-10-18,2025-10-15,72,72,32.38,2331.36,On Time
PO001402,V001,SHL1694,2025-03-12,2025-04-12,2025-04-12,96,96,57.84,5552.64,On Time
PO001403,V007,DEC0015,2025-05-20,2025-06-09,2025-06-28,48,48,12.15,583.2,Late
PO001404,V009,SEA0732,2025-12-08,2026-01-25,2026-01-26,96,96,266.59,25592.64,On Time
PO001405,V009,SEA0755,2026-06-04,2026-07-22,2026-07-26,48,48,153.29,7357.92,Late
PO001406,V013,WAL0316,2026-04-03,2026-04-26,2026-04-26,24,24,65.78,1578.72,On Time
PO001407,V011,FUR0627,2025-06-14,2025-07-26,2025-08-06,24,24,176.44,4234.56,Late
PO001408,V017,CND2139,2026-06-14,2026-06-29,2026-07-02,24,24,12.54,300.96,Late
PO001409,V020,TOW1491,2026-06-16,2026-07-15,2026-07-10,24,24,8.28,198.72,On Time
PO001410,V001,DUV1228,2025-04-01,2025-05-02,2025-05-04,24,24,52.45,1258.8,On Time
PO001411,V011,KIT0870,2025-12-18,2026-01-29,2026-01-31,72,72,36.98,2662.56,On Time
PO001412,V014,WIN2070,2025-02-28,2025-04-10,2025-04-09,36,24,23.16,833.76,On Time
PO001413,V019,WAL0305,2026-05-12,2026-06-16,2026-06-20,48,48,17.55,842.4,Late
PO001414,V019,DEC0102,2026-01-16,2026-02-20,2026-02-16,24,24,44.75,1074.0,On Time
PO001415,V001,FUR0654,2025-08-01,2025-09-01,2025-09-01,120,120,96.85,11622.0,On Time
PO001416,V018,TOW1465,2025-03-16,2025-03-31,2025-03-26,48,48,13.54,649.92,On Time
PO001417,V020,BTH1525,2025-05-22,2025-06-20,2025-06-19,48,42,9.94,477.12,On Time
PO001418,V013,UTL1116,2025-11-04,2025-11-27,2025-11-17,36,36,27.04,973.44,On Time
PO001419,V014,WAL0347,2025-09-09,2025-10-20,2025-10-15,24,24,50.34,1208.16,On Time
PO001420,V017,DUV1168,2025-02-20,2025-03-07,2025-03-06,72,72,93.84,6756.48,On Time
PO001421,V017,KIT0922,2025-02-26,2025-03-13,2025-03-15,96,96,35.75,3432.0,On Time
PO001422,V002,SRV1031,2025-05-16,2025-06-20,2025-07-04,72,72,33.2,2390.4,Late
PO001423,V012,FLR1873,2025-04-11,2025-05-07,2025-05-10,24,18,104.38,2505.12,Late
PO001424,V011,SRV1070,2026-06-16,2026-07-28,2026-08-11,120,120,25.3,3036.0,Late
PO001425,V002,DEC0054,2025-11-03,2025-12-08,2025-12-13,120,120,35.94,4312.8,Late
PO001426,V009,MIR0375,2025-03-07,2025-04-24,2025-04-22,48,48,67.55,3242.4,On Time
PO001427,V020,FUR0557,2025-09-09,2025-10-08,2025-10-08,96,96,147.41,14151.36,On Time
PO001428,V015,WIN2096,2025-02-22,2025-03-18,2025-03-28,48,48,41.88,2010.24,Late
PO001429,V014,WAL0319,2025-07-17,2025-08-27,2025-09-01,120,120,17.81,2137.2,Late
PO001430,V006,SUM2026,2026-03-26,2026-05-01,2026-05-06,48,48,55.53,2665.44,Late
PO001431,V018,WAL0228,2025-10-06,2025-10-21,2025-10-15,36,36,69.89,2516.04,On Time
PO001432,V014,CND2113,2026-06-30,2026-08-10,2026-08-15,120,120,25.11,3013.2,Late
PO001433,V002,MIR0351,2026-03-04,2026-04-08,2026-04-16,120,120,53.65,6438.0,Late
PO001434,V017,WIN2099,2025-07-17,2025-08-01,2025-07-31,96,96,16.34,1568.64,On Time
PO001435,V015,WAL0196,2025-08-25,2025-09-18,2025-09-18,24,24,50.27,1206.48,On Time
PO001436,V018,WAL0279,2025-07-28,2025-08-12,2025-08-21,48,36,74.76,3588.48,Late
PO001437,V002,TEX0497,2026-04-16,2026-05-21,2026-05-26,96,96,39.0,3744.0,Late
PO001438,V007,ORG1715,2026-05-19,2026-06-08,2026-06-13,96,84,32.53,3122.88,Late
PO001439,V012,BSK1633,2025-06-07,2025-07-03,2025-06-23,48,48,37.18,1784.64,On Time
PO001440,V018,DEC0071,2025-12-29,2026-01-13,2026-01-13,72,72,29.86,2149.92,On Time
PO001441,V017,TEX0459,2025-06-10,2025-06-25,2025-06-25,24,24,16.12,386.88,On Time
PO001442,V017,DUV1196,2025-08-19,2025-09-03,2025-09-06,96,84,105.66,10143.36,Late
PO001443,V009,PIL1395,2026-07-07,2026-08-24,2026-08-25,120,120,40.95,4914.0,On Time
PO001444,V017,TOW1428,2026-06-04,2026-06-19,2026-06-23,72,72,6.02,433.44,Late
PO001445,V009,ORG1735,2026-02-04,2026-03-24,2026-03-23,96,96,36.35,3489.6,On Time
PO001446,V003,FRM2194,2026-04-28,2026-06-29,2026-07-12,96,96,32.31,3101.76,Late
PO001447,V003,WAL0326,2025-12-27,2026-02-27,2026-02-25,24,18,66.91,1605.84,On Time
PO001448,V014,WAL0253,2025-07-17,2025-08-27,2025-08-26,48,48,67.94,3261.12,On Time
PO001449,V010,FRM2175,2025-03-12,2025-05-03,2025-05-04,72,72,37.18,2676.96,On Time
PO001450,V006,BTH1509,2025-08-18,2025-09-23,2025-09-29,120,120,28.61,3433.2,Late
PO001451,V004,DEC0020,2026-05-23,2026-06-10,2026-06-07,36,36,49.6,1785.6,On Time
PO001452,V003,FUR0583,2025-08-28,2025-10-29,2025-10-29,48,48,228.6,10972.8,On Time
PO001453,V007,FRM2186,2025-05-25,2025-06-14,2025-06-17,120,120,22.92,2750.4,Late
PO001454,V011,SRV1050,2025-04-24,2025-06-05,2025-06-09,24,24,37.34,896.16,Late
PO001455,V012,CHR1947,2026-01-24,2026-02-19,2026-02-27,24,24,45.24,1085.76,Late
PO001456,V016,TEX0542,2025-08-01,2025-08-15,2025-08-16,120,120,9.53,1143.6,On Time
PO001457,V017,CHR1945,2025-12-27,2026-01-11,2026-01-10,120,120,49.47,5936.4,On Time
PO001458,V011,SUM2030,2025-10-28,2025-12-09,2025-12-13,72,54,19.7,1418.4,Late
PO001459,V017,WAL0299,2026-01-27,2026-02-11,2026-02-11,96,96,43.13,4140.48,On Time
PO001460,V009,GFT2244,2025-06-14,2025-08-01,2025-08-03,24,24,9.94,238.56,On Time
PO001461,V015,UTL1113,2025-07-25,2025-08-18,2025-08-20,72,72,9.98,718.56,On Time
PO001462,V020,TEX0445,2025-09-18,2025-10-17,2025-10-10,36,36,27.87,1003.32,On Time
PO001463,V016,SRV1065,2025-09-08,2025-09-22,2025-09-30,72,72,26.57,1913.04,Late
PO001464,V003,PIL1343,2026-05-06,2026-07-07,2026-07-06,48,48,36.61,1757.28,On Time
PO001465,V009,WAL0275,2026-06-09,2026-07-27,2026-07-30,72,72,54.58,3929.76,Late
PO001466,V020,MIR0365,2026-05-12,2026-06-10,2026-06-11,96,90,50.38,4836.48,On Time
PO001467,V012,BTH1547,2025-08-28,2025-09-23,2025-09-25,72,66,5.25,378.0,On Time
PO001468,V017,SEA0696,2025-11-06,2025-11-21,2025-11-18,120,120,246.54,29584.8,On Time
PO001469,V007,SHT1232,2026-07-04,2026-07-24,2026-08-06,96,90,33.46,3212.16,Late
PO001470,V006,TEX0483,2025-09-30,2025-11-05,2025-11-08,36,36,11.7,421.2,Late
PO001471,V020,SHL1674,2025-12-25,2026-01-23,2026-01-26,48,36,79.14,3798.72,Late
PO001472,V001,WAL0300,2025-07-05,2025-08-05,2025-08-17,24,24,45.39,1089.36,Late
PO001473,V009,TOW1438,2025-04-16,2025-06-03,2025-06-09,120,120,29.3,3516.0,Late
PO001474,V005,ORG1760,2025-11-08,2025-12-19,2025-12-21,36,36,18.58,668.88,On Time
PO001475,V014,PIL1333,2026-02-04,2026-03-17,2026-03-13,96,96,47.4,4550.4,On Time
PO001476,V002,CHR1977,2025-06-23,2025-07-28,2025-08-03,96,96,48.76,4680.96,Late
PO001477,V011,KIT0918,2025-10-14,2025-11-25,2025-11-20,48,48,24.58,1179.84,On Time
PO001478,V010,ORG1755,2025-11-29,2026-01-20,2026-01-30,96,96,41.62,3995.52,Late
PO001479,V008,BTH1549,2026-01-14,2026-02-26,2026-02-26,48,48,13.61,653.28,On Time
PO001480,V013,SHL1696,2025-03-31,2025-04-23,2025-04-27,120,120,23.72,2846.4,Late
PO001481,V011,TEX0478,2026-03-06,2026-04-17,2026-05-04,48,36,36.67,1760.16,Late
PO001482,V005,KIT0926,2025-05-23,2025-07-03,2025-06-24,72,72,29.18,2100.96,On Time
PO001483,V011,KIT0904,2026-01-17,2026-02-28,2026-03-11,48,48,102.53,4921.44,Late
PO001484,V004,WAL0249,2025-05-09,2025-05-27,2025-05-17,120,120,52.36,6283.2,On Time
PO001485,V019,WAL0251,2026-01-21,2026-02-25,2026-02-24,72,72,37.36,2689.92,On Time
PO001486,V011,FLR1841,2025-04-03,2025-05-15,2025-05-27,120,120,70.67,8480.4,Late
PO001487,V006,TEX0515,2026-07-05,2026-08-10,2026-08-14,36,36,39.7,1429.2,Late
PO001488,V003,TEX0460,2026-01-07,2026-03-10,2026-03-07,120,120,9.33,1119.6,On Time
PO001489,V015,FRM2196,2025-09-12,2025-10-06,2025-10-07,72,72,17.07,1229.04,On Time
PO001490,V004,SHT1303,2025-08-14,2025-09-01,2025-08-29,36,36,60.45,2176.2,On Time
PO001491,V004,TAB0837,2026-01-19,2026-02-06,2026-02-07,48,48,179.6,8620.8,On Time
PO001492,V010,GFT2227,2025-10-08,2025-11-29,2025-12-09,96,96,10.67,1024.32,Late
PO001493,V008,TOW1495,2025-11-04,2025-12-17,2025-12-16,36,36,26.23,944.28,On Time
PO001494,V013,DEC0176,2026-06-20,2026-07-13,2026-07-17,24,24,19.03,456.72,Late
PO001495,V013,SHT1273,2025-10-18,2025-11-10,2025-11-12,48,48,72.36,3473.28,On Time
PO001496,V011,FRM2190,2025-04-08,2025-05-20,2025-05-25,120,120,15.31,1837.2,Late
PO001497,V011,DUV1198,2026-03-29,2026-05-10,2026-05-12,96,96,104.43,10025.28,On Time
PO001498,V006,TAB0806,2026-05-05,2026-06-10,2026-06-14,72,72,237.43,17094.96,Late
PO001499,V020,WAL0217,2025-02-27,2025-03-28,2025-03-28,96,96,60.89,5845.44,On Time
PO001500,V006,GFT2223,2026-02-06,2026-03-14,2026-03-20,120,120,25.38,3045.6,Late
PO001501,V019,LGT1811,2025-05-17,2025-06-21,2025-06-17,36,36,94.47,3400.92,On Time
PO001502,V009,DEC0181,2026-03-15,2026-05-02,2026-05-07,36,36,44.65,1607.4,Late
PO001503,V020,PEN1917,2025-11-29,2025-12-28,2025-12-25,96,96,148.18,14225.28,On Time
PO001504,V009,TAB0792,2026-06-14,2026-08-01,2026-08-07,24,6,321.91,7725.84,Late
PO001505,V005,SUM2040,2025-09-19,2025-10-30,2025-10-25,120,120,63.89,7666.8,On Time
PO001506,V001,TOW1457,2026-01-13,2026-02-13,2026-02-11,72,72,20.01,1440.72,On Time
PO001507,V020,FLR1854,2025-03-08,2025-04-06,2025-04-02,120,120,136.7,16404.0,On Time
PO001508,V017,PEN1899,2026-07-08,2026-07-23,2026-07-24,48,42,112.27,5388.96,On Time
PO001509,V004,WAL0246,2026-04-18,2026-05-06,2026-05-01,120,120,76.0,9120.0,On Time
PO001510,V014,DEC0030,2025-02-09,2025-03-22,2025-03-27,36,30,47.82,1721.52,Late
PO001511,V018,SEA0728,2025-05-14,2025-05-29,2025-05-25,96,96,304.71,29252.16,On Time
PO001512,V019,SHL1682,2025-02-09,2025-03-16,2025-03-14,96,96,59.49,5711.04,On Time
PO001513,V018,SHT1322,2026-01-31,2026-02-15,2026-02-15,36,36,24.76,891.36,On Time
PO001514,V007,SUM2058,2026-05-14,2026-06-03,2026-06-10,72,72,56.28,4052.16,Late
PO001515,V007,TAB0832,2025-11-12,2025-12-02,2025-12-10,96,96,198.31,19037.76,Late
PO001516,V009,FUR0575,2026-06-27,2026-08-14,2026-08-06,120,120,237.95,28554.0,On Time
PO001517,V005,CND2120,2025-05-16,2025-06-26,2025-06-27,96,96,19.81,1901.76,On Time
PO001518,V004,MIR0429,2025-10-12,2025-10-30,2025-11-06,72,72,68.32,4919.04,Late
PO001519,V017,PIL1348,2025-06-23,2025-07-08,2025-07-01,36,36,28.86,1038.96,On Time
PO001520,V020,GFT2248,2025-12-25,2026-01-23,2026-01-20,24,24,79.74,1913.76,On Time
PO001521,V016,GFT2222,2025-10-24,2025-11-07,2025-11-14,48,48,43.58,2091.84,Late
PO001522,V002,SHL1657,2025-03-01,2025-04-05,2025-04-06,96,78,78.8,7564.8,On Time
PO001523,V017,WAL0242,2026-07-04,2026-07-19,2026-07-20,96,96,25.57,2454.72,On Time
PO001524,V012,KIT0893,2026-05-28,2026-06-23,2026-06-16,36,36,45.03,1621.08,On Time
PO001525,V013,SHL1656,2025-07-27,2025-08-19,2025-08-22,96,96,88.13,8460.48,Late
PO001526,V010,UTL1084,2025-06-19,2025-08-10,2025-08-16,96,96,26.21,2516.16,Late
PO001527,V002,DUV1157,2026-06-11,2026-07-16,2026-07-26,96,84,39.97,3837.12,Late
PO001528,V008,BTH1561,2026-01-26,2026-03-10,2026-03-13,96,96,7.66,735.36,Late
PO001529,V004,SRV0983,2025-07-07,2025-07-25,2025-07-21,120,120,39.25,4710.0,On Time
PO001530,V012,SRV1064,2025-09-13,2025-10-09,2025-10-09,96,96,17.63,1692.48,On Time
PO001531,V007,UTL1086,2025-06-10,2025-06-30,2025-07-18,36,36,21.21,763.56,Late
PO001532,V015,DEC0082,2026-05-09,2026-06-02,2026-06-11,120,120,51.79,6214.8,Late
PO001533,V015,KIT0933,2026-01-12,2026-02-05,2026-02-12,120,120,42.06,5047.2,Late
PO001534,V010,WAL0338,2026-06-06,2026-07-28,2026-08-01,36,36,56.66,2039.76,Late
PO001535,V002,CND2103,2025-02-01,2025-03-08,2025-03-13,48,48,15.81,758.88,Late
PO001536,V012,CND2170,2025-05-27,2025-06-22,2025-06-21,36,24,33.92,1221.12,On Time
PO001537,V006,TOW1486,2025-05-30,2025-07-05,2025-07-10,36,36,32.33,1163.88,Late
PO001538,V001,SHL1680,2025-03-05,2025-04-05,2025-04-05,36,36,59.26,2133.36,On Time
PO001539,V020,FUR0565,2026-04-09,2026-05-08,2026-05-13,120,120,62.39,7486.8,Late
PO001540,V008,SRV1021,2026-05-08,2026-06-20,2026-06-22,72,72,55.6,4003.2,On Time
PO001541,V002,FLR1863,2025-09-15,2025-10-20,2025-10-15,24,24,111.27,2670.48,On Time
PO001542,V014,DEC0090,2025-03-24,2025-05-04,2025-05-14,36,36,54.69,1968.84,Late
PO001543,V011,KIT0870,2025-04-14,2025-05-26,2025-05-30,120,120,36.98,4437.6,Late
PO001544,V009,SHT1315,2025-11-23,2026-01-10,2026-01-10,48,48,25.64,1230.72,On Time
PO001545,V010,SRV0998,2026-02-10,2026-04-03,2026-04-02,96,96,9.74,935.04,On Time
PO001546,V009,PIL1358,2025-09-17,2025-11-04,2025-11-02,72,72,26.68,1920.96,On Time
PO001547,V018,FUR0671,2025-02-07,2025-02-22,2025-02-25,120,102,161.56,19387.2,Late
PO001548,V012,LGT1810,2025-10-08,2025-11-03,2025-10-31,96,96,38.32,3678.72,On Time
PO001549,V004,DUV1223,2025-12-27,2026-01-14,2026-01-11,36,36,97.85,3522.6,On Time
PO001550,V009,SEA0758,2026-04-27,2026-06-14,2026-06-12,36,36,118.27,4257.72,On Time
PO001551,V013,WAL0256,2026-02-11,2026-03-06,2026-03-02,72,72,24.73,1780.56,On Time
PO001552,V006,MIR0355,2026-02-01,2026-03-09,2026-03-07,72,72,45.77,3295.44,On Time
PO001553,V016,DUV1159,2025-05-20,2025-06-03,2025-05-31,36,36,41.49,1493.64,On Time
PO001554,V013,DEC0176,2025-06-29,2025-07-22,2025-07-19,24,24,19.03,456.72,On Time
PO001555,V013,BSK1630,2025-05-03,2025-05-26,2025-05-28,48,48,33.59,1612.32,On Time
PO001556,V019,FUR0611,2025-07-23,2025-08-27,2025-09-05,120,120,111.15,13338.0,Late
PO001557,V016,TAB0779,2025-10-06,2025-10-20,2025-10-12,96,96,301.6,28953.6,On Time
PO001558,V010,TEX0507,2025-04-16,2025-06-07,2025-06-14,36,36,37.24,1340.64,Late
PO001559,V005,TAB0823,2025-05-22,2025-07-02,2025-07-07,36,36,200.34,7212.24,Late
PO001560,V017,TEX0459,2026-06-03,2026-06-18,2026-06-26,96,96,16.12,1547.52,Late
PO001561,V010,TOW1424,2025-08-25,2025-10-16,2025-10-22,36,36,6.96,250.56,Late
PO001562,V012,CHR1944,2025-04-01,2025-04-27,2025-04-22,36,36,19.68,708.48,On Time
PO001563,V009,SHT1258,2025-12-25,2026-02-11,2026-02-13,120,108,76.41,9169.2,On Time
PO001564,V005,ORG1760,2026-04-18,2026-05-29,2026-05-22,36,36,18.58,668.88,On Time
PO001565,V010,SHL1695,2025-02-21,2025-04-14,2025-04-19,120,120,26.18,3141.6,Late
PO001566,V009,MIR0384,2026-01-08,2026-02-25,2026-02-23,72,72,39.56,2848.32,On Time
PO001567,V011,LGT1830,2025-06-15,2025-07-27,2025-07-28,96,96,21.43,2057.28,On Time
PO001568,V012,WIN2081,2025-07-18,2025-08-13,2025-08-18,48,48,31.91,1531.68,Late
PO001569,V012,SUM2021,2026-02-15,2026-03-13,2026-03-21,24,24,32.1,770.4,Late
PO001570,V014,MIR0353,2026-01-11,2026-02-21,2026-02-18,72,72,72.88,5247.36,On Time
PO001571,V005,WAL0243,2026-06-04,2026-07-15,2026-07-18,72,72,30.27,2179.44,Late
PO001572,V001,DUV1191,2025-06-05,2025-07-06,2025-07-03,48,48,45.27,2172.96,On Time
PO001573,V012,TEX0473,2026-01-27,2026-02-22,2026-02-19,72,72,42.96,3093.12,On Time
PO001574,V006,TAB0775,2026-04-23,2026-05-29,2026-05-24,120,120,229.55,27546.0,On Time
PO001575,V015,TOW1416,2026-03-06,2026-03-30,2026-03-30,36,36,25.09,903.24,On Time
PO001576,V011,BSK1598,2025-08-05,2025-09-16,2025-10-02,120,120,39.79,4774.8,Late
PO001577,V014,TOW1456,2025-10-21,2025-12-01,2025-12-01,36,36,28.92,1041.12,On Time
PO001578,V013,FRM2176,2025-09-21,2025-10-14,2025-10-15,72,72,27.43,1974.96,On Time
PO001579,V008,HAL1989,2026-03-15,2026-04-27,2026-05-03,48,48,41.05,1970.4,Late
PO001580,V008,DEC0169,2025-08-09,2025-09-21,2025-09-18,72,72,45.33,3263.76,On Time
PO001581,V015,CND2102,2025-04-11,2025-05-05,2025-05-06,120,120,16.22,1946.4,On Time
PO001582,V007,WAL0289,2025-10-28,2025-11-17,2025-11-26,36,36,25.21,907.56,Late
PO001583,V009,DUV1192,2025-06-18,2025-08-05,2025-08-04,120,120,76.51,9181.2,On Time
PO001584,V020,FLR1854,2025-10-12,2025-11-10,2025-11-13,120,120,136.7,16404.0,Late
PO001585,V005,ORG1760,2025-12-03,2026-01-13,2026-01-19,36,36,18.58,668.88,Late
PO001586,V017,DEC0168,2025-02-28,2025-03-15,2025-03-20,48,48,31.37,1505.76,Late
PO001587,V004,MIR0423,2026-03-10,2026-03-28,2026-03-30,24,24,66.65,1599.6,On Time
PO001588,V011,TAB0787,2026-06-12,2026-07-24,2026-07-29,36,24,168.53,6067.08,Late
PO001589,V014,SRV1047,2025-05-19,2025-06-29,2025-06-30,72,72,56.95,4100.4,On Time
PO001590,V009,CND2132,2025-11-26,2026-01-13,2026-01-14,36,36,20.68,744.48,On Time
PO001591,V003,KIT0937,2025-05-03,2025-07-04,2025-07-04,36,36,22.57,812.52,On Time
PO001592,V014,SEA0676,2025-02-28,2025-04-10,2025-04-12,120,120,131.0,15720.0,On Time
PO001593,V010,LGT1784,2026-06-22,2026-08-13,2026-08-07,24,24,35.56,853.44,On Time
PO001594,V008,DEC0169,2025-10-22,2025-12-04,2025-12-03,96,96,45.33,4351.68,On Time
PO001595,V011,DUV1227,2026-02-18,2026-04-01,2026-04-12,24,24,104.05,2497.2,Late
PO001596,V012,PIL1361,2025-03-31,2025-04-26,2025-04-21,120,120,38.88,4665.6,On Time
PO001597,V014,FRM2187,2025-05-01,2025-06-11,2025-06-13,72,72,10.68,768.96,On Time
PO001598,V012,SHL1690,2026-05-04,2026-05-30,2026-05-28,36,36,41.32,1487.52,On Time
PO001599,V010,WAL0287,2026-05-14,2026-07-05,2026-07-01,24,24,57.5,1380.0,On Time
PO001600,V004,SHT1303,2025-06-26,2025-07-14,2025-07-24,48,48,60.45,2901.6,Late
PO001601,V010,PIL1364,2026-05-09,2026-06-30,2026-07-04,24,24,34.29,822.96,Late
PO001602,V019,SHT1294,2025-12-28,2026-02-01,2026-01-28,120,120,35.0,4200.0,On Time
PO001603,V016,DEC0162,2026-04-15,2026-04-29,2026-05-12,36,36,47.72,1717.92,Late
PO001604,V007,SHT1278,2025-08-28,2025-09-17,2025-09-25,72,66,32.94,2371.68,Late
PO001605,V007,WAL0238,2025-08-07,2025-08-27,2025-08-27,120,120,69.9,8388.0,On Time
PO001606,V005,WAL0252,2025-04-25,2025-06-05,2025-06-06,72,66,21.67,1560.24,On Time
PO001607,V017,FUR0668,2025-11-13,2025-11-28,2025-11-28,96,96,151.44,14538.24,On Time
PO001608,V011,FLR1867,2026-03-01,2026-04-12,2026-04-15,36,36,124.28,4474.08,Late
PO001609,V007,UTL1112,2025-12-08,2025-12-28,2026-01-01,96,96,13.66,1311.36,Late
PO001610,V014,PIL1353,2025-05-24,2025-07-04,2025-07-06,24,24,51.11,1226.64,On Time
PO001611,V009,LGT1775,2026-07-02,2026-08-19,2026-08-17,120,120,110.02,13202.4,On Time
PO001612,V016,GFT2245,2025-04-15,2025-04-29,2025-05-04,24,24,49.79,1194.96,Late
PO001613,V008,PIL1389,2025-05-24,2025-07-06,2025-07-02,120,120,51.44,6172.8,On Time
PO001614,V019,CHR1922,2026-01-15,2026-02-19,2026-02-16,48,48,61.11,2933.28,On Time
PO001615,V002,DEC0037,2025-03-01,2025-04-05,2025-04-14,96,96,36.83,3535.68,Late
PO001616,V011,DEC0178,2025-04-25,2025-06-06,2025-06-20,96,96,37.9,3638.4,Late
PO001617,V004,FUR0620,2025-12-09,2025-12-27,2025-12-28,120,120,232.19,27862.8,On Time
PO001618,V003,BTH1534,2025-07-15,2025-09-15,2025-09-20,72,72,12.89,928.08,Late
PO001619,V016,KIT0859,2025-03-29,2025-04-12,2025-04-30,36,36,84.1,3027.6,Late
PO001620,V002,DUV1157,2025-11-28,2026-01-02,2026-01-05,72,72,39.97,2877.84,Late
PO001621,V007,DEC0092,2026-06-06,2026-06-26,2026-06-30,72,72,52.78,3800.16,Late
PO001622,V019,TEX0474,2026-04-06,2026-05-11,2026-05-18,120,120,14.31,1717.2,Late
PO001623,V012,MIR0364,2026-06-15,2026-07-11,2026-07-11,36,36,88.39,3182.04,On Time
PO001624,V012,KIT0953,2025-03-25,2025-04-20,2025-04-27,36,36,50.32,1811.52,Late
PO001625,V014,PEN1893,2025-05-15,2025-06-25,2025-06-28,24,24,170.55,4093.2,Late
PO001626,V018,BSK1608,2025-03-01,2025-03-16,2025-03-09,96,96,18.76,1800.96,On Time
PO001627,V009,MIR0401,2025-07-13,2025-08-30,2025-08-31,120,120,37.16,4459.2,On Time
PO001628,V006,TAB0775,2026-02-20,2026-03-28,2026-04-04,96,96,229.55,22036.8,Late
PO001629,V008,DUV1218,2025-07-05,2025-08-17,2025-08-25,120,120,137.74,16528.8,Late
PO001630,V005,KIT0940,2025-05-31,2025-07-11,2025-07-22,72,72,37.88,2727.36,Late
PO001631,V020,WAL0217,2026-04-24,2026-05-23,2026-05-19,24,24,60.89,1461.36,On Time
PO001632,V011,SRV1041,2025-03-12,2025-04-23,2025-05-03,24,24,59.83,1435.92,Late
PO001633,V009,SEA0715,2025-05-04,2025-06-21,2025-06-19,72,72,96.37,6938.64,On Time
PO001634,V002,TOW1420,2025-03-27,2025-05-01,2025-05-08,72,72,35.14,2530.08,Late
PO001635,V003,TAB0840,2026-03-26,2026-05-27,2026-05-30,120,120,186.88,22425.6,Late
PO001636,V008,KIT0855,2025-06-16,2025-07-29,2025-07-19,120,120,27.07,3248.4,On Time
PO001637,V001,WAL0300,2025-03-26,2025-04-26,2025-04-28,48,48,45.39,2178.72,On Time
PO001638,V002,PIL1331,2025-02-11,2025-03-18,2025-04-06,72,72,50.32,3623.04,Late
PO001639,V017,CHR1945,2025-09-26,2025-10-11,2025-10-14,24,18,49.47,1187.28,Late
PO001640,V009,FUR0624,2026-06-21,2026-08-08,2026-08-02,48,48,234.4,11251.2,On Time
PO001641,V010,DEC0187,2025-02-10,2025-04-03,2025-04-10,96,96,48.52,4657.92,Late
PO001642,V005,BSK1632,2025-07-31,2025-09-10,2025-09-07,96,96,13.8,1324.8,On Time
PO001643,V009,KIT0932,2026-06-25,2026-08-12,2026-08-05,48,48,106.98,5135.04,On Time
PO001644,V008,DEC0035,2026-02-08,2026-03-23,2026-03-21,72,72,62.64,4510.08,On Time
PO001645,V017,TEX0459,2026-05-03,2026-05-18,2026-05-21,72,72,16.12,1160.64,Late
PO001646,V002,SRV1077,2026-01-04,2026-02-08,2026-02-12,24,24,10.84,260.16,Late
PO001647,V006,PEN1912,2025-07-30,2025-09-04,2025-09-03,48,48,50.61,2429.28,On Time
PO001648,V008,SEA0692,2025-05-18,2025-06-30,2025-06-25,48,48,198.78,9541.44,On Time
PO001649,V011,SRV1061,2025-11-08,2025-12-20,2025-12-23,72,72,8.93,642.96,Late
PO001650,V002,SUM2031,2025-09-19,2025-10-24,2025-11-06,72,72,29.28,2108.16,Late
PO001651,V006,SEA0709,2025-12-18,2026-01-23,2026-01-15,120,120,277.8,33336.0,On Time
PO001652,V017,SUM2065,2025-04-21,2025-05-06,2025-05-07,120,120,63.51,7621.2,On Time
PO001653,V016,KIT0865,2025-09-03,2025-09-17,2025-10-04,24,24,106.86,2564.64,Late
PO001654,V006,TOW1463,2026-03-01,2026-04-06,2026-04-07,120,120,27.94,3352.8,On Time
PO001655,V006,CND2135,2026-05-10,2026-06-15,2026-06-23,24,24,24.18,580.32,Late
PO001656,V014,WAL0347,2025-12-14,2026-01-24,2026-01-25,48,48,50.34,2416.32,On Time
PO001657,V001,BSK1574,2025-03-04,2025-04-04,2025-04-12,24,24,39.63,951.12,Late
PO001658,V014,SHT1307,2025-09-28,2025-11-08,2025-11-17,48,42,49.87,2393.76,Late
PO001659,V014,TEX0510,2026-07-03,2026-08-13,2026-08-05,36,24,45.82,1649.52,On Time
PO001660,V015,BSK1642,2025-12-13,2026-01-06,2026-01-01,24,24,9.89,237.36,On Time
PO001661,V006,SUM2029,2026-04-09,2026-05-15,2026-05-07,72,72,64.48,4642.56,On Time
PO001662,V017,DUV1196,2025-08-15,2025-08-30,2025-08-22,96,96,105.66,10143.36,On Time
PO001663,V020,MIR0365,2025-04-27,2025-05-26,2025-05-24,36,36,50.38,1813.68,On Time
PO001664,V010,DEC0155,2025-05-07,2025-06-28,2025-06-28,72,72,9.49,683.28,On Time
PO001665,V016,MIR0405,2026-02-05,2026-02-19,2026-03-02,24,24,26.31,631.44,Late
PO001666,V003,FLR1843,2025-10-26,2025-12-27,2025-12-22,96,96,180.66,17343.36,On Time
PO001667,V003,FUR0606,2025-04-05,2025-06-06,2025-06-03,120,120,94.99,11398.8,On Time
PO001668,V015,PIL1396,2025-07-19,2025-08-12,2025-08-13,72,72,33.56,2416.32,On Time
PO001669,V007,WAL0318,2026-01-24,2026-02-13,2026-02-23,48,48,31.16,1495.68,Late
PO001670,V020,FUR0571,2025-05-13,2025-06-11,2025-06-10,72,72,115.94,8347.68,On Time
PO001671,V007,BSK1618,2025-09-08,2025-09-28,2025-10-02,48,48,20.67,992.16,Late
PO001672,V007,TEX0472,2026-04-08,2026-04-28,2026-05-03,24,6,43.46,1043.04,Late
PO001673,V003,FUR0634,2025-10-16,2025-12-17,2025-12-12,96,96,188.96,18140.16,On Time
PO001674,V013,KIT0873,2026-03-06,2026-03-29,2026-03-30,24,24,11.0,264.0,On Time
PO001675,V020,LGT1777,2025-06-19,2025-07-18,2025-07-15,24,24,100.68,2416.32,On Time
PO001676,V001,DUV1177,2025-05-05,2025-06-05,2025-05-27,120,120,135.32,16238.4,On Time
PO001677,V017,CHR1939,2025-10-31,2025-11-15,2025-11-23,36,36,71.81,2585.16,Late
PO001678,V016,PIL1405,2025-07-21,2025-08-04,2025-08-14,24,24,21.27,510.48,Late
PO001679,V002,SHT1297,2026-02-24,2026-03-31,2026-04-12,36,36,70.21,2527.56,Late
PO001680,V006,PIL1372,2025-04-10,2025-05-16,2025-05-12,72,72,17.01,1224.72,On Time
PO001681,V017,FUR0668,2026-01-14,2026-01-29,2026-02-02,48,48,151.44,7269.12,Late
PO001682,V014,KIT0916,2025-05-25,2025-07-05,2025-07-10,24,24,93.54,2244.96,Late
PO001683,V016,DUV1159,2026-01-30,2026-02-13,2026-02-19,36,36,41.49,1493.64,Late
PO001684,V017,TAB0828,2025-03-16,2025-03-31,2025-03-25,36,36,290.03,10441.08,On Time
PO001685,V018,LGT1822,2025-12-31,2026-01-15,2026-01-06,36,36,60.72,2185.92,On Time
PO001686,V013,SRV1053,2025-03-28,2025-04-20,2025-04-21,24,24,15.87,380.88,On Time
PO001687,V004,DUV1183,2026-01-17,2026-02-04,2026-02-05,36,24,106.98,3851.28,On Time
PO001688,V018,SHL1651,2025-05-27,2025-06-11,2025-06-13,48,48,43.12,2069.76,On Time
PO001689,V015,DEC0036,2026-06-06,2026-06-30,2026-06-28,24,24,52.03,1248.72,On Time
PO001690,V017,BSK1636,2026-04-07,2026-04-22,2026-04-29,72,72,21.41,1541.52,Late
PO001691,V020,KIT0874,2026-04-30,2026-05-29,2026-05-31,48,48,89.93,4316.64,On Time
PO001692,V012,TEX0490,2026-03-01,2026-03-27,2026-03-28,36,36,10.26,369.36,On Time
PO001693,V020,SUM2051,2025-09-29,2025-10-28,2025-10-31,120,120,20.5,2460.0,Late
PO001694,V011,DEC0178,2025-10-18,2025-11-29,2025-12-06,36,36,37.9,1364.4,Late
PO001695,V014,SHT1313,2025-09-01,2025-10-12,2025-10-15,36,36,38.08,1370.88,Late
PO001696,V016,PEN1882,2026-03-30,2026-04-13,2026-04-18,120,120,211.65,25398.0,Late
PO001697,V004,WAL0346,2025-10-13,2025-10-31,2025-10-27,72,72,37.77,2719.44,On Time
PO001698,V011,SUM2038,2025-11-17,2025-12-29,2026-01-01,72,72,11.78,848.16,Late
PO001699,V018,TEX0488,2025-04-23,2025-05-08,2025-05-14,96,90,38.43,3689.28,Late
PO001700,V015,CHR1979,2025-12-01,2025-12-25,2025-12-23,72,72,74.45,5360.4,On Time
PO001701,V016,CND2133,2025-02-06,2025-02-20,2025-02-27,96,96,12.21,1172.16,Late
PO001702,V001,DUV1208,2026-01-06,2026-02-06,2026-02-02,96,96,122.24,11735.04,On Time
PO001703,V013,KIT0947,2025-02-16,2025-03-11,2025-03-12,48,48,57.56,2762.88,On Time
PO001704,V004,TAB0826,2026-04-13,2026-05-01,2026-05-01,48,48,222.21,10666.08,On Time
PO001705,V018,KIT0959,2026-01-25,2026-02-09,2026-02-13,72,72,41.62,2996.64,Late
PO001706,V015,SRV0990,2026-03-23,2026-04-16,2026-04-18,96,96,68.52,6577.92,On Time
PO001707,V005,CHR1952,2025-05-24,2025-07-04,2025-07-01,96,96,56.34,5408.64,On Time
PO001708,V005,DEC0043,2025-12-13,2026-01-23,2026-01-23,24,24,15.13,363.12,On Time
PO001709,V011,SRV1041,2025-06-28,2025-08-09,2025-08-16,24,24,59.83,1435.92,Late
PO001710,V003,SEA0694,2025-05-16,2025-07-17,2025-07-12,48,48,102.06,4898.88,On Time
PO001711,V008,PIL1349,2026-01-11,2026-02-23,2026-02-21,96,96,19.62,1883.52,On Time
PO001712,V005,FLR1869,2025-04-07,2025-05-18,2025-05-27,24,24,150.9,3621.6,Late
PO001713,V017,SHT1276,2026-07-03,2026-07-18,2026-07-07,24,24,47.46,1139.04,On Time
PO001714,V007,GFT2252,2025-10-11,2025-10-31,2025-11-19,72,72,77.82,5603.04,Late
PO001715,V005,FUR0600,2026-04-18,2026-05-29,2026-05-26,24,24,174.99,4199.76,On Time
PO001716,V008,CND2158,2025-03-23,2025-05-05,2025-05-06,48,48,33.56,1610.88,On Time
PO001717,V003,PIL1337,2025-12-07,2026-02-07,2026-02-07,96,96,25.86,2482.56,On Time
PO001718,V003,KIT0866,2025-09-21,2025-11-22,2025-11-12,72,72,37.97,2733.84,On Time
PO001719,V005,MIR0363,2025-06-12,2025-07-23,2025-07-22,96,96,44.56,4277.76,On Time
PO001720,V001,WAL0197,2025-08-01,2025-09-01,2025-09-05,24,24,27.23,653.52,Late
PO001721,V004,DUV1209,2025-09-08,2025-09-26,2025-09-23,24,24,132.7,3184.8,On Time
PO001722,V009,KIT0941,2026-05-19,2026-07-06,2026-07-07,120,120,92.37,11084.4,On Time
PO001723,V019,ORG1765,2026-02-18,2026-03-25,2026-03-23,120,120,29.41,3529.2,On Time
PO001724,V009,FRM2215,2025-03-01,2025-04-18,2025-04-21,72,54,33.5,2412.0,Late
PO001725,V014,PIL1333,2025-02-17,2025-03-30,2025-03-25,48,48,47.4,2275.2,On Time
PO001726,V011,DEC0170,2025-11-10,2025-12-22,2025-12-30,24,24,12.71,305.04,Late
PO001727,V014,SEA0759,2025-06-26,2025-08-06,2025-08-06,96,96,334.9,32150.4,On Time
PO001728,V016,SEA0682,2026-04-22,2026-05-06,2026-05-06,96,96,124.92,11992.32,On Time
PO001729,V001,KIT0931,2025-12-10,2026-01-10,2026-01-12,24,24,35.27,846.48,On Time
PO001730,V002,SEA0680,2025-04-06,2025-05-11,2025-05-20,120,120,293.69,35242.8,Late
PO001731,V008,MIR0395,2025-11-02,2025-12-15,2025-12-22,48,48,85.49,4103.52,Late
PO001732,V015,LGT1779,2025-10-07,2025-10-31,2025-11-05,48,48,91.28,4381.44,Late
PO001733,V016,TEX0525,2025-12-15,2025-12-29,2026-01-14,24,24,39.23,941.52,Late
PO001734,V005,UTL1089,2025-08-27,2025-10-07,2025-10-15,96,96,26.73,2566.08,Late
PO001735,V016,CHR1962,2025-09-10,2025-09-24,2025-09-23,72,72,14.0,1008.0,On Time
PO001736,V008,LGT1778,2026-03-22,2026-05-04,2026-05-07,24,24,112.61,2702.64,Late
PO001737,V012,TAB0830,2025-11-21,2025-12-17,2025-12-31,72,72,127.91,9209.52,Late
PO001738,V008,WAL0195,2026-06-19,2026-08-01,2026-08-03,96,96,48.11,4618.56,On Time
PO001739,V005,SHT1283,2026-04-29,2026-06-09,2026-06-09,72,72,41.04,2954.88,On Time
PO001740,V010,SHT1295,2026-02-28,2026-04-21,2026-05-01,48,48,67.84,3256.32,Late
PO001741,V006,BSK1623,2026-07-08,2026-08-13,2026-08-22,72,72,23.69,1705.68,Late
PO001742,V019,TEX0522,2026-03-22,2026-04-26,2026-04-29,96,96,25.98,2494.08,Late
PO001743,V004,UTL1117,2025-06-07,2025-06-25,2025-06-27,120,120,22.57,2708.4,On Time
PO001744,V008,GFT2218,2025-12-06,2026-01-18,2026-01-20,72,72,24.73,1780.56,On Time
PO001745,V002,MIR0351,2025-07-10,2025-08-14,2025-08-22,24,24,53.65,1287.6,Late
PO001746,V003,DEC0026,2026-03-20,2026-05-21,2026-05-25,72,72,15.01,1080.72,Late
PO001747,V009,BTH1504,2025-11-14,2026-01-01,2025-12-29,24,24,19.69,472.56,On Time
PO001748,V019,FUR0611,2026-06-26,2026-07-31,2026-08-07,48,48,111.15,5335.2,Late
PO001749,V019,FUR0591,2025-08-06,2025-09-10,2025-09-08,48,48,72.44,3477.12,On Time
PO001750,V003,DEC0163,2025-09-23,2025-11-24,2025-11-21,120,120,28.83,3459.6,On Time
PO001751,V018,FLR1871,2025-12-22,2026-01-06,2025-12-31,96,96,161.35,15489.6,On Time
PO001752,V008,FUR0632,2025-09-17,2025-10-30,2025-11-03,36,36,186.5,6714.0,Late
PO001753,V014,TEX0536,2025-03-18,2025-04-28,2025-04-30,36,36,12.82,461.52,On Time
PO001754,V006,SHL1675,2025-11-28,2026-01-03,2026-01-11,120,102,49.07,5888.4,Late
PO001755,V009,TEX0538,2026-04-12,2026-05-30,2026-05-29,120,120,37.1,4452.0,On Time
PO001756,V008,TOW1435,2025-09-30,2025-11-12,2025-11-12,36,36,9.38,337.68,On Time
PO001757,V004,FUR0637,2025-05-22,2025-06-09,2025-06-18,96,96,165.18,15857.28,Late
PO001758,V017,BSK1636,2025-07-23,2025-08-07,2025-08-12,72,72,21.41,1541.52,Late
PO001759,V019,LGT1782,2025-04-07,2025-05-12,2025-05-13,72,72,58.28,4196.16,On Time
PO001760,V014,SHT1307,2026-05-07,2026-06-17,2026-06-15,36,36,49.87,1795.32,On Time
PO001761,V019,BTH1514,2026-03-15,2026-04-19,2026-04-20,120,120,31.65,3798.0,On Time
PO001762,V018,DUV1225,2025-05-23,2025-06-07,2025-06-10,36,36,138.75,4995.0,Late
PO001763,V018,PIL1371,2025-12-09,2025-12-24,2025-12-22,96,96,35.87,3443.52,On Time
PO001764,V008,FUR0581,2025-10-23,2025-12-05,2025-12-12,48,48,148.66,7135.68,Late
PO001765,V001,FLR1874,2026-03-17,2026-04-17,2026-04-19,36,36,117.06,4214.16,On Time
PO001766,V013,TOW1433,2025-03-27,2025-04-19,2025-04-22,96,96,10.71,1028.16,Late
PO001767,V019,KIT0951,2025-12-23,2026-01-27,2026-02-01,120,102,14.96,1795.2,Late
PO001768,V002,SHT1297,2025-02-16,2025-03-23,2025-04-02,24,24,70.21,1685.04,Late
PO001769,V016,BTH1513,2025-08-28,2025-09-11,2025-09-14,120,108,31.04,3724.8,Late
PO001770,V011,TEX0487,2025-10-14,2025-11-25,2025-11-30,96,96,39.12,3755.52,Late
PO001771,V010,SHL1664,2025-11-16,2026-01-07,2026-01-14,72,72,91.13,6561.36,Late
PO001772,V020,SHT1248,2026-03-04,2026-04-02,2026-03-31,36,36,36.36,1308.96,On Time
PO001773,V011,TEX0487,2025-07-24,2025-09-04,2025-09-14,72,66,39.12,2816.64,Late
PO001774,V015,KIT0879,2026-03-12,2026-04-05,2026-04-09,24,24,92.19,2212.56,Late
PO001775,V008,SHT1269,2025-08-28,2025-10-10,2025-10-09,96,96,31.73,3046.08,On Time
PO001776,V002,DUV1197,2026-03-30,2026-05-04,2026-05-13,72,66,65.19,4693.68,Late
PO001777,V006,SRV0975,2026-01-28,2026-03-05,2026-03-04,36,36,36.02,1296.72,On Time
PO001778,V013,SHL1656,2025-09-07,2025-09-30,2025-09-29,120,120,88.13,10575.6,On Time
PO001779,V006,PIL1409,2026-03-28,2026-05-03,2026-05-07,120,120,43.32,5198.4,Late
PO001780,V015,FRM2202,2026-05-01,2026-05-25,2026-05-21,96,96,15.71,1508.16,On Time
PO001781,V017,TEX0485,2026-05-24,2026-06-08,2026-06-08,36,30,42.72,1537.92,On Time
PO001782,V012,FUR0561,2026-03-30,2026-04-25,2026-04-15,96,96,231.81,22253.76,On Time
PO001783,V001,TEX0448,2025-07-16,2025-08-16,2025-08-15,48,48,17.95,861.6,On Time
PO001784,V020,WIN2094,2026-05-26,2026-06-24,2026-06-25,36,36,28.18,1014.48,On Time
PO001785,V011,ORG1767,2026-01-04,2026-02-15,2026-02-15,72,54,23.57,1697.04,On Time
PO001786,V006,WAL0343,2025-11-08,2025-12-14,2025-12-08,24,24,58.42,1402.08,On Time
PO001787,V001,SUM2034,2025-02-26,2025-03-29,2025-03-24,120,120,77.2,9264.0,On Time
PO001788,V019,BTH1562,2025-03-17,2025-04-21,2025-04-27,96,96,42.73,4102.08,Late
PO001789,V013,KIT0947,2025-06-03,2025-06-26,2025-06-29,96,96,57.56,5525.76,Late
PO001790,V009,UTL1132,2026-01-07,2026-02-24,2026-02-16,96,96,28.7,2755.2,On Time
PO001791,V012,FLR1853,2026-06-01,2026-06-27,2026-06-29,48,48,198.02,9504.96,On Time
PO001792,V004,TOW1423,2026-04-28,2026-05-16,2026-05-13,120,120,26.09,3130.8,On Time
PO001793,V009,TOW1478,2025-10-27,2025-12-14,2025-12-16,120,120,7.04,844.8,On Time
PO001794,V002,DUV1194,2026-03-09,2026-04-13,2026-04-21,120,120,103.48,12417.6,Late
PO001795,V014,MIR0367,2025-03-16,2025-04-26,2025-04-29,36,36,47.48,1709.28,Late
PO001796,V009,BSK1572,2025-12-16,2026-02-02,2026-02-05,24,24,27.41,657.84,Late
PO001797,V011,TEX0487,2025-07-11,2025-08-22,2025-08-31,96,96,39.12,3755.52,Late
PO001798,V007,DUV1212,2025-11-20,2025-12-10,2025-12-11,36,18,129.39,4658.04,On Time
PO001799,V017,TEX0508,2025-04-14,2025-04-29,2025-05-03,24,24,54.93,1318.32,Late
PO001800,V004,FUR0589,2025-12-31,2026-01-18,2026-01-20,96,96,223.39,21445.44,On Time
PO001801,V015,SRV0990,2025-04-13,2025-05-07,2025-05-07,96,96,68.52,6577.92,On Time
PO001802,V001,DUV1211,2025-08-28,2025-09-28,2025-10-03,48,48,125.65,6031.2,Late
PO001803,V001,SRV1048,2025-02-13,2025-03-16,2025-03-16,48,48,57.27,2748.96,On Time
PO001804,V019,TOW1434,2026-06-17,2026-07-22,2026-07-17,120,120,6.49,778.8,On Time
PO001805,V014,BSK1593,2025-03-12,2025-04-22,2025-04-24,36,36,26.91,968.76,On Time
PO001806,V010,KIT0901,2026-06-18,2026-08-09,2026-08-07,72,72,39.04,2810.88,On Time
PO001807,V005,SUM2040,2025-10-07,2025-11-17,2025-11-20,48,48,63.89,3066.72,Late
PO001808,V011,SUM2024,2025-06-30,2025-08-11,2025-08-26,120,120,49.61,5953.2,Late
PO001809,V018,SEA0679,2025-12-30,2026-01-14,2026-01-23,72,72,108.37,7802.64,Late
PO001810,V020,GFT2217,2026-06-18,2026-07-17,2026-07-14,72,72,12.13,873.36,On Time
PO001811,V012,SHL1667,2025-02-11,2025-03-09,2025-03-07,24,24,63.64,1527.36,On Time
PO001812,V012,BSK1633,2025-05-14,2025-06-09,2025-06-09,72,72,37.18,2676.96,On Time
PO001813,V004,CND2126,2025-06-16,2025-07-04,2025-07-06,96,96,5.44,522.24,On Time
PO001814,V019,WAL0205,2025-06-11,2025-07-16,2025-07-17,48,30,30.8,1478.4,On Time
PO001815,V010,WIN2098,2025-04-22,2025-06-13,2025-06-12,48,48,17.78,853.44,On Time
PO001816,V005,FUR0600,2025-11-17,2025-12-28,2025-12-31,48,48,174.99,8399.52,Late
PO001817,V009,FUR0601,2026-05-04,2026-06-21,2026-06-25,72,72,105.49,7595.28,Late
PO001818,V005,MIR0380,2025-06-27,2025-08-07,2025-08-14,96,96,123.64,11869.44,Late
PO001819,V006,WAL0303,2026-07-04,2026-08-09,2026-08-08,72,72,32.31,2326.32,On Time
PO001820,V011,WAL0278,2025-10-26,2025-12-07,2025-12-13,120,108,20.91,2509.2,Late
PO001821,V005,FUR0586,2025-11-15,2025-12-26,2026-01-01,120,120,58.0,6960.0,Late
PO001822,V017,UTL1122,2025-12-01,2025-12-16,2025-12-08,120,120,14.46,1735.2,On Time
PO001823,V011,GFT2224,2025-10-06,2025-11-17,2025-11-23,120,120,70.68,8481.6,Late
PO001824,V005,FUR0603,2025-07-09,2025-08-19,2025-08-23,24,24,120.06,2881.44,Late
PO001825,V003,DEC0014,2026-03-24,2026-05-25,2026-05-24,36,36,19.88,715.68,On Time
PO001826,V005,MIR0400,2025-08-27,2025-10-07,2025-10-08,96,96,127.69,12258.24,On Time
PO001827,V004,DEC0180,2025-02-19,2025-03-09,2025-03-14,24,24,58.65,1407.6,Late
PO001828,V014,CND2130,2025-08-18,2025-09-28,2025-09-24,96,96,23.22,2229.12,On Time
PO001829,V019,LGT1805,2026-01-31,2026-03-07,2026-03-08,96,96,56.32,5406.72,On Time
PO001830,V013,BSK1596,2025-11-17,2025-12-10,2025-12-11,24,24,21.81,523.44,On Time
PO001831,V004,BSK1586,2025-03-04,2025-03-22,2025-03-29,96,96,27.73,2662.08,Late
PO001832,V004,BTH1569,2025-04-02,2025-04-20,2025-04-29,24,24,40.46,971.04,Late
PO001833,V008,WAL0292,2026-05-25,2026-07-07,2026-07-15,96,96,18.82,1806.72,Late
PO001834,V018,PEN1919,2025-10-21,2025-11-05,2025-11-12,36,36,124.9,4496.4,Late
PO001835,V004,LGT1786,2025-02-11,2025-03-01,2025-03-10,48,48,49.21,2362.08,Late
PO001836,V020,DEC0148,2026-04-06,2026-05-05,2026-05-08,36,18,27.21,979.56,Late
PO001837,V005,SHT1306,2025-10-10,2025-11-20,2025-11-20,120,120,28.42,3410.4,On Time
PO001838,V016,SHT1299,2025-04-07,2025-04-21,2025-04-29,36,36,23.35,840.6,Late
PO001839,V005,BSK1632,2025-02-10,2025-03-23,2025-03-28,120,120,13.8,1656.0,Late
PO001840,V006,FUR0649,2025-09-04,2025-10-10,2025-10-10,72,72,132.98,9574.56,On Time
PO001841,V013,CHR1924,2025-09-09,2025-10-02,2025-10-04,36,36,80.56,2900.16,On Time
PO001842,V007,DEC0175,2025-06-09,2025-06-29,2025-06-26,24,6,24.7,592.8,On Time
PO001843,V019,MIR0411,2026-04-15,2026-05-20,2026-05-20,72,72,84.73,6100.56,On Time
PO001844,V009,SHT1315,2026-06-09,2026-07-27,2026-08-03,48,48,25.64,1230.72,Late
PO001845,V004,TOW1497,2026-07-03,2026-07-21,2026-07-20,96,96,34.87,3347.52,On Time
PO001846,V003,TEX0523,2026-04-18,2026-06-19,2026-06-23,96,96,45.27,4345.92,Late
PO001847,V019,DEC0171,2026-05-06,2026-06-10,2026-06-04,96,96,17.73,1702.08,On Time
PO001848,V007,BSK1606,2026-01-15,2026-02-04,2026-02-13,72,72,30.98,2230.56,Late
PO001849,V009,SHT1298,2026-03-11,2026-04-28,2026-05-08,72,72,70.75,5094.0,Late
PO001850,V012,SEA0707,2026-06-02,2026-06-28,2026-07-04,96,96,247.63,23772.48,Late
PO001851,V007,TOW1469,2026-04-22,2026-05-12,2026-06-06,96,96,14.3,1372.8,Late
PO001852,V019,WAL0288,2025-08-24,2025-09-28,2025-10-07,36,36,17.71,637.56,Late
PO001853,V008,WAL0349,2025-04-23,2025-06-05,2025-05-29,36,36,68.56,2468.16,On Time
PO001854,V003,TEX0523,2026-03-27,2026-05-28,2026-05-25,48,48,45.27,2172.96,On Time
PO001855,V006,SEA0726,2025-08-26,2025-10-01,2025-09-26,72,72,85.42,6150.24,On Time
PO001856,V010,TAB0764,2025-10-31,2025-12-22,2025-12-28,120,120,245.52,29462.4,Late
PO001857,V012,ORG1744,2026-05-20,2026-06-15,2026-06-08,36,36,8.42,303.12,On Time
PO001858,V009,FUR0658,2025-03-17,2025-05-04,2025-05-03,120,120,118.23,14187.6,On Time
PO001859,V006,SUM2023,2026-03-09,2026-04-14,2026-04-10,96,96,14.27,1369.92,On Time
PO001860,V010,ORG1718,2026-06-24,2026-08-15,2026-08-21,96,96,19.26,1848.96,Late
PO001861,V005,DEC0063,2025-09-27,2025-11-07,2025-11-06,72,60,46.75,3366.0,On Time
PO001862,V007,BTH1529,2025-02-10,2025-03-02,2025-03-11,48,48,20.66,991.68,Late
PO001863,V008,PIL1392,2026-03-29,2026-05-11,2026-05-12,120,120,44.36,5323.2,On Time
PO001864,V009,TEX0541,2026-05-12,2026-06-29,2026-06-28,72,72,49.45,3560.4,On Time
PO001865,V012,SEA0730,2025-03-29,2025-04-24,2025-04-27,48,48,115.85,5560.8,Late
PO001866,V012,TAB0833,2026-01-02,2026-01-28,2026-01-25,48,48,273.87,13145.76,On Time
PO001867,V005,SEA0729,2025-04-27,2025-06-07,2025-06-17,72,72,225.21,16215.12,Late
PO001868,V010,HAL1998,2026-04-16,2026-06-07,2026-06-09,36,36,23.41,842.76,On Time
PO001869,V014,WIN2070,2026-01-29,2026-03-11,2026-03-09,24,24,23.16,555.84,On Time
PO001870,V014,KIT0876,2026-03-02,2026-04-12,2026-04-14,24,6,76.82,1843.68,On Time
PO001871,V008,SUM2032,2026-03-19,2026-05-01,2026-04-27,24,24,57.58,1381.92,On Time
PO001872,V017,LGT1796,2025-02-25,2025-03-12,2025-03-13,24,24,109.57,2629.68,On Time
PO001873,V018,ORG1762,2025-06-08,2025-06-23,2025-07-01,72,72,28.93,2082.96,Late
PO001874,V011,CHR1921,2025-02-22,2025-04-05,2025-04-11,36,36,55.85,2010.6,Late
PO001875,V011,CHR1967,2025-06-15,2025-07-27,2025-07-24,72,72,21.02,1513.44,On Time
PO001876,V001,MIR0414,2026-06-17,2026-07-18,2026-07-22,96,96,121.25,11640.0,Late
PO001877,V003,GFT2240,2026-06-21,2026-08-22,2026-08-25,24,24,44.67,1072.08,Late
PO001878,V006,DEC0172,2025-06-22,2025-07-28,2025-08-02,36,36,46.63,1678.68,Late
PO001879,V011,FLR1841,2025-06-06,2025-07-18,2025-07-28,96,96,70.67,6784.32,Late
PO001880,V013,WAL0333,2025-11-20,2025-12-13,2025-12-18,48,48,52.81,2534.88,Late
PO001881,V005,GFT2229,2025-06-28,2025-08-08,2025-08-10,48,48,33.39,1602.72,On Time
PO001882,V002,SHL1697,2025-11-12,2025-12-17,2025-12-24,24,24,44.85,1076.4,Late
PO001883,V016,SHT1242,2025-02-19,2025-03-05,2025-03-26,24,6,44.26,1062.24,Late
PO001884,V019,FRM2205,2026-06-15,2026-07-20,2026-07-20,36,36,25.5,918.0,On Time
PO001885,V018,BTH1528,2026-07-07,2026-07-22,2026-07-14,96,96,40.18,3857.28,On Time
PO001886,V003,WIN2100,2025-07-23,2025-09-23,2025-09-27,96,96,35.78,3434.88,Late
PO001887,V006,PEN1903,2026-05-02,2026-06-07,2026-05-26,48,48,93.71,4498.08,On Time
PO001888,V011,FLR1841,2025-05-09,2025-06-20,2025-06-28,120,120,70.67,8480.4,Late
PO001889,V017,TOW1439,2025-06-02,2025-06-17,2025-06-18,120,120,14.21,1705.2,On Time
PO001890,V013,KIT0873,2025-06-07,2025-06-30,2025-07-01,72,72,11.0,792.0,On Time
PO001891,V010,BTH1518,2025-02-04,2025-03-28,2025-04-01,24,24,16.05,385.2,Late
PO001892,V003,BSK1603,2025-08-20,2025-10-21,2025-10-24,48,42,11.2,537.6,Late
PO001893,V004,PIL1346,2025-02-15,2025-03-05,2025-03-11,72,72,28.42,2046.24,Late
PO001894,V018,SRV1002,2026-03-25,2026-04-09,2026-04-04,36,36,42.86,1542.96,On Time
PO001895,V015,TAB0762,2026-07-06,2026-07-30,2026-08-06,36,36,150.28,5410.08,Late
PO001896,V012,SHL1667,2026-03-13,2026-04-08,2026-04-08,72,72,63.64,4582.08,On Time
PO001897,V016,PEN1882,2025-07-06,2025-07-20,2025-08-01,96,96,211.65,20318.4,Late
PO001898,V010,SHL1664,2026-01-12,2026-03-05,2026-03-06,120,120,91.13,10935.6,On Time
PO001899,V004,UTL1143,2025-06-01,2025-06-19,2025-06-21,72,72,11.99,863.28,On Time
PO001900,V007,MIR0412,2025-06-24,2025-07-14,2025-07-23,36,36,120.61,4341.96,Late
PO001901,V015,TOW1416,2025-10-22,2025-11-15,2025-11-18,48,48,25.09,1204.32,Late
PO001902,V010,BTH1518,2025-02-08,2025-04-01,2025-03-28,120,120,16.05,1926.0,On Time
PO001903,V005,TEX0432,2025-09-26,2025-11-06,2025-11-07,72,72,38.95,2804.4,On Time
PO001904,V014,DEC0016,2026-07-01,2026-08-11,2026-08-15,36,36,32.23,1160.28,Late
PO001905,V019,ORG1751,2026-04-15,2026-05-20,2026-05-23,48,48,17.12,821.76,Late
PO001906,V013,WAL0327,2025-10-27,2025-11-19,2025-11-23,36,36,68.04,2449.44,Late
PO001907,V004,PEN1920,2026-04-28,2026-05-16,2026-05-13,48,48,125.3,6014.4,On Time
PO001908,V007,DEC0092,2026-01-02,2026-01-22,2026-01-21,24,24,52.78,1266.72,On Time
PO001909,V001,GFT2234,2025-12-28,2026-01-28,2026-01-27,96,96,71.61,6874.56,On Time
PO001910,V017,DEC0039,2026-01-28,2026-02-12,2026-02-17,96,96,56.38,5412.48,Late
PO001911,V005,MIR0409,2025-07-30,2025-09-09,2025-09-11,24,24,23.95,574.8,On Time
PO001912,V006,MIR0355,2025-08-01,2025-09-06,2025-09-07,72,72,45.77,3295.44,On Time
PO001913,V017,PEN1899,2026-04-18,2026-05-03,2026-05-04,48,48,112.27,5388.96,On Time
PO001914,V012,PIL1361,2026-05-28,2026-06-23,2026-06-24,24,24,38.88,933.12,On Time
PO001915,V008,SEA0749,2026-01-28,2026-03-12,2026-03-12,72,72,366.83,26411.76,On Time
PO001916,V008,DEC0115,2025-02-20,2025-04-04,2025-04-08,24,24,26.45,634.8,Late
PO001917,V019,KIT0962,2025-09-11,2025-10-16,2025-10-11,36,36,110.31,3971.16,On Time
PO001918,V015,PIL1402,2025-05-26,2025-06-19,2025-07-04,120,120,36.21,4345.2,Late
PO001919,V011,MIR0361,2025-06-07,2025-07-19,2025-07-25,72,66,103.66,7463.52,Late
PO001920,V007,CHR1946,2026-02-11,2026-03-03,2026-03-06,48,48,15.62,749.76,Late
PO001921,V005,KIT0966,2026-05-23,2026-07-03,2026-06-30,48,48,50.09,2404.32,On Time
PO001922,V020,CND2145,2025-02-05,2025-03-06,2025-03-01,120,114,33.3,3996.0,On Time
PO001923,V003,DEC0163,2026-03-22,2026-05-23,2026-05-22,72,72,28.83,2075.76,On Time
PO001924,V007,TOW1426,2025-11-02,2025-11-22,2025-12-02,24,12,22.66,543.84,Late
PO001925,V003,SRV0977,2026-06-20,2026-08-21,2026-08-24,72,72,46.56,3352.32,Late
PO001926,V010,ORG1755,2026-05-20,2026-07-11,2026-07-08,48,48,41.62,1997.76,On Time
PO001927,V016,TAB0779,2025-10-01,2025-10-15,2025-10-21,24,24,301.6,7238.4,Late
PO001928,V008,BTH1561,2025-06-01,2025-07-14,2025-07-20,24,24,7.66,183.84,Late
PO001929,V017,SEA0688,2025-02-08,2025-02-23,2025-02-27,72,72,332.71,23955.12,Late
PO001930,V010,FLR1838,2025-06-04,2025-07-26,2025-07-29,36,36,210.44,7575.84,Late
PO001931,V007,BTH1532,2026-05-14,2026-06-03,2026-06-09,36,36,37.46,1348.56,Late
PO001932,V007,GFT2255,2025-06-18,2025-07-08,2025-07-13,24,24,72.94,1750.56,Late
PO001933,V016,WAL0345,2025-11-08,2025-11-22,2025-11-28,120,108,97.15,11658.0,Late
PO001934,V016,KIT0862,2025-08-04,2025-08-18,2025-08-21,48,42,28.95,1389.6,Late
PO001935,V019,FRM2205,2026-01-14,2026-02-18,2026-02-13,48,48,25.5,1224.0,On Time
PO001936,V016,FUR0553,2026-03-18,2026-04-01,2026-04-18,120,120,187.42,22490.4,Late
PO001937,V011,CHR1984,2025-09-19,2025-10-31,2025-11-07,96,96,65.19,6258.24,Late
PO001938,V008,LGT1818,2026-05-26,2026-07-08,2026-07-07,120,120,58.21,6985.2,On Time
PO001939,V010,PIL1341,2026-04-10,2026-06-01,2026-05-27,36,36,54.14,1949.04,On Time
PO001940,V017,SUM2065,2025-03-27,2025-04-11,2025-04-13,48,48,63.51,3048.48,On Time
PO001941,V005,DEC0146,2025-11-10,2025-12-21,2025-12-19,96,96,7.94,762.24,On Time
PO001942,V014,SEA0716,2025-12-17,2026-01-27,2026-02-06,48,48,105.71,5074.08,Late
PO001943,V005,WAL0266,2025-12-17,2026-01-27,2026-01-29,72,72,14.82,1067.04,On Time
PO001944,V004,DUV1223,2025-04-27,2025-05-15,2025-05-20,24,24,97.85,2348.4,Late
PO001945,V016,SRV1025,2026-01-14,2026-01-28,2026-02-01,24,24,29.29,702.96,Late
PO001946,V002,TEX0451,2025-02-03,2025-03-10,2025-03-16,36,36,12.27,441.72,Late
PO001947,V017,SRV1068,2025-04-06,2025-04-21,2025-04-20,72,72,32.38,2331.36,On Time
PO001948,V014,DUV1156,2025-09-20,2025-10-31,2025-10-26,72,72,35.56,2560.32,On Time
PO001949,V015,LGT1819,2026-07-08,2026-08-01,2026-07-25,36,36,49.24,1772.64,On Time
PO001950,V004,WAL0249,2026-03-28,2026-04-15,2026-04-19,24,24,52.36,1256.64,Late
PO001951,V017,TOW1476,2025-04-02,2025-04-17,2025-04-30,72,72,5.99,431.28,Late
PO001952,V011,WAL0321,2026-04-21,2026-06-02,2026-06-19,96,78,18.98,1822.08,Late
PO001953,V006,SRV1043,2025-11-27,2026-01-02,2026-01-03,36,36,33.44,1203.84,On Time
PO001954,V014,TOW1456,2025-12-29,2026-02-08,2026-02-15,120,120,28.92,3470.4,Late
PO001955,V010,SHT1295,2025-03-08,2025-04-29,2025-04-25,120,120,67.84,8140.8,On Time
PO001956,V006,BSK1623,2025-09-12,2025-10-18,2025-10-19,96,96,23.69,2274.24,On Time
PO001957,V001,SHL1668,2025-06-12,2025-07-13,2025-07-13,120,120,105.43,12651.6,On Time
PO001958,V020,SEA0705,2026-02-07,2026-03-08,2026-03-03,36,36,79.72,2869.92,On Time
PO001959,V018,PIL1371,2025-10-22,2025-11-06,2025-11-11,96,96,35.87,3443.52,Late
PO001960,V008,CND2129,2025-09-10,2025-10-23,2025-10-25,36,36,14.17,510.12,On Time
PO001961,V012,HAL2010,2025-02-07,2025-03-05,2025-03-01,36,36,7.66,275.76,On Time
PO001962,V019,FRM2182,2026-03-28,2026-05-02,2026-04-28,36,30,34.85,1254.6,On Time
PO001963,V018,TOW1499,2025-11-25,2025-12-10,2025-12-05,96,96,16.09,1544.64,On Time
PO001964,V017,ORG1759,2025-12-05,2025-12-20,2025-12-22,120,120,31.08,3729.6,On Time
PO001965,V005,FLR1869,2025-04-20,2025-05-31,2025-05-28,24,24,150.9,3621.6,On Time
PO001966,V011,DEC0001,2026-05-04,2026-06-15,2026-06-26,96,96,45.39,4357.44,Late
PO001967,V012,FUR0644,2025-12-07,2026-01-02,2026-01-13,120,120,124.34,14920.8,Late
PO001968,V020,WAL0328,2026-05-09,2026-06-07,2026-06-03,120,120,68.13,8175.6,On Time
PO001969,V009,SRV1035,2026-06-05,2026-07-23,2026-07-17,36,36,33.93,1221.48,On Time
PO001970,V005,KIT0872,2025-07-05,2025-08-15,2025-08-18,72,72,60.95,4388.4,Late
PO001971,V006,KIT0949,2025-05-20,2025-06-25,2025-06-27,72,72,78.53,5654.16,On Time
PO001972,V013,UTL1093,2026-03-08,2026-03-31,2026-03-30,96,84,7.0,672.0,On Time
PO001973,V003,DEC0117,2026-05-14,2026-07-15,2026-07-21,24,24,11.78,282.72,Late
PO001974,V003,KIT0866,2025-10-18,2025-12-19,2025-12-12,120,120,37.97,4556.4,On Time
PO001975,V009,DEC0132,2026-03-14,2026-05-01,2026-05-01,96,96,45.83,4399.68,On Time
PO001976,V009,LGT1775,2025-04-13,2025-05-31,2025-05-30,72,72,110.02,7921.44,On Time
PO001977,V019,FUR0574,2025-08-15,2025-09-19,2025-09-25,24,24,176.25,4230.0,Late
PO001978,V001,WAL0197,2025-10-09,2025-11-09,2025-11-07,96,84,27.23,2614.08,On Time
PO001979,V011,TEX0470,2025-07-30,2025-09-10,2025-09-15,96,90,31.56,3029.76,Late
PO001980,V008,WIN2089,2025-07-01,2025-08-13,2025-08-14,120,120,35.71,4285.2,On Time
PO001981,V019,FUR0594,2025-12-06,2026-01-10,2026-01-10,96,90,64.93,6233.28,On Time
PO001982,V003,TAB0786,2025-04-13,2025-06-14,2025-06-12,36,36,246.3,8866.8,On Time
PO001983,V011,SUM2064,2026-04-01,2026-05-13,2026-05-17,72,72,56.87,4094.64,Late
PO001984,V005,FUR0666,2025-02-19,2025-04-01,2025-04-07,120,120,212.33,25479.6,Late
PO001985,V019,TOW1451,2025-07-02,2025-08-06,2025-08-07,36,30,22.04,793.44,On Time
PO001986,V010,BTH1567,2025-04-01,2025-05-23,2025-05-25,72,72,20.88,1503.36,On Time
PO001987,V010,TAB0798,2025-04-29,2025-06-20,2025-06-23,72,72,272.9,19648.8,Late
PO001988,V005,SRV1032,2025-08-31,2025-10-11,2025-10-11,72,72,16.69,1201.68,On Time
PO001989,V019,UTL1111,2025-06-06,2025-07-11,2025-07-15,36,24,7.11,255.96,Late
PO001990,V008,PIL1392,2025-10-02,2025-11-14,2025-11-15,72,72,44.36,3193.92,On Time
PO001991,V013,TOW1413,2026-06-13,2026-07-06,2026-07-04,36,36,6.42,231.12,On Time
PO001992,V003,SRV0977,2026-03-25,2026-05-26,2026-05-30,48,48,46.56,2234.88,Late
PO001993,V018,BTH1528,2025-05-16,2025-05-31,2025-06-02,96,96,40.18,3857.28,On Time
PO001994,V010,WAL0281,2025-06-26,2025-08-17,2025-08-26,96,96,53.11,5098.56,Late
PO001995,V009,BTH1558,2025-10-06,2025-11-23,2025-11-27,24,24,36.69,880.56,Late
PO001996,V010,BTH1567,2026-03-01,2026-04-22,2026-04-21,120,120,20.88,2505.6,On Time
PO001997,V014,HAL2013,2025-11-06,2025-12-17,2025-12-08,36,36,19.53,703.08,On Time
PO001998,V016,DUV1159,2025-02-24,2025-03-10,2025-03-14,120,102,41.49,4978.8,Late
PO001999,V003,TEX0460,2025-12-21,2026-02-21,2026-02-25,48,48,9.33,447.84,Late
PO002000,V005,BTH1523,2025-07-24,2025-09-03,2025-09-04,120,114,4.71,565.2,On Time
PO002001,V005,ORG1706,2025-06-15,2025-07-26,2025-07-28,36,36,26.82,965.52,On Time
PO002002,V017,KIT0936,2026-04-03,2026-04-18,2026-04-17,36,36,92.99,3347.64,On Time
PO002003,V012,WIN2081,2026-03-25,2026-04-20,2026-04-24,24,6,31.91,765.84,Late
PO002004,V003,SRV1034,2025-12-17,2026-02-17,2026-02-17,48,48,41.54,1993.92,On Time
PO002005,V005,DEC0040,2025-02-26,2025-04-08,2025-04-02,72,72,50.38,3627.36,On Time
PO002006,V004,DUV1209,2026-05-25,2026-06-12,2026-06-14,24,24,132.7,3184.8,On Time
PO002007,V010,FUR0641,2025-05-04,2025-06-25,2025-07-04,120,120,230.85,27702.0,Late
PO002008,V002,HAL2011,2025-08-20,2025-09-24,2025-09-24,24,6,5.87,140.88,On Time
PO002009,V002,PIL1374,2025-06-18,2025-07-23,2025-08-01,96,96,24.19,2322.24,Late
PO002010,V003,SEA0697,2025-09-21,2025-11-22,2025-11-20,72,72,266.45,19184.4,On Time
PO002011,V017,TOW1496,2025-10-07,2025-10-22,2025-10-27,48,48,16.11,773.28,Late
PO002012,V007,WAL0315,2025-07-06,2025-07-26,2025-08-04,96,90,53.4,5126.4,Late
PO002013,V006,SEA0726,2025-07-09,2025-08-14,2025-08-15,24,24,85.42,2050.08,On Time
PO002014,V003,MIR0366,2025-02-02,2025-04-05,2025-04-08,120,120,79.53,9543.6,Late
PO002015,V020,DEC0185,2025-09-01,2025-09-30,2025-09-28,72,72,58.6,4219.2,On Time
PO002016,V013,FUR0570,2026-02-19,2026-03-14,2026-03-11,72,72,101.25,7290.0,On Time
PO002017,V008,DEC0115,2026-05-28,2026-07-10,2026-07-10,24,24,26.45,634.8,On Time
PO002018,V010,CND2138,2025-08-16,2025-10-07,2025-09-27,96,90,20.4,1958.4,On Time
PO002019,V009,BSK1635,2025-07-11,2025-08-28,2025-08-26,24,24,37.93,910.32,On Time
PO002020,V010,TAB0824,2025-08-11,2025-10-02,2025-09-29,24,24,110.25,2646.0,On Time
PO002021,V018,WAL0279,2025-08-01,2025-08-16,2025-08-10,24,24,74.76,1794.24,On Time
PO002022,V004,DUV1209,2025-07-17,2025-08-04,2025-08-06,72,54,132.7,9554.4,On Time
PO002023,V002,PEN1883,2025-12-23,2026-01-27,2026-02-06,24,24,158.25,3798.0,Late
PO002024,V004,KIT0920,2025-07-02,2025-07-20,2025-07-16,48,42,74.65,3583.2,On Time
PO002025,V016,KIT0859,2026-05-15,2026-05-29,2026-06-06,48,48,84.1,4036.8,Late
PO002026,V015,KIT0930,2026-06-28,2026-07-22,2026-07-19,36,36,14.63,526.68,On Time
PO002027,V019,TEX0514,2025-04-21,2025-05-26,2025-05-30,36,36,19.54,703.44,Late
PO002028,V002,DUV1220,2025-04-18,2025-05-23,2025-05-30,36,36,82.17,2958.12,Late
PO002029,V018,UTL1145,2025-07-22,2025-08-06,2025-08-04,36,36,10.53,379.08,On Time
PO002030,V002,DUV1194,2025-06-04,2025-07-09,2025-07-15,72,72,103.48,7450.56,Late
PO002031,V011,SRV1061,2026-07-01,2026-08-12,2026-08-21,120,102,8.93,1071.6,Late
PO002032,V018,DEC0099,2025-04-20,2025-05-05,2025-05-09,72,72,54.36,3913.92,Late
PO002033,V003,CND2154,2026-06-13,2026-08-14,2026-08-10,72,54,25.05,1803.6,On Time
PO002034,V010,CND2138,2025-10-02,2025-11-23,2025-11-25,24,24,20.4,489.6,On Time
PO002035,V012,TAB0773,2025-07-24,2025-08-19,2025-08-23,36,18,263.04,9469.44,Late
PO002036,V008,WAL0335,2025-05-13,2025-06-25,2025-06-17,120,120,46.53,5583.6,On Time
PO002037,V016,TEX0513,2025-11-29,2025-12-13,2025-12-23,120,120,10.36,1243.2,Late
PO002038,V019,SEA0725,2026-04-09,2026-05-14,2026-05-08,36,36,117.35,4224.6,On Time
PO002039,V003,WAL0223,2026-06-11,2026-08-12,2026-08-18,48,48,81.74,3923.52,Late
PO002040,V005,PIL1403,2025-11-13,2025-12-24,2025-12-13,120,120,13.85,1662.0,On Time
PO002041,V010,UTL1084,2026-04-05,2026-05-27,2026-05-31,96,96,26.21,2516.16,Late
PO002042,V008,SHL1678,2025-10-27,2025-12-09,2025-12-11,24,24,66.2,1588.8,On Time
PO002043,V009,FUR0658,2026-05-22,2026-07-09,2026-07-10,72,72,118.23,8512.56,On Time
PO002044,V014,TEX0530,2025-12-26,2026-02-05,2026-02-13,36,36,14.1,507.6,Late
PO002045,V009,CHR1975,2025-06-06,2025-07-24,2025-07-27,120,120,38.4,4608.0,Late
PO002046,V007,KIT0969,2025-02-23,2025-03-15,2025-03-21,96,96,34.92,3352.32,Late
PO002047,V004,CND2163,2025-09-15,2025-10-03,2025-10-02,36,36,19.52,702.72,On Time
PO002048,V011,DEC0098,2025-12-18,2026-01-29,2026-02-13,48,42,13.17,632.16,Late
PO002049,V014,DEC0136,2025-11-15,2025-12-26,2025-12-28,96,96,20.59,1976.64,On Time
PO002050,V001,ORG1737,2026-06-13,2026-07-14,2026-07-13,36,36,29.12,1048.32,On Time
PO002051,V004,SUM2057,2025-09-23,2025-10-11,2025-10-05,72,72,52.31,3766.32,On Time
PO002052,V015,FLR1839,2026-05-17,2026-06-10,2026-06-18,72,72,153.33,11039.76,Late
PO002053,V014,TOW1459,2025-12-27,2026-02-06,2026-01-29,96,96,32.4,3110.4,On Time
PO002054,V002,DUV1197,2026-03-22,2026-04-26,2026-05-08,72,72,65.19,4693.68,Late
PO002055,V017,TAB0768,2026-04-19,2026-05-04,2026-05-09,24,24,251.88,6045.12,Late
PO002056,V016,TAB0779,2026-05-06,2026-05-20,2026-06-05,36,18,301.6,10857.6,Late
PO002057,V004,TEX0500,2025-03-20,2025-04-07,2025-04-02,72,72,21.91,1577.52,On Time
PO002058,V011,FLR1878,2025-06-16,2025-07-28,2025-07-29,36,18,144.93,5217.48,On Time
PO002059,V009,PIL1338,2026-03-03,2026-04-20,2026-04-17,120,114,41.21,4945.2,On Time
PO002060,V011,SEA0747,2025-05-03,2025-06-14,2025-06-26,36,36,170.22,6127.92,Late
PO002061,V011,SUM2024,2026-06-16,2026-07-28,2026-08-02,24,12,49.61,1190.64,Late
PO002062,V009,FRM2215,2025-09-21,2025-11-08,2025-11-17,36,36,33.5,1206.0,Late
PO002063,V018,SUM2042,2025-03-28,2025-04-12,2025-04-04,120,120,72.46,8695.2,On Time
PO002064,V007,KIT0969,2025-12-03,2025-12-23,2025-12-26,36,24,34.92,1257.12,Late
PO002065,V017,ORG1759,2026-06-06,2026-06-21,2026-06-25,36,36,31.08,1118.88,Late
PO002066,V005,KIT0960,2026-05-21,2026-07-01,2026-06-27,72,72,73.28,5276.16,On Time
PO002067,V006,WAL0255,2025-05-31,2025-07-06,2025-07-07,24,24,30.76,738.24,On Time
PO002068,V005,BTH1552,2025-02-15,2025-03-28,2025-03-20,36,36,5.96,214.56,On Time
PO002069,V003,PIL1366,2026-04-13,2026-06-14,2026-06-11,96,96,21.63,2076.48,On Time
PO002070,V003,FUR0583,2025-02-03,2025-04-06,2025-04-12,48,48,228.6,10972.8,Late
PO002071,V011,SRV1027,2025-03-03,2025-04-14,2025-04-19,72,72,63.36,4561.92,Late
PO002072,V006,GFT2223,2026-07-07,2026-08-12,2026-08-10,48,48,25.38,1218.24,On Time
PO002073,V010,TAB0838,2025-03-26,2025-05-17,2025-05-21,48,48,153.19,7353.12,Late
PO002074,V012,PIL1387,2026-05-28,2026-06-23,2026-06-23,48,30,23.2,1113.6,On Time
PO002075,V013,FUR0576,2026-04-22,2026-05-15,2026-05-09,72,72,70.1,5047.2,On Time
PO002076,V004,MIR0429,2025-04-14,2025-05-02,2025-05-08,48,48,68.32,3279.36,Late
PO002077,V020,CHR1968,2025-02-23,2025-03-24,2025-03-23,36,36,12.45,448.2,On Time
PO002078,V013,SHT1296,2025-03-19,2025-04-11,2025-04-04,48,48,63.57,3051.36,On Time
PO002079,V011,UTL1147,2025-07-08,2025-08-19,2025-09-05,24,24,29.46,707.04,Late
PO002080,V004,TOW1449,2025-10-15,2025-11-02,2025-11-05,48,48,13.47,646.56,Late
PO002081,V010,BSK1607,2025-04-20,2025-06-11,2025-06-11,120,108,18.68,2241.6,On Time
PO002082,V015,PIL1396,2025-04-17,2025-05-11,2025-05-10,48,36,33.56,1610.88,On Time
PO002083,V006,SEA0726,2026-04-19,2026-05-25,2026-05-24,48,48,85.42,4100.16,On Time
PO002084,V012,SUM2021,2025-02-24,2025-03-22,2025-03-22,96,96,32.1,3081.6,On Time
PO002085,V016,SRV1025,2025-08-02,2025-08-16,2025-08-22,120,120,29.29,3514.8,Late
PO002086,V018,SRV0979,2026-04-11,2026-04-26,2026-04-27,96,96,52.3,5020.8,On Time
PO002087,V016,WAL0259,2025-11-23,2025-12-07,2025-12-10,48,48,51.59,2476.32,Late
PO002088,V020,SRV1037,2025-07-18,2025-08-16,2025-08-10,48,30,36.76,1764.48,On Time
PO002089,V010,BSK1595,2025-04-18,2025-06-09,2025-06-10,36,36,20.42,735.12,On Time
PO002090,V018,UTL1145,2026-03-06,2026-03-21,2026-03-24,96,96,10.53,1010.88,Late
PO002091,V015,CHR1979,2025-11-20,2025-12-14,2025-12-13,24,24,74.45,1786.8,On Time
PO002092,V007,WAL0289,2026-01-31,2026-02-20,2026-03-01,96,96,25.21,2420.16,Late
PO002093,V013,KIT0856,2025-05-26,2025-06-18,2025-06-28,24,24,64.24,1541.76,Late
PO002094,V009,SEA0681,2026-07-02,2026-08-19,2026-08-16,120,120,175.22,21026.4,On Time
PO002095,V005,TEX0463,2025-07-22,2025-09-01,2025-09-04,72,72,38.33,2759.76,Late
PO002096,V009,BTH1558,2026-05-01,2026-06-18,2026-06-15,48,48,36.69,1761.12,On Time
PO002097,V002,SUM2063,2025-04-26,2025-05-31,2025-06-04,96,96,24.38,2340.48,Late
PO002098,V010,KIT0898,2025-09-13,2025-11-04,2025-11-10,120,120,85.07,10208.4,Late
PO002099,V013,SEA0750,2026-05-30,2026-06-22,2026-06-21,48,48,117.48,5639.04,On Time
PO002100,V017,TAB0828,2025-03-04,2025-03-19,2025-03-26,72,72,290.03,20882.16,Late
PO002101,V012,DUV1221,2026-03-25,2026-04-20,2026-04-15,72,72,52.24,3761.28,On Time
PO002102,V009,BTH1535,2025-09-11,2025-10-29,2025-10-27,96,96,29.77,2857.92,On Time
PO002103,V004,MIR0423,2025-09-13,2025-10-01,2025-09-28,48,48,66.65,3199.2,On Time
PO002104,V011,TOW1458,2025-03-14,2025-04-25,2025-04-30,120,120,10.89,1306.8,Late
PO002105,V002,LGT1791,2025-06-23,2025-07-28,2025-08-04,96,96,33.7,3235.2,Late
PO002106,V007,SEA0686,2026-04-05,2026-04-25,2026-04-24,120,120,284.93,34191.6,On Time
PO002107,V015,ORG1730,2026-05-12,2026-06-05,2026-06-08,48,48,44.46,2134.08,Late
PO002108,V011,CHR1961,2025-09-06,2025-10-18,2025-11-04,36,30,73.53,2647.08,Late
PO002109,V009,FUR0595,2025-04-28,2025-06-15,2025-06-28,120,114,113.99,13678.8,Late
PO002110,V019,FUR0585,2026-03-17,2026-04-21,2026-04-22,36,36,57.78,2080.08,On Time
PO002111,V014,KIT0890,2025-03-04,2025-04-14,2025-04-07,72,72,23.89,1720.08,On Time
PO002112,V009,SRV1038,2026-01-22,2026-03-11,2026-03-09,96,96,28.21,2708.16,On Time
PO002113,V003,PIL1337,2025-02-18,2025-04-21,2025-05-01,120,120,25.86,3103.2,Late
PO002114,V009,CND2152,2025-02-10,2025-03-30,2025-03-29,120,108,22.96,2755.2,On Time
PO002115,V019,SHL1682,2025-02-01,2025-03-08,2025-03-09,120,120,59.49,7138.8,On Time
PO002116,V008,DEC0058,2025-06-27,2025-08-09,2025-08-09,72,72,28.86,2077.92,On Time
PO002117,V006,SUM2023,2025-04-07,2025-05-13,2025-05-07,96,96,14.27,1369.92,On Time
PO002118,V012,SHT1233,2026-05-02,2026-05-28,2026-05-21,24,24,39.66,951.84,On Time
PO002119,V012,DUV1221,2025-07-28,2025-08-23,2025-08-29,48,48,52.24,2507.52,Late
PO002120,V016,DEC0042,2025-06-10,2025-06-24,2025-07-05,24,24,31.91,765.84,Late
PO002121,V005,SUM2060,2026-05-03,2026-06-13,2026-06-17,36,36,26.27,945.72,Late
PO002122,V005,CHR1929,2025-12-18,2026-01-28,2026-02-05,96,96,71.25,6840.0,Late
PO002123,V013,SUM2056,2025-06-28,2025-07-21,2025-07-22,96,96,30.54,2931.84,On Time
PO002124,V014,MIR0419,2025-07-30,2025-09-09,2025-09-05,24,24,33.72,809.28,On Time
PO002125,V006,BSK1623,2026-07-06,2026-08-11,2026-08-06,36,36,23.69,852.84,On Time
PO002126,V003,SHT1326,2026-03-31,2026-06-01,2026-05-29,36,36,68.32,2459.52,On Time
PO002127,V012,SHT1290,2025-10-05,2025-10-31,2025-11-02,48,48,26.08,1251.84,On Time
PO002128,V004,SRV0997,2025-03-10,2025-03-28,2025-03-25,96,96,47.38,4548.48,On Time
PO002129,V014,TAB0796,2025-10-07,2025-11-17,2025-11-19,36,36,243.56,8768.16,On Time
PO002130,V015,SHT1293,2025-03-04,2025-03-28,2025-03-28,24,24,65.53,1572.72,On Time
PO002131,V008,TOW1472,2025-08-25,2025-10-07,2025-10-09,24,24,19.01,456.24,On Time
PO002132,V016,TEX0525,2025-12-10,2025-12-24,2026-01-06,36,24,39.23,1412.28,Late
PO002133,V013,FRM2193,2026-05-20,2026-06-12,2026-06-09,72,72,33.27,2395.44,On Time
PO002134,V016,DEC0162,2026-05-12,2026-05-26,2026-05-26,36,36,47.72,1717.92,On Time
PO002135,V001,DUV1211,2025-04-14,2025-05-15,2025-05-12,96,96,125.65,12062.4,On Time
PO002136,V013,PIL1393,2026-04-17,2026-05-10,2026-04-28,96,96,43.86,4210.56,On Time
PO002137,V009,PIL1338,2025-09-01,2025-10-19,2025-10-11,36,36,41.21,1483.56,On Time
PO002138,V005,DUV1186,2025-03-17,2025-04-27,2025-05-03,24,24,91.12,2186.88,Late
PO002139,V012,SRV1033,2026-05-27,2026-06-22,2026-06-27,72,72,46.92,3378.24,Late
PO002140,V004,KIT0920,2025-12-23,2026-01-10,2026-01-15,96,96,74.65,7166.4,Late
PO002141,V004,UTL1143,2026-04-16,2026-05-04,2026-05-01,36,36,11.99,431.64,On Time
PO002142,V006,GFT2223,2025-04-04,2025-05-10,2025-05-06,72,72,25.38,1827.36,On Time
PO002143,V017,LGT1828,2026-03-13,2026-03-28,2026-03-25,72,72,43.14,3106.08,On Time
PO002144,V011,FLR1841,2026-01-30,2026-03-13,2026-03-16,48,48,70.67,3392.16,Late
PO002145,V001,CND2157,2025-08-11,2025-09-11,2025-09-11,36,36,35.62,1282.32,On Time
PO002146,V016,PEN1905,2026-01-28,2026-02-11,2026-02-11,24,6,124.54,2988.96,On Time
PO002147,V012,DEC0064,2026-05-27,2026-06-22,2026-06-16,36,36,47.08,1694.88,On Time
PO002148,V004,MIR0417,2025-09-23,2025-10-11,2025-10-13,36,24,73.5,2646.0,On Time
PO002149,V009,DEC0132,2025-07-05,2025-08-22,2025-08-24,96,96,45.83,4399.68,On Time
PO002150,V006,WAL0303,2025-09-20,2025-10-26,2025-10-25,96,96,32.31,3101.76,On Time
PO002151,V006,SHT1329,2025-05-28,2025-07-03,2025-07-08,48,48,42.33,2031.84,Late
PO002152,V003,DEC0117,2025-05-08,2025-07-09,2025-07-19,36,36,11.78,424.08,Late
PO002153,V009,SHT1315,2025-04-04,2025-05-22,2025-05-21,96,96,25.64,2461.44,On Time
PO002154,V008,LGT1835,2026-03-15,2026-04-27,2026-05-04,120,120,60.06,7207.2,Late
PO002155,V001,WIN2074,2026-02-12,2026-03-15,2026-03-15,36,36,47.59,1713.24,On Time
PO002156,V004,TEX0520,2026-02-14,2026-03-04,2026-03-11,120,114,27.06,3247.2,Late
PO002157,V007,BSK1618,2025-07-29,2025-08-18,2025-08-26,24,24,20.67,496.08,Late
PO002158,V013,FUR0670,2025-06-09,2025-07-02,2025-06-24,36,36,183.97,6622.92,On Time
PO002159,V009,TEX0541,2025-08-05,2025-09-22,2025-09-30,24,24,49.45,1186.8,Late
PO002160,V015,DEC0019,2026-01-02,2026-01-26,2026-01-21,48,48,30.39,1458.72,On Time
PO002161,V017,KIT0922,2025-11-19,2025-12-04,2025-11-30,72,72,35.75,2574.0,On Time
PO002162,V010,PIL1381,2025-04-30,2025-06-21,2025-06-23,24,24,29.63,711.12,On Time
PO002163,V010,DUV1178,2025-11-28,2026-01-19,2026-01-23,120,120,73.23,8787.6,Late
PO002164,V014,CND2167,2025-12-21,2026-01-31,2026-02-05,72,72,33.6,2419.2,Late
PO002165,V001,FUR0608,2025-06-27,2025-07-28,2025-08-05,24,24,189.9,4557.6,Late
PO002166,V001,DUV1160,2025-10-04,2025-11-04,2025-11-02,96,96,47.53,4562.88,On Time
PO002167,V014,TEX0439,2025-03-12,2025-04-22,2025-04-21,36,36,10.64,383.04,On Time
PO002168,V009,TOW1475,2025-11-12,2025-12-30,2026-01-06,72,72,25.8,1857.6,Late
PO002169,V010,CHR1941,2026-02-23,2026-04-16,2026-04-19,96,96,23.15,2222.4,Late
PO002170,V010,DUV1158,2025-06-24,2025-08-15,2025-08-08,120,120,59.26,7111.2,On Time
PO002171,V004,BSK1609,2025-10-02,2025-10-20,2025-10-17,96,90,47.92,4600.32,On Time
PO002172,V004,FUR0620,2025-11-08,2025-11-26,2025-11-28,48,48,232.19,11145.12,On Time
PO002173,V012,UTL1127,2025-03-10,2025-04-05,2025-03-31,24,24,27.4,657.6,On Time
PO002174,V001,WAL0300,2026-06-25,2026-07-26,2026-07-25,72,72,45.39,3268.08,On Time
PO002175,V007,SEA0686,2026-03-05,2026-03-25,2026-04-01,72,72,284.93,20514.96,Late
PO002176,V009,SEA0755,2025-04-03,2025-05-21,2025-05-20,36,36,153.29,5518.44,On Time
PO002177,V009,TEX0535,2026-02-08,2026-03-28,2026-04-01,96,96,33.94,3258.24,Late
PO002178,V003,SRV1063,2025-08-10,2025-10-11,2025-10-08,36,36,39.48,1421.28,On Time
PO002179,V015,PIL1402,2025-03-11,2025-04-04,2025-04-12,96,96,36.21,3476.16,Late
PO002180,V018,SUM2028,2026-06-07,2026-06-22,2026-06-22,36,36,66.91,2408.76,On Time
PO002181,V007,DEC0055,2026-02-27,2026-03-19,2026-03-26,72,72,18.74,1349.28,Late
PO002182,V002,PIL1374,2025-10-23,2025-11-27,2025-12-06,72,72,24.19,1741.68,Late
PO002183,V017,WIN2099,2025-02-04,2025-02-19,2025-02-18,72,72,16.34,1176.48,On Time
PO002184,V004,DUV1226,2025-12-01,2025-12-19,2025-12-16,120,120,136.1,16332.0,On Time
PO002185,V019,ORG1745,2025-10-08,2025-11-12,2025-11-14,120,120,8.28,993.6,On Time
PO002186,V008,DEC0115,2025-11-12,2025-12-25,2025-12-24,24,24,26.45,634.8,On Time
PO002187,V010,BTH1567,2025-04-01,2025-05-23,2025-05-26,72,72,20.88,1503.36,Late
PO002188,V012,PEN1890,2026-07-08,2026-08-03,2026-08-08,36,36,155.57,5600.52,Late
PO002189,V017,TOW1496,2025-06-02,2025-06-17,2025-06-20,24,6,16.11,386.64,Late
PO002190,V013,TEX0444,2026-05-14,2026-06-06,2026-06-14,96,96,45.21,4340.16,Late
PO002191,V016,CHR1959,2026-05-01,2026-05-15,2026-05-20,36,36,25.57,920.52,Late
PO002192,V012,CHR1933,2026-04-22,2026-05-18,2026-05-19,36,36,48.68,1752.48,On Time
PO002193,V001,HAL2017,2025-10-18,2025-11-18,2025-11-19,120,120,38.61,4633.2,On Time
PO002194,V005,CHR1949,2025-10-29,2025-12-09,2025-12-05,24,24,78.65,1887.6,On Time
PO002195,V012,DUV1184,2025-10-18,2025-11-13,2025-11-20,72,72,73.93,5322.96,Late
PO002196,V006,SRV1023,2026-01-16,2026-02-21,2026-02-21,48,48,7.54,361.92,On Time
PO002197,V014,SRV1047,2025-12-04,2026-01-14,2026-01-10,72,72,56.95,4100.4,On Time
PO002198,V001,TOW1457,2025-10-06,2025-11-06,2025-11-06,24,24,20.01,480.24,On Time
PO002199,V011,BSK1581,2025-10-06,2025-11-17,2025-11-27,96,78,39.83,3823.68,Late
PO002200,V008,HAL1989,2025-08-30,2025-10-12,2025-10-09,72,72,41.05,2955.6,On Time
PO002201,V010,HAL2015,2025-08-11,2025-10-02,2025-10-05,24,24,17.34,416.16,Late
PO002202,V002,PIL1360,2025-06-01,2025-07-06,2025-07-08,48,48,30.0,1440.0,On Time
PO002203,V009,DEC0141,2025-08-04,2025-09-21,2025-09-30,96,96,22.77,2185.92,Late
PO002204,V008,DEC0118,2025-11-15,2025-12-28,2026-01-02,120,120,45.55,5466.0,Late
PO002205,V003,ORG1766,2026-01-11,2026-03-14,2026-03-10,48,30,20.1,964.8,On Time
PO002206,V017,KIT0948,2025-05-19,2025-06-03,2025-06-07,96,96,34.48,3310.08,Late
PO002207,V006,TEX0509,2025-10-23,2025-11-28,2025-11-28,24,24,47.7,1144.8,On Time
PO002208,V005,ORG1706,2025-12-25,2026-02-04,2026-02-10,120,102,26.82,3218.4,Late
PO002209,V009,SRV1024,2025-12-31,2026-02-17,2026-02-22,48,48,29.01,1392.48,Late
PO002210,V001,ORG1737,2026-04-19,2026-05-20,2026-05-26,96,96,29.12,2795.52,Late
PO002211,V014,LGT1833,2026-01-18,2026-02-28,2026-03-05,96,96,92.09,8840.64,Late
PO002212,V017,TOW1482,2025-11-21,2025-12-06,2025-12-01,48,48,25.43,1220.64,On Time
PO002213,V003,WAL0326,2026-07-05,2026-09-05,2026-08-29,24,18,66.91,1605.84,On Time
PO002214,V016,TEX0525,2025-05-20,2025-06-03,2025-06-08,48,48,39.23,1883.04,Late
PO002215,V005,KIT0940,2026-02-18,2026-03-31,2026-04-07,120,120,37.88,4545.6,Late
PO002216,V010,CHR1927,2025-09-10,2025-11-01,2025-10-31,72,72,36.16,2603.52,On Time
PO002217,V005,UTL1083,2025-11-26,2026-01-06,2026-01-14,72,72,28.85,2077.2,Late
PO002218,V005,PIL1403,2026-02-16,2026-03-29,2026-04-03,72,72,13.85,997.2,Late
PO002219,V001,PEN1911,2025-05-26,2025-06-26,2025-06-24,36,36,66.57,2396.52,On Time
PO002220,V020,CHR1968,2025-11-03,2025-12-02,2025-12-03,120,120,12.45,1494.0,On Time
PO002221,V017,DEC0105,2025-10-16,2025-10-31,2025-11-07,36,36,37.48,1349.28,Late
PO002222,V004,TAB0826,2025-06-19,2025-07-07,2025-07-17,120,120,222.21,26665.2,Late
PO002223,V017,BSK1599,2025-06-13,2025-06-28,2025-06-22,72,72,22.03,1586.16,On Time
PO002224,V017,DUV1168,2025-05-12,2025-05-27,2025-05-24,72,72,93.84,6756.48,On Time
PO002225,V010,UTL1081,2026-03-01,2026-04-22,2026-04-22,120,120,25.31,3037.2,On Time
PO002226,V005,TAB0769,2025-04-21,2025-06-01,2025-06-01,24,24,83.86,2012.64,On Time
PO002227,V008,DEC0058,2026-04-15,2026-05-28,2026-05-24,24,24,28.86,692.64,On Time
PO002228,V001,FUR0608,2026-02-17,2026-03-20,2026-03-21,72,72,189.9,13672.8,On Time
PO002229,V001,TAB0848,2025-09-25,2025-10-26,2025-10-21,96,96,112.97,10845.12,On Time
PO002230,V011,SRV1050,2025-07-13,2025-08-24,2025-08-31,72,72,37.34,2688.48,Late
PO002231,V013,PIL1344,2025-04-08,2025-05-01,2025-04-28,36,36,45.55,1639.8,On Time
PO002232,V011,FUR0564,2025-09-07,2025-10-19,2025-10-19,120,120,164.57,19748.4,On Time
PO002233,V012,SRV1033,2025-03-04,2025-03-30,2025-03-31,96,96,46.92,4504.32,On Time
PO002234,V008,SUM2049,2025-11-08,2025-12-21,2025-12-26,120,120,60.9,7308.0,Late
PO002235,V007,TEX0492,2025-04-12,2025-05-02,2025-05-09,96,78,14.56,1397.76,Late
PO002236,V004,WAL0320,2026-05-23,2026-06-10,2026-06-10,36,36,39.86,1434.96,On Time
PO002237,V003,DEC0014,2025-06-19,2025-08-20,2025-08-20,96,96,19.88,1908.48,On Time
PO002238,V005,DEC0149,2025-12-29,2026-02-08,2026-02-10,24,24,35.17,844.08,On Time
PO002239,V020,FUR0588,2025-08-07,2025-09-05,2025-09-14,48,48,107.69,5169.12,Late
PO002240,V019,FUR0651,2026-06-15,2026-07-20,2026-07-15,96,96,189.57,18198.72,On Time
PO002241,V001,TEX0440,2025-11-07,2025-12-08,2025-12-10,120,120,27.32,3278.4,On Time
PO002242,V007,WAL0309,2025-02-02,2025-02-22,2025-02-24,36,36,37.25,1341.0,On Time
PO002243,V003,MIR0366,2025-07-25,2025-09-25,2025-10-06,24,24,79.53,1908.72,Late
PO002244,V007,WAL0258,2025-08-27,2025-09-16,2025-09-26,48,48,65.85,3160.8,Late
PO002245,V018,SHT1262,2025-03-10,2025-03-25,2025-03-17,96,96,65.61,6298.56,On Time
PO002246,V008,WAL0195,2025-03-30,2025-05-12,2025-05-06,96,96,48.11,4618.56,On Time
PO002247,V005,UTL1083,2025-07-26,2025-09-05,2025-09-04,48,48,28.85,1384.8,On Time
PO002248,V002,FLR1863,2026-01-05,2026-02-09,2026-02-14,72,72,111.27,8011.44,Late
PO002249,V013,PEN1913,2025-04-26,2025-05-19,2025-05-21,36,36,127.57,4592.52,On Time
PO002250,V009,TOW1418,2025-04-21,2025-06-08,2025-06-15,24,12,32.57,781.68,Late
PO002251,V018,SEA0739,2025-08-09,2025-08-24,2025-08-26,36,36,150.41,5414.76,On Time
PO002252,V015,PIL1376,2025-08-21,2025-09-14,2025-09-11,120,120,17.59,2110.8,On Time
PO002253,V011,KIT0964,2025-03-17,2025-04-28,2025-05-03,36,36,49.93,1797.48,Late
PO002254,V016,BTH1505,2026-01-18,2026-02-01,2026-02-09,72,72,17.98,1294.56,Late
PO002255,V011,MIR0387,2026-04-01,2026-05-13,2026-05-23,24,12,86.06,2065.44,Late
PO002256,V016,SRV1036,2025-04-05,2025-04-19,2025-04-30,72,60,50.28,3620.16,Late
PO002257,V008,LGT1818,2025-02-17,2025-04-01,2025-03-30,48,48,58.21,2794.08,On Time
PO002258,V018,MIR0422,2025-04-16,2025-05-01,2025-05-07,72,72,62.92,4530.24,Late
PO002259,V019,TAB0814,2026-03-30,2026-05-04,2026-05-02,96,96,134.87,12947.52,On Time
PO002260,V002,SHL1657,2026-01-01,2026-02-05,2026-02-08,96,96,78.8,7564.8,Late
PO002261,V011,TAB0770,2025-12-18,2026-01-29,2026-01-31,24,24,305.31,7327.44,On Time
PO002262,V001,BTH1531,2026-06-22,2026-07-23,2026-07-25,36,36,11.96,430.56,On Time
PO002263,V002,TOW1420,2025-10-20,2025-11-24,2025-11-26,120,120,35.14,4216.8,On Time
PO002264,V004,TOW1489,2025-05-01,2025-05-19,2025-05-24,48,48,6.03,289.44,Late
PO002265,V018,FLR1845,2025-06-01,2025-06-16,2025-06-18,120,120,176.25,21150.0,On Time
PO002266,V002,FRM2197,2025-05-02,2025-06-06,2025-06-14,72,72,17.37,1250.64,Late
PO002267,V017,MIR0388,2026-01-15,2026-01-30,2026-01-28,24,24,112.9,2709.6,On Time
PO002268,V006,TEX0446,2026-06-28,2026-08-03,2026-07-31,24,24,20.07,481.68,On Time
PO002269,V005,CHR1960,2025-07-29,2025-09-08,2025-09-19,120,120,56.81,6817.2,Late
PO002270,V003,TAB0786,2025-07-20,2025-09-20,2025-09-23,96,78,246.3,23644.8,Late
PO002271,V009,LGT1775,2026-04-25,2026-06-12,2026-06-03,24,24,110.02,2640.48,On Time
PO002272,V013,DUV1210,2025-06-28,2025-07-21,2025-07-24,36,36,42.34,1524.24,Late
PO002273,V015,ORG1736,2026-04-02,2026-04-26,2026-04-28,120,120,42.84,5140.8,On Time
PO002274,V004,TOW1466,2025-06-16,2025-07-04,2025-07-05,96,96,15.05,1444.8,On Time
PO002275,V008,BTH1515,2026-04-15,2026-05-28,2026-05-29,24,24,21.78,522.72,On Time
PO002276,V014,WAL0350,2025-12-06,2026-01-16,2026-01-21,120,120,31.33,3759.6,Late
PO002277,V012,CND2127,2025-05-01,2025-05-27,2025-05-30,48,48,27.33,1311.84,Late
PO002278,V006,FUR0592,2026-02-08,2026-03-16,2026-03-11,72,72,195.57,14081.04,On Time
PO002279,V010,PIL1375,2026-03-10,2026-05-01,2026-05-04,120,120,22.87,2744.4,Late
PO002280,V017,KIT0896,2025-02-01,2025-02-16,2025-02-13,36,18,17.67,636.12,On Time
PO002281,V012,DEC0021,2026-06-06,2026-07-02,2026-07-07,96,96,21.38,2052.48,Late
PO002282,V013,SHL1693,2025-03-26,2025-04-18,2025-04-21,96,96,47.47,4557.12,Late
PO002283,V006,SHT1329,2026-05-14,2026-06-19,2026-06-29,72,72,42.33,3047.76,Late
PO002284,V016,DUV1202,2025-10-21,2025-11-04,2025-10-30,120,120,44.64,5356.8,On Time
PO002285,V005,WAL0206,2025-05-30,2025-07-10,2025-07-09,120,102,64.47,7736.4,On Time
PO002286,V019,MIR0411,2026-02-11,2026-03-18,2026-03-13,24,24,84.73,2033.52,On Time
PO002287,V017,TAB0788,2025-12-24,2026-01-08,2026-01-09,72,72,215.96,15549.12,On Time
PO002288,V009,SHT1315,2025-02-15,2025-04-04,2025-04-02,36,36,25.64,923.04,On Time
PO002289,V017,PIL1348,2025-07-27,2025-08-11,2025-08-17,72,72,28.86,2077.92,Late
PO002290,V014,TAB0796,2025-07-25,2025-09-04,2025-09-12,72,72,243.56,17536.32,Late
PO002291,V006,FUR0592,2026-02-23,2026-03-31,2026-04-02,24,24,195.57,4693.68,On Time
PO002292,V004,LGT1786,2026-04-01,2026-04-19,2026-04-14,72,72,49.21,3543.12,On Time
PO002293,V020,SHT1317,2025-10-20,2025-11-18,2025-11-21,120,120,23.48,2817.6,Late
PO002294,V006,LGT1812,2025-05-29,2025-07-04,2025-07-07,48,48,92.81,4454.88,Late
PO002295,V004,DUV1226,2025-09-28,2025-10-16,2025-10-21,24,18,136.1,3266.4,Late
PO002296,V013,SHT1273,2025-10-09,2025-11-01,2025-11-02,96,96,72.36,6946.56,On Time
PO002297,V014,WAL0347,2026-03-29,2026-05-09,2026-04-28,48,48,50.34,2416.32,On Time
PO002298,V020,TOW1448,2025-07-12,2025-08-10,2025-08-14,120,120,6.36,763.2,Late
PO002299,V018,KIT0945,2026-03-06,2026-03-21,2026-03-24,48,48,29.25,1404.0,Late
PO002300,V009,SEA0732,2026-02-08,2026-03-28,2026-03-27,72,60,266.59,19194.48,On Time
PO002301,V005,MIR0409,2025-05-12,2025-06-22,2025-06-24,36,36,23.95,862.2,On Time
PO002302,V012,SRV1033,2025-12-28,2026-01-23,2026-01-24,48,36,46.92,2252.16,On Time
PO002303,V015,TAB0793,2026-01-31,2026-02-24,2026-02-24,72,72,176.29,12692.88,On Time
PO002304,V018,LGT1822,2026-05-25,2026-06-09,2026-06-07,24,18,60.72,1457.28,On Time
PO002305,V001,FUR0577,2025-09-03,2025-10-04,2025-10-04,48,48,112.01,5376.48,On Time
PO002306,V020,BTH1517,2025-07-31,2025-08-29,2025-08-27,36,36,31.3,1126.8,On Time
PO002307,V020,FUR0565,2025-12-02,2025-12-31,2025-12-28,48,48,62.39,2994.72,On Time
PO002308,V019,KIT0882,2026-04-05,2026-05-10,2026-05-14,24,24,104.81,2515.44,Late
PO002309,V005,SRV1032,2025-11-19,2025-12-30,2026-01-02,48,48,16.69,801.12,Late
PO002310,V005,PEN1900,2026-02-01,2026-03-14,2026-03-14,96,96,172.28,16538.88,On Time
PO002311,V019,UTL1134,2025-10-21,2025-11-25,2025-11-24,24,24,29.96,719.04,On Time
PO002312,V020,PEN1914,2025-07-16,2025-08-14,2025-08-17,48,48,98.2,4713.6,Late
PO002313,V009,SHT1284,2025-07-30,2025-09-16,2025-09-13,96,96,64.91,6231.36,On Time
PO002314,V001,PIL1354,2025-05-14,2025-06-14,2025-06-13,120,120,46.97,5636.4,On Time
PO002315,V012,SRV1064,2026-02-08,2026-03-06,2026-03-08,36,36,17.63,634.68,On Time
PO002316,V005,DEC0100,2025-05-29,2025-07-09,2025-07-12,96,96,54.53,5234.88,Late
PO002317,V013,DUV1210,2025-11-01,2025-11-24,2025-11-28,72,72,42.34,3048.48,Late
PO002318,V002,MIR0420,2026-05-10,2026-06-14,2026-06-30,120,108,59.96,7195.2,Late
PO002319,V008,GFT2221,2025-06-10,2025-07-23,2025-07-23,72,72,71.29,5132.88,On Time
PO002320,V010,FUR0607,2026-04-30,2026-06-21,2026-06-14,72,72,108.76,7830.72,On Time
PO002321,V017,SRV1076,2025-10-07,2025-10-22,2025-10-14,36,36,25.17,906.12,On Time
PO002322,V010,CHR1941,2026-05-11,2026-07-02,2026-07-10,96,96,23.15,2222.4,Late
PO002323,V002,DEC0083,2026-05-22,2026-06-26,2026-06-30,36,30,26.64,959.04,Late
PO002324,V012,SEA0730,2025-06-09,2025-07-05,2025-07-10,120,120,115.85,13902.0,Late
PO002325,V004,TEX0500,2026-04-12,2026-04-30,2026-04-22,96,96,21.91,2103.36,On Time
PO002326,V018,SHT1271,2026-07-05,2026-07-20,2026-07-19,36,36,83.57,3008.52,On Time
PO002327,V014,TEX0536,2026-06-20,2026-07-31,2026-07-23,24,24,12.82,307.68,On Time
PO002328,V004,FUR0637,2026-02-24,2026-03-14,2026-03-09,96,96,165.18,15857.28,On Time
PO002329,V013,DEC0070,2026-05-18,2026-06-10,2026-06-06,96,96,43.3,4156.8,On Time
PO002330,V001,DUV1228,2026-03-19,2026-04-19,2026-04-22,120,120,52.45,6294.0,Late
PO002331,V020,CHR1965,2026-06-23,2026-07-22,2026-07-22,48,48,19.75,948.0,On Time
PO002332,V004,DUV1206,2025-05-16,2025-06-03,2025-05-29,96,96,72.61,6970.56,On Time
PO002333,V018,GFT2242,2025-11-12,2025-11-27,2025-11-24,72,72,68.54,4934.88,On Time
PO002334,V016,KIT0902,2025-03-03,2025-03-17,2025-04-01,96,84,25.44,2442.24,Late
PO002335,V005,DEC0043,2025-07-23,2025-09-02,2025-09-10,120,120,15.13,1815.6,Late
PO002336,V006,CND2135,2026-04-21,2026-05-27,2026-05-26,96,96,24.18,2321.28,On Time
PO002337,V012,DEC0147,2025-02-17,2025-03-15,2025-03-27,24,24,37.77,906.48,Late
PO002338,V012,SHL1667,2025-07-02,2025-07-28,2025-08-08,120,120,63.64,7636.8,Late
PO002339,V006,SRV1066,2025-02-20,2025-03-28,2025-04-01,36,36,31.87,1147.32,Late
PO002340,V006,KIT0869,2025-02-10,2025-03-18,2025-03-17,72,72,46.77,3367.44,On Time
PO002341,V015,PIL1373,2026-06-21,2026-07-15,2026-07-18,48,30,39.98,1919.04,Late
PO002342,V010,SEA0701,2025-05-16,2025-07-07,2025-07-06,120,108,109.27,13112.4,On Time
PO002343,V004,FRM2189,2025-02-06,2025-02-24,2025-02-23,24,6,20.22,485.28,On Time
PO002344,V004,MIR0429,2025-06-02,2025-06-20,2025-06-16,24,24,68.32,1639.68,On Time
PO002345,V015,FUR0596,2025-09-04,2025-09-28,2025-09-22,48,42,104.49,5015.52,On Time
PO002346,V018,DUV1185,2025-06-09,2025-06-24,2025-06-23,48,48,48.13,2310.24,On Time
PO002347,V012,SHT1304,2026-02-11,2026-03-09,2026-03-10,36,36,28.69,1032.84,On Time
PO002348,V007,FUR0598,2026-03-04,2026-03-24,2026-04-02,36,36,87.92,3165.12,Late
PO002349,V005,BSK1640,2025-10-04,2025-11-14,2025-11-11,48,48,23.99,1151.52,On Time
PO002350,V019,CND2125,2025-06-20,2025-07-25,2025-07-17,24,24,28.65,687.6,On Time
PO002351,V013,FUR0604,2025-05-19,2025-06-11,2025-06-13,48,48,152.96,7342.08,On Time
PO002352,V002,DEC0057,2026-05-22,2026-06-26,2026-06-29,72,72,47.76,3438.72,Late
PO002353,V011,GFT2238,2025-10-30,2025-12-11,2025-12-14,24,24,26.18,628.32,Late
PO002354,V013,LGT1773,2026-02-11,2026-03-06,2026-03-08,24,24,114.47,2747.28,On Time
PO002355,V003,KIT0906,2026-04-19,2026-06-20,2026-06-27,48,48,18.33,879.84,Late
PO002356,V001,SEA0700,2025-11-07,2025-12-08,2025-12-17,36,36,152.87,5503.32,Late
PO002357,V010,FLR1861,2025-05-10,2025-07-01,2025-07-04,96,96,148.29,14235.84,Late
PO002358,V003,TAB0777,2025-06-12,2025-08-13,2025-08-07,24,24,192.78,4626.72,On Time
PO002359,V019,TAB0814,2025-12-01,2026-01-05,2026-01-10,72,72,134.87,9710.64,Late
PO002360,V019,LGT1805,2026-05-18,2026-06-22,2026-06-21,96,96,56.32,5406.72,On Time
PO002361,V016,TEX0496,2026-05-12,2026-05-26,2026-06-07,24,24,37.14,891.36,Late
PO002362,V014,WAL0319,2026-01-20,2026-03-02,2026-02-26,24,6,17.81,427.44,On Time
PO002363,V020,WAL0271,2025-03-23,2025-04-21,2025-04-27,48,48,59.17,2840.16,Late
PO002364,V001,ORG1714,2025-02-14,2025-03-17,2025-03-19,36,36,15.23,548.28,On Time
PO002365,V012,SHL1690,2026-02-25,2026-03-23,2026-03-23,120,102,41.32,4958.4,On Time
PO002366,V014,CND2130,2025-11-18,2025-12-29,2025-12-23,96,96,23.22,2229.12,On Time
PO002367,V015,FLR1870,2025-06-29,2025-07-23,2025-07-25,36,36,79.89,2876.04,On Time
PO002368,V018,WIN2082,2026-04-16,2026-05-01,2026-05-02,72,66,64.65,4654.8,On Time
PO002369,V012,BTH1544,2025-05-15,2025-06-10,2025-06-15,72,72,17.74,1277.28,Late
PO002370,V004,FUR0620,2026-05-28,2026-06-15,2026-06-11,96,96,232.19,22290.24,On Time
PO002371,V004,DUV1226,2025-02-07,2025-02-25,2025-02-22,120,114,136.1,16332.0,On Time
PO002372,V018,TOW1445,2026-06-14,2026-06-29,2026-06-26,24,24,5.72,137.28,On Time
PO002373,V017,TAB0782,2025-12-31,2026-01-15,2026-01-18,120,120,101.35,12162.0,Late
PO002374,V016,DUV1219,2025-10-23,2025-11-06,2025-11-10,24,12,83.93,2014.32,Late
PO002375,V004,PIL1369,2025-11-24,2025-12-12,2025-12-15,120,120,19.84,2380.8,Late
PO002376,V011,DEC0178,2025-11-28,2026-01-09,2026-01-13,24,24,37.9,909.6,Late
PO002377,V003,SRV1054,2025-12-21,2026-02-21,2026-03-02,36,36,22.23,800.28,Late
PO002378,V005,TOW1432,2026-04-07,2026-05-18,2026-05-13,120,120,30.83,3699.6,On Time
PO002379,V010,PEN1895,2025-04-10,2025-06-01,2025-05-31,72,72,62.18,4476.96,On Time
PO002380,V004,UTL1097,2026-04-25,2026-05-13,2026-05-12,96,96,19.97,1917.12,On Time
PO002381,V003,FRM2200,2026-05-24,2026-07-25,2026-07-27,36,36,35.35,1272.6,On Time
PO002382,V009,SEA0758,2026-03-22,2026-05-09,2026-05-10,72,72,118.27,8515.44,On Time
PO002383,V013,FLR1876,2025-02-24,2025-03-19,2025-03-22,96,96,185.21,17780.16,Late
PO002384,V012,BSK1587,2025-10-31,2025-11-26,2025-11-25,72,72,29.24,2105.28,On Time
PO002385,V012,WAL0324,2025-06-30,2025-07-26,2025-07-30,72,72,72.01,5184.72,Late
PO002386,V013,LGT1807,2025-07-17,2025-08-09,2025-08-13,36,36,36.66,1319.76,Late
PO002387,V017,BTH1519,2025-09-11,2025-09-26,2025-09-30,72,72,7.85,565.2,Late
PO002388,V016,HAL2016,2026-04-16,2026-04-30,2026-05-04,36,36,16.73,602.28,Late
PO002389,V020,DEC0165,2026-02-06,2026-03-07,2026-03-07,72,72,55.88,4023.36,On Time
PO002390,V006,WAL0343,2026-05-09,2026-06-14,2026-06-16,48,48,58.42,2804.16,On Time
PO002391,V004,WAL0246,2025-02-19,2025-03-09,2025-03-06,48,48,76.0,3648.0,On Time
PO002392,V010,CHR1927,2025-11-23,2026-01-14,2026-01-12,96,96,36.16,3471.36,On Time
PO002393,V008,SEA0695,2026-06-10,2026-07-23,2026-07-30,36,36,373.1,13431.6,Late
PO002394,V010,HAL1998,2025-03-26,2025-05-17,2025-05-21,96,96,23.41,2247.36,Late
PO002395,V014,WAL0347,2026-05-28,2026-07-08,2026-07-02,36,36,50.34,1812.24,On Time
PO002396,V014,WAL0273,2025-06-06,2025-07-17,2025-07-18,120,120,66.33,7959.6,On Time
PO002397,V018,PEN1919,2025-02-10,2025-02-25,2025-02-28,24,24,124.9,2997.6,Late
PO002398,V009,LGT1804,2026-06-17,2026-08-04,2026-08-09,96,96,53.14,5101.44,Late
PO002399,V012,CHR1981,2026-05-22,2026-06-17,2026-06-16,48,48,37.65,1807.2,On Time
PO002400,V016,BTH1505,2025-04-01,2025-04-15,2025-04-18,36,36,17.98,647.28,Late
PO002401,V019,SRV1005,2026-02-14,2026-03-21,2026-03-21,72,72,26.99,1943.28,On Time
PO002402,V003,TAB0800,2026-03-17,2026-05-18,2026-05-14,36,36,194.79,7012.44,On Time
PO002403,V005,BSK1612,2025-11-21,2026-01-01,2026-01-02,120,120,48.04,5764.8,On Time
PO002404,V013,FRM2193,2025-03-22,2025-04-14,2025-04-15,120,120,33.27,3992.4,On Time
PO002405,V018,TEX0519,2025-07-30,2025-08-14,2025-08-11,24,24,9.49,227.76,On Time
PO002406,V010,BSK1624,2025-07-14,2025-09-04,2025-09-02,72,72,40.46,2913.12,On Time
PO002407,V012,DEC0104,2025-07-16,2025-08-11,2025-08-18,48,48,30.61,1469.28,Late
PO002408,V019,KIT0888,2025-06-27,2025-08-01,2025-08-06,120,120,62.59,7510.8,Late
PO002409,V017,SEA0742,2025-11-11,2025-11-26,2025-11-28,36,18,276.81,9965.16,On Time
PO002410,V017,WAL0296,2025-10-03,2025-10-18,2025-10-15,120,114,33.44,4012.8,On Time
PO002411,V017,BSK1648,2026-05-24,2026-06-08,2026-06-12,120,120,9.57,1148.4,Late
PO002412,V008,SHT1301,2026-03-19,2026-05-01,2026-05-12,120,120,20.82,2498.4,Late
PO002413,V006,DEC0049,2025-02-28,2025-04-05,2025-04-12,48,48,13.34,640.32,Late
PO002414,V015,WIN2090,2025-08-09,2025-09-02,2025-09-03,72,72,23.21,1671.12,On Time
PO002415,V014,WAL0350,2025-05-10,2025-06-20,2025-06-26,96,90,31.33,3007.68,Late
PO002416,V020,CND2134,2025-02-27,2025-03-28,2025-03-26,120,120,29.29,3514.8,On Time
PO002417,V020,PIL1385,2026-06-14,2026-07-13,2026-07-08,48,48,11.74,563.52,On Time
PO002418,V019,SRV0988,2026-06-04,2026-07-09,2026-07-13,120,120,31.04,3724.8,Late
PO002419,V015,TOW1416,2025-05-18,2025-06-11,2025-06-14,120,120,25.09,3010.8,Late
PO002420,V008,PIL1349,2026-02-05,2026-03-20,2026-03-20,72,72,19.62,1412.64,On Time
PO002421,V019,TOW1451,2026-07-08,2026-08-12,2026-08-12,36,36,22.04,793.44,On Time
PO002422,V004,CND2126,2025-12-16,2026-01-03,2026-01-02,120,120,5.44,652.8,On Time
PO002423,V018,SHL1659,2025-08-22,2025-09-06,2025-09-06,72,54,84.27,6067.44,On Time
PO002424,V001,SRV1048,2025-05-02,2025-06-02,2025-06-06,120,120,57.27,6872.4,Late
PO002425,V005,SHL1660,2026-05-14,2026-06-24,2026-06-19,24,24,102.56,2461.44,On Time
PO002426,V005,FUR0629,2026-06-01,2026-07-12,2026-07-09,36,36,264.08,9506.88,On Time
PO002427,V020,HAL1997,2026-06-29,2026-07-28,2026-08-01,24,24,15.42,370.08,Late
PO002428,V013,CHR1924,2026-03-21,2026-04-13,2026-04-15,48,48,80.56,3866.88,On Time
PO002429,V003,BTH1557,2025-06-06,2025-08-07,2025-08-05,48,48,26.58,1275.84,On Time
PO002430,V005,WAL0192,2025-09-17,2025-10-28,2025-11-07,24,24,37.0,888.0,Late
PO002431,V015,FUR0573,2026-03-20,2026-04-13,2026-04-15,120,120,252.35,30282.0,On Time
PO002432,V015,FUR0610,2026-05-09,2026-06-02,2026-05-29,96,96,223.91,21495.36,On Time
PO002433,V005,DEC0063,2025-07-18,2025-08-28,2025-08-27,72,72,46.75,3366.0,On Time
PO002434,V020,TOW1491,2025-10-14,2025-11-12,2025-11-09,96,96,8.28,794.88,On Time
PO002435,V020,PIL1357,2025-09-07,2025-10-06,2025-10-09,48,48,33.61,1613.28,Late
PO002436,V011,MIR0361,2026-02-02,2026-03-16,2026-03-28,48,48,103.66,4975.68,Late
PO002437,V019,WAL0291,2025-08-23,2025-09-27,2025-09-30,24,24,42.87,1028.88,Late
PO002438,V019,WAL0302,2025-03-10,2025-04-14,2025-04-18,96,96,52.96,5084.16,Late
PO002439,V011,SRV1027,2025-02-18,2025-04-01,2025-04-07,120,120,63.36,7603.2,Late
PO002440,V003,UTL1106,2025-04-06,2025-06-07,2025-06-04,36,36,7.97,286.92,On Time
PO002441,V004,TAB0826,2026-04-15,2026-05-03,2026-05-05,36,36,222.21,7999.56,On Time
PO002442,V007,CND2112,2025-04-24,2025-05-14,2025-05-21,24,18,11.25,270.0,Late
PO002443,V001,SHL1691,2025-11-24,2025-12-25,2025-12-22,24,24,30.94,742.56,On Time
PO002444,V005,MIR0360,2026-05-08,2026-06-18,2026-06-13,24,24,67.66,1623.84,On Time
PO002445,V001,SRV1048,2025-03-26,2025-04-26,2025-04-25,36,36,57.27,2061.72,On Time
PO002446,V018,ORG1708,2025-02-11,2025-02-26,2025-03-01,96,96,32.71,3140.16,Late
PO002447,V017,KIT0939,2026-05-09,2026-05-24,2026-05-20,36,36,73.53,2647.08,On Time
PO002448,V014,CND2113,2025-04-23,2025-06-03,2025-06-10,24,24,25.11,602.64,Late
PO002449,V009,SRV0984,2025-10-11,2025-11-28,2025-11-29,96,96,26.37,2531.52,On Time
PO002450,V017,GFT2236,2025-06-09,2025-06-24,2025-06-20,24,24,62.5,1500.0,On Time
PO002451,V010,MIR0421,2025-12-25,2026-02-15,2026-02-20,120,120,55.01,6601.2,Late
PO002452,V013,TOW1467,2025-12-18,2026-01-10,2026-01-07,96,96,26.96,2588.16,On Time
PO002453,V007,SEA0752,2026-05-12,2026-06-01,2026-05-29,96,96,252.27,24217.92,On Time
PO002454,V017,TEX0528,2025-10-09,2025-10-24,2025-10-16,36,36,42.08,1514.88,On Time
PO002455,V004,LGT1786,2025-08-05,2025-08-23,2025-08-29,96,96,49.21,4724.16,Late
PO002456,V001,LGT1774,2025-12-13,2026-01-13,2026-01-25,48,48,96.12,4613.76,Late
PO002457,V009,TEX0518,2026-03-26,2026-05-13,2026-05-17,120,120,31.34,3760.8,Late
PO002458,V011,HAL1990,2025-03-18,2025-04-29,2025-05-08,48,30,27.43,1316.64,Late
PO002459,V012,DEC0067,2025-06-13,2025-07-09,2025-07-06,48,48,12.65,607.2,On Time
PO002460,V013,DEC0073,2025-11-30,2025-12-23,2025-12-22,120,120,36.01,4321.2,On Time
PO002461,V003,DEC0154,2026-02-11,2026-04-14,2026-04-10,24,24,10.09,242.16,On Time
PO002462,V008,WAL0312,2025-06-03,2025-07-16,2025-07-13,36,36,27.17,978.12,On Time
PO002463,V005,WAL0252,2026-01-30,2026-03-12,2026-03-18,96,96,21.67,2080.32,Late
PO002464,V014,SEA0727,2025-06-11,2025-07-22,2025-07-15,36,36,242.33,8723.88,On Time
PO002465,V019,CHR1942,2026-02-11,2026-03-18,2026-03-11,96,96,26.21,2516.16,On Time
PO002466,V002,FUR0631,2026-05-16,2026-06-20,2026-07-07,24,24,46.96,1127.04,Late
PO002467,V001,WAL0260,2025-03-06,2025-04-06,2025-03-30,96,96,25.57,2454.72,On Time
PO002468,V005,BTH1566,2026-03-12,2026-04-22,2026-04-25,48,48,27.2,1305.6,Late
PO002469,V020,WAL0217,2026-01-02,2026-01-31,2026-02-08,72,72,60.89,4384.08,Late
PO002470,V010,UTL1107,2025-06-18,2025-08-09,2025-08-07,96,96,11.13,1068.48,On Time
PO002471,V009,TOW1421,2025-03-23,2025-05-10,2025-05-20,48,48,28.41,1363.68,Late
PO002472,V010,TAB0824,2026-05-07,2026-06-28,2026-07-03,96,96,110.25,10584.0,Late
PO002473,V001,MIR0371,2026-03-13,2026-04-13,2026-04-20,24,24,110.26,2646.24,Late
PO002474,V019,SHT1325,2025-10-11,2025-11-15,2025-11-15,72,72,93.25,6714.0,On Time
PO002475,V007,UTL1138,2025-03-14,2025-04-03,2025-04-09,120,114,25.11,3013.2,Late
PO002476,V005,FUR0669,2025-09-14,2025-10-25,2025-11-07,120,114,54.21,6505.2,Late
PO002477,V020,WAL0217,2026-03-26,2026-04-24,2026-04-28,24,24,60.89,1461.36,Late
PO002478,V011,TEX0450,2026-06-04,2026-07-16,2026-07-22,96,96,52.62,5051.52,Late
PO002479,V013,FUR0570,2025-02-16,2025-03-11,2025-03-12,24,24,101.25,2430.0,On Time
PO002480,V019,DEC0188,2025-12-17,2026-01-21,2026-01-24,48,48,51.2,2457.6,Late
PO002481,V016,SHT1265,2025-03-09,2025-03-23,2025-03-30,96,96,38.77,3721.92,Late
PO002482,V003,PIL1377,2025-07-08,2025-09-08,2025-09-09,72,72,10.34,744.48,On Time
PO002483,V002,SEA0680,2026-03-31,2026-05-05,2026-05-14,24,24,293.69,7048.56,Late
PO002484,V019,TAB0814,2025-04-15,2025-05-20,2025-05-19,48,48,134.87,6473.76,On Time
PO002485,V019,PEN1902,2025-06-15,2025-07-20,2025-07-15,48,48,175.75,8436.0,On Time
PO002486,V007,BSK1606,2025-05-15,2025-06-04,2025-06-14,72,72,30.98,2230.56,Late
PO002487,V018,DEC0071,2025-02-04,2025-02-19,2025-02-24,96,96,29.86,2866.56,Late
PO002488,V005,WAL0200,2025-02-01,2025-03-14,2025-03-05,72,72,21.89,1576.08,On Time
PO002489,V013,PIL1390,2026-01-06,2026-01-29,2026-01-31,120,120,48.21,5785.2,On Time
PO002490,V004,BSK1626,2025-10-13,2025-10-31,2025-11-06,120,108,21.06,2527.2,Late
PO002491,V001,BTH1511,2025-12-27,2026-01-27,2026-01-29,120,120,38.41,4609.2,On Time
PO002492,V006,MIR0403,2026-02-28,2026-04-05,2026-04-07,48,48,50.09,2404.32,On Time
PO002493,V017,TEX0548,2025-10-17,2025-11-01,2025-11-10,72,72,17.65,1270.8,Late
PO002494,V008,WAL0295,2025-04-03,2025-05-16,2025-05-20,48,48,45.0,2160.0,Late
PO002495,V019,SUM2045,2026-04-22,2026-05-27,2026-05-23,72,72,64.68,4656.96,On Time
PO002496,V006,WIN2083,2026-01-26,2026-03-03,2026-03-04,72,72,26.48,1906.56,On Time
PO002497,V008,LGT1778,2025-08-26,2025-10-08,2025-10-16,72,72,112.61,8107.92,Late
PO002498,V008,SHT1301,2025-05-01,2025-06-13,2025-06-14,48,48,20.82,999.36,On Time
PO002499,V004,CND2169,2025-11-24,2025-12-12,2025-12-16,120,120,12.79,1534.8,Late
PO002500,V001,LGT1774,2026-06-07,2026-07-08,2026-07-08,96,96,96.12,9227.52,On Time
PO002501,V008,SRV1021,2025-12-29,2026-02-10,2026-02-09,48,48,55.6,2668.8,On Time
PO002502,V009,CHR1955,2026-06-03,2026-07-21,2026-07-28,48,30,70.98,3407.04,Late
PO002503,V011,CHR1961,2025-10-18,2025-11-29,2025-12-08,72,72,73.53,5294.16,Late
PO002504,V012,CND2127,2026-02-17,2026-03-15,2026-03-14,36,36,27.33,983.88,On Time
PO002505,V009,ORG1738,2026-06-24,2026-08-11,2026-08-12,36,36,20.24,728.64,On Time
PO002506,V003,PIL1383,2025-10-21,2025-12-22,2025-12-25,72,72,9.37,674.64,Late
PO002507,V002,DEC0143,2025-12-07,2026-01-11,2026-01-26,36,36,38.67,1392.12,Late
PO002508,V011,SRV0981,2026-02-07,2026-03-21,2026-04-04,72,66,12.16,875.52,Late
PO002509,V009,TEX0541,2026-06-26,2026-08-13,2026-08-09,36,36,49.45,1780.2,On Time
PO002510,V008,MIR0395,2025-03-16,2025-04-28,2025-05-01,72,72,85.49,6155.28,Late
PO002511,V005,KIT0960,2026-02-02,2026-03-15,2026-03-13,120,120,73.28,8793.6,On Time
PO002512,V018,DEC0005,2025-08-24,2025-09-08,2025-09-11,96,96,47.06,4517.76,Late
PO002513,V014,TEX0510,2025-10-05,2025-11-15,2025-11-14,72,72,45.82,3299.04,On Time
PO002514,V013,FUR0670,2026-02-12,2026-03-07,2026-03-03,48,48,183.97,8830.56,On Time
PO002515,V012,FUR0647,2025-11-24,2025-12-20,2025-12-17,36,36,72.86,2622.96,On Time
PO002516,V015,PIL1350,2025-04-07,2025-05-01,2025-05-03,120,120,29.26,3511.2,On Time
PO002517,V018,TOW1442,2025-12-30,2026-01-14,2026-01-21,96,96,16.25,1560.0,Late
PO002518,V011,WAL0321,2026-05-10,2026-06-21,2026-06-30,36,36,18.98,683.28,Late
PO002519,V013,FLR1876,2025-04-29,2025-05-22,2025-05-21,36,36,185.21,6667.56,On Time
PO002520,V013,SUM2044,2025-10-02,2025-10-25,2025-10-26,36,36,66.66,2399.76,On Time
PO002521,V017,LGT1828,2025-12-26,2026-01-10,2026-01-09,96,96,43.14,4141.44,On Time
PO002522,V005,WAL0240,2025-08-16,2025-09-26,2025-09-28,120,120,57.84,6940.8,On Time
PO002523,V009,SEA0681,2025-10-04,2025-11-21,2025-11-19,96,96,175.22,16821.12,On Time
PO002524,V019,SRV1008,2025-11-23,2025-12-28,2026-01-05,72,72,9.55,687.6,Late
PO002525,V007,CHR1946,2025-02-22,2025-03-14,2025-03-20,24,18,15.62,374.88,Late
PO002526,V013,SRV1056,2025-06-16,2025-07-09,2025-06-30,72,72,12.82,923.04,On Time
PO002527,V004,DEC0180,2026-07-05,2026-07-23,2026-07-22,48,48,58.65,2815.2,On Time
PO002528,V008,PEN1881,2026-04-24,2026-06-06,2026-06-11,96,96,248.68,23873.28,Late
PO002529,V018,CND2128,2026-04-11,2026-04-26,2026-05-02,72,54,34.95,2516.4,Late
PO002530,V007,TEX0512,2025-11-07,2025-11-27,2025-11-28,120,102,12.7,1524.0,On Time
PO002531,V015,WAL0239,2026-06-25,2026-07-19,2026-07-24,24,24,46.63,1119.12,Late
PO002532,V009,BSK1592,2026-06-21,2026-08-08,2026-08-16,48,48,22.61,1085.28,Late
PO002533,V015,ORG1702,2025-03-16,2025-04-09,2025-04-09,120,120,17.21,2065.2,On Time
PO002534,V006,TAB0775,2026-01-26,2026-03-03,2026-02-28,48,48,229.55,11018.4,On Time
PO002535,V014,SRV0987,2025-06-17,2025-07-28,2025-08-07,96,96,16.11,1546.56,Late
PO002536,V014,SEA0727,2026-02-02,2026-03-15,2026-03-10,48,42,242.33,11631.84,On Time
PO002537,V019,ORG1705,2025-06-15,2025-07-20,2025-07-24,36,36,6.52,234.72,Late
PO002538,V009,KIT0932,2025-08-23,2025-10-10,2025-10-13,72,72,106.98,7702.56,Late
PO002539,V008,FUR0621,2026-01-23,2026-03-07,2026-03-08,48,48,121.83,5847.84,On Time
PO002540,V007,ORG1732,2026-01-11,2026-01-31,2026-02-08,96,96,47.79,4587.84,Late
PO002541,V017,TEX0482,2025-11-23,2025-12-08,2025-12-09,24,24,17.3,415.2,On Time
PO002542,V011,SUM2061,2026-03-31,2026-05-12,2026-05-21,24,24,29.47,707.28,Late
PO002543,V001,KIT0931,2025-12-01,2026-01-01,2026-01-05,36,36,35.27,1269.72,Late
PO002544,V019,FUR0574,2025-10-13,2025-11-17,2025-11-26,72,72,176.25,12690.0,Late
PO002545,V008,TAB0761,2025-08-06,2025-09-18,2025-09-17,24,24,147.36,3536.64,On Time
PO002546,V020,TEX0431,2025-04-23,2025-05-22,2025-05-26,36,36,22.94,825.84,Late
PO002547,V006,SUM2026,2026-01-24,2026-03-01,2026-03-01,72,72,55.53,3998.16,On Time
PO002548,V010,FLR1861,2025-08-01,2025-09-22,2025-09-25,72,72,148.29,10676.88,Late
PO002549,V019,ORG1745,2026-02-13,2026-03-20,2026-03-19,48,30,8.28,397.44,On Time
PO002550,V003,BSK1643,2026-05-07,2026-07-08,2026-07-16,72,72,28.8,2073.6,Late
PO002551,V002,SHL1697,2026-02-07,2026-03-14,2026-03-21,120,120,44.85,5382.0,Late
PO002552,V006,TOW1429,2026-01-27,2026-03-04,2026-03-09,48,48,13.02,624.96,Late
PO002553,V004,CND2163,2026-06-28,2026-07-16,2026-07-13,120,120,19.52,2342.4,On Time
PO002554,V019,DEC0065,2025-02-17,2025-03-24,2025-03-17,72,72,30.03,2162.16,On Time
PO002555,V008,DEC0089,2025-11-01,2025-12-14,2025-12-13,36,36,24.05,865.8,On Time
PO002556,V011,KIT0970,2025-08-01,2025-09-12,2025-09-16,36,18,80.17,2886.12,Late
PO002557,V003,TEX0503,2026-06-18,2026-08-19,2026-08-23,120,102,13.04,1564.8,Late
PO002558,V010,DUV1187,2025-04-25,2025-06-16,2025-06-06,96,96,70.6,6777.6,On Time
PO002559,V008,SRV1058,2025-08-27,2025-10-09,2025-10-15,72,72,47.66,3431.52,Late
PO002560,V017,WAL0242,2025-12-24,2026-01-08,2026-01-17,72,72,25.57,1841.04,Late
PO002561,V003,TAB0840,2026-03-29,2026-05-30,2026-05-29,120,120,186.88,22425.6,On Time
PO002562,V012,UTL1141,2026-04-26,2026-05-22,2026-05-14,96,96,8.15,782.4,On Time
PO002563,V004,WAL0320,2025-02-07,2025-02-25,2025-02-28,120,120,39.86,4783.2,Late
PO002564,V019,SRV1022,2025-05-23,2025-06-27,2025-07-02,72,72,28.15,2026.8,Late
PO002565,V019,PIL1342,2026-01-11,2026-02-15,2026-02-17,36,36,40.31,1451.16,On Time
PO002566,V007,GFT2249,2025-02-12,2025-03-04,2025-03-08,48,48,62.2,2985.6,Late
PO002567,V006,UTL1123,2026-05-13,2026-06-18,2026-06-17,36,36,19.85,714.6,On Time
PO002568,V001,SEA0737,2025-06-05,2025-07-06,2025-07-01,120,120,79.85,9582.0,On Time
PO002569,V007,WAL0289,2026-05-30,2026-06-19,2026-06-28,48,42,25.21,1210.08,Late
PO002570,V014,HAL1999,2025-11-07,2025-12-18,2025-12-29,48,48,37.1,1780.8,Late
PO002571,V020,WIN2068,2025-09-06,2025-10-05,2025-10-03,96,96,41.99,4031.04,On Time
PO002572,V015,WIN2090,2025-08-07,2025-08-31,2025-08-31,24,24,23.21,557.04,On Time
PO002573,V019,DEC0171,2026-01-16,2026-02-20,2026-02-24,48,36,17.73,851.04,Late
PO002574,V018,WIN2085,2025-03-27,2025-04-11,2025-04-11,120,114,56.01,6721.2,On Time
PO002575,V006,WAL0303,2026-06-09,2026-07-15,2026-07-22,72,72,32.31,2326.32,Late
PO002576,V008,FRM2181,2026-05-19,2026-07-01,2026-06-26,72,72,26.64,1918.08,On Time
PO002577,V012,TEX0473,2025-11-24,2025-12-20,2025-12-18,36,36,42.96,1546.56,On Time
PO002578,V005,TEX0466,2025-06-29,2025-08-09,2025-08-10,96,96,38.37,3683.52,On Time
PO002579,V012,KIT0893,2025-04-21,2025-05-17,2025-05-23,96,96,45.03,4322.88,Late
PO002580,V011,TAB0787,2026-04-15,2026-05-27,2026-06-01,120,108,168.53,20223.6,Late
PO002581,V002,DUV1220,2025-11-02,2025-12-07,2025-12-24,36,36,82.17,2958.12,Late
PO002582,V020,HAL2008,2025-02-21,2025-03-22,2025-03-23,72,72,17.61,1267.92,On Time
PO002583,V013,KIT0947,2026-05-16,2026-06-08,2026-06-04,24,24,57.56,1381.44,On Time
PO002584,V003,PIL1377,2025-12-01,2026-02-01,2026-02-03,120,120,10.34,1240.8,On Time
PO002585,V006,SRV0972,2026-05-09,2026-06-14,2026-06-11,24,24,35.9,861.6,On Time
PO002586,V003,ORG1746,2025-03-08,2025-05-09,2025-05-15,120,120,34.75,4170.0,Late
PO002587,V011,DUV1227,2026-01-04,2026-02-15,2026-02-21,24,24,104.05,2497.2,Late
PO002588,V017,TEX0508,2025-07-25,2025-08-09,2025-08-04,48,48,54.93,2636.64,On Time
PO002589,V011,CHR1984,2025-08-16,2025-09-27,2025-10-06,48,30,65.19,3129.12,Late
PO002590,V013,MIR0427,2026-03-23,2026-04-15,2026-04-19,72,60,76.22,5487.84,Late
PO002591,V017,KIT0922,2025-06-27,2025-07-12,2025-07-22,24,24,35.75,858.0,Late
PO002592,V011,TEX0478,2025-11-27,2026-01-08,2026-01-16,96,78,36.67,3520.32,Late
PO002593,V019,WAL0331,2025-06-22,2025-07-27,2025-07-25,48,48,33.96,1630.08,On Time
PO002594,V019,PIL1342,2025-09-17,2025-10-22,2025-10-21,96,96,40.31,3869.76,On Time
PO002595,V018,TOW1445,2026-03-23,2026-04-07,2026-04-06,96,96,5.72,549.12,On Time
PO002596,V015,PEN1910,2025-02-03,2025-02-27,2025-02-25,96,96,278.25,26712.0,On Time
PO002597,V012,UTL1104,2026-03-09,2026-04-04,2026-04-09,36,36,9.39,338.04,Late
PO002598,V009,PIL1384,2025-08-15,2025-10-02,2025-10-01,120,120,12.14,1456.8,On Time
PO002599,V001,FLR1874,2026-05-06,2026-06-06,2026-06-10,48,48,117.06,5618.88,Late
PO002600,V007,BTH1532,2026-05-20,2026-06-09,2026-06-17,120,120,37.46,4495.2,Late
PO002601,V013,SRV1067,2025-05-25,2025-06-17,2025-06-10,72,72,33.54,2414.88,On Time
PO002602,V017,FRM2208,2025-12-19,2026-01-03,2026-01-02,120,120,23.75,2850.0,On Time
PO002603,V013,LGT1824,2025-11-01,2025-11-24,2025-11-25,48,48,72.68,3488.64,On Time
PO002604,V002,LGT1800,2025-07-06,2025-08-10,2025-08-10,120,120,40.53,4863.6,On Time
PO002605,V013,TAB0816,2025-06-17,2025-07-10,2025-07-16,24,24,61.23,1469.52,Late
PO002606,V014,ORG1750,2026-02-06,2026-03-19,2026-03-19,120,120,40.42,4850.4,On Time
PO002607,V004,TAB0843,2026-01-22,2026-02-09,2026-02-11,48,42,335.29,16093.92,On Time
PO002608,V018,SRV0979,2025-07-28,2025-08-12,2025-08-12,72,72,52.3,3765.6,On Time
PO002609,V009,GFT2244,2026-06-14,2026-08-01,2026-08-04,96,96,9.94,954.24,Late
PO002610,V011,TEX0478,2025-05-03,2025-06-14,2025-06-24,120,120,36.67,4400.4,Late
PO002611,V001,TEX0517,2026-03-07,2026-04-07,2026-04-06,72,72,43.15,3106.8,On Time
PO002612,V005,MIR0400,2026-06-05,2026-07-16,2026-07-17,36,36,127.69,4596.84,On Time
PO002613,V004,PEN1886,2025-02-17,2025-03-07,2025-03-03,36,36,164.41,5918.76,On Time
PO002614,V004,TEX0520,2025-07-21,2025-08-08,2025-08-14,36,36,27.06,974.16,Late
PO002615,V013,SUM2044,2026-04-05,2026-04-28,2026-04-28,120,120,66.66,7999.2,On Time
PO002616,V007,SEA0686,2025-10-19,2025-11-08,2025-11-24,48,30,284.93,13676.64,Late
PO002617,V009,DEC0132,2025-02-26,2025-04-15,2025-04-20,96,96,45.83,4399.68,Late
PO002618,V002,DEC0060,2025-02-03,2025-03-10,2025-03-13,24,24,54.7,1312.8,Late
PO002619,V005,WAL0206,2026-04-19,2026-05-30,2026-06-07,24,24,64.47,1547.28,Late
PO002620,V002,PEN1894,2026-02-09,2026-03-16,2026-03-23,24,24,172.38,4137.12,Late
PO002621,V011,BTH1538,2026-04-05,2026-05-17,2026-05-18,120,120,40.2,4824.0,On Time
PO002622,V013,MIR0416,2025-04-03,2025-04-26,2025-04-19,72,72,91.17,6564.24,On Time
PO002623,V007,WAL0238,2025-11-08,2025-11-28,2025-12-06,24,12,69.9,1677.6,Late
PO002624,V002,FLR1863,2025-04-01,2025-05-06,2025-05-07,36,36,111.27,4005.72,On Time
PO002625,V009,TOW1475,2026-03-13,2026-04-30,2026-05-03,36,36,25.8,928.8,Late
PO002626,V017,SUM2065,2026-02-07,2026-02-22,2026-03-11,36,36,63.51,2286.36,Late
PO002627,V015,SHT1310,2025-10-18,2025-11-11,2025-11-20,72,72,86.39,6220.08,Late
PO002628,V002,FUR0614,2025-02-17,2025-03-24,2025-03-24,120,120,203.93,24471.6,On Time
PO002629,V012,WIN2081,2025-04-03,2025-04-29,2025-05-02,96,96,31.91,3063.36,Late
PO002630,V016,LGT1802,2025-07-05,2025-07-19,2025-07-22,36,24,22.09,795.24,Late
PO002631,V004,FUR0566,2026-04-05,2026-04-23,2026-04-17,96,96,66.02,6337.92,On Time
PO002632,V003,WAL0223,2026-01-28,2026-03-31,2026-04-03,48,30,81.74,3923.52,Late
PO002633,V006,ORG1709,2026-03-22,2026-04-27,2026-05-03,96,96,25.17,2416.32,Late
PO002634,V012,KIT0927,2025-10-25,2025-11-20,2025-11-20,120,120,22.72,2726.4,On Time
PO002635,V016,SRV0985,2025-12-10,2025-12-24,2026-01-06,120,120,8.21,985.2,Late
PO002636,V019,ORG1705,2025-07-25,2025-08-29,2025-08-28,72,60,6.52,469.44,On Time
PO002637,V015,FRM2202,2025-04-18,2025-05-12,2025-05-20,72,72,15.71,1131.12,Late
PO002638,V001,TEX0517,2025-12-27,2026-01-27,2026-02-06,96,96,43.15,4142.4,Late
PO002639,V020,WIN2094,2026-02-20,2026-03-21,2026-03-23,36,36,28.18,1014.48,On Time
PO002640,V011,LGT1827,2026-06-01,2026-07-13,2026-07-21,48,48,39.59,1900.32,Late
PO002641,V011,SEA0698,2025-08-19,2025-09-30,2025-10-06,96,96,330.37,31715.52,Late
PO002642,V012,LGT1810,2025-03-09,2025-04-04,2025-04-01,24,24,38.32,919.68,On Time
PO002643,V008,KIT0955,2025-09-04,2025-10-17,2025-10-25,36,36,69.76,2511.36,Late
PO002644,V001,GFT2228,2025-03-26,2025-04-26,2025-04-28,36,36,53.24,1916.64,On Time
PO002645,V005,TOW1480,2025-11-02,2025-12-13,2025-12-14,36,24,10.69,384.84,On Time
PO002646,V012,MIR0393,2025-04-18,2025-05-14,2025-05-20,120,120,69.78,8373.6,Late
PO002647,V011,TEX0484,2025-05-15,2025-06-26,2025-07-02,24,24,17.23,413.52,Late
PO002648,V017,FUR0625,2026-06-18,2026-07-03,2026-07-08,96,90,245.25,23544.0,Late
PO002649,V012,CND2104,2026-07-07,2026-08-02,2026-07-23,72,66,29.28,2108.16,On Time
PO002650,V005,WAL0206,2026-01-19,2026-03-01,2026-03-01,48,36,64.47,3094.56,On Time
PO002651,V005,TOW1432,2025-06-05,2025-07-16,2025-07-16,48,48,30.83,1479.84,On Time
PO002652,V013,KIT0947,2026-06-29,2026-07-22,2026-07-30,24,24,57.56,1381.44,Late
PO002653,V017,DUV1199,2026-03-13,2026-03-28,2026-04-05,24,24,52.76,1266.24,Late
PO002654,V008,UTL1101,2026-01-08,2026-02-20,2026-02-19,36,36,18.62,670.32,On Time
PO002655,V009,SEA0681,2026-01-11,2026-02-28,2026-02-25,120,120,175.22,21026.4,On Time
PO002656,V017,DUV1168,2026-01-09,2026-01-24,2026-02-06,24,24,93.84,2252.16,Late
PO002657,V013,SRV1016,2025-11-29,2025-12-22,2025-12-14,36,36,45.27,1629.72,On Time
PO002658,V009,ORG1738,2025-05-04,2025-06-21,2025-06-15,120,120,20.24,2428.8,On Time
PO002659,V017,DEC0025,2025-04-15,2025-04-30,2025-05-08,36,36,43.07,1550.52,Late
PO002660,V012,PIL1361,2026-06-23,2026-07-19,2026-07-13,36,36,38.88,1399.68,On Time
PO002661,V005,TAB0823,2026-06-07,2026-07-18,2026-07-19,36,36,200.34,7212.24,On Time
PO002662,V015,WAL0219,2026-06-08,2026-07-02,2026-07-07,120,120,73.22,8786.4,Late
PO002663,V006,SUM2035,2026-05-12,2026-06-17,2026-06-12,96,96,41.87,4019.52,On Time
PO002664,V009,BTH1512,2025-04-26,2025-06-13,2025-06-03,96,96,38.26,3672.96,On Time
PO002665,V006,BSK1583,2025-04-08,2025-05-14,2025-05-14,48,48,22.26,1068.48,On Time
PO002666,V016,BTH1559,2025-08-10,2025-08-24,2025-08-27,120,120,42.55,5106.0,Late
PO002667,V002,DEC0083,2025-08-08,2025-09-12,2025-09-24,72,72,26.64,1918.08,Late
PO002668,V007,BTH1529,2026-06-03,2026-06-23,2026-06-22,36,36,20.66,743.76,On Time
PO002669,V016,CHR1959,2025-02-27,2025-03-13,2025-03-22,96,96,25.57,2454.72,Late
PO002670,V008,SHL1678,2025-05-11,2025-06-23,2025-06-19,36,36,66.2,2383.2,On Time
PO002671,V012,FUR0613,2025-06-12,2025-07-08,2025-07-02,36,36,195.77,7047.72,On Time
PO002672,V004,CND2117,2025-07-03,2025-07-21,2025-08-01,36,18,13.29,478.44,Late
PO002673,V004,BTH1526,2025-07-27,2025-08-14,2025-08-16,36,36,27.95,1006.2,On Time
PO002674,V007,FUR0558,2025-10-31,2025-11-20,2025-11-29,24,18,66.67,1600.08,Late
PO002675,V011,TOW1441,2025-07-22,2025-09-02,2025-09-17,48,42,25.37,1217.76,Late
PO002676,V016,DEC0079,2025-10-04,2025-10-18,2025-10-28,96,96,23.27,2233.92,Late
PO002677,V011,HAL1990,2025-06-27,2025-08-08,2025-08-10,48,48,27.43,1316.64,On Time
PO002678,V018,SUM2042,2026-01-31,2026-02-15,2026-02-04,24,6,72.46,1739.04,On Time
PO002679,V008,SHT1289,2025-04-30,2025-06-12,2025-06-07,24,24,20.72,497.28,On Time
PO002680,V008,SHT1249,2025-05-23,2025-07-05,2025-07-09,120,120,75.05,9006.0,Late
PO002681,V010,SRV1075,2026-01-25,2026-03-18,2026-03-23,120,120,60.29,7234.8,Late
PO002682,V007,WAL0235,2025-12-01,2025-12-21,2025-12-29,120,102,76.19,9142.8,Late
PO002683,V015,ORG1702,2025-07-22,2025-08-15,2025-08-25,24,24,17.21,413.04,Late
PO002684,V020,DEC0148,2025-03-13,2025-04-11,2025-04-08,96,90,27.21,2612.16,On Time
PO002685,V017,TAB0802,2026-06-21,2026-07-06,2026-07-04,48,48,143.06,6866.88,On Time
PO002686,V006,DEC0189,2026-03-20,2026-04-25,2026-04-14,72,72,51.81,3730.32,On Time
PO002687,V008,PIL1378,2026-01-12,2026-02-24,2026-02-22,24,24,39.3,943.2,On Time
PO002688,V009,FUR0601,2025-06-01,2025-07-19,2025-07-26,36,36,105.49,3797.64,Late
PO002689,V011,KIT0918,2025-03-30,2025-05-11,2025-05-16,36,36,24.58,884.88,Late
PO002690,V012,TEX0481,2026-01-05,2026-01-31,2026-02-03,72,72,21.13,1521.36,Late
PO002691,V009,FUR0572,2025-11-27,2026-01-14,2026-01-19,24,24,58.5,1404.0,Late
PO002692,V008,WAL0292,2026-03-30,2026-05-12,2026-05-11,24,24,18.82,451.68,On Time
PO002693,V002,BSK1614,2025-07-26,2025-08-30,2025-09-09,48,48,19.97,958.56,Late
PO002694,V006,TAB0815,2026-01-26,2026-03-03,2026-03-05,120,120,200.55,24066.0,On Time
PO002695,V006,TAB0775,2025-07-25,2025-08-30,2025-09-02,24,24,229.55,5509.2,Late
PO002696,V004,HAL2000,2025-06-28,2025-07-16,2025-07-17,72,72,46.28,3332.16,On Time
PO002697,V006,WAL0323,2025-12-30,2026-02-04,2026-02-11,48,48,16.33,783.84,Late
PO002698,V016,WAL0245,2026-03-16,2026-03-30,2026-03-29,96,84,46.87,4499.52,On Time
PO002699,V019,ORG1748,2026-06-23,2026-07-28,2026-07-24,72,72,9.1,655.2,On Time
PO002700,V020,LGT1777,2026-01-13,2026-02-11,2026-02-20,120,120,100.68,12081.6,Late
PO002701,V001,SHT1231,2025-02-10,2025-03-13,2025-03-12,120,120,36.83,4419.6,On Time
PO002702,V008,FRM2212,2025-08-24,2025-10-06,2025-10-01,120,120,28.61,3433.2,On Time
PO002703,V011,TEX0550,2025-11-26,2026-01-07,2026-01-14,36,18,45.68,1644.48,Late
PO002704,V008,WAL0298,2026-06-16,2026-07-29,2026-08-02,120,120,34.3,4116.0,Late
PO002705,V010,FUR0555,2025-04-17,2025-06-08,2025-06-12,96,96,103.92,9976.32,Late
PO002706,V012,FUR0613,2025-12-24,2026-01-19,2026-01-27,72,72,195.77,14095.44,Late
PO002707,V017,WAL0236,2025-03-19,2025-04-03,2025-04-10,72,72,24.94,1795.68,Late
PO002708,V018,DEC0088,2025-11-10,2025-11-25,2025-11-19,96,96,28.3,2716.8,On Time
PO002709,V013,DEC0070,2025-11-24,2025-12-17,2025-12-16,96,90,43.3,4156.8,On Time
PO002710,V004,UTL1100,2025-12-31,2026-01-18,2026-01-20,96,84,22.95,2203.2,On Time
PO002711,V008,BTH1561,2026-02-19,2026-04-03,2026-04-05,96,96,7.66,735.36,On Time
PO002712,V020,WAL0231,2025-09-27,2025-10-26,2025-11-02,120,120,66.03,7923.6,Late
PO002713,V003,KIT0886,2025-05-18,2025-07-19,2025-07-18,120,120,49.76,5971.2,On Time
PO002714,V019,UTL1082,2026-02-20,2026-03-27,2026-03-22,72,72,16.17,1164.24,On Time
PO002715,V012,TAB0833,2025-02-27,2025-03-25,2025-03-27,120,120,273.87,32864.4,On Time
PO002716,V005,SUM2060,2025-11-15,2025-12-26,2025-12-28,120,120,26.27,3152.4,On Time
PO002717,V005,UTL1089,2025-12-29,2026-02-08,2026-02-12,72,72,26.73,1924.56,Late
PO002718,V013,MIR0427,2025-09-28,2025-10-21,2025-10-21,24,24,76.22,1829.28,On Time
PO002719,V011,SEA0704,2026-02-16,2026-03-30,2026-04-08,72,72,387.31,27886.32,Late
PO002720,V001,KIT0891,2025-11-18,2025-12-19,2025-12-14,120,102,48.33,5799.6,On Time
PO002721,V001,UTL1114,2026-05-20,2026-06-20,2026-06-19,120,114,20.64,2476.8,On Time
PO002722,V011,BTH1538,2025-07-13,2025-08-24,2025-09-07,120,108,40.2,4824.0,Late
PO002723,V017,UTL1122,2026-06-14,2026-06-29,2026-07-03,24,24,14.46,347.04,Late
PO002724,V014,TEX0536,2025-09-04,2025-10-15,2025-10-14,36,36,12.82,461.52,On Time
PO002725,V005,MIR0363,2025-03-30,2025-05-10,2025-05-12,24,24,44.56,1069.44,On Time
PO002726,V010,KIT0915,2026-01-03,2026-02-24,2026-02-21,36,36,66.37,2389.32,On Time
PO002727,V013,KIT0947,2026-01-01,2026-01-24,2026-01-25,72,72,57.56,4144.32,On Time
PO002728,V020,TEX0454,2025-08-14,2025-09-12,2025-09-07,24,24,35.01,840.24,On Time
PO002729,V010,FLR1861,2026-06-13,2026-08-04,2026-07-27,96,96,148.29,14235.84,On Time
PO002730,V008,SUM2055,2025-06-15,2025-07-28,2025-08-02,36,36,35.36,1272.96,Late
PO002731,V003,FUR0606,2025-10-01,2025-12-02,2025-12-03,72,72,94.99,6839.28,On Time
PO002732,V003,DEC0026,2026-01-23,2026-03-26,2026-03-24,24,12,15.01,360.24,On Time
PO002733,V020,PIL1394,2026-06-27,2026-07-26,2026-07-30,120,120,18.18,2181.6,Late
PO002734,V011,KIT0918,2025-05-30,2025-07-11,2025-07-12,120,120,24.58,2949.6,On Time
PO002735,V003,WAL0283,2025-08-15,2025-10-16,2025-10-05,48,48,10.21,490.08,On Time
PO002736,V014,DEC0156,2025-02-01,2025-03-14,2025-03-18,24,24,58.09,1394.16,Late
PO002737,V013,DEC0044,2026-01-05,2026-01-28,2026-01-27,120,120,38.21,4585.2,On Time
PO002738,V019,LGT1811,2026-06-21,2026-07-26,2026-07-27,72,72,94.47,6801.84,On Time
PO002739,V011,SHT1324,2025-06-01,2025-07-13,2025-07-20,36,36,39.59,1425.24,Late
PO002740,V011,KIT0904,2026-06-30,2026-08-11,2026-08-14,36,36,102.53,3691.08,Late
PO002741,V010,CHR1941,2025-10-27,2025-12-18,2025-12-16,120,120,23.15,2778.0,On Time
PO002742,V015,DUV1170,2026-02-20,2026-03-16,2026-03-14,48,48,110.34,5296.32,On Time
PO002743,V020,FUR0557,2026-01-19,2026-02-17,2026-02-19,24,24,147.41,3537.84,On Time
PO002744,V009,TAB0784,2025-06-26,2025-08-13,2025-08-16,36,36,120.31,4331.16,Late
PO002745,V013,LGT1807,2025-03-01,2025-03-24,2025-03-29,72,72,36.66,2639.52,Late
PO002746,V005,TEX0449,2026-06-19,2026-07-30,2026-08-01,48,48,38.04,1825.92,On Time
PO002747,V006,SUM2035,2025-07-16,2025-08-21,2025-08-13,24,24,41.87,1004.88,On Time
PO002748,V005,DEC0100,2026-03-30,2026-05-10,2026-05-14,48,48,54.53,2617.44,Late
PO002749,V010,CND2147,2025-03-04,2025-04-25,2025-04-28,120,120,8.99,1078.8,Late
PO002750,V013,KIT0856,2026-03-22,2026-04-14,2026-04-16,120,120,64.24,7708.8,On Time
PO002751,V016,MIR0413,2026-04-24,2026-05-08,2026-05-13,48,48,127.13,6102.24,Late
PO002752,V016,FLR1865,2026-02-07,2026-02-21,2026-03-02,96,84,160.71,15428.16,Late
PO002753,V006,BSK1623,2026-03-02,2026-04-07,2026-04-04,96,96,23.69,2274.24,On Time
PO002754,V010,CHR1941,2025-02-23,2025-04-16,2025-04-17,72,72,23.15,1666.8,On Time
PO002755,V005,MIR0363,2025-06-27,2025-08-07,2025-08-15,36,36,44.56,1604.16,Late
PO002756,V009,SRV0984,2025-04-09,2025-05-27,2025-05-26,72,72,26.37,1898.64,On Time
PO002757,V006,SRV1043,2026-01-13,2026-02-18,2026-02-18,72,72,33.44,2407.68,On Time
PO002758,V006,SEA0706,2025-08-07,2025-09-12,2025-09-08,48,48,105.61,5069.28,On Time
PO002759,V002,CND2160,2025-09-10,2025-10-15,2025-10-23,24,24,24.16,579.84,Late
PO002760,V010,DEC0187,2025-11-02,2025-12-24,2025-12-21,48,48,48.52,2328.96,On Time
PO002761,V009,SHT1281,2025-08-28,2025-10-15,2025-10-18,36,36,23.7,853.2,Late
PO002762,V008,DEC0169,2025-06-23,2025-08-05,2025-08-01,72,72,45.33,3263.76,On Time
PO002763,V005,DEC0072,2025-05-11,2025-06-21,2025-06-18,24,24,14.83,355.92,On Time
PO002764,V015,SHT1236,2025-11-07,2025-12-01,2025-11-27,120,120,84.36,10123.2,On Time
PO002765,V012,FUR0613,2026-01-05,2026-01-31,2026-02-01,48,48,195.77,9396.96,On Time
PO002766,V018,FRM2191,2025-08-07,2025-08-22,2025-08-22,48,48,45.01,2160.48,On Time
PO002767,V011,SRV1027,2025-04-21,2025-06-02,2025-06-11,48,48,63.36,3041.28,Late
PO002768,V005,FRM2209,2026-03-04,2026-04-14,2026-04-20,48,48,8.73,419.04,Late
PO002769,V013,SRV1016,2025-06-17,2025-07-10,2025-07-13,36,36,45.27,1629.72,Late
PO002770,V003,HAL2003,2025-02-18,2025-04-21,2025-04-16,36,36,29.55,1063.8,On Time
PO002771,V006,DEC0052,2025-04-21,2025-05-27,2025-05-15,36,36,35.81,1289.16,On Time
PO002772,V008,TAB0821,2026-06-23,2026-08-05,2026-08-10,36,36,215.51,7758.36,Late
PO002773,V015,SRV0990,2026-04-09,2026-05-03,2026-05-01,48,48,68.52,3288.96,On Time
PO002774,V004,TAB0843,2025-04-27,2025-05-15,2025-05-14,24,24,335.29,8046.96,On Time
PO002775,V008,FRM2181,2026-06-23,2026-08-05,2026-08-04,72,72,26.64,1918.08,On Time
PO002776,V017,SHL1679,2025-12-14,2025-12-29,2026-01-06,48,48,48.56,2330.88,Late
PO002777,V019,LGT1805,2026-03-28,2026-05-02,2026-05-14,72,72,56.32,4055.04,Late
PO002778,V010,DEC0024,2025-03-18,2025-05-09,2025-05-13,120,120,49.01,5881.2,Late
PO002779,V010,DUV1178,2025-05-28,2025-07-19,2025-07-18,48,48,73.23,3515.04,On Time
PO002780,V001,UTL1140,2025-07-20,2025-08-20,2025-08-23,96,96,6.07,582.72,Late
PO002781,V015,FLR1839,2025-02-07,2025-03-03,2025-03-02,96,96,153.33,14719.68,On Time
PO002782,V005,DEC0146,2025-10-11,2025-11-21,2025-11-22,96,96,7.94,762.24,On Time
PO002783,V005,FLR1880,2025-04-09,2025-05-20,2025-05-29,24,24,163.4,3921.6,Late
PO002784,V015,WAL0210,2025-06-04,2025-06-28,2025-06-21,36,36,66.42,2391.12,On Time
PO002785,V019,SHL1682,2026-01-21,2026-02-25,2026-02-24,24,24,59.49,1427.76,On Time
PO002786,V011,TAB0770,2026-07-02,2026-08-13,2026-08-17,24,24,305.31,7327.44,Late
PO002787,V009,PIL1358,2026-05-19,2026-07-06,2026-07-14,120,120,26.68,3201.6,Late
PO002788,V006,MIR0392,2026-06-29,2026-08-04,2026-08-14,120,120,25.85,3102.0,Late
PO002789,V014,ORG1716,2025-05-02,2025-06-12,2025-06-20,48,48,27.9,1339.2,Late
PO002790,V009,LGT1804,2025-03-11,2025-04-28,2025-04-16,36,36,53.14,1913.04,On Time
PO002791,V013,DEC0047,2026-02-12,2026-03-07,2026-03-08,24,24,51.05,1225.2,On Time
PO002792,V015,DEC0036,2026-04-29,2026-05-23,2026-05-26,120,120,52.03,6243.6,Late
PO002793,V013,DEC0044,2025-11-04,2025-11-27,2025-11-30,120,120,38.21,4585.2,Late
PO002794,V001,PIL1354,2026-01-25,2026-02-25,2026-02-23,120,108,46.97,5636.4,On Time
PO002795,V003,TEX0534,2025-03-09,2025-05-10,2025-05-08,96,96,43.81,4205.76,On Time
PO002796,V013,PIL1407,2025-11-25,2025-12-18,2025-12-26,72,72,12.86,925.92,Late
PO002797,V010,SHL1695,2026-01-15,2026-03-08,2026-03-10,96,96,26.18,2513.28,On Time
PO002798,V018,SHL1651,2025-02-21,2025-03-08,2025-03-14,120,120,43.12,5174.4,Late
PO002799,V014,WAL0230,2026-02-20,2026-04-02,2026-04-03,72,72,55.16,3971.52,On Time
PO002800,V009,WAL0332,2025-06-13,2025-07-31,2025-07-28,120,120,21.24,2548.8,On Time
PO002801,V004,FLR1840,2025-05-30,2025-06-17,2025-06-10,36,36,114.12,4108.32,On Time
PO002802,V009,KIT0932,2026-01-09,2026-02-26,2026-02-23,96,96,106.98,10270.08,On Time
PO002803,V007,ORG1769,2026-03-14,2026-04-03,2026-04-08,36,36,44.26,1593.36,Late
PO002804,V005,ORG1726,2026-01-27,2026-03-09,2026-03-04,120,120,24.39,2926.8,On Time
PO002805,V012,CND2170,2026-01-21,2026-02-16,2026-02-16,24,24,33.92,814.08,On Time
PO002806,V008,BSK1575,2025-12-29,2026-02-10,2026-02-05,72,72,22.51,1620.72,On Time
PO002807,V013,TAB0813,2025-05-24,2025-06-16,2025-06-17,36,36,362.49,13049.64,On Time
PO002808,V013,DEC0167,2026-02-12,2026-03-07,2026-03-10,48,48,24.55,1178.4,Late
PO002809,V015,UTL1130,2025-09-06,2025-09-30,2025-10-02,48,48,22.84,1096.32,On Time
PO002810,V008,SEA0695,2025-06-23,2025-08-05,2025-08-08,36,36,373.1,13431.6,Late
PO002811,V002,TOW1420,2025-12-01,2026-01-05,2026-01-18,36,36,35.14,1265.04,Late
PO002812,V015,FRM2179,2026-04-08,2026-05-02,2026-05-08,24,24,43.86,1052.64,Late
PO002813,V009,TEX0518,2025-06-11,2025-07-29,2025-08-08,96,96,31.34,3008.64,Late
PO002814,V006,TAB0809,2026-03-13,2026-04-18,2026-04-28,36,36,82.37,2965.32,Late
PO002815,V007,GFT2252,2025-02-23,2025-03-15,2025-03-30,48,36,77.82,3735.36,Late
PO002816,V017,TEX0528,2026-06-15,2026-06-30,2026-06-26,48,48,42.08,2019.84,On Time
PO002817,V008,LGT1798,2025-06-29,2025-08-11,2025-08-13,120,120,92.64,11116.8,On Time
PO002818,V019,BTH1522,2026-04-14,2026-05-19,2026-05-20,24,24,13.26,318.24,On Time
PO002819,V010,TOW1464,2025-07-10,2025-08-31,2025-08-23,48,48,26.53,1273.44,On Time
PO002820,V006,LGT1812,2026-02-20,2026-03-28,2026-03-26,48,48,92.81,4454.88,On Time
PO002821,V017,WAL0296,2025-05-22,2025-06-06,2025-06-02,48,48,33.44,1605.12,On Time
PO002822,V017,WAL0242,2025-10-10,2025-10-25,2025-11-02,120,120,25.57,3068.4,Late
PO002823,V020,PIL1385,2025-02-19,2025-03-20,2025-03-26,48,48,11.74,563.52,Late
PO002824,V008,SHL1658,2025-09-18,2025-10-31,2025-11-01,48,48,86.38,4146.24,On Time
PO002825,V013,ORG1770,2026-06-29,2026-07-22,2026-07-25,36,36,20.05,721.8,Late
PO002826,V016,SHT1299,2026-01-05,2026-01-19,2026-02-06,96,90,23.35,2241.6,Late
PO002827,V017,TOW1428,2025-02-21,2025-03-08,2025-03-08,72,72,6.02,433.44,On Time
PO002828,V015,DEC0122,2026-06-14,2026-07-08,2026-06-30,36,36,61.18,2202.48,On Time
PO002829,V010,KIT0967,2026-01-02,2026-02-23,2026-02-27,36,36,59.83,2153.88,Late
PO002830,V008,LGT1798,2026-05-09,2026-06-21,2026-06-22,72,72,92.64,6670.08,On Time
PO002831,V009,ORG1758,2025-11-05,2025-12-23,2025-12-25,96,96,32.96,3164.16,On Time
PO002832,V001,DUV1177,2025-07-25,2025-08-25,2025-08-31,120,120,135.32,16238.4,Late
PO002833,V005,FUR0603,2025-11-08,2025-12-19,2025-12-18,24,24,120.06,2881.44,On Time
PO002834,V013,SRV1016,2026-02-28,2026-03-23,2026-03-27,24,24,45.27,1086.48,Late
PO002835,V015,DUV1182,2025-12-13,2026-01-06,2026-01-08,48,48,58.79,2821.92,On Time
PO002836,V007,WAL0289,2025-08-21,2025-09-10,2025-09-20,24,18,25.21,605.04,Late
PO002837,V007,DEC0032,2026-03-04,2026-03-24,2026-03-25,120,114,10.58,1269.6,On Time
PO002838,V008,SEA0712,2026-01-13,2026-02-25,2026-02-28,24,24,137.48,3299.52,Late
PO002839,V009,WAL0204,2025-08-05,2025-09-22,2025-09-24,36,36,41.05,1477.8,On Time
PO002840,V017,KIT0896,2026-03-07,2026-03-22,2026-04-04,120,120,17.67,2120.4,Late
PO002841,V004,SRV1017,2025-04-12,2025-04-30,2025-05-12,96,96,24.49,2351.04,Late
PO002842,V019,ORG1748,2025-09-02,2025-10-07,2025-09-30,48,48,9.1,436.8,On Time
PO002843,V015,SEA0719,2025-07-04,2025-07-28,2025-07-25,48,48,134.84,6472.32,On Time
PO002844,V019,UTL1111,2026-06-06,2026-07-11,2026-07-14,72,72,7.11,511.92,Late
PO002845,V020,SHT1257,2026-01-16,2026-02-14,2026-02-20,120,120,83.14,9976.8,Late
PO002846,V020,TEX0505,2025-10-02,2025-10-31,2025-10-31,120,120,16.25,1950.0,On Time
PO002847,V009,ORG1738,2025-06-25,2025-08-12,2025-08-14,36,36,20.24,728.64,On Time
PO002848,V004,TAB0837,2026-01-09,2026-01-27,2026-01-28,48,30,179.6,8620.8,On Time
PO002849,V013,FUR0670,2025-06-14,2025-07-07,2025-07-05,24,24,183.97,4415.28,On Time
PO002850,V013,TAB0810,2025-05-07,2025-05-30,2025-05-29,120,120,207.29,24874.8,On Time
PO002851,V013,SHL1693,2025-06-09,2025-07-02,2025-07-12,96,96,47.47,4557.12,Late
PO002852,V020,WAL0217,2025-06-24,2025-07-23,2025-07-30,48,48,60.89,2922.72,Late
PO002853,V012,CHR1930,2026-02-04,2026-03-02,2026-02-25,72,72,56.97,4101.84,On Time
PO002854,V019,UTL1111,2026-02-04,2026-03-11,2026-03-13,48,48,7.11,341.28,On Time
PO002855,V005,MIR0409,2025-10-31,2025-12-11,2025-12-15,36,36,23.95,862.2,Late
PO002856,V019,FRM2205,2026-02-19,2026-03-26,2026-03-13,120,120,25.5,3060.0,On Time
PO002857,V013,FUR0630,2026-05-09,2026-06-01,2026-06-02,36,36,81.54,2935.44,On Time
PO002858,V011,CND2121,2026-04-19,2026-05-31,2026-05-31,72,72,40.64,2926.08,On Time
PO002859,V011,LGT1821,2025-04-13,2025-05-25,2025-06-03,96,96,57.19,5490.24,Late
PO002860,V011,SUM2024,2026-01-09,2026-02-20,2026-03-02,72,72,49.61,3571.92,Late
PO002861,V002,DUV1157,2026-06-16,2026-07-21,2026-07-30,24,18,39.97,959.28,Late
PO002862,V009,TOW1438,2026-04-22,2026-06-09,2026-06-15,24,24,29.3,703.2,Late
PO002863,V003,ORG1734,2025-08-16,2025-10-17,2025-10-18,36,24,40.19,1446.84,On Time
PO002864,V002,CHR1934,2025-12-04,2026-01-08,2026-01-13,48,48,13.61,653.28,Late
PO002865,V009,DEC0141,2026-04-07,2026-05-25,2026-05-19,36,36,22.77,819.72,On Time
PO002866,V012,CHR1947,2025-08-15,2025-09-10,2025-09-09,36,24,45.24,1628.64,On Time
PO002867,V012,DEC0093,2025-11-17,2025-12-13,2025-12-17,72,72,22.3,1605.6,Late
PO002868,V003,CND2106,2025-10-21,2025-12-22,2025-12-24,48,48,40.14,1926.72,On Time
PO002869,V004,MIR0429,2025-07-26,2025-08-13,2025-08-11,36,36,68.32,2459.52,On Time
PO002870,V018,SRV1062,2026-01-07,2026-01-22,2026-01-28,48,48,36.84,1768.32,Late
PO002871,V009,CND2132,2025-12-03,2026-01-20,2026-01-25,24,24,20.68,496.32,Late
PO002872,V013,LGT1807,2026-01-04,2026-01-27,2026-01-30,72,72,36.66,2639.52,Late
PO002873,V006,TOW1483,2025-10-17,2025-11-22,2025-11-20,72,72,30.99,2231.28,On Time
PO002874,V008,PIL1349,2026-04-19,2026-06-01,2026-05-29,48,48,19.62,941.76,On Time
PO002875,V004,SUM2057,2025-11-24,2025-12-12,2025-12-14,36,36,52.31,1883.16,On Time
PO002876,V012,SHT1244,2025-06-26,2025-07-22,2025-08-01,96,96,55.3,5308.8,Late
PO002877,V004,TEX0520,2026-01-28,2026-02-15,2026-02-15,36,36,27.06,974.16,On Time
PO002878,V011,TEX0487,2026-03-08,2026-04-19,2026-04-24,24,24,39.12,938.88,Late
PO002879,V003,BSK1634,2025-04-12,2025-06-13,2025-06-11,120,120,21.67,2600.4,On Time
PO002880,V002,CHR1977,2025-11-24,2025-12-29,2026-01-05,24,24,48.76,1170.24,Late
PO002881,V018,DEC0125,2025-04-13,2025-04-28,2025-05-10,48,48,58.1,2788.8,Late
PO002882,V009,HAL1995,2025-04-15,2025-06-02,2025-06-06,48,48,20.46,982.08,Late
PO002883,V001,CHR1974,2025-02-14,2025-03-17,2025-03-12,36,36,8.26,297.36,On Time
PO002884,V011,TAB0790,2026-06-16,2026-07-28,2026-07-25,120,120,269.78,32373.6,On Time
PO002885,V011,GFT2224,2025-11-04,2025-12-16,2025-12-28,36,36,70.68,2544.48,Late
PO002886,V018,WAL0339,2026-01-21,2026-02-05,2026-02-14,96,96,46.09,4424.64,Late
PO002887,V008,LGT1818,2025-09-22,2025-11-04,2025-11-06,48,48,58.21,2794.08,On Time
PO002888,V002,WAL0317,2025-11-20,2025-12-25,2026-01-01,72,72,93.68,6744.96,Late
PO002889,V004,SRV1003,2025-10-21,2025-11-08,2025-11-09,24,24,39.5,948.0,On Time
PO002890,V009,SEA0738,2025-05-16,2025-07-03,2025-07-03,120,120,225.69,27082.8,On Time
PO002891,V015,SRV0993,2025-08-19,2025-09-12,2025-09-17,48,48,22.43,1076.64,Late
PO002892,V018,BTH1528,2026-04-22,2026-05-07,2026-05-13,36,36,40.18,1446.48,Late
PO002893,V002,DUV1220,2025-12-21,2026-01-25,2026-01-31,120,120,82.17,9860.4,Late
PO002894,V011,UTL1147,2025-08-28,2025-10-09,2025-10-17,36,36,29.46,1060.56,Late
PO002895,V006,TOW1486,2025-03-06,2025-04-11,2025-04-18,72,72,32.33,2327.76,Late
PO002896,V004,MIR0429,2025-10-23,2025-11-10,2025-11-08,48,48,68.32,3279.36,On Time
PO002897,V004,KIT0889,2025-10-09,2025-10-27,2025-10-31,120,120,27.57,3308.4,Late
PO002898,V008,SEA0712,2025-04-14,2025-05-27,2025-05-24,24,24,137.48,3299.52,On Time
PO002899,V008,GFT2221,2025-06-09,2025-07-22,2025-07-22,96,96,71.29,6843.84,On Time
PO002900,V014,WAL0199,2026-03-07,2026-04-17,2026-04-20,72,72,52.92,3810.24,Late
PO002901,V009,SEA0681,2026-06-13,2026-07-31,2026-08-08,72,60,175.22,12615.84,Late
PO002902,V016,UTL1085,2026-06-14,2026-06-28,2026-07-04,48,48,16.22,778.56,Late
PO002903,V017,SRV1076,2025-02-11,2025-02-26,2025-03-11,48,48,25.17,1208.16,Late
PO002904,V012,CND2170,2025-02-18,2025-03-16,2025-03-22,24,12,33.92,814.08,Late
PO002905,V007,GFT2255,2026-03-07,2026-03-27,2026-03-30,96,84,72.94,7002.24,Late
PO002906,V018,MIR0402,2025-02-04,2025-02-19,2025-03-02,24,24,76.62,1838.88,Late
PO002907,V013,UTL1144,2025-11-05,2025-11-28,2025-11-27,72,72,25.01,1800.72,On Time
PO002908,V003,ORG1734,2025-11-11,2026-01-12,2026-01-12,24,24,40.19,964.56,On Time
PO002909,V009,UTL1132,2026-06-02,2026-07-20,2026-07-16,48,48,28.7,1377.6,On Time
PO002910,V010,ORG1755,2025-05-29,2025-07-20,2025-07-16,72,72,41.62,2996.64,On Time
PO002911,V006,TOW1486,2025-09-02,2025-10-08,2025-10-16,96,96,32.33,3103.68,Late
PO002912,V004,DUV1209,2025-09-09,2025-09-27,2025-09-18,72,72,132.7,9554.4,On Time
PO002913,V010,SRV1075,2025-04-17,2025-06-08,2025-06-02,72,72,60.29,4340.88,On Time
PO002914,V010,KIT0875,2026-03-11,2026-05-02,2026-04-30,120,120,29.6,3552.0,On Time
PO002915,V001,FUR0577,2025-11-21,2025-12-22,2025-12-19,24,24,112.01,2688.24,On Time
PO002916,V020,DEC0051,2025-11-08,2025-12-07,2025-12-01,48,48,25.7,1233.6,On Time
PO002917,V009,FUR0675,2025-02-24,2025-04-13,2025-04-13,120,120,67.76,8131.2,On Time
PO002918,V011,TEX0501,2026-04-16,2026-05-28,2026-06-07,36,18,18.83,677.88,Late
PO002919,V012,SHT1233,2026-02-18,2026-03-16,2026-03-16,48,48,39.66,1903.68,On Time
PO002920,V009,SRV1038,2025-09-17,2025-11-04,2025-11-04,48,42,28.21,1354.08,On Time
PO002921,V011,BTH1538,2025-02-16,2025-03-30,2025-04-08,36,36,40.2,1447.2,Late
PO002922,V003,BSK1597,2025-04-16,2025-06-17,2025-06-23,120,120,23.7,2844.0,Late
PO002923,V009,CND2132,2026-06-11,2026-07-29,2026-08-04,120,120,20.68,2481.6,Late
PO002924,V011,DEC0170,2025-10-05,2025-11-16,2025-11-18,120,120,12.71,1525.2,On Time
PO002925,V009,MIR0404,2025-04-29,2025-06-16,2025-06-25,48,48,38.68,1856.64,Late
PO002926,V007,HAL1992,2025-03-06,2025-03-26,2025-03-26,48,42,18.25,876.0,On Time
PO002927,V012,MIR0364,2025-06-24,2025-07-20,2025-07-29,72,72,88.39,6364.08,Late
PO002928,V010,TOW1455,2026-01-01,2026-02-22,2026-02-20,48,48,25.74,1235.52,On Time
PO002929,V009,SRV1024,2025-03-22,2025-05-09,2025-05-11,36,36,29.01,1044.36,On Time
PO002930,V004,BSK1600,2026-05-29,2026-06-16,2026-06-15,72,72,27.6,1987.2,On Time
PO002931,V001,SEA0708,2025-02-15,2025-03-18,2025-03-23,36,36,105.58,3800.88,Late
PO002932,V018,SEA0679,2025-12-21,2026-01-05,2026-01-01,72,60,108.37,7802.64,On Time
PO002933,V019,TOW1468,2026-03-11,2026-04-15,2026-04-15,36,36,10.56,380.16,On Time
PO002934,V006,DEC0029,2026-01-18,2026-02-23,2026-02-25,36,36,54.42,1959.12,On Time
PO002935,V008,CHR1958,2025-08-18,2025-09-30,2025-09-29,24,24,75.25,1806.0,On Time
PO002936,V003,GFT2240,2025-12-16,2026-02-16,2026-02-24,48,48,44.67,2144.16,Late
PO002937,V007,TEX0472,2026-01-25,2026-02-14,2026-03-05,36,30,43.46,1564.56,Late
PO002938,V017,BSK1599,2025-08-01,2025-08-16,2025-08-12,48,36,22.03,1057.44,On Time
PO002939,V020,SEA0757,2026-01-21,2026-02-19,2026-02-20,120,120,169.19,20302.8,On Time
PO002940,V002,SHT1297,2025-07-23,2025-08-27,2025-09-09,48,48,70.21,3370.08,Late
PO002941,V011,SRV0981,2025-07-02,2025-08-13,2025-08-21,72,72,12.16,875.52,Late
PO002942,V011,WAL0310,2025-05-12,2025-06-23,2025-06-30,96,96,65.14,6253.44,Late
PO002943,V004,FLR1840,2025-05-26,2025-06-13,2025-06-07,36,36,114.12,4108.32,On Time
PO002944,V001,TEX0537,2026-04-05,2026-05-06,2026-05-04,120,120,31.41,3769.2,On Time
PO002945,V018,KIT0945,2025-12-29,2026-01-13,2026-01-18,120,120,29.25,3510.0,Late
PO002946,V005,TOW1432,2026-04-23,2026-06-03,2026-06-10,96,84,30.83,2959.68,Late
PO002947,V014,SHT1287,2026-06-04,2026-07-15,2026-07-12,72,72,41.42,2982.24,On Time
PO002948,V003,BTH1534,2026-02-05,2026-04-08,2026-04-12,36,36,12.89,464.04,Late
PO002949,V008,WAL0349,2026-01-09,2026-02-21,2026-02-19,120,120,68.56,8227.2,On Time
PO002950,V008,FUR0632,2025-08-27,2025-10-09,2025-10-21,72,72,186.5,13428.0,Late
PO002951,V004,WIN2080,2025-03-16,2025-04-03,2025-04-14,24,24,33.22,797.28,Late
PO002952,V003,SRV0977,2025-03-24,2025-05-25,2025-05-21,48,48,46.56,2234.88,On Time
PO002953,V017,BTH1539,2025-09-26,2025-10-11,2025-10-13,48,48,15.27,732.96,On Time
PO002954,V020,DEC0148,2025-07-16,2025-08-14,2025-08-16,24,24,27.21,653.04,On Time
PO002955,V009,WAL0341,2026-06-27,2026-08-14,2026-08-19,96,96,13.52,1297.92,Late
PO002956,V004,BSK1609,2025-06-05,2025-06-23,2025-06-22,36,36,47.92,1725.12,On Time
PO002957,V007,DEC0175,2025-08-01,2025-08-21,2025-09-03,36,30,24.7,889.2,Late
PO002958,V014,TEX0536,2025-04-09,2025-05-20,2025-05-22,36,36,12.82,461.52,On Time
PO002959,V009,TEX0518,2025-03-28,2025-05-15,2025-05-27,96,78,31.34,3008.64,Late
PO002960,V002,PIL1360,2026-05-10,2026-06-14,2026-06-18,24,24,30.0,720.0,Late
PO002961,V002,BTH1563,2025-12-26,2026-01-30,2026-02-11,24,24,32.58,781.92,Late
PO002962,V020,SEA0705,2025-02-13,2025-03-14,2025-03-24,96,96,79.72,7653.12,Late
PO002963,V005,BTH1566,2025-09-20,2025-10-31,2025-11-05,96,96,27.2,2611.2,Late
PO002964,V019,WAL0331,2025-03-18,2025-04-22,2025-04-23,72,72,33.96,2445.12,On Time
PO002965,V009,FLR1875,2025-05-14,2025-07-01,2025-07-07,96,96,58.6,5625.6,Late
PO002966,V003,GFT2254,2025-02-25,2025-04-28,2025-04-24,96,96,80.13,7692.48,On Time
PO002967,V006,MIR0392,2025-04-10,2025-05-16,2025-05-17,48,48,25.85,1240.8,On Time
PO002968,V015,FUR0573,2025-10-25,2025-11-18,2025-11-23,48,48,252.35,12112.8,Late
PO002969,V008,PIL1352,2025-11-03,2025-12-16,2025-12-19,48,48,28.05,1346.4,Late
PO002970,V005,TEX0489,2025-03-31,2025-05-11,2025-05-19,36,36,24.88,895.68,Late
PO002971,V008,DEC0018,2025-05-27,2025-07-09,2025-07-07,96,96,37.73,3622.08,On Time
PO002972,V020,CND2114,2025-02-12,2025-03-13,2025-03-12,48,48,4.82,231.36,On Time
PO002973,V012,BSK1587,2026-06-29,2026-07-25,2026-07-18,24,24,29.24,701.76,On Time
PO002974,V005,DEC0123,2026-06-13,2026-07-24,2026-07-27,36,36,44.99,1619.64,Late
PO002975,V010,HAL1987,2026-03-21,2026-05-12,2026-05-18,96,96,18.13,1740.48,Late
PO002976,V004,BSK1626,2026-02-01,2026-02-19,2026-02-16,48,48,21.06,1010.88,On Time
PO002977,V020,FUR0557,2025-09-20,2025-10-19,2025-10-17,36,36,147.41,5306.76,On Time
PO002978,V014,CHR1950,2026-05-05,2026-06-15,2026-06-14,120,120,18.95,2274.0,On Time
PO002979,V013,CHR1936,2026-04-20,2026-05-13,2026-05-09,24,24,49.53,1188.72,On Time
PO002980,V002,SEA0743,2026-07-04,2026-08-08,2026-08-01,48,48,107.85,5176.8,On Time
PO002981,V014,MIR0379,2025-12-01,2026-01-11,2026-01-09,36,36,87.55,3151.8,On Time
PO002982,V007,FLR1852,2026-02-11,2026-03-03,2026-03-20,72,72,74.85,5389.2,Late
PO002983,V009,WIN2075,2026-03-08,2026-04-25,2026-04-26,72,60,31.68,2280.96,On Time
PO002984,V009,DEC0061,2026-04-12,2026-05-30,2026-06-04,72,72,44.11,3175.92,Late
PO002985,V016,SEA0736,2026-06-06,2026-06-20,2026-06-22,96,84,286.23,27478.08,On Time
PO002986,V006,GFT2246,2025-08-28,2025-10-03,2025-10-02,48,48,61.09,2932.32,On Time
PO002987,V003,BSK1597,2025-04-01,2025-06-02,2025-05-27,48,42,23.7,1137.6,On Time
PO002988,V016,BSK1613,2025-09-24,2025-10-08,2025-10-13,72,72,13.65,982.8,Late
PO002989,V002,FUR0563,2026-01-16,2026-02-20,2026-03-07,120,114,99.74,11968.8,Late
PO002990,V008,ORG1701,2026-01-17,2026-03-01,2026-03-10,36,36,24.73,890.28,Late
PO002991,V003,KIT0914,2026-03-06,2026-05-07,2026-05-22,48,48,89.83,4311.84,Late
PO002992,V005,DUV1186,2025-02-16,2025-03-29,2025-03-24,24,24,91.12,2186.88,On Time
PO002993,V006,KIT0952,2025-02-01,2025-03-09,2025-03-08,72,72,80.7,5810.4,On Time
PO002994,V018,SEA0739,2026-05-24,2026-06-08,2026-06-06,96,96,150.41,14439.36,On Time
PO002995,V009,PIL1395,2025-10-04,2025-11-21,2025-11-21,24,24,40.95,982.8,On Time
PO002996,V004,FUR0589,2025-12-14,2026-01-01,2026-01-03,120,108,223.39,26806.8,On Time
PO002997,V016,DUV1193,2025-05-02,2025-05-16,2025-06-05,120,114,46.71,5605.2,Late
PO002998,V005,MIR0360,2025-10-22,2025-12-02,2025-12-08,24,24,67.66,1623.84,Late
PO002999,V005,MIR0409,2025-11-13,2025-12-24,2025-12-23,120,120,23.95,2874.0,On Time
PO003000,V010,DUV1187,2026-03-18,2026-05-09,2026-04-30,96,96,70.6,6777.6,On Time
PO003001,V010,FUR0641,2025-03-09,2025-04-30,2025-05-03,96,96,230.85,22161.6,Late
PO003002,V016,TOW1473,2025-05-10,2025-05-24,2025-06-13,72,66,18.15,1306.8,Late
PO003003,V018,TAB0819,2026-06-13,2026-06-28,2026-07-01,72,72,356.93,25698.96,Late
PO003004,V003,LGT1814,2025-10-30,2025-12-31,2026-01-05,24,24,85.0,2040.0,Late
PO003005,V003,DEC0137,2025-08-21,2025-10-22,2025-10-23,72,66,16.15,1162.8,On Time
PO003006,V014,WAL0319,2025-05-11,2025-06-21,2025-06-20,120,120,17.81,2137.2,On Time
PO003007,V001,LGT1771,2026-04-30,2026-05-31,2026-06-01,36,36,26.22,943.92,On Time
PO003008,V011,FLR1864,2025-08-05,2025-09-16,2025-10-02,120,120,100.33,12039.6,Late
PO003009,V009,PEN1898,2025-09-24,2025-11-11,2025-11-07,36,36,169.22,6091.92,On Time
PO003010,V019,TEX0531,2026-04-11,2026-05-16,2026-05-19,120,120,10.3,1236.0,Late
PO003011,V018,FUR0559,2026-01-09,2026-01-24,2026-01-21,48,48,149.4,7171.2,On Time
PO003012,V005,MIR0372,2025-05-01,2025-06-11,2025-06-15,36,36,103.61,3729.96,Late
PO003013,V005,SHL1700,2025-10-03,2025-11-13,2025-11-15,36,36,35.81,1289.16,On Time
PO003014,V018,TOW1465,2026-02-24,2026-03-11,2026-03-12,36,36,13.54,487.44,On Time
PO003015,V015,BTH1570,2026-06-11,2026-07-05,2026-07-09,24,12,5.65,135.6,Late
PO003016,V010,WIN2098,2025-03-15,2025-05-06,2025-05-04,96,96,17.78,1706.88,On Time
PO003017,V016,DUV1219,2026-05-15,2026-05-29,2026-06-05,36,36,83.93,3021.48,Late
PO003018,V001,SEA0700,2026-06-26,2026-07-27,2026-08-04,48,48,152.87,7337.76,Late
PO003019,V013,GFT2247,2026-03-05,2026-03-28,2026-04-04,24,24,47.49,1139.76,Late
PO003020,V002,DEC0054,2026-07-06,2026-08-10,2026-08-15,120,102,35.94,4312.8,Late
PO003021,V011,LGT1821,2026-05-02,2026-06-13,2026-07-01,36,24,57.19,2058.84,Late
PO003022,V011,ORG1741,2025-09-18,2025-10-30,2025-11-01,96,96,32.57,3126.72,On Time
PO003023,V019,BSK1631,2025-02-07,2025-03-14,2025-03-08,96,96,31.92,3064.32,On Time
PO003024,V002,TOW1474,2025-11-04,2025-12-09,2025-12-12,96,96,36.0,3456.0,Late
PO003025,V003,SEA0697,2026-05-25,2026-07-26,2026-07-30,24,24,266.45,6394.8,Late
PO003026,V004,DEC0086,2025-10-25,2025-11-12,2025-11-12,48,48,50.99,2447.52,On Time
PO003027,V009,SHT1284,2025-12-28,2026-02-14,2026-02-02,120,120,64.91,7789.2,On Time
PO003028,V007,KIT0935,2025-05-24,2025-06-13,2025-06-18,120,114,50.28,6033.6,Late
PO003029,V008,KIT0912,2026-04-03,2026-05-16,2026-05-19,96,96,69.74,6695.04,Late
PO003030,V016,SEA0733,2026-01-08,2026-01-22,2026-01-28,24,12,266.16,6387.84,Late
PO003031,V002,TEX0491,2026-06-16,2026-07-21,2026-08-03,120,120,20.59,2470.8,Late
PO003032,V002,SRV0971,2025-07-26,2025-08-30,2025-09-14,72,72,34.5,2484.0,Late
PO003033,V020,TOW1491,2025-10-09,2025-11-07,2025-11-01,36,36,8.28,298.08,On Time
PO003034,V009,SEA0715,2025-02-19,2025-04-08,2025-04-13,36,36,96.37,3469.32,Late
PO003035,V002,CND2160,2025-12-25,2026-01-29,2026-02-09,24,24,24.16,579.84,Late
PO003036,V011,CND2101,2026-04-05,2026-05-17,2026-05-24,48,30,40.61,1949.28,Late
PO003037,V014,TAB0847,2025-11-29,2026-01-09,2026-01-13,72,72,99.17,7140.24,Late
PO003038,V008,PIL1349,2026-01-24,2026-03-08,2026-03-11,72,72,19.62,1412.64,Late
PO003039,V014,SHT1287,2026-07-07,2026-08-17,2026-08-26,72,72,41.42,2982.24,Late
PO003040,V018,KIT0925,2026-04-23,2026-05-08,2026-05-08,48,48,15.67,752.16,On Time
PO003041,V010,FRM2207,2025-10-05,2025-11-26,2025-12-07,120,120,35.78,4293.6,Late
PO003042,V005,CND2109,2026-03-16,2026-04-26,2026-04-27,72,54,27.76,1998.72,On Time
PO003043,V019,FLR1842,2026-05-19,2026-06-23,2026-06-28,96,96,182.3,17500.8,Late
PO003044,V005,WAL0340,2026-04-08,2026-05-19,2026-05-27,48,48,18.13,870.24,Late
PO003045,V001,TEX0440,2025-07-07,2025-08-07,2025-08-07,72,72,27.32,1967.04,On Time
PO003046,V001,SEA0700,2025-08-23,2025-09-23,2025-09-16,48,48,152.87,7337.76,On Time
PO003047,V013,PIL1407,2025-09-02,2025-09-25,2025-09-21,96,96,12.86,1234.56,On Time
PO003048,V020,SHL1674,2026-01-04,2026-02-02,2026-02-03,72,72,79.14,5698.08,On Time
PO003049,V009,FUR0624,2025-02-12,2025-04-01,2025-03-31,72,72,234.4,16876.8,On Time
PO003050,V011,TOW1481,2026-03-12,2026-04-23,2026-05-02,96,96,12.19,1170.24,Late
PO003051,V020,GFT2217,2025-11-09,2025-12-08,2025-12-17,72,72,12.13,873.36,Late
PO003052,V005,MIR0372,2026-06-23,2026-08-03,2026-08-06,120,120,103.61,12433.2,Late
PO003053,V007,GFT2249,2026-06-17,2026-07-07,2026-07-20,120,120,62.2,7464.0,Late
PO003054,V018,KIT0945,2026-02-23,2026-03-10,2026-03-07,48,30,29.25,1404.0,On Time
PO003055,V004,SRV0997,2026-06-04,2026-06-22,2026-06-18,120,120,47.38,5685.6,On Time
PO003056,V002,WIN2097,2026-05-08,2026-06-12,2026-06-22,36,36,26.16,941.76,Late
PO003057,V016,SHT1265,2026-03-14,2026-03-28,2026-04-02,96,96,38.77,3721.92,Late
PO003058,V016,CHR1956,2025-04-21,2025-05-05,2025-05-09,120,120,14.01,1681.2,Late
PO003059,V012,SHL1667,2025-10-17,2025-11-12,2025-11-21,48,48,63.64,3054.72,Late
PO003060,V019,TAB0805,2025-08-17,2025-09-21,2025-09-30,72,66,216.53,15590.16,Late
PO003061,V019,WAL0214,2025-12-11,2026-01-15,2026-01-14,48,48,31.86,1529.28,On Time
PO003062,V011,CHR1961,2025-06-23,2025-08-04,2025-08-09,72,72,73.53,5294.16,Late
PO003063,V001,TAB0848,2026-06-08,2026-07-09,2026-07-17,120,120,112.97,13556.4,Late
PO003064,V017,GFT2219,2026-06-25,2026-07-10,2026-07-02,96,96,60.82,5838.72,On Time
PO003065,V002,LGT1783,2025-03-08,2025-04-12,2025-04-19,120,114,36.72,4406.4,Late
PO003066,V013,DEC0070,2026-06-02,2026-06-25,2026-06-25,120,120,43.3,5196.0,On Time
PO003067,V015,DEC0019,2025-10-07,2025-10-31,2025-11-05,120,108,30.39,3646.8,Late
PO003068,V004,FUR0609,2025-03-28,2025-04-15,2025-04-20,36,36,160.22,5767.92,Late
PO003069,V018,BSK1588,2025-11-10,2025-11-25,2025-11-15,48,42,11.58,555.84,On Time
PO003070,V012,FLR1853,2025-12-08,2026-01-03,2026-01-08,24,24,198.02,4752.48,Late
PO003071,V019,DUV1174,2025-08-06,2025-09-10,2025-09-07,36,36,70.42,2535.12,On Time
PO003072,V013,TEX0444,2025-12-14,2026-01-06,2026-01-08,48,48,45.21,2170.08,On Time
PO003073,V008,KIT0861,2025-08-16,2025-09-28,2025-10-04,120,120,98.06,11767.2,Late
PO003074,V003,TAB0777,2025-07-04,2025-09-04,2025-09-02,36,36,192.78,6940.08,On Time
PO003075,V011,SRV1050,2025-04-18,2025-05-30,2025-06-07,120,120,37.34,4480.8,Late
PO003076,V016,FUR0639,2026-07-03,2026-07-17,2026-07-23,72,72,80.92,5826.24,Late
PO003077,V009,SRV1038,2026-03-29,2026-05-16,2026-05-21,48,48,28.21,1354.08,Late
PO003078,V004,PIL1400,2026-03-15,2026-04-02,2026-03-29,120,120,36.05,4326.0,On Time
PO003079,V018,WAL0279,2025-04-03,2025-04-18,2025-04-17,72,72,74.76,5382.72,On Time
PO003080,V015,WAL0222,2025-10-02,2025-10-26,2025-11-07,72,72,42.56,3064.32,Late
PO003081,V009,HAL2004,2025-03-19,2025-05-06,2025-05-20,48,48,13.88,666.24,Late
PO003082,V016,TAB0839,2025-10-21,2025-11-04,2025-11-16,36,36,184.04,6625.44,Late
PO003083,V016,GFT2222,2025-08-18,2025-09-01,2025-09-12,72,60,43.58,3137.76,Late
PO003084,V010,KIT0898,2026-06-28,2026-08-19,2026-08-21,24,24,85.07,2041.68,On Time
PO003085,V014,DEC0136,2026-03-03,2026-04-13,2026-04-11,72,72,20.59,1482.48,On Time
PO003086,V006,KIT0952,2026-02-20,2026-03-28,2026-04-04,48,48,80.7,3873.6,Late
PO003087,V006,CHR1972,2025-03-31,2025-05-06,2025-05-06,24,24,42.9,1029.6,On Time
PO003088,V014,SHT1287,2025-06-23,2025-08-03,2025-07-31,72,60,41.42,2982.24,On Time
PO003089,V004,DEC0086,2026-05-10,2026-05-28,2026-06-07,24,18,50.99,1223.76,Late
PO003090,V006,DEC0009,2025-07-02,2025-08-07,2025-08-06,48,48,11.4,547.2,On Time
PO003091,V019,MIR0428,2026-01-11,2026-02-15,2026-02-17,120,120,42.22,5066.4,On Time
PO003092,V012,SHL1690,2026-01-24,2026-02-19,2026-02-22,24,24,41.32,991.68,Late
PO003093,V016,KIT0865,2026-01-25,2026-02-08,2026-02-15,24,24,106.86,2564.64,Late
PO003094,V014,KIT0890,2026-05-09,2026-06-19,2026-06-17,24,18,23.89,573.36,On Time
PO003095,V014,FRM2210,2025-08-15,2025-09-25,2025-09-26,36,36,26.54,955.44,On Time
PO003096,V009,DEC0132,2025-06-01,2025-07-19,2025-07-14,24,24,45.83,1099.92,On Time
PO003097,V004,TAB0766,2026-03-24,2026-04-11,2026-04-07,96,96,213.4,20486.4,On Time
PO003098,V020,SHT1248,2026-03-16,2026-04-14,2026-04-12,96,90,36.36,3490.56,On Time
PO003099,V008,DEC0101,2026-05-01,2026-06-13,2026-06-17,72,72,33.05,2379.6,Late
PO003100,V013,FRM2173,2025-09-29,2025-10-22,2025-10-20,72,72,23.54,1694.88,On Time
PO003101,V017,GFT2236,2026-03-16,2026-03-31,2026-04-07,24,24,62.5,1500.0,Late
PO003102,V018,WAL0339,2025-07-17,2025-08-01,2025-08-02,96,96,46.09,4424.64,On Time
PO003103,V008,BTH1515,2026-06-27,2026-08-09,2026-08-11,72,72,21.78,1568.16,On Time
PO003104,V004,PEN1909,2025-12-25,2026-01-12,2026-01-17,24,6,132.89,3189.36,Late
PO003105,V013,MIR0430,2025-02-01,2025-02-24,2025-02-21,72,72,97.71,7035.12,On Time
PO003106,V016,KIT0859,2026-05-11,2026-05-25,2026-05-31,72,72,84.1,6055.2,Late
PO003107,V015,WAL0210,2026-02-15,2026-03-11,2026-03-10,120,120,66.42,7970.4,On Time
PO003108,V004,KIT0857,2025-05-10,2025-05-28,2025-05-28,24,24,59.69,1432.56,On Time
PO003109,V002,SHT1323,2025-09-10,2025-10-15,2025-10-24,48,48,62.3,2990.4,Late
PO003110,V012,CND2104,2025-08-03,2025-08-29,2025-09-01,48,48,29.28,1405.44,Late
PO003111,V001,MIR0414,2025-06-24,2025-07-25,2025-07-20,48,48,121.25,5820.0,On Time
PO003112,V013,SRV1013,2026-05-27,2026-06-19,2026-06-11,72,72,18.96,1365.12,On Time
PO003113,V009,FUR0572,2025-06-12,2025-07-30,2025-07-30,72,72,58.5,4212.0,On Time
PO003114,V008,CHR1958,2026-06-28,2026-08-10,2026-08-09,36,36,75.25,2709.0,On Time
PO003115,V001,BTH1531,2025-12-05,2026-01-05,2025-12-28,24,24,11.96,287.04,On Time
PO003116,V009,SHT1315,2025-09-17,2025-11-04,2025-11-04,36,36,25.64,923.04,On Time
PO003117,V010,WAL0287,2025-09-25,2025-11-16,2025-11-16,72,72,57.5,4140.0,On Time
PO003118,V005,TEX0449,2025-04-24,2025-06-04,2025-05-24,96,96,38.04,3651.84,On Time
PO003119,V012,TAB0833,2026-01-14,2026-02-09,2026-02-14,96,96,273.87,26291.52,Late
PO003120,V005,WAL0243,2025-09-20,2025-10-31,2025-11-09,24,24,30.27,726.48,Late
PO003121,V004,WAL0346,2026-03-04,2026-03-22,2026-03-19,36,36,37.77,1359.72,On Time
PO003122,V010,FUR0555,2026-06-09,2026-07-31,2026-07-28,36,36,103.92,3741.12,On Time
PO003123,V005,CND2123,2026-06-14,2026-07-25,2026-07-28,24,24,23.05,553.2,Late
PO003124,V018,SHL1659,2026-03-20,2026-04-04,2026-04-08,72,72,84.27,6067.44,Late
PO003125,V019,WAL0205,2025-03-20,2025-04-24,2025-04-25,48,48,30.8,1478.4,On Time
PO003126,V020,WAL0194,2025-02-12,2025-03-13,2025-03-01,72,72,31.94,2299.68,On Time
PO003127,V008,DUV1155,2025-04-05,2025-05-18,2025-05-20,48,48,113.66,5455.68,On Time
PO003128,V009,MIR0404,2025-04-20,2025-06-07,2025-06-10,120,120,38.68,4641.6,Late
PO003129,V004,CHR1980,2026-04-24,2026-05-12,2026-05-17,72,72,56.99,4103.28,Late
PO003130,V002,ORG1763,2026-01-20,2026-02-24,2026-03-17,72,72,38.47,2769.84,Late
PO003131,V018,SHL1659,2025-03-25,2025-04-09,2025-04-08,48,48,84.27,4044.96,On Time
PO003132,V011,KIT0907,2025-09-13,2025-10-25,2025-11-07,96,78,88.15,8462.4,Late
PO003133,V013,PIL1367,2026-01-21,2026-02-13,2026-02-05,72,72,44.48,3202.56,On Time
PO003134,V002,MIR0351,2025-11-25,2025-12-30,2026-01-09,24,24,53.65,1287.6,Late
PO003135,V017,DEC0039,2025-02-26,2025-03-13,2025-03-15,36,36,56.38,2029.68,On Time
PO003136,V013,DUV1224,2025-07-26,2025-08-18,2025-08-17,24,12,82.4,1977.6,On Time
PO003137,V018,SHL1699,2025-05-05,2025-05-20,2025-05-24,72,72,42.61,3067.92,Late
PO003138,V009,BTH1512,2025-02-04,2025-03-24,2025-03-22,72,72,38.26,2754.72,On Time
PO003139,V009,SEA0724,2026-05-09,2026-06-26,2026-06-29,72,72,124.37,8954.64,Late
PO003140,V004,SEA0689,2025-03-30,2025-04-17,2025-04-19,120,108,237.9,28548.0,On Time
PO003141,V018,TAB0831,2025-08-03,2025-08-18,2025-08-12,24,24,219.74,5273.76,On Time
PO003142,V002,CHR1934,2025-07-13,2025-08-17,2025-08-21,36,24,13.61,489.96,Late
PO003143,V004,PIL1340,2025-11-23,2025-12-11,2025-12-08,24,24,34.09,818.16,On Time
PO003144,V010,LGT1784,2026-05-02,2026-06-23,2026-06-24,36,36,35.56,1280.16,On Time
PO003145,V006,BSK1649,2025-05-22,2025-06-27,2025-06-19,72,66,24.72,1779.84,On Time
PO003146,V015,SUM2050,2025-08-17,2025-09-10,2025-09-12,48,48,28.19,1353.12,On Time
PO003147,V015,KIT0942,2026-02-15,2026-03-11,2026-03-13,96,96,45.98,4414.08,On Time
PO003148,V015,DEC0019,2025-03-28,2025-04-21,2025-04-26,96,96,30.39,2917.44,Late
PO003149,V010,WIN2098,2025-04-21,2025-06-12,2025-06-19,96,78,17.78,1706.88,Late
PO003150,V014,TEX0510,2025-11-05,2025-12-16,2025-12-19,48,48,45.82,2199.36,Late
PO003151,V009,DEC0084,2026-03-24,2026-05-11,2026-05-12,96,96,49.81,4781.76,On Time
PO003152,V018,SHT1268,2025-10-04,2025-10-19,2025-10-14,36,36,55.26,1989.36,On Time
PO003153,V014,TOW1456,2025-03-05,2025-04-15,2025-04-16,120,120,28.92,3470.4,On Time
PO003154,V013,SRV1056,2025-05-31,2025-06-23,2025-06-24,48,48,12.82,615.36,On Time
PO003155,V012,CHR1947,2025-05-23,2025-06-18,2025-06-20,120,120,45.24,5428.8,On Time
PO003156,V011,TEX0547,2026-03-20,2026-05-01,2026-05-18,72,72,42.88,3087.36,Late
PO003157,V013,DEC0173,2026-02-13,2026-03-08,2026-03-07,72,72,33.15,2386.8,On Time
PO003158,V014,TAB0796,2026-06-18,2026-07-29,2026-08-01,36,36,243.56,8768.16,Late
PO003159,V006,WIN2086,2026-05-20,2026-06-25,2026-07-03,120,120,33.79,4054.8,Late
PO003160,V015,DEC0050,2026-05-09,2026-06-02,2026-05-30,24,24,38.31,919.44,On Time
PO003161,V016,TAB0845,2025-07-12,2025-07-26,2025-07-26,36,36,229.61,8265.96,On Time
PO003162,V004,BTH1540,2025-05-24,2025-06-11,2025-06-25,36,36,29.53,1063.08,Late
PO003163,V018,SRV0979,2025-09-26,2025-10-11,2025-10-19,72,72,52.3,3765.6,Late
PO003164,V017,DEC0068,2025-03-18,2025-04-02,2025-04-02,72,72,33.26,2394.72,On Time
PO003165,V003,ORG1746,2025-11-23,2026-01-24,2026-01-26,96,96,34.75,3336.0,On Time
PO003166,V008,TEX0438,2025-07-12,2025-08-24,2025-08-21,120,120,41.23,4947.6,On Time
PO003167,V005,TAB0780,2026-07-04,2026-08-14,2026-08-07,120,120,90.09,10810.8,On Time
PO003168,V015,ORG1736,2025-02-03,2025-02-27,2025-03-10,24,24,42.84,1028.16,Late
PO003169,V002,FUR0617,2026-03-24,2026-04-28,2026-05-01,120,120,77.53,9303.6,Late
PO003170,V005,CHR1929,2025-02-05,2025-03-18,2025-03-13,48,48,71.25,3420.0,On Time
PO003171,V001,FUR0654,2026-04-16,2026-05-17,2026-05-22,24,24,96.85,2324.4,Late
PO003172,V008,DEC0035,2025-09-19,2025-11-01,2025-10-27,96,96,62.64,6013.44,On Time
PO003173,V008,TEX0435,2025-12-02,2026-01-14,2026-01-15,120,120,44.07,5288.4,On Time
PO003174,V016,MIR0413,2025-06-28,2025-07-12,2025-07-14,48,48,127.13,6102.24,On Time
PO003175,V014,PIL1370,2025-06-28,2025-08-08,2025-08-03,96,96,45.17,4336.32,On Time
PO003176,V020,TEX0431,2025-03-07,2025-04-05,2025-04-06,24,24,22.94,550.56,On Time
PO003177,V018,TOW1499,2025-09-27,2025-10-12,2025-10-23,36,36,16.09,579.24,Late
PO003178,V020,TOW1488,2026-06-25,2026-07-24,2026-07-23,72,66,11.94,859.68,On Time
PO003179,V009,FLR1858,2025-06-04,2025-07-22,2025-07-25,120,120,131.93,15831.6,Late
PO003180,V014,DEC0090,2025-12-18,2026-01-28,2026-01-25,72,60,54.69,3937.68,On Time
PO003181,V002,DUV1217,2026-05-14,2026-06-18,2026-06-24,120,120,43.7,5244.0,Late
PO003182,V013,WAL0256,2025-11-07,2025-11-30,2025-12-06,24,24,24.73,593.52,Late
PO003183,V007,LGT1806,2025-05-17,2025-06-06,2025-06-07,72,72,69.16,4979.52,On Time
PO003184,V018,HAL1988,2026-02-05,2026-02-20,2026-02-26,36,36,22.92,825.12,Late
PO003185,V009,SHT1298,2026-04-18,2026-06-05,2026-06-02,72,72,70.75,5094.0,On Time
PO003186,V009,TEX0461,2025-11-15,2026-01-02,2025-12-28,72,72,36.49,2627.28,On Time
PO003187,V011,DUV1227,2025-10-20,2025-12-01,2025-12-09,72,60,104.05,7491.6,Late
PO003188,V010,PIL1381,2025-08-21,2025-10-12,2025-10-07,72,72,29.63,2133.36,On Time
PO003189,V012,SHL1667,2026-07-01,2026-07-27,2026-07-26,72,72,63.64,4582.08,On Time
PO003190,V002,BSK1580,2025-03-30,2025-05-04,2025-05-18,48,48,21.11,1013.28,Late
PO003191,V017,GFT2216,2025-07-09,2025-07-24,2025-08-02,36,18,29.55,1063.8,Late
PO003192,V014,GFT2253,2025-08-03,2025-09-13,2025-09-16,72,72,42.69,3073.68,Late
PO003193,V002,TEX0494,2025-06-22,2025-07-27,2025-08-07,48,36,10.87,521.76,Late
PO003194,V015,LGT1779,2025-10-09,2025-11-02,2025-11-03,36,36,91.28,3286.08,On Time
PO003195,V019,BTH1514,2025-08-12,2025-09-16,2025-09-17,48,48,31.65,1519.2,On Time
PO003196,V017,MIR0388,2025-03-20,2025-04-04,2025-04-02,48,48,112.9,5419.2,On Time
PO003197,V020,DUV1205,2025-09-08,2025-10-07,2025-10-02,24,24,43.83,1051.92,On Time
PO003198,V017,DEC0168,2025-07-10,2025-07-25,2025-07-20,36,18,31.37,1129.32,On Time
PO003199,V004,KIT0889,2026-04-27,2026-05-15,2026-05-30,72,72,27.57,1985.04,Late
PO003200,V002,TAB0774,2025-07-04,2025-08-08,2025-08-14,96,96,98.67,9472.32,Late
PO003201,V020,TOW1437,2026-05-13,2026-06-11,2026-06-14,36,36,15.71,565.56,Late
PO003202,V013,DEC0164,2025-06-12,2025-07-05,2025-07-13,48,48,31.22,1498.56,Late
PO003203,V006,SRV1015,2025-12-02,2026-01-07,2026-01-01,72,72,43.98,3166.56,On Time
PO003204,V002,KIT0877,2026-06-05,2026-07-10,2026-07-15,96,96,70.31,6749.76,Late
PO003205,V005,SUM2060,2026-02-15,2026-03-28,2026-03-26,120,120,26.27,3152.4,On Time
PO003206,V008,WAL0298,2026-02-14,2026-03-29,2026-04-02,96,96,34.3,3292.8,Late
PO003207,V011,SUM2061,2025-10-03,2025-11-14,2025-11-22,96,90,29.47,2829.12,Late
PO003208,V018,TOW1442,2025-11-25,2025-12-10,2025-12-18,24,24,16.25,390.0,Late
PO003209,V001,DEC0151,2025-02-09,2025-03-12,2025-03-14,36,36,14.18,510.48,On Time
PO003210,V005,MIR0383,2026-02-09,2026-03-22,2026-03-13,48,48,33.02,1584.96,On Time
PO003211,V005,UTL1092,2026-04-22,2026-06-02,2026-05-31,120,120,29.68,3561.6,On Time
PO003212,V005,ORG1706,2026-06-21,2026-08-01,2026-08-09,48,48,26.82,1287.36,Late
PO003213,V005,TEX0529,2025-07-17,2025-08-27,2025-08-31,120,120,20.0,2400.0,Late
PO003214,V002,PIL1360,2025-05-28,2025-07-02,2025-07-04,96,96,30.0,2880.0,On Time
PO003215,V005,KIT0940,2026-06-28,2026-08-08,2026-08-08,36,36,37.88,1363.68,On Time
PO003216,V006,CHR1972,2026-03-27,2026-05-02,2026-05-12,48,48,42.9,2059.2,Late
PO003217,V006,WIN2086,2025-05-23,2025-06-28,2025-06-26,24,18,33.79,810.96,On Time
PO003218,V004,DEC0120,2025-06-06,2025-06-24,2025-06-24,72,60,27.52,1981.44,On Time
PO003219,V001,FUR0580,2025-05-12,2025-06-12,2025-06-11,48,48,47.83,2295.84,On Time
PO003220,V015,FUR0610,2026-03-15,2026-04-08,2026-04-12,96,96,223.91,21495.36,Late
PO003221,V005,TAB0772,2025-02-03,2025-03-16,2025-03-24,96,96,332.78,31946.88,Late
PO003222,V017,TEX0482,2025-11-09,2025-11-24,2025-11-26,48,48,17.3,830.4,On Time
PO003223,V003,MIR0366,2026-06-30,2026-08-31,2026-08-29,72,72,79.53,5726.16,On Time
PO003224,V002,SEA0754,2025-06-04,2025-07-09,2025-07-16,72,72,367.91,26489.52,Late
PO003225,V019,ORG1705,2026-02-08,2026-03-15,2026-03-19,48,48,6.52,312.96,Late
PO003226,V007,WAL0218,2026-01-14,2026-02-03,2026-02-18,24,24,53.14,1275.36,Late
PO003227,V001,BTH1537,2025-07-01,2025-08-01,2025-08-13,120,120,42.16,5059.2,Late
PO003228,V012,DEC0004,2025-08-21,2025-09-16,2025-09-18,48,48,16.71,802.08,On Time
PO003229,V013,MIR0427,2026-06-05,2026-06-28,2026-06-26,120,120,76.22,9146.4,On Time
PO003230,V004,DEC0086,2025-03-28,2025-04-15,2025-04-21,72,72,50.99,3671.28,Late
PO003231,V017,TAB0802,2025-09-14,2025-09-29,2025-09-28,48,48,143.06,6866.88,On Time
PO003232,V004,UTL1143,2025-05-07,2025-05-25,2025-05-22,120,120,11.99,1438.8,On Time
PO003233,V011,ORG1721,2025-12-31,2026-02-11,2026-02-24,72,72,40.48,2914.56,Late
PO003234,V016,SRV0985,2026-03-12,2026-03-26,2026-03-27,120,120,8.21,985.2,On Time
PO003235,V015,DEC0122,2026-02-19,2026-03-15,2026-03-22,48,42,61.18,2936.64,Late
PO003236,V019,TEX0502,2026-01-07,2026-02-11,2026-02-15,24,24,30.48,731.52,Late
PO003237,V007,TEX0492,2025-12-24,2026-01-13,2026-01-25,72,60,14.56,1048.32,Late
PO003238,V014,WAL0273,2025-07-03,2025-08-13,2025-08-11,36,36,66.33,2387.88,On Time
PO003239,V011,KIT0970,2025-12-23,2026-02-03,2026-02-10,72,60,80.17,5772.24,Late
PO003240,V007,UTL1112,2025-11-06,2025-11-26,2025-12-03,36,36,13.66,491.76,Late
PO003241,V003,BSK1603,2025-04-14,2025-06-15,2025-06-11,120,120,11.2,1344.0,On Time
PO003242,V008,SHT1249,2025-11-04,2025-12-17,2025-12-19,72,72,75.05,5403.6,On Time
PO003243,V011,ORG1741,2026-03-01,2026-04-12,2026-04-17,48,30,32.57,1563.36,Late
PO003244,V011,GFT2241,2026-07-02,2026-08-13,2026-08-21,24,24,13.3,319.2,Late
PO003245,V020,WAL0334,2025-04-07,2025-05-06,2025-05-09,24,24,23.85,572.4,Late
PO003246,V016,TEX0542,2026-04-20,2026-05-04,2026-05-07,36,36,9.53,343.08,Late
PO003247,V005,SHT1272,2025-09-30,2025-11-10,2025-11-13,48,48,100.3,4814.4,Late
PO003248,V010,KIT0875,2025-09-25,2025-11-16,2025-11-21,36,36,29.6,1065.6,Late
PO003249,V009,LGT1775,2026-03-05,2026-04-22,2026-04-29,72,72,110.02,7921.44,Late
PO003250,V011,LGT1781,2025-02-21,2025-04-04,2025-04-23,36,36,54.21,1951.56,Late
PO003251,V011,DEC0170,2025-09-18,2025-10-30,2025-10-31,120,120,12.71,1525.2,On Time
PO003252,V012,DUV1221,2025-12-10,2026-01-05,2026-01-09,36,36,52.24,1880.64,Late
PO003253,V011,DEC0138,2025-12-10,2026-01-21,2026-02-06,48,48,22.26,1068.48,Late
PO003254,V005,DUV1180,2026-02-20,2026-04-02,2026-04-04,72,72,50.21,3615.12,On Time
PO003255,V018,CHR1928,2026-03-31,2026-04-15,2026-04-14,48,48,61.62,2957.76,On Time
PO003256,V010,DEC0187,2026-02-17,2026-04-10,2026-04-19,48,48,48.52,2328.96,Late
PO003257,V014,WAL0350,2026-01-30,2026-03-12,2026-03-17,24,24,31.33,751.92,Late
PO003258,V006,SRV1006,2025-03-30,2025-05-05,2025-04-28,48,48,56.76,2724.48,On Time
PO003259,V010,PIL1375,2025-03-16,2025-05-07,2025-05-04,120,120,22.87,2744.4,On Time
PO003260,V003,SHL1677,2026-05-14,2026-07-15,2026-07-16,24,24,106.45,2554.8,On Time
PO003261,V016,PEN1882,2025-06-22,2025-07-06,2025-07-12,72,72,211.65,15238.8,Late
PO003262,V013,TOW1467,2026-03-19,2026-04-11,2026-04-11,36,36,26.96,970.56,On Time
PO003263,V006,LGT1795,2026-04-05,2026-05-11,2026-05-09,24,24,73.48,1763.52,On Time
PO003264,V018,TAB0791,2026-01-10,2026-01-25,2026-01-23,72,72,148.29,10676.88,On Time
PO003265,V016,ORG1733,2025-08-04,2025-08-18,2025-09-02,120,120,46.79,5614.8,Late
PO003266,V014,BTH1553,2025-03-20,2025-04-30,2025-05-01,48,48,13.43,644.64,On Time
PO003267,V009,SHT1315,2025-09-23,2025-11-10,2025-11-09,48,48,25.64,1230.72,On Time
PO003268,V019,FUR0574,2026-06-07,2026-07-12,2026-07-18,36,36,176.25,6345.0,Late
PO003269,V016,WAL0233,2026-06-29,2026-07-13,2026-07-17,36,36,84.94,3057.84,Late
PO003270,V005,FUR0626,2026-07-02,2026-08-12,2026-08-09,120,120,74.15,8898.0,On Time
PO003271,V012,DEC0087,2026-06-12,2026-07-08,2026-07-07,120,114,56.59,6790.8,On Time
PO003272,V008,CND2158,2025-04-21,2025-06-03,2025-06-08,36,36,33.56,1208.16,Late
PO003273,V014,FRM2199,2026-01-24,2026-03-06,2026-03-04,24,24,32.84,788.16,On Time
PO003274,V008,GFT2218,2026-02-04,2026-03-19,2026-03-20,96,96,24.73,2374.08,On Time
PO003275,V005,UTL1089,2026-01-13,2026-02-23,2026-03-02,72,72,26.73,1924.56,Late
PO003276,V001,DEC0151,2026-06-15,2026-07-16,2026-07-12,24,24,14.18,340.32,On Time
PO003277,V004,PEN1920,2025-02-09,2025-02-27,2025-02-22,72,72,125.3,9021.6,On Time
PO003278,V019,TOW1434,2026-01-14,2026-02-18,2026-02-14,72,72,6.49,467.28,On Time
PO003279,V004,WIN2080,2025-08-26,2025-09-13,2025-09-14,24,24,33.22,797.28,On Time
PO003280,V018,PEN1919,2025-04-05,2025-04-20,2025-04-18,48,48,124.9,5995.2,On Time
PO003281,V018,TOW1499,2025-11-15,2025-11-30,2025-11-18,36,36,16.09,579.24,On Time
PO003282,V019,DEC0065,2025-07-28,2025-09-01,2025-08-23,24,24,30.03,720.72,On Time
PO003283,V012,TOW1444,2025-07-24,2025-08-19,2025-08-25,72,72,12.22,879.84,Late
PO003284,V020,GFT2217,2025-04-09,2025-05-08,2025-05-10,24,6,12.13,291.12,On Time
PO003285,V003,WAL0283,2025-12-02,2026-02-02,2026-02-07,48,48,10.21,490.08,Late
PO003286,V013,TOW1413,2026-04-20,2026-05-13,2026-05-17,72,72,6.42,462.24,Late
PO003287,V001,KIT0891,2026-03-23,2026-04-23,2026-04-11,96,96,48.33,4639.68,On Time
PO003288,V016,MIR0405,2025-04-22,2025-05-06,2025-05-09,48,48,26.31,1262.88,Late
PO003289,V012,UTL1104,2026-02-02,2026-02-28,2026-03-02,48,48,9.39,450.72,On Time
PO003290,V005,WAL0269,2025-12-27,2026-02-06,2026-02-14,72,72,51.71,3723.12,Late
PO003291,V004,SRV1046,2026-02-02,2026-02-20,2026-02-15,120,120,12.12,1454.4,On Time
PO003292,V006,KIT0929,2026-06-28,2026-08-03,2026-07-31,96,96,58.15,5582.4,On Time
PO003293,V011,WAL0198,2025-10-08,2025-11-19,2025-11-25,120,108,65.33,7839.6,Late
PO003294,V001,MIR0408,2026-07-05,2026-08-05,2026-08-08,72,72,38.92,2802.24,Late
PO003295,V005,DEC0043,2025-02-07,2025-03-20,2025-03-14,36,36,15.13,544.68,On Time
PO003296,V010,FRM2201,2025-02-07,2025-03-31,2025-03-31,72,72,37.64,2710.08,On Time
PO003297,V002,FUR0640,2026-06-19,2026-07-24,2026-08-03,96,96,178.7,17155.2,Late
PO003298,V012,SHL1653,2026-05-16,2026-06-11,2026-06-08,120,120,94.11,11293.2,On Time
PO003299,V013,BTH1527,2025-08-08,2025-08-31,2025-09-09,24,24,35.68,856.32,Late
PO003300,V011,TEX0478,2025-12-25,2026-02-05,2026-02-08,48,48,36.67,1760.16,Late
PO003301,V019,FUR0574,2026-03-01,2026-04-05,2026-04-15,72,72,176.25,12690.0,Late
PO003302,V005,SUM2040,2026-03-03,2026-04-13,2026-04-13,96,96,63.89,6133.44,On Time
PO003303,V019,FUR0585,2025-10-25,2025-11-29,2025-11-29,72,72,57.78,4160.16,On Time
PO003304,V011,KIT0870,2026-05-18,2026-06-29,2026-07-04,72,72,36.98,2662.56,Late
PO003305,V015,FUR0610,2025-10-26,2025-11-19,2025-11-07,36,36,223.91,8060.76,On Time
PO003306,V001,FUR0568,2025-03-30,2025-04-30,2025-04-29,120,120,160.98,19317.6,On Time
PO003307,V011,FLR1878,2025-02-01,2025-03-15,2025-03-16,36,24,144.93,5217.48,On Time
PO003308,V014,BTH1510,2026-01-15,2026-02-25,2026-02-27,120,120,35.13,4215.6,On Time
PO003309,V005,BSK1620,2025-10-14,2025-11-24,2025-11-28,96,96,30.23,2902.08,Late
PO003310,V009,BTH1535,2025-03-10,2025-04-27,2025-04-25,120,120,29.77,3572.4,On Time
PO003311,V015,KIT0942,2026-03-20,2026-04-13,2026-04-17,120,120,45.98,5517.6,Late
PO003312,V003,KIT0934,2026-05-19,2026-07-20,2026-07-14,72,72,75.52,5437.44,On Time
PO003313,V007,GFT2249,2025-05-06,2025-05-26,2025-06-02,96,96,62.2,5971.2,Late
PO003314,V016,SRV1073,2026-01-05,2026-01-19,2026-01-25,72,72,25.41,1829.52,Late
PO003315,V014,SEA0676,2025-05-06,2025-06-16,2025-06-13,120,120,131.0,15720.0,On Time
PO003316,V017,TAB0768,2025-11-27,2025-12-12,2025-12-12,96,96,251.88,24180.48,On Time
PO003317,V011,LGT1781,2025-04-27,2025-06-08,2025-06-19,96,96,54.21,5204.16,Late
PO003318,V007,HAL1992,2026-05-06,2026-05-26,2026-06-03,36,36,18.25,657.0,Late
PO003319,V014,SEA0716,2026-06-01,2026-07-12,2026-07-20,24,24,105.71,2537.04,Late
PO003320,V010,DEC0187,2025-02-14,2025-04-07,2025-04-08,24,24,48.52,1164.48,On Time
PO003321,V009,LGT1832,2025-12-12,2026-01-29,2026-01-23,36,36,72.77,2619.72,On Time
PO003322,V015,DEC0096,2025-04-12,2025-05-06,2025-05-04,24,18,17.32,415.68,On Time
PO003323,V006,SHT1329,2025-02-15,2025-03-23,2025-03-30,36,36,42.33,1523.88,Late
PO003324,V018,SUM2028,2025-12-30,2026-01-14,2026-01-12,96,96,66.91,6423.36,On Time
PO003325,V016,SRV1042,2025-08-29,2025-09-12,2025-09-15,72,54,36.69,2641.68,Late
PO003326,V015,FRM2196,2025-05-11,2025-06-04,2025-06-11,96,96,17.07,1638.72,Late
PO003327,V008,WAL0349,2025-04-12,2025-05-25,2025-05-27,120,120,68.56,8227.2,On Time
PO003328,V015,FUR0573,2025-09-04,2025-09-28,2025-09-30,48,30,252.35,12112.8,On Time
PO003329,V014,DEC0056,2025-02-24,2025-04-06,2025-04-02,24,24,38.7,928.8,On Time
PO003330,V003,DEC0154,2025-06-03,2025-08-04,2025-08-02,36,36,10.09,363.24,On Time
PO003331,V016,SHT1242,2026-01-01,2026-01-15,2026-01-24,24,6,44.26,1062.24,Late
PO003332,V002,SHT1237,2025-05-29,2025-07-03,2025-07-18,96,84,78.05,7492.8,Late
PO003333,V002,TEX0491,2025-11-16,2025-12-21,2025-12-29,36,18,20.59,741.24,Late
PO003334,V008,SHT1269,2025-03-18,2025-04-30,2025-05-02,72,72,31.73,2284.56,On Time
PO003335,V011,BSK1598,2025-03-19,2025-04-30,2025-05-06,120,102,39.79,4774.8,Late
PO003336,V005,BTH1543,2026-06-09,2026-07-20,2026-07-17,96,96,22.67,2176.32,On Time
PO003337,V006,DEC0012,2025-06-04,2025-07-10,2025-07-06,24,24,11.67,280.08,On Time
PO003338,V019,KIT0962,2025-05-20,2025-06-24,2025-06-21,36,36,110.31,3971.16,On Time
PO003339,V012,SHT1330,2025-06-13,2025-07-09,2025-07-09,96,96,55.04,5283.84,On Time
PO003340,V015,SHL1670,2026-04-29,2026-05-23,2026-05-23,48,36,49.42,2372.16,On Time
PO003341,V009,BSK1635,2026-04-16,2026-06-03,2026-05-30,72,72,37.93,2730.96,On Time
PO003342,V005,WAL0269,2026-05-28,2026-07-08,2026-07-09,72,72,51.71,3723.12,On Time
PO003343,V010,PEN1887,2026-02-20,2026-04-13,2026-04-18,24,24,284.49,6827.76,Late
PO003344,V002,SHL1657,2025-04-29,2025-06-03,2025-06-09,24,24,78.8,1891.2,Late
PO003345,V008,TOW1412,2025-04-25,2025-06-07,2025-06-03,36,36,21.26,765.36,On Time
PO003346,V005,SHL1660,2025-04-09,2025-05-20,2025-05-17,36,24,102.56,3692.16,On Time
PO003347,V013,FUR0576,2026-04-06,2026-04-29,2026-05-02,72,72,70.1,5047.2,Late
PO003348,V019,BTH1514,2026-04-15,2026-05-20,2026-05-23,96,96,31.65,3038.4,Late
PO003349,V012,WAL0201,2025-11-11,2025-12-07,2025-12-02,36,36,28.64,1031.04,On Time
PO003350,V014,CND2119,2025-10-09,2025-11-19,2025-11-20,120,120,22.53,2703.6,On Time
PO003351,V016,SHT1242,2026-01-31,2026-02-14,2026-03-02,24,24,44.26,1062.24,Late
PO003352,V005,MIR0380,2026-07-07,2026-08-17,2026-08-19,72,60,123.64,8902.08,On Time
PO003353,V001,TOW1477,2026-07-01,2026-08-01,2026-08-01,48,48,28.0,1344.0,On Time
PO003354,V010,TAB0778,2026-02-17,2026-04-10,2026-04-18,36,36,168.23,6056.28,Late
PO003355,V005,SHL1660,2025-10-05,2025-11-15,2025-11-18,72,60,102.56,7384.32,Late
PO003356,V001,HAL2017,2025-09-18,2025-10-19,2025-10-19,48,48,38.61,1853.28,On Time
PO003357,V020,SHT1248,2025-12-05,2026-01-03,2025-12-26,48,48,36.36,1745.28,On Time
PO003358,V017,SHL1685,2025-03-13,2025-03-28,2025-04-06,96,96,83.21,7988.16,Late
PO003359,V002,KIT0851,2025-10-17,2025-11-21,2025-11-24,24,24,27.77,666.48,Late
PO003360,V013,DEC0153,2025-05-29,2025-06-21,2025-06-21,48,48,34.16,1639.68,On Time
PO003361,V013,TEX0444,2026-03-08,2026-03-31,2026-03-22,96,96,45.21,4340.16,On Time
PO003362,V014,TEX0533,2025-08-16,2025-09-26,2025-09-25,96,96,18.03,1730.88,On Time
PO003363,V011,SUM2030,2025-05-17,2025-06-28,2025-07-04,96,96,19.7,1891.2,Late
PO003364,V008,GFT2218,2026-01-23,2026-03-07,2026-03-05,72,72,24.73,1780.56,On Time
PO003365,V012,SHT1267,2025-12-25,2026-01-20,2026-01-31,120,120,85.56,10267.2,Late
PO003366,V008,FUR0632,2026-01-17,2026-03-01,2026-03-03,96,96,186.5,17904.0,On Time
PO003367,V020,MIR0425,2026-05-21,2026-06-19,2026-06-26,96,96,43.38,4164.48,Late
PO003368,V004,MIR0429,2026-05-21,2026-06-08,2026-06-12,36,36,68.32,2459.52,Late
PO003369,V001,DUV1160,2026-02-28,2026-03-31,2026-03-28,120,120,47.53,5703.6,On Time
PO003370,V010,DEC0187,2025-09-02,2025-10-24,2025-10-30,24,24,48.52,1164.48,Late
PO003371,V020,UTL1137,2025-03-28,2025-04-26,2025-05-04,72,72,7.0,504.0,Late
PO003372,V011,CHR1964,2025-07-23,2025-09-03,2025-09-12,48,48,89.52,4296.96,Late
PO003373,V004,LGT1786,2026-01-01,2026-01-19,2026-01-18,24,24,49.21,1181.04,On Time
PO003374,V012,DEC0004,2025-03-30,2025-04-25,2025-04-28,36,36,16.71,601.56,Late
PO003375,V008,DUV1155,2026-03-27,2026-05-09,2026-05-10,36,36,113.66,4091.76,On Time
PO003376,V002,WAL0337,2026-05-11,2026-06-15,2026-06-17,48,48,48.96,2350.08,On Time
PO003377,V012,TOW1427,2025-09-19,2025-10-15,2025-10-12,72,72,32.14,2314.08,On Time
PO003378,V006,TOW1463,2025-07-10,2025-08-15,2025-08-17,36,36,27.94,1005.84,On Time
PO003379,V010,WAL0267,2025-10-24,2025-12-15,2025-12-17,24,24,44.15,1059.6,On Time
PO003380,V010,FRM2198,2026-06-29,2026-08-20,2026-08-22,48,48,44.01,2112.48,On Time
PO003381,V011,DEC0110,2026-06-16,2026-07-28,2026-08-16,36,36,31.15,1121.4,Late
PO003382,V018,SHT1322,2025-12-26,2026-01-10,2026-01-03,48,48,24.76,1188.48,On Time
PO003383,V014,FUR0599,2025-12-04,2026-01-14,2026-01-15,24,24,174.05,4177.2,On Time
PO003384,V020,PIL1351,2025-03-13,2025-04-11,2025-04-09,24,24,43.87,1052.88,On Time
PO003385,V020,BTH1517,2025-10-23,2025-11-21,2025-11-13,72,72,31.3,2253.6,On Time
PO003386,V009,TEX0518,2026-04-01,2026-05-19,2026-05-22,48,48,31.34,1504.32,Late
PO003387,V011,CHR1921,2025-12-16,2026-01-27,2026-02-03,48,48,55.85,2680.8,Late
PO003388,V005,WAL0212,2026-05-03,2026-06-13,2026-06-15,36,36,36.17,1302.12,On Time
PO003389,V001,DUV1160,2026-04-26,2026-05-27,2026-06-02,36,36,47.53,1711.08,Late
PO003390,V006,DEC0049,2026-03-20,2026-04-25,2026-05-02,72,72,13.34,960.48,Late
PO003391,V003,ORG1754,2025-11-16,2026-01-17,2026-01-23,36,36,27.39,986.04,Late
PO003392,V013,FRM2173,2025-09-08,2025-10-01,2025-09-30,48,48,23.54,1129.92,On Time
PO003393,V003,TOW1454,2026-01-15,2026-03-18,2026-03-20,72,72,20.93,1506.96,On Time
PO003394,V002,SHT1300,2025-12-15,2026-01-19,2026-01-24,36,18,25.98,935.28,Late
PO003395,V003,GFT2220,2025-11-19,2026-01-20,2026-01-24,48,48,16.6,796.8,Late
PO003396,V006,DEC0186,2026-02-28,2026-04-05,2026-04-09,72,72,15.56,1120.32,Late
PO003397,V012,BSK1587,2025-12-15,2026-01-10,2026-01-09,36,36,29.24,1052.64,On Time
PO003398,V013,MIR0390,2026-03-02,2026-03-25,2026-03-30,72,72,92.59,6666.48,Late
PO003399,V012,UTL1104,2025-08-21,2025-09-16,2025-09-22,120,120,9.39,1126.8,Late
PO003400,V005,PIL1403,2025-05-18,2025-06-28,2025-06-20,48,48,13.85,664.8,On Time
PO003401,V007,LGT1792,2025-03-26,2025-04-15,2025-04-20,72,72,106.38,7659.36,Late
PO003402,V005,GFT2226,2025-03-03,2025-04-13,2025-04-17,120,120,38.26,4591.2,Late
PO003403,V017,TEX0548,2025-04-24,2025-05-09,2025-05-13,36,36,17.65,635.4,Late
PO003404,V011,TAB0790,2025-03-11,2025-04-22,2025-04-29,48,48,269.78,12949.44,Late
PO003405,V018,BSK1608,2026-02-19,2026-03-06,2026-02-22,24,24,18.76,450.24,On Time
PO003406,V008,SEA0712,2025-09-06,2025-10-19,2025-10-22,48,48,137.48,6599.04,Late
PO003407,V011,HAL1990,2026-03-27,2026-05-08,2026-05-22,120,120,27.43,3291.6,Late
PO003408,V017,KIT0896,2025-11-14,2025-11-29,2025-12-08,120,108,17.67,2120.4,Late
PO003409,V020,SUM2051,2025-10-29,2025-11-27,2025-11-27,24,24,20.5,492.0,On Time
PO003410,V020,HAL2008,2025-04-06,2025-05-05,2025-04-28,120,120,17.61,2113.2,On Time
PO003411,V002,TEX0497,2026-01-21,2026-02-25,2026-03-01,96,96,39.0,3744.0,Late
PO003412,V006,KIT0892,2025-03-15,2025-04-20,2025-04-23,96,96,28.23,2710.08,Late
PO003413,V010,SRV0995,2025-09-07,2025-10-29,2025-11-03,72,72,41.8,3009.6,Late
PO003414,V016,TOW1473,2026-03-10,2026-03-24,2026-04-05,36,36,18.15,653.4,Late
PO003415,V006,TEX0446,2025-12-09,2026-01-14,2026-01-15,48,48,20.07,963.36,On Time
PO003416,V019,WAL0202,2025-04-25,2025-05-30,2025-05-30,36,36,60.91,2192.76,On Time
PO003417,V014,FRM2210,2025-10-22,2025-12-02,2025-12-09,24,24,26.54,636.96,Late
PO003418,V018,LGT1822,2025-09-03,2025-09-18,2025-09-23,48,48,60.72,2914.56,Late
PO003419,V004,WAL0237,2025-11-11,2025-11-29,2025-11-22,24,24,40.82,979.68,On Time
PO003420,V012,WIN2081,2025-11-20,2025-12-16,2025-12-13,24,24,31.91,765.84,On Time
PO003421,V002,DEC0023,2025-06-06,2025-07-11,2025-07-15,72,72,55.59,4002.48,Late
PO003422,V001,WAL0197,2025-05-22,2025-06-22,2025-06-22,36,36,27.23,980.28,On Time
PO003423,V019,LGT1805,2025-04-15,2025-05-20,2025-05-21,24,24,56.32,1351.68,On Time
PO003424,V015,TOW1430,2026-05-26,2026-06-19,2026-06-16,36,24,30.35,1092.6,On Time
PO003425,V011,SRV0981,2026-03-02,2026-04-13,2026-04-24,96,90,12.16,1167.36,Late
PO003426,V009,DEC0181,2026-07-02,2026-08-19,2026-08-18,48,48,44.65,2143.2,On Time
PO003427,V007,TEX0455,2025-05-05,2025-05-25,2025-06-05,120,120,55.84,6700.8,Late
PO003428,V019,DEC0065,2025-04-13,2025-05-18,2025-05-23,96,96,30.03,2882.88,Late
PO003429,V007,CND2112,2025-03-17,2025-04-06,2025-04-07,36,36,11.25,405.0,On Time
PO003430,V020,WAL0257,2025-12-05,2026-01-03,2026-01-07,96,96,22.23,2134.08,Late
PO003431,V019,FUR0585,2025-02-06,2025-03-13,2025-03-12,96,96,57.78,5546.88,On Time
PO003432,V013,KIT0873,2025-06-28,2025-07-21,2025-07-22,24,24,11.0,264.0,On Time
PO003433,V016,FUR0639,2025-11-23,2025-12-07,2025-12-23,120,114,80.92,9710.4,Late
PO003434,V019,BSK1594,2026-03-27,2026-05-01,2026-05-05,24,24,40.22,965.28,Late
PO003435,V018,UTL1139,2026-02-04,2026-02-19,2026-02-22,24,24,9.97,239.28,Late
PO003436,V006,TAB0795,2026-03-16,2026-04-21,2026-04-18,120,120,229.86,27583.2,On Time
PO003437,V013,DEC0164,2025-05-10,2025-06-02,2025-06-17,36,36,31.22,1123.92,Late
PO003438,V009,FUR0595,2025-09-30,2025-11-17,2025-11-22,72,72,113.99,8207.28,Late
PO003439,V009,PEN1898,2025-05-19,2025-07-06,2025-07-05,120,120,169.22,20306.4,On Time
PO003440,V001,SEA0717,2026-07-08,2026-08-08,2026-08-11,72,72,312.49,22499.28,Late
PO003441,V019,BTH1562,2025-11-28,2026-01-02,2025-12-30,24,18,42.73,1025.52,On Time
PO003442,V003,MIR0406,2025-10-14,2025-12-15,2025-12-13,36,18,38.28,1378.08,On Time
PO003443,V006,FUR0649,2025-06-17,2025-07-23,2025-07-20,24,18,132.98,3191.52,On Time
PO003444,V010,HAL1987,2025-09-05,2025-10-27,2025-11-01,72,72,18.13,1305.36,Late
PO003445,V015,KIT0930,2026-06-22,2026-07-16,2026-07-21,48,48,14.63,702.24,Late
PO003446,V012,SHL1653,2026-04-07,2026-05-03,2026-04-27,24,24,94.11,2258.64,On Time
PO003447,V019,DEC0182,2026-04-15,2026-05-20,2026-05-17,96,96,11.19,1074.24,On Time
PO003448,V014,LGT1833,2025-09-01,2025-10-12,2025-10-15,36,36,92.09,3315.24,Late
PO003449,V015,WAL0336,2025-08-31,2025-09-24,2025-10-05,24,24,42.98,1031.52,Late
PO003450,V018,FUR0642,2025-06-10,2025-06-25,2025-06-27,36,36,72.63,2614.68,On Time
PO003451,V019,FUR0594,2026-01-30,2026-03-06,2026-02-23,48,48,64.93,3116.64,On Time
PO003452,V009,FUR0658,2025-09-27,2025-11-14,2025-11-17,36,36,118.23,4256.28,Late
PO003453,V017,TEX0476,2025-09-21,2025-10-06,2025-10-15,96,96,21.89,2101.44,Late
PO003454,V012,TEX0481,2025-12-04,2025-12-30,2025-12-28,120,120,21.13,2535.6,On Time
PO003455,V014,CND2119,2025-10-26,2025-12-06,2025-11-28,24,24,22.53,540.72,On Time
PO003456,V002,PEN1883,2026-01-19,2026-02-23,2026-03-04,72,72,158.25,11394.0,Late
PO003457,V017,DUV1168,2025-12-17,2026-01-01,2026-01-05,48,48,93.84,4504.32,Late
PO003458,V008,LGT1789,2025-03-03,2025-04-15,2025-04-10,36,36,82.38,2965.68,On Time
PO003459,V019,PEN1902,2026-02-12,2026-03-19,2026-03-29,24,12,175.75,4218.0,Late
PO003460,V003,FUR0606,2026-02-27,2026-04-30,2026-04-29,96,90,94.99,9119.04,On Time
PO003461,V018,DUV1222,2026-02-01,2026-02-16,2026-02-18,48,48,93.59,4492.32,On Time
PO003462,V014,TEX0436,2025-02-11,2025-03-24,2025-03-30,24,18,33.26,798.24,Late
PO003463,V001,FUR0648,2026-01-28,2026-02-28,2026-02-27,96,96,103.18,9905.28,On Time
PO003464,V017,TOW1476,2026-01-22,2026-02-06,2026-02-10,24,24,5.99,143.76,Late
PO003465,V005,FUR0663,2025-05-26,2025-07-06,2025-07-01,72,72,109.77,7903.44,On Time
PO003466,V009,DEC0061,2025-02-04,2025-03-24,2025-03-24,96,96,44.11,4234.56,On Time
PO003467,V003,HAL2003,2026-03-05,2026-05-06,2026-05-11,24,24,29.55,709.2,Late
PO003468,V001,PEN1908,2025-09-14,2025-10-15,2025-10-10,96,96,112.74,10823.04,On Time
PO003469,V014,FUR0593,2025-05-29,2025-07-09,2025-07-08,120,120,210.26,25231.2,On Time
PO003470,V007,DEC0175,2026-02-28,2026-03-20,2026-03-23,48,48,24.7,1185.6,Late
PO003471,V018,CND2128,2025-04-12,2025-04-27,2025-05-02,120,102,34.95,4194.0,Late
PO003472,V020,TEX0454,2025-10-12,2025-11-10,2025-11-14,96,96,35.01,3360.96,Late
PO003473,V014,LGT1790,2025-04-19,2025-05-30,2025-06-03,36,36,20.1,723.6,Late
PO003474,V006,SEA0726,2025-09-03,2025-10-09,2025-10-07,72,72,85.42,6150.24,On Time
PO003475,V005,ORG1706,2026-05-11,2026-06-21,2026-06-10,48,48,26.82,1287.36,On Time
PO003476,V014,TAB0796,2025-05-01,2025-06-11,2025-06-10,96,96,243.56,23381.76,On Time
PO003477,V008,FRM2181,2025-09-28,2025-11-10,2025-11-15,48,48,26.64,1278.72,Late
PO003478,V010,ORG1755,2026-03-05,2026-04-26,2026-04-25,36,36,41.62,1498.32,On Time
PO003479,V020,PIL1394,2025-02-01,2025-03-02,2025-03-04,24,24,18.18,436.32,On Time
PO003480,V005,WAL0252,2025-07-30,2025-09-09,2025-09-14,72,72,21.67,1560.24,Late
PO003481,V019,ORG1765,2026-06-27,2026-08-01,2026-08-08,36,36,29.41,1058.76,Late
PO003482,V009,UTL1098,2026-02-21,2026-04-10,2026-04-04,72,72,11.98,862.56,On Time
PO003483,V009,BTH1504,2026-05-17,2026-07-04,2026-06-30,48,48,19.69,945.12,On Time
PO003484,V014,DEC0016,2026-01-06,2026-02-16,2026-02-12,48,48,32.23,1547.04,On Time
PO003485,V003,KIT0914,2026-04-14,2026-06-15,2026-06-19,72,72,89.83,6467.76,Late
PO003486,V010,KIT0967,2026-06-27,2026-08-18,2026-08-24,48,48,59.83,2871.84,Late
PO003487,V011,TEX0527,2025-10-22,2025-12-03,2025-12-14,96,96,36.55,3508.8,Late
PO003488,V013,UTL1096,2025-06-27,2025-07-20,2025-07-21,36,36,26.08,938.88,On Time
PO003489,V017,CND2148,2026-06-08,2026-06-23,2026-06-24,36,36,22.89,824.04,On Time
PO003490,V016,ORG1733,2025-10-07,2025-10-21,2025-10-20,96,96,46.79,4491.84,On Time
PO003491,V016,TOW1473,2025-09-13,2025-09-27,2025-10-01,36,36,18.15,653.4,Late
PO003492,V012,TOW1447,2025-06-10,2025-07-06,2025-07-10,72,72,18.16,1307.52,Late
PO003493,V007,HAL2012,2025-10-08,2025-10-28,2025-11-12,96,84,32.86,3154.56,Late
PO003494,V016,CHR1956,2025-06-13,2025-06-27,2025-07-01,120,120,14.01,1681.2,Late
PO003495,V001,KIT0868,2025-02-11,2025-03-14,2025-03-16,96,96,31.44,3018.24,On Time
PO003496,V002,BTH1563,2025-03-07,2025-04-11,2025-04-09,48,48,32.58,1563.84,On Time
PO003497,V006,TOW1463,2026-02-02,2026-03-10,2026-03-12,48,48,27.94,1341.12,On Time
PO003498,V005,KIT0900,2025-08-25,2025-10-05,2025-10-05,96,90,66.81,6413.76,On Time
PO003499,V020,HAL2008,2025-11-01,2025-11-30,2025-11-29,120,120,17.61,2113.2,On Time
PO003500,V003,TOW1414,2025-05-06,2025-07-07,2025-07-14,96,96,33.53,3218.88,Late
PO003501,V002,SHL1657,2026-05-29,2026-07-03,2026-07-04,96,96,78.8,7564.8,On Time
PO003502,V007,WAL0309,2026-01-12,2026-02-01,2026-02-12,120,120,37.25,4470.0,Late
PO003503,V018,PIL1345,2026-05-16,2026-05-31,2026-06-03,48,48,25.18,1208.64,Late
PO003504,V020,DEC0148,2025-11-04,2025-12-03,2025-12-13,24,6,27.21,653.04,Late
PO003505,V008,DEC0038,2025-12-28,2026-02-09,2026-02-04,72,72,12.03,866.16,On Time
PO003506,V011,TOW1490,2026-05-09,2026-06-20,2026-06-16,96,90,13.84,1328.64,On Time
PO003507,V014,WAL0350,2026-04-10,2026-05-21,2026-05-21,36,36,31.33,1127.88,On Time
PO003508,V012,DEC0130,2025-08-11,2025-09-06,2025-09-09,48,48,34.78,1669.44,Late
PO003509,V005,SRV1032,2025-11-14,2025-12-25,2026-01-01,24,24,16.69,400.56,Late
PO003510,V011,GFT2230,2026-05-25,2026-07-06,2026-07-17,36,30,16.96,610.56,Late
PO003511,V020,KIT0908,2026-06-12,2026-07-11,2026-07-15,48,48,68.61,3293.28,Late
PO003512,V018,SHT1259,2025-08-27,2025-09-11,2025-09-18,24,24,23.49,563.76,Late
PO003513,V010,KIT0967,2025-02-18,2025-04-11,2025-04-03,72,72,59.83,4307.76,On Time
PO003514,V017,SHT1245,2026-06-28,2026-07-13,2026-07-24,120,120,31.67,3800.4,Late
PO003515,V020,DUV1154,2025-06-15,2025-07-14,2025-07-11,36,36,52.5,1890.0,On Time
PO003516,V020,GFT2231,2025-04-15,2025-05-14,2025-05-10,120,120,14.87,1784.4,On Time
PO003517,V015,KIT0942,2026-04-02,2026-04-26,2026-05-01,24,24,45.98,1103.52,Late
PO003518,V020,DEC0177,2025-02-13,2025-03-14,2025-03-20,36,36,17.47,628.92,Late
PO003519,V018,SRV1059,2026-04-06,2026-04-21,2026-04-30,24,24,15.84,380.16,Late
PO003520,V012,SHT1304,2025-02-09,2025-03-07,2025-03-06,96,96,28.69,2754.24,On Time
PO003521,V011,TEX0501,2025-09-05,2025-10-17,2025-10-26,96,96,18.83,1807.68,Late
PO003522,V018,CHR1928,2025-10-23,2025-11-07,2025-11-05,72,72,61.62,4436.64,On Time
PO003523,V001,SHL1691,2025-02-16,2025-03-19,2025-03-28,24,24,30.94,742.56,Late
PO003524,V003,KIT0937,2026-04-06,2026-06-07,2026-06-08,96,96,22.57,2166.72,On Time
PO003525,V015,FLR1859,2025-11-10,2025-12-04,2025-12-05,48,48,55.38,2658.24,On Time
PO003526,V003,TAB0800,2026-03-09,2026-05-10,2026-05-10,96,96,194.79,18699.84,On Time
PO003527,V007,SHT1255,2025-02-23,2025-03-15,2025-03-22,36,36,60.63,2182.68,Late
PO003528,V003,TEX0534,2025-08-08,2025-10-09,2025-10-11,48,48,43.81,2102.88,On Time
PO003529,V016,DEC0059,2025-09-26,2025-10-10,2025-10-16,48,42,29.92,1436.16,Late
PO003530,V013,PIL1390,2026-01-30,2026-02-22,2026-03-02,72,72,48.21,3471.12,Late
PO003531,V004,BSK1586,2026-02-10,2026-02-28,2026-02-21,120,120,27.73,3327.6,On Time
PO003532,V002,CND2160,2025-02-27,2025-04-03,2025-04-05,72,72,24.16,1739.52,On Time
PO003533,V005,FUR0672,2026-03-14,2026-04-24,2026-04-28,72,54,151.02,10873.44,Late
PO003534,V008,DEC0058,2025-09-16,2025-10-29,2025-10-17,72,72,28.86,2077.92,On Time
PO003535,V002,SHL1657,2026-02-16,2026-03-23,2026-04-02,24,24,78.8,1891.2,Late
PO003536,V015,BTH1530,2025-08-16,2025-09-09,2025-09-11,24,24,13.29,318.96,On Time
PO003537,V004,BSK1629,2025-10-28,2025-11-15,2025-11-10,120,108,16.35,1962.0,On Time
PO003538,V018,KIT0928,2026-05-21,2026-06-05,2026-06-10,120,120,49.32,5918.4,Late
PO003539,V006,CND2149,2026-04-03,2026-05-09,2026-05-08,120,120,21.8,2616.0,On Time
PO003540,V006,SRV0975,2025-06-11,2025-07-17,2025-07-21,36,36,36.02,1296.72,Late
PO003541,V013,LGT1807,2026-03-14,2026-04-06,2026-03-27,72,72,36.66,2639.52,On Time
PO003542,V003,KIT0934,2025-03-22,2025-05-23,2025-05-22,120,102,75.52,9062.4,On Time
PO003543,V009,WAL0232,2025-12-10,2026-01-27,2026-01-27,24,6,56.21,1349.04,On Time
PO003544,V019,WAL0205,2025-04-14,2025-05-19,2025-05-18,72,72,30.8,2217.6,On Time
PO003545,V020,DUV1154,2026-04-30,2026-05-29,2026-05-27,48,48,52.5,2520.0,On Time
PO003546,V010,WIN2098,2025-07-02,2025-08-23,2025-08-29,72,72,17.78,1280.16,Late
PO003547,V001,GFT2251,2026-01-01,2026-02-01,2026-01-31,120,120,69.06,8287.2,On Time
PO003548,V001,TEX0440,2026-01-08,2026-02-08,2026-02-11,48,48,27.32,1311.36,Late
PO003549,V002,CND2137,2025-06-21,2025-07-26,2025-08-03,72,72,18.38,1323.36,Late
PO003550,V011,GFT2241,2026-06-13,2026-07-25,2026-08-03,36,30,13.3,478.8,Late
PO003551,V008,SUM2032,2025-12-23,2026-02-04,2026-02-14,24,24,57.58,1381.92,Late
PO003552,V004,DEC0020,2025-11-26,2025-12-14,2025-12-18,24,24,49.6,1190.4,Late
PO003553,V017,TAB0782,2025-09-27,2025-10-12,2025-10-05,120,120,101.35,12162.0,On Time
PO003554,V002,SRV1031,2026-07-02,2026-08-06,2026-08-11,72,72,33.2,2390.4,Late
PO003555,V003,TAB0834,2025-08-07,2025-10-08,2025-10-08,24,24,97.34,2336.16,On Time
PO003556,V009,FRM2172,2026-02-27,2026-04-16,2026-04-23,36,36,38.16,1373.76,Late
PO003557,V004,SHL1669,2025-06-10,2025-06-28,2025-06-24,24,24,94.16,2259.84,On Time
PO003558,V018,PIL1391,2025-12-09,2025-12-24,2025-12-22,24,24,20.19,484.56,On Time
PO003559,V012,HAL2010,2025-05-18,2025-06-13,2025-06-17,48,48,7.66,367.68,Late
PO003560,V020,DEC0108,2025-03-04,2025-04-02,2025-04-02,36,36,14.93,537.48,On Time
PO003561,V019,FLR1851,2025-05-18,2025-06-22,2025-06-21,48,48,107.3,5150.4,On Time
PO003562,V012,SHT1304,2025-12-01,2025-12-27,2025-12-19,36,36,28.69,1032.84,On Time
PO003563,V008,WIN2092,2025-04-26,2025-06-08,2025-06-02,36,36,47.59,1713.24,On Time
PO003564,V007,UTL1146,2026-01-10,2026-01-30,2026-01-29,36,36,18.0,648.0,On Time
PO003565,V002,LGT1783,2025-06-10,2025-07-15,2025-07-28,120,120,36.72,4406.4,Late
PO003566,V013,SUM2044,2025-08-06,2025-08-29,2025-09-05,120,120,66.66,7999.2,Late
PO003567,V012,CND2141,2026-05-11,2026-06-06,2026-06-09,96,84,15.8,1516.8,Late
PO003568,V012,UTL1127,2025-09-25,2025-10-21,2025-10-12,96,96,27.4,2630.4,On Time
PO003569,V014,DEC0013,2025-09-07,2025-10-18,2025-10-25,36,24,24.19,870.84,Late
PO003570,V014,SEA0727,2025-08-18,2025-09-28,2025-09-27,72,72,242.33,17447.76,On Time
PO003571,V009,KIT0881,2025-05-27,2025-07-14,2025-07-09,72,72,57.4,4132.8,On Time
PO003572,V008,CND2129,2026-03-23,2026-05-05,2026-05-09,48,48,14.17,680.16,Late
PO003573,V018,BSK1622,2026-03-19,2026-04-03,2026-04-10,72,66,35.87,2582.64,Late
PO003574,V004,FUR0589,2025-12-24,2026-01-11,2026-01-16,72,72,223.39,16084.08,Late
PO003575,V013,DEC0153,2026-02-09,2026-03-04,2026-03-03,36,36,34.16,1229.76,On Time
PO003576,V003,TEX0523,2025-07-11,2025-09-11,2025-09-16,120,120,45.27,5432.4,Late
PO003577,V001,CHR1974,2026-05-26,2026-06-26,2026-06-24,120,120,8.26,991.2,On Time
PO003578,V017,BTH1556,2025-07-05,2025-07-20,2025-07-20,36,36,30.93,1113.48,On Time
PO003579,V005,TEX0486,2025-09-23,2025-11-03,2025-11-05,36,36,30.67,1104.12,On Time
PO003580,V009,DEC0181,2025-11-13,2025-12-31,2026-01-05,96,84,44.65,4286.4,Late
PO003581,V014,KIT0916,2025-05-13,2025-06-23,2025-06-21,120,102,93.54,11224.8,On Time
PO003582,V016,DEC0022,2025-02-14,2025-02-28,2025-03-03,48,48,29.04,1393.92,Late
PO003583,V002,DEC0114,2025-03-17,2025-04-21,2025-05-01,96,96,15.53,1490.88,Late
PO003584,V015,ORG1702,2026-05-20,2026-06-13,2026-06-17,120,102,17.21,2065.2,Late
PO003585,V003,MIR0366,2025-10-17,2025-12-18,2025-12-20,48,48,79.53,3817.44,On Time
PO003586,V010,WAL0307,2025-06-06,2025-07-28,2025-08-04,24,24,34.4,825.6,Late
PO003587,V011,TEX0441,2025-11-03,2025-12-15,2025-12-22,24,24,27.97,671.28,Late
PO003588,V007,BSK1638,2025-12-18,2026-01-07,2026-01-15,72,72,15.26,1098.72,Late
PO003589,V007,TEX0492,2026-04-11,2026-05-01,2026-05-04,72,72,14.56,1048.32,Late
PO003590,V011,SHT1270,2026-03-25,2026-05-06,2026-05-10,36,30,64.52,2322.72,Late
PO003591,V008,DUV1218,2026-04-02,2026-05-15,2026-05-17,96,96,137.74,13223.04,On Time
PO003592,V011,ORG1710,2025-11-13,2025-12-25,2026-01-04,48,48,42.11,2021.28,Late
PO003593,V020,PEN1914,2025-04-09,2025-05-08,2025-05-15,48,42,98.2,4713.6,Late
PO003594,V012,WAL0247,2026-01-18,2026-02-13,2026-02-19,96,96,25.97,2493.12,Late
PO003595,V013,UTL1116,2026-02-27,2026-03-22,2026-03-18,72,72,27.04,1946.88,On Time
PO003596,V002,FUR0674,2025-11-10,2025-12-15,2025-12-19,96,96,124.61,11962.56,Late
PO003597,V010,TOW1424,2025-12-28,2026-02-18,2026-02-19,120,120,6.96,835.2,On Time
PO003598,V002,PIL1374,2025-04-03,2025-05-08,2025-05-17,24,24,24.19,580.56,Late
PO003599,V015,MIR0373,2025-10-21,2025-11-14,2025-11-13,36,36,76.45,2752.2,On Time
PO003600,V017,BTH1556,2026-05-15,2026-05-30,2026-05-23,120,120,30.93,3711.6,On Time
PO003601,V018,LGT1785,2025-12-02,2025-12-17,2025-12-24,48,30,44.46,2134.08,Late
PO003602,V017,DEC0119,2025-09-10,2025-09-25,2025-10-03,72,72,27.04,1946.88,Late
PO003603,V019,ORG1748,2025-12-21,2026-01-25,2026-01-24,96,96,9.1,873.6,On Time
PO003604,V016,BTH1559,2026-01-13,2026-01-27,2026-02-06,72,72,42.55,3063.6,Late
PO003605,V013,LGT1773,2025-09-06,2025-09-29,2025-09-24,36,36,114.47,4120.92,On Time
PO003606,V007,TEX0498,2025-12-25,2026-01-14,2026-01-30,120,120,15.62,1874.4,Late
PO003607,V005,TEX0489,2026-01-27,2026-03-09,2026-03-08,24,24,24.88,597.12,On Time
PO003608,V005,CND2123,2025-02-14,2025-03-27,2025-04-01,120,120,23.05,2766.0,Late
PO003609,V016,TEX0525,2025-12-21,2026-01-04,2026-01-12,72,72,39.23,2824.56,Late
PO003610,V014,GFT2250,2025-11-25,2026-01-05,2026-01-08,120,120,40.15,4818.0,Late
PO003611,V015,SHT1236,2025-12-07,2025-12-31,2026-01-08,72,72,84.36,6073.92,Late
PO003612,V004,KIT0920,2025-07-25,2025-08-12,2025-08-13,120,120,74.65,8958.0,On Time
PO003613,V008,TOW1472,2026-02-05,2026-03-20,2026-03-20,24,24,19.01,456.24,On Time
PO003614,V001,PEN1897,2026-04-27,2026-05-28,2026-05-30,48,48,247.4,11875.2,On Time
PO003615,V002,CHR1940,2025-07-23,2025-08-27,2025-09-03,72,72,25.6,1843.2,Late
PO003616,V018,SRV1062,2025-07-13,2025-07-28,2025-07-24,48,48,36.84,1768.32,On Time
PO003617,V009,WAL0204,2025-07-28,2025-09-14,2025-09-18,72,72,41.05,2955.6,Late
PO003618,V014,WIN2067,2026-05-09,2026-06-19,2026-06-25,48,48,32.93,1580.64,Late
PO003619,V003,TEX0457,2026-05-30,2026-07-31,2026-07-25,72,72,35.15,2530.8,On Time
PO003620,V004,DEC0003,2025-08-08,2025-08-26,2025-08-24,24,24,12.3,295.2,On Time
PO003621,V007,BTH1506,2025-02-22,2025-03-14,2025-03-12,24,24,16.74,401.76,On Time
PO003622,V004,SRV1040,2025-02-23,2025-03-13,2025-03-03,120,120,57.73,6927.6,On Time
PO003623,V011,UTL1110,2025-08-12,2025-09-23,2025-10-01,24,24,16.77,402.48,Late
PO003624,V005,WAL0240,2025-06-12,2025-07-23,2025-08-02,96,96,57.84,5552.64,Late
PO003625,V005,FLR1880,2026-04-13,2026-05-24,2026-05-26,96,96,163.4,15686.4,On Time
PO003626,V010,UTL1107,2025-10-20,2025-12-11,2025-12-06,120,120,11.13,1335.6,On Time
PO003627,V020,TEX0511,2025-04-30,2025-05-29,2025-05-31,48,48,41.61,1997.28,On Time
PO003628,V017,TAB0768,2025-12-26,2026-01-10,2026-01-09,36,36,251.88,9067.68,On Time
PO003629,V008,DUV1169,2025-03-27,2025-05-09,2025-05-11,120,120,103.09,12370.8,On Time
PO003630,V005,GFT2229,2025-06-18,2025-07-29,2025-08-02,120,120,33.39,4006.8,Late
PO003631,V010,WAL0338,2026-01-16,2026-03-09,2026-03-08,36,36,56.66,2039.76,On Time
PO003632,V008,FUR0655,2026-06-23,2026-08-05,2026-08-02,72,72,104.15,7498.8,On Time
PO003633,V016,PEN1882,2025-07-02,2025-07-16,2025-07-16,72,72,211.65,15238.8,On Time
PO003634,V002,PEN1894,2025-12-15,2026-01-19,2026-01-27,96,96,172.38,16548.48,Late
PO003635,V019,PIL1342,2026-03-10,2026-04-14,2026-04-14,36,36,40.31,1451.16,On Time
PO003636,V009,CHR1955,2026-02-09,2026-03-29,2026-04-14,120,120,70.98,8517.6,Late
PO003637,V002,SHL1657,2026-03-25,2026-04-29,2026-05-01,72,72,78.8,5673.6,On Time
PO003638,V001,WAL0197,2025-06-17,2025-07-18,2025-07-29,48,48,27.23,1307.04,Late
PO003639,V004,DEC0120,2025-06-08,2025-06-26,2025-06-26,72,72,27.52,1981.44,On Time
PO003640,V011,FUR0590,2026-04-24,2026-06-05,2026-06-16,36,36,83.26,2997.36,Late
PO003641,V016,WIN2079,2025-07-01,2025-07-15,2025-07-20,36,36,19.08,686.88,Late
PO003642,V012,BTH1544,2026-06-28,2026-07-24,2026-07-29,36,36,17.74,638.64,Late
PO003643,V004,BSK1617,2026-03-18,2026-04-05,2026-04-05,24,24,29.36,704.64,On Time
PO003644,V015,SUM2062,2026-06-08,2026-07-02,2026-07-01,24,24,40.76,978.24,On Time
PO003645,V013,PIL1344,2026-06-19,2026-07-12,2026-07-15,36,36,45.55,1639.8,Late
PO003646,V001,FUR0654,2026-06-18,2026-07-19,2026-07-13,96,96,96.85,9297.6,On Time
PO003647,V006,BSK1583,2026-06-03,2026-07-09,2026-07-14,36,36,22.26,801.36,Late
PO003648,V008,TOW1472,2025-10-23,2025-12-05,2025-12-08,72,72,19.01,1368.72,Late
PO003649,V013,FRM2176,2025-05-11,2025-06-03,2025-06-06,72,72,27.43,1974.96,Late
PO003650,V002,WIN2077,2026-01-11,2026-02-15,2026-02-28,72,72,40.41,2909.52,Late
PO003651,V012,MIR0364,2026-01-07,2026-02-02,2026-02-07,96,96,88.39,8485.44,Late
PO003652,V005,TEX0432,2025-02-18,2025-03-31,2025-03-30,36,36,38.95,1402.2,On Time
PO003653,V015,FLR1870,2025-08-17,2025-09-10,2025-09-16,120,120,79.89,9586.8,Late
PO003654,V009,FUR0572,2026-04-24,2026-06-11,2026-06-19,48,48,58.5,2808.0,Late
PO003655,V017,DEC0168,2026-05-06,2026-05-21,2026-05-26,36,30,31.37,1129.32,Late
PO003656,V019,WAL0214,2025-03-01,2025-04-05,2025-04-20,48,48,31.86,1529.28,Late
PO003657,V004,WIN2080,2026-07-03,2026-07-21,2026-07-23,36,36,33.22,1195.92,On Time
PO003658,V016,LGT1799,2026-03-11,2026-03-25,2026-04-05,36,36,83.88,3019.68,Late
PO003659,V006,TEX0509,2025-07-25,2025-08-30,2025-08-26,24,24,47.7,1144.8,On Time
PO003660,V013,UTL1093,2025-05-07,2025-05-30,2025-06-03,36,36,7.0,252.0,Late
PO003661,V015,FUR0596,2025-06-13,2025-07-07,2025-07-11,24,24,104.49,2507.76,Late
PO003662,V011,DUV1190,2026-01-22,2026-03-05,2026-03-15,24,6,62.1,1490.4,Late
PO003663,V015,FLR1850,2025-07-04,2025-07-28,2025-07-29,72,66,178.87,12878.64,On Time
PO003664,V003,DEC0154,2025-04-07,2025-06-08,2025-06-15,72,72,10.09,726.48,Late
PO003665,V014,KIT0876,2025-02-09,2025-03-22,2025-03-21,48,48,76.82,3687.36,On Time
PO003666,V008,GFT2218,2026-02-13,2026-03-28,2026-03-25,36,36,24.73,890.28,On Time
PO003667,V009,DEC0095,2025-06-03,2025-07-21,2025-07-22,96,96,15.07,1446.72,On Time
PO003668,V013,DUV1230,2025-04-08,2025-05-01,2025-04-28,48,48,66.88,3210.24,On Time
PO003669,V013,TEX0444,2025-04-13,2025-05-06,2025-05-15,120,120,45.21,5425.2,Late
PO003670,V018,MIR0422,2025-11-15,2025-11-30,2025-11-22,120,120,62.92,7550.4,On Time
PO003671,V010,KIT0924,2026-01-10,2026-03-03,2026-02-28,120,120,52.17,6260.4,On Time
PO003672,V001,ORG1737,2025-03-05,2025-04-05,2025-04-08,36,36,29.12,1048.32,Late
PO003673,V006,PIL1409,2025-12-06,2026-01-11,2026-01-17,96,96,43.32,4158.72,Late
PO003674,V010,SHL1687,2025-10-16,2025-12-07,2025-12-12,96,96,82.57,7926.72,Late
PO003675,V001,PEN1908,2025-07-16,2025-08-16,2025-08-20,24,24,112.74,2705.76,Late
PO003676,V017,SHT1276,2025-07-29,2025-08-13,2025-08-12,48,48,47.46,2278.08,On Time
PO003677,V008,UTL1095,2025-09-14,2025-10-27,2025-11-05,72,72,28.48,2050.56,Late
PO003678,V014,TOW1453,2025-02-01,2025-03-14,2025-03-14,96,96,18.25,1752.0,On Time
PO003679,V003,SRV1054,2025-06-13,2025-08-14,2025-08-17,36,36,22.23,800.28,Late
PO003680,V017,KIT0922,2026-07-04,2026-07-19,2026-07-22,24,12,35.75,858.0,Late
PO003681,V012,MIR0364,2025-08-02,2025-08-28,2025-09-02,24,24,88.39,2121.36,Late
PO003682,V007,DEC0126,2025-04-09,2025-04-29,2025-05-01,120,102,30.01,3601.2,On Time
PO003683,V018,SHT1271,2026-01-02,2026-01-17,2026-01-24,72,72,83.57,6017.04,Late
PO003684,V010,FUR0618,2025-07-25,2025-09-15,2025-09-12,36,36,134.77,4851.72,On Time
PO003685,V003,TEX0523,2025-10-31,2026-01-01,2025-12-26,48,42,45.27,2172.96,On Time
PO003686,V003,KIT0897,2026-06-02,2026-08-03,2026-08-03,120,120,15.71,1885.2,On Time
PO003687,V009,HAL1995,2025-06-11,2025-07-29,2025-08-03,48,48,20.46,982.08,Late
PO003688,V010,MIR0424,2025-04-07,2025-05-29,2025-06-05,36,24,46.85,1686.6,Late
PO003689,V012,KIT0927,2025-11-18,2025-12-14,2025-12-22,96,96,22.72,2181.12,Late
PO003690,V005,TEX0432,2025-04-10,2025-05-21,2025-05-12,72,72,38.95,2804.4,On Time
PO003691,V016,PIL1339,2026-04-27,2026-05-11,2026-05-24,24,24,34.2,820.8,Late
PO003692,V010,KIT0921,2025-11-17,2026-01-08,2026-01-06,48,48,67.36,3233.28,On Time
PO003693,V007,DEC0175,2025-02-03,2025-02-23,2025-02-28,96,96,24.7,2371.2,Late
PO003694,V009,PIL1338,2026-05-13,2026-06-30,2026-07-02,36,36,41.21,1483.56,On Time
PO003695,V007,TEX0492,2026-03-01,2026-03-21,2026-04-01,120,120,14.56,1747.2,Late
PO003696,V015,DUV1182,2025-02-07,2025-03-03,2025-03-04,36,36,58.79,2116.44,On Time
PO003697,V012,TEX0481,2026-06-16,2026-07-12,2026-07-16,48,48,21.13,1014.24,Late
PO003698,V017,WAL0299,2026-03-05,2026-03-20,2026-03-28,96,96,43.13,4140.48,Late
PO003699,V008,SHT1301,2026-01-12,2026-02-24,2026-02-17,96,96,20.82,1998.72,On Time
PO003700,V001,TAB0848,2026-06-05,2026-07-06,2026-07-09,120,120,112.97,13556.4,Late
PO003701,V011,CHR1964,2026-01-17,2026-02-28,2026-03-04,72,72,89.52,6445.44,Late
PO003702,V010,DUV1195,2025-10-20,2025-12-11,2025-12-07,48,48,46.26,2220.48,On Time
PO003703,V003,FRM2214,2026-03-20,2026-05-21,2026-05-22,48,48,27.02,1296.96,On Time
PO003704,V010,TEX0475,2025-05-07,2025-06-28,2025-06-26,72,72,8.25,594.0,On Time
PO003705,V011,SHT1324,2025-08-16,2025-09-27,2025-10-01,36,36,39.59,1425.24,Late
PO003706,V015,KIT0913,2025-05-19,2025-06-12,2025-06-11,36,36,82.66,2975.76,On Time
PO003707,V016,SRV0996,2026-01-12,2026-01-26,2026-01-29,120,120,31.24,3748.8,Late
PO003708,V011,ORG1741,2026-03-25,2026-05-06,2026-05-22,120,120,32.57,3908.4,Late
PO003709,V018,ORG1739,2025-12-04,2025-12-19,2025-12-14,48,48,34.92,1676.16,On Time
PO003710,V011,KIT0870,2025-06-23,2025-08-04,2025-08-14,48,48,36.98,1775.04,Late
PO003711,V016,GFT2245,2025-09-05,2025-09-19,2025-09-29,24,24,49.79,1194.96,Late
PO003712,V012,TAB0804,2026-03-13,2026-04-08,2026-04-14,24,24,187.82,4507.68,Late
PO003713,V004,PEN1920,2025-12-29,2026-01-16,2026-01-21,72,72,125.3,9021.6,Late
PO003714,V013,DEC0073,2026-07-04,2026-07-27,2026-08-01,72,72,36.01,2592.72,Late
PO003715,V004,FRM2177,2026-04-09,2026-04-27,2026-04-30,36,36,37.95,1366.2,Late
PO003716,V015,FRM2179,2026-03-20,2026-04-13,2026-04-13,36,36,43.86,1578.96,On Time
PO003717,V010,KIT0915,2025-05-25,2025-07-16,2025-07-14,96,96,66.37,6371.52,On Time
PO003718,V004,KIT0889,2025-12-10,2025-12-28,2025-12-28,72,72,27.57,1985.04,On Time
PO003719,V016,TEX0496,2025-09-27,2025-10-11,2025-10-21,36,36,37.14,1337.04,Late
PO003720,V009,SRV1024,2025-12-19,2026-02-05,2026-02-11,48,48,29.01,1392.48,Late
PO003721,V008,FUR0621,2026-03-16,2026-04-28,2026-05-03,72,72,121.83,8771.76,Late
PO003722,V009,TAB0792,2026-05-19,2026-07-06,2026-07-10,48,48,321.91,15451.68,Late
PO003723,V007,WAL0209,2026-04-01,2026-04-21,2026-04-22,36,24,44.46,1600.56,On Time
PO003724,V009,TOW1475,2025-12-02,2026-01-19,2026-01-15,120,120,25.8,3096.0,On Time
PO003725,V014,FRM2210,2025-07-31,2025-09-10,2025-09-15,120,120,26.54,3184.8,Late
PO003726,V011,BSK1604,2025-03-01,2025-04-12,2025-04-15,48,30,27.03,1297.44,Late
PO003727,V020,WAL0325,2025-02-06,2025-03-07,2025-03-12,120,120,15.52,1862.4,Late
PO003728,V008,SHT1301,2026-03-11,2026-04-23,2026-05-04,48,48,20.82,999.36,Late
PO003729,V003,MIR0406,2026-06-07,2026-08-08,2026-08-14,48,42,38.28,1837.44,Late
PO003730,V013,FRM2204,2025-12-10,2026-01-02,2026-01-09,96,96,16.59,1592.64,Late
PO003731,V006,TEX0483,2025-04-22,2025-05-28,2025-05-28,36,36,11.7,421.2,On Time
PO003732,V009,DEC0141,2025-03-14,2025-05-01,2025-05-04,96,96,22.77,2185.92,Late
PO003733,V013,DEC0176,2026-03-13,2026-04-05,2026-03-28,120,120,19.03,2283.6,On Time
PO003734,V006,SHL1683,2026-06-22,2026-07-28,2026-07-23,24,24,43.0,1032.0,On Time
PO003735,V015,KIT0879,2025-12-12,2026-01-05,2026-01-12,24,24,92.19,2212.56,Late
PO003736,V004,FUR0566,2025-11-04,2025-11-22,2025-11-16,24,24,66.02,1584.48,On Time
PO003737,V020,CND2111,2025-11-25,2025-12-24,2025-12-17,96,96,18.91,1815.36,On Time
PO003738,V016,BTH1505,2025-06-24,2025-07-08,2025-07-18,24,24,17.98,431.52,Late
PO003739,V007,SUM2058,2025-09-17,2025-10-07,2025-10-23,96,78,56.28,5402.88,Late
PO003740,V006,KIT0923,2025-10-04,2025-11-09,2025-11-09,36,36,38.24,1376.64,On Time
PO003741,V007,TEX0549,2025-03-19,2025-04-08,2025-04-16,48,30,53.59,2572.32,Late
PO003742,V011,SUM2064,2025-03-24,2025-05-05,2025-05-17,96,96,56.87,5459.52,Late
PO003743,V004,SEA0689,2026-06-28,2026-07-16,2026-07-16,72,72,237.9,17128.8,On Time
PO003744,V009,CHR1955,2025-08-07,2025-09-24,2025-09-14,72,72,70.98,5110.56,On Time
PO003745,V018,LGT1825,2025-10-29,2025-11-13,2025-11-15,120,108,34.28,4113.6,On Time
PO003746,V016,SRV1036,2025-06-07,2025-06-21,2025-06-26,120,120,50.28,6033.6,Late
PO003747,V009,SRV0978,2025-05-24,2025-07-11,2025-07-10,72,72,16.68,1200.96,On Time
PO003748,V012,WAL0224,2025-02-04,2025-03-02,2025-03-07,36,36,44.34,1596.24,Late
PO003749,V015,TOW1479,2025-02-01,2025-02-25,2025-02-27,48,48,14.81,710.88,On Time
PO003750,V006,DEC0049,2025-12-23,2026-01-28,2026-01-30,48,48,13.34,640.32,On Time
PO003751,V014,LGT1790,2025-10-28,2025-12-08,2025-12-11,120,120,20.1,2412.0,Late
PO003752,V013,TAB0813,2025-05-02,2025-05-25,2025-05-25,120,120,362.49,43498.8,On Time
PO003753,V003,SRV0977,2025-02-10,2025-04-13,2025-04-14,36,36,46.56,1676.16,On Time
PO003754,V009,TAB0784,2025-11-13,2025-12-31,2025-12-31,24,24,120.31,2887.44,On Time
PO003755,V005,KIT0872,2025-06-01,2025-07-12,2025-07-16,120,120,60.95,7314.0,Late
PO003756,V014,HAL2013,2025-04-21,2025-06-01,2025-06-18,72,72,19.53,1406.16,Late
PO003757,V011,ORG1707,2025-02-08,2025-03-22,2025-03-31,24,24,9.92,238.08,Late
PO003758,V009,SHT1281,2025-03-04,2025-04-21,2025-04-22,96,96,23.7,2275.2,On Time
PO003759,V017,KIT0939,2025-06-09,2025-06-24,2025-06-26,36,36,73.53,2647.08,On Time
PO003760,V013,UTL1144,2025-09-09,2025-10-02,2025-09-23,24,24,25.01,600.24,On Time
PO003761,V004,ORG1717,2025-07-27,2025-08-14,2025-08-16,96,96,36.35,3489.6,On Time
PO003762,V014,CHR1950,2025-06-19,2025-07-30,2025-07-25,36,18,18.95,682.2,On Time
PO003763,V004,TAB0826,2025-03-14,2025-04-01,2025-04-01,36,36,222.21,7999.56,On Time
PO003764,V013,FRM2193,2026-05-16,2026-06-08,2026-06-05,120,120,33.27,3992.4,On Time
PO003765,V012,CHR1981,2025-03-17,2025-04-12,2025-04-12,72,72,37.65,2710.8,On Time
PO003766,V003,TEX0457,2025-08-25,2025-10-26,2025-10-28,24,6,35.15,843.6,On Time
PO003767,V019,BTH1562,2025-11-11,2025-12-16,2025-12-14,24,24,42.73,1025.52,On Time
PO003768,V014,SHT1287,2025-04-26,2025-06-06,2025-06-04,24,24,41.42,994.08,On Time
PO003769,V018,DEC0125,2026-04-29,2026-05-14,2026-05-21,72,72,58.1,4183.2,Late
PO003770,V010,DEC0161,2025-05-14,2025-07-05,2025-06-30,36,36,41.6,1497.6,On Time
PO003771,V007,TOW1415,2025-03-07,2025-03-27,2025-03-19,48,42,31.33,1503.84,On Time
PO003772,V003,FLR1843,2026-06-11,2026-08-12,2026-08-10,120,120,180.66,21679.2,On Time
PO003773,V014,MIR0367,2025-09-18,2025-10-29,2025-11-10,48,48,47.48,2279.04,Late
PO003774,V008,KIT0852,2026-04-24,2026-06-06,2026-06-05,36,36,63.13,2272.68,On Time
PO003775,V014,CHR1950,2026-01-10,2026-02-20,2026-03-02,72,72,18.95,1364.4,Late
PO003776,V010,FRM2175,2025-10-20,2025-12-11,2025-12-14,72,72,37.18,2676.96,Late
PO003777,V018,DEC0005,2025-03-08,2025-03-23,2025-03-29,48,42,47.06,2258.88,Late
PO003778,V014,SEA0710,2026-05-31,2026-07-11,2026-07-09,48,48,120.8,5798.4,On Time
PO003779,V018,SRV1059,2025-10-08,2025-10-23,2025-10-26,96,96,15.84,1520.64,Late
PO003780,V004,UTL1117,2026-04-08,2026-04-26,2026-05-02,120,120,22.57,2708.4,Late
PO003781,V015,TAB0793,2025-09-18,2025-10-12,2025-10-05,120,120,176.29,21154.8,On Time
PO003782,V003,TEX0503,2025-06-04,2025-08-05,2025-08-07,120,102,13.04,1564.8,On Time
PO003783,V002,DUV1157,2025-11-22,2025-12-27,2025-12-19,24,24,39.97,959.28,On Time
PO003784,V017,UTL1136,2025-11-14,2025-11-29,2025-11-23,24,24,4.16,99.84,On Time
PO003785,V007,SEA0686,2025-08-09,2025-08-29,2025-09-03,72,72,284.93,20514.96,Late
PO003786,V015,SHT1310,2025-03-11,2025-04-04,2025-04-01,72,72,86.39,6220.08,On Time
PO003787,V007,SUM2058,2025-05-27,2025-06-16,2025-07-02,48,48,56.28,2701.44,Late
PO003788,V006,TOW1483,2025-08-04,2025-09-09,2025-09-14,24,24,30.99,743.76,Late
PO003789,V010,DEC0027,2025-09-27,2025-11-18,2025-11-10,72,72,31.33,2255.76,On Time
PO003790,V004,SHT1277,2025-02-23,2025-03-13,2025-03-13,48,48,49.18,2360.64,On Time
PO003791,V008,PIL1392,2025-05-12,2025-06-24,2025-06-30,48,48,44.36,2129.28,Late
PO003792,V004,CND2169,2026-06-11,2026-06-29,2026-07-09,96,96,12.79,1227.84,Late
PO003793,V003,WAL0326,2025-05-04,2025-07-05,2025-07-07,48,48,66.91,3211.68,On Time
PO003794,V011,TAB0801,2025-06-05,2025-07-17,2025-07-29,120,108,206.28,24753.6,Late
PO003795,V016,DEC0079,2026-03-29,2026-04-12,2026-04-26,24,24,23.27,558.48,Late
PO003796,V018,BSK1585,2025-08-09,2025-08-24,2025-08-25,72,72,37.99,2735.28,On Time
PO003797,V014,FUR0593,2025-11-15,2025-12-26,2026-01-01,48,48,210.26,10092.48,Late
PO003798,V016,SRV1073,2025-02-04,2025-02-18,2025-02-22,120,102,25.41,3049.2,Late
PO003799,V010,DUV1178,2025-06-30,2025-08-21,2025-08-28,36,36,73.23,2636.28,Late
PO003800,V016,FRM2185,2025-04-19,2025-05-03,2025-05-15,36,18,28.97,1042.92,Late
PO003801,V009,TAB0792,2025-11-20,2026-01-07,2026-01-05,72,72,321.91,23177.52,On Time
PO003802,V008,WIN2092,2026-06-08,2026-07-21,2026-07-20,24,24,47.59,1142.16,On Time
PO003803,V011,CHR1984,2026-01-13,2026-02-24,2026-02-24,36,24,65.19,2346.84,On Time
PO003804,V018,TEX0519,2025-12-18,2026-01-02,2026-01-08,24,24,9.49,227.76,Late
PO003805,V009,LGT1815,2025-05-13,2025-06-30,2025-07-05,120,120,117.19,14062.8,Late
PO003806,V003,CND2154,2025-05-02,2025-07-03,2025-07-08,96,96,25.05,2404.8,Late
PO003807,V005,UTL1089,2025-07-16,2025-08-26,2025-08-22,120,120,26.73,3207.6,On Time
PO003808,V009,WAL0332,2025-04-24,2025-06-11,2025-06-13,48,48,21.24,1019.52,On Time
PO003809,V008,BTH1561,2026-03-29,2026-05-11,2026-05-04,120,120,7.66,919.2,On Time
PO003810,V005,TAB0780,2026-01-26,2026-03-08,2026-03-04,36,36,90.09,3243.24,On Time
PO003811,V012,LGT1787,2025-12-19,2026-01-14,2026-01-08,24,24,37.42,898.08,On Time
PO003812,V012,LGT1801,2025-09-28,2025-10-24,2025-10-29,96,96,106.81,10253.76,Late
PO003813,V001,BSK1591,2026-03-01,2026-04-01,2026-03-27,48,48,27.63,1326.24,On Time
PO003814,V002,SHT1300,2025-11-10,2025-12-15,2025-12-25,36,36,25.98,935.28,Late
PO003815,V001,SRV0974,2026-02-17,2026-03-20,2026-03-24,120,120,27.73,3327.6,Late
PO003816,V004,FUR0589,2025-12-22,2026-01-09,2026-01-07,48,48,223.39,10722.72,On Time
PO003817,V004,MIR0386,2026-03-25,2026-04-12,2026-04-10,72,72,97.62,7028.64,On Time
PO003818,V016,ORG1733,2025-08-06,2025-08-20,2025-08-22,24,18,46.79,1122.96,On Time
PO003819,V005,SHT1283,2025-04-23,2025-06-03,2025-06-08,36,36,41.04,1477.44,Late
PO003820,V006,SRV1026,2026-04-06,2026-05-12,2026-05-13,72,72,45.0,3240.0,On Time
PO003821,V011,CHR1964,2025-09-30,2025-11-11,2025-11-24,48,48,89.52,4296.96,Late
PO003822,V020,PEN1914,2025-06-20,2025-07-19,2025-07-27,36,36,98.2,3535.2,Late
PO003823,V012,SHT1290,2025-04-26,2025-05-22,2025-05-27,72,72,26.08,1877.76,Late
PO003824,V018,DEC0005,2025-11-30,2025-12-15,2025-12-25,24,24,47.06,1129.44,Late
PO003825,V005,WAL0212,2025-10-03,2025-11-13,2025-11-11,120,120,36.17,4340.4,On Time
PO003826,V020,HAL2008,2025-06-11,2025-07-10,2025-07-14,36,36,17.61,633.96,Late
PO003827,V018,PIL1371,2026-05-19,2026-06-03,2026-05-26,72,72,35.87,2582.64,On Time
PO003828,V013,BSK1596,2025-05-09,2025-06-01,2025-06-06,72,72,21.81,1570.32,Late
PO003829,V005,CHR1949,2025-04-24,2025-06-04,2025-06-04,48,48,78.65,3775.2,On Time
PO003830,V015,GFT2233,2025-10-26,2025-11-19,2025-11-14,24,24,8.6,206.4,On Time
PO003831,V005,WAL0200,2025-10-02,2025-11-12,2025-11-08,24,24,21.89,525.36,On Time
PO003832,V005,WAL0226,2025-04-25,2025-06-05,2025-06-15,120,114,23.71,2845.2,Late
PO003833,V017,WAL0285,2025-09-29,2025-10-14,2025-10-11,36,36,81.79,2944.44,On Time
PO003834,V003,WAL0283,2025-07-12,2025-09-12,2025-09-10,96,90,10.21,980.16,On Time
PO003835,V010,TAB0827,2025-06-09,2025-07-31,2025-08-02,48,48,112.63,5406.24,On Time
PO003836,V011,FUR0564,2026-03-12,2026-04-23,2026-04-22,72,72,164.57,11849.04,On Time
PO003837,V020,CND2111,2025-12-12,2026-01-10,2026-01-07,36,30,18.91,680.76,On Time
PO003838,V014,MIR0419,2025-05-03,2025-06-13,2025-06-13,120,120,33.72,4046.4,On Time
PO003839,V010,FUR0555,2025-05-11,2025-07-02,2025-07-10,72,72,103.92,7482.24,Late
PO003840,V020,GFT2237,2026-05-30,2026-06-28,2026-07-05,24,24,20.84,500.16,Late
PO003841,V010,DUV1187,2025-09-19,2025-11-10,2025-11-13,96,96,70.6,6777.6,Late
PO003842,V001,WAL0260,2025-06-07,2025-07-08,2025-07-04,96,96,25.57,2454.72,On Time
PO003843,V015,SHL1670,2026-02-24,2026-03-20,2026-03-18,120,120,49.42,5930.4,On Time
PO003844,V008,CHR1958,2025-03-19,2025-05-01,2025-04-24,48,48,75.25,3612.0,On Time
PO003845,V007,BTH1532,2025-07-16,2025-08-05,2025-08-07,96,96,37.46,3596.16,On Time
PO003846,V004,FLR1877,2025-05-13,2025-05-31,2025-05-31,36,36,174.17,6270.12,On Time
PO003847,V015,FUR0633,2025-05-19,2025-06-12,2025-06-14,96,96,169.88,16308.48,On Time
PO003848,V016,MIR0396,2025-12-08,2025-12-22,2025-12-30,48,48,58.29,2797.92,Late
PO003849,V016,PIL1356,2026-02-15,2026-03-01,2026-03-09,48,48,41.58,1995.84,Late
PO003850,V012,BTH1507,2025-06-25,2025-07-21,2025-07-31,24,24,31.97,767.28,Late
PO003851,V011,TEX0550,2026-05-14,2026-06-25,2026-07-09,48,48,45.68,2192.64,Late
PO003852,V017,KIT0956,2025-12-06,2025-12-21,2025-12-22,96,96,37.23,3574.08,On Time
PO003853,V006,SEA0709,2025-12-25,2026-01-30,2026-02-01,36,36,277.8,10000.8,On Time
PO003854,V017,WAL0236,2026-05-07,2026-05-22,2026-05-25,120,120,24.94,2992.8,Late
PO003855,V003,FRM2214,2025-09-27,2025-11-28,2025-11-28,96,96,27.02,2593.92,On Time
PO003856,V013,DEC0044,2025-03-10,2025-04-02,2025-04-02,120,120,38.21,4585.2,On Time
PO003857,V010,TEX0447,2025-05-12,2025-07-03,2025-07-13,120,120,44.3,5316.0,Late
PO003858,V013,FUR0567,2025-06-30,2025-07-23,2025-07-26,120,120,141.89,17026.8,Late
PO003859,V009,MIR0401,2025-09-07,2025-10-25,2025-10-22,24,24,37.16,891.84,On Time
PO003860,V011,DUV1190,2025-10-05,2025-11-16,2025-12-01,36,30,62.1,2235.6,Late
PO003861,V010,TAB0827,2025-06-25,2025-08-16,2025-08-21,72,72,112.63,8109.36,Late
PO003862,V017,LGT1776,2026-01-28,2026-02-12,2026-02-19,96,96,41.56,3989.76,Late
PO003863,V006,DEC0186,2026-01-15,2026-02-20,2026-02-23,48,48,15.56,746.88,Late
PO003864,V006,DEC0049,2025-08-24,2025-09-29,2025-09-22,120,120,13.34,1600.8,On Time
PO003865,V004,GFT2243,2025-04-20,2025-05-08,2025-05-10,72,72,58.23,4192.56,On Time
PO003866,V003,TEX0443,2026-04-10,2026-06-11,2026-06-09,48,48,21.77,1044.96,On Time
PO003867,V014,MIR0353,2025-04-07,2025-05-18,2025-05-19,48,48,72.88,3498.24,On Time
PO003868,V001,FUR0654,2026-03-13,2026-04-13,2026-04-18,120,120,96.85,11622.0,Late
PO003869,V009,DEC0078,2025-02-20,2025-04-09,2025-04-11,36,36,28.49,1025.64,On Time
PO003870,V018,DEC0125,2025-03-30,2025-04-14,2025-04-08,48,48,58.1,2788.8,On Time
PO003871,V017,DEC0119,2025-07-20,2025-08-04,2025-08-17,48,48,27.04,1297.92,Late
PO003872,V017,CHR1939,2026-03-18,2026-04-02,2026-04-11,72,60,71.81,5170.32,Late
PO003873,V002,PEN1883,2025-03-03,2025-04-07,2025-04-15,72,72,158.25,11394.0,Late
PO003874,V014,TEX0533,2025-02-20,2025-04-02,2025-04-02,48,48,18.03,865.44,On Time
PO003875,V018,KIT0925,2025-11-22,2025-12-07,2025-12-13,48,42,15.67,752.16,Late
PO003876,V018,SHT1259,2026-05-28,2026-06-12,2026-06-20,24,18,23.49,563.76,Late
PO003877,V006,TEX0483,2025-07-09,2025-08-14,2025-08-16,96,96,11.7,1123.2,On Time
PO003878,V018,SHT1311,2025-02-07,2025-02-22,2025-02-22,96,96,50.56,4853.76,On Time
PO003879,V017,TOW1496,2025-09-02,2025-09-17,2025-09-21,96,84,16.11,1546.56,Late
PO003880,V008,LGT1789,2025-08-09,2025-09-21,2025-09-20,120,120,82.38,9885.6,On Time
PO003881,V016,UTL1099,2026-04-29,2026-05-13,2026-05-14,120,108,15.1,1812.0,On Time
PO003882,V017,DUV1168,2025-12-20,2026-01-04,2026-01-05,120,120,93.84,11260.8,On Time
PO003883,V015,TOW1470,2025-05-17,2025-06-10,2025-06-23,120,120,33.25,3990.0,Late
PO003884,V005,SHT1292,2026-03-19,2026-04-29,2026-05-01,36,36,63.23,2276.28,On Time
PO003885,V005,PEN1906,2026-03-19,2026-04-29,2026-04-28,24,24,192.13,4611.12,On Time
PO003886,V010,CHR1941,2026-02-28,2026-04-21,2026-04-28,24,24,23.15,555.6,Late
PO003887,V010,KIT0875,2025-09-19,2025-11-10,2025-11-18,72,72,29.6,2131.2,Late
PO003888,V007,DEC0092,2025-03-24,2025-04-13,2025-05-01,36,18,52.78,1900.08,Late
PO003889,V012,SHT1290,2025-03-04,2025-03-30,2025-03-29,72,72,26.08,1877.76,On Time
PO003890,V017,GFT2216,2025-11-02,2025-11-17,2025-11-17,24,24,29.55,709.2,On Time
PO003891,V020,CND2145,2026-02-11,2026-03-12,2026-03-16,96,96,33.3,3196.8,Late
PO003892,V012,WAL0270,2026-06-09,2026-07-05,2026-07-10,24,24,65.21,1565.04,Late
PO003893,V003,BSK1603,2025-04-16,2025-06-17,2025-06-20,72,72,11.2,806.4,Late
PO003894,V017,TEX0485,2025-12-23,2026-01-07,2026-01-12,120,120,42.72,5126.4,Late
PO003895,V008,WAL0349,2025-02-27,2025-04-11,2025-04-06,48,48,68.56,3290.88,On Time
PO003896,V012,WAL0270,2025-11-26,2025-12-22,2026-01-03,24,24,65.21,1565.04,Late
PO003897,V011,BSK1627,2025-09-27,2025-11-08,2025-11-20,24,6,48.22,1157.28,Late
PO003898,V015,BTH1570,2025-06-14,2025-07-08,2025-07-08,96,96,5.65,542.4,On Time
PO003899,V007,WIN2072,2025-10-04,2025-10-24,2025-10-18,48,48,20.16,967.68,On Time
PO003900,V009,ORG1735,2025-12-25,2026-02-11,2026-02-15,36,36,36.35,1308.6,Late
PO003901,V004,CND2163,2025-05-22,2025-06-09,2025-06-15,48,48,19.52,936.96,Late
PO003902,V013,CHR1936,2025-07-19,2025-08-11,2025-08-17,36,36,49.53,1783.08,Late
PO003903,V005,TEX0466,2025-03-13,2025-04-23,2025-04-25,36,36,38.37,1381.32,On Time
PO003904,V004,SHT1277,2025-07-26,2025-08-13,2025-08-07,48,48,49.18,2360.64,On Time
PO003905,V020,FUR0571,2025-02-03,2025-03-04,2025-03-06,36,36,115.94,4173.84,On Time
PO003906,V004,PEN1920,2025-12-21,2026-01-08,2025-12-30,36,36,125.3,4510.8,On Time
PO003907,V016,SEA0733,2025-02-18,2025-03-04,2025-03-22,24,24,266.16,6387.84,Late
PO003908,V008,GFT2218,2026-05-15,2026-06-27,2026-06-29,36,36,24.73,890.28,On Time
PO003909,V018,UTL1105,2025-12-09,2025-12-24,2025-12-18,24,24,25.48,611.52,On Time
PO003910,V013,PIL1404,2026-05-18,2026-06-10,2026-06-15,24,24,51.76,1242.24,Late
PO003911,V013,PIL1367,2025-11-21,2025-12-14,2025-12-15,36,36,44.48,1601.28,On Time
PO003912,V016,DEC0116,2025-06-30,2025-07-14,2025-07-24,48,48,18.47,886.56,Late
PO003913,V012,SRV1044,2025-02-17,2025-03-15,2025-03-13,24,24,13.58,325.92,On Time
PO003914,V001,FUR0597,2025-10-20,2025-11-20,2025-11-09,24,24,88.55,2125.2,On Time
PO003915,V019,SHT1302,2025-12-16,2026-01-20,2026-01-20,48,48,28.66,1375.68,On Time
PO003916,V009,SHT1275,2025-10-14,2025-12-01,2025-12-04,120,114,30.26,3631.2,Late
PO003917,V015,SEA0719,2025-11-23,2025-12-17,2025-12-19,72,72,134.84,9708.48,On Time
PO003918,V014,FUR0653,2025-06-04,2025-07-15,2025-07-21,120,120,56.67,6800.4,Late
PO003919,V020,LGT1794,2026-05-16,2026-06-14,2026-06-13,24,24,102.16,2451.84,On Time
PO003920,V011,SHT1238,2025-03-28,2025-05-09,2025-05-18,48,48,42.32,2031.36,Late
PO003921,V016,WAL0259,2025-07-15,2025-07-29,2025-08-11,96,90,51.59,4952.64,Late
PO003922,V010,KIT0967,2026-06-06,2026-07-28,2026-07-28,24,24,59.83,1435.92,On Time
PO003923,V012,DEC0067,2025-02-26,2025-03-24,2025-03-20,72,66,12.65,910.8,On Time
PO003924,V013,KIT0856,2025-12-19,2026-01-11,2026-01-11,36,36,64.24,2312.64,On Time
PO003925,V014,FUR0599,2025-07-01,2025-08-11,2025-08-14,72,72,174.05,12531.6,Late
PO003926,V018,SRV1062,2026-06-27,2026-07-12,2026-07-21,72,72,36.84,2652.48,Late
PO003927,V014,TEX0436,2025-06-03,2025-07-14,2025-07-14,72,72,33.26,2394.72,On Time
PO003928,V005,WAL0243,2025-12-21,2026-01-31,2026-01-30,96,96,30.27,2905.92,On Time
PO003929,V001,PEN1911,2025-07-20,2025-08-20,2025-08-23,120,120,66.57,7988.4,Late
PO003930,V018,SEA0728,2026-05-14,2026-05-29,2026-06-11,36,36,304.71,10969.56,Late
PO003931,V015,GFT2233,2026-07-04,2026-07-28,2026-08-03,72,72,8.6,619.2,Late
PO003932,V001,BSK1628,2026-01-24,2026-02-24,2026-02-28,120,120,11.34,1360.8,Late
PO003933,V010,BSK1644,2025-04-12,2025-06-03,2025-06-10,48,48,41.41,1987.68,Late
PO003934,V018,TAB0791,2025-05-09,2025-05-24,2025-05-26,24,18,148.29,3558.96,On Time
PO003935,V011,MIR0410,2025-09-19,2025-10-31,2025-11-02,120,102,76.04,9124.8,On Time
PO003936,V018,LGT1825,2026-05-26,2026-06-10,2026-06-01,48,48,34.28,1645.44,On Time
PO003937,V005,SHT1292,2025-09-16,2025-10-27,2025-10-23,120,120,63.23,7587.6,On Time
PO003938,V010,DEC0124,2025-03-17,2025-05-08,2025-05-08,36,36,30.95,1114.2,On Time
PO003939,V009,SHT1258,2026-05-25,2026-07-12,2026-07-21,24,24,76.41,1833.84,Late
PO003940,V013,SRV1013,2025-02-03,2025-02-26,2025-02-24,72,72,18.96,1365.12,On Time
PO003941,V006,TAB0775,2025-06-06,2025-07-12,2025-07-04,72,66,229.55,16527.6,On Time
PO003942,V001,SHL1691,2026-02-16,2026-03-19,2026-03-20,24,24,30.94,742.56,On Time
PO003943,V018,TOW1465,2025-11-24,2025-12-09,2025-12-08,96,96,13.54,1299.84,On Time
PO003944,V002,DUV1220,2025-02-23,2025-03-30,2025-04-02,36,36,82.17,2958.12,Late
PO003945,V008,DEC0041,2026-06-19,2026-08-01,2026-08-09,36,36,38.56,1388.16,Late
PO003946,V013,DUV1204,2025-04-26,2025-05-19,2025-05-17,96,96,117.61,11290.56,On Time
PO003947,V017,KIT0939,2025-07-17,2025-08-01,2025-07-27,36,36,73.53,2647.08,On Time
PO003948,V012,PIL1387,2026-01-03,2026-01-29,2026-01-23,72,72,23.2,1670.4,On Time
PO003949,V018,WAL0228,2025-04-10,2025-04-25,2025-04-15,72,72,69.89,5032.08,On Time
PO003950,V017,SHT1239,2025-09-19,2025-10-04,2025-10-12,96,96,30.36,2914.56,Late
PO003951,V017,DEC0025,2026-06-04,2026-06-19,2026-06-23,96,96,43.07,4134.72,Late
PO003952,V014,WIN2070,2026-02-12,2026-03-25,2026-03-28,96,96,23.16,2223.36,Late
PO003953,V007,DEC0006,2026-05-11,2026-05-31,2026-06-07,48,48,11.24,539.52,Late
PO003954,V015,BSK1642,2025-05-08,2025-06-01,2025-06-06,120,120,9.89,1186.8,Late
PO003955,V006,SUM2023,2025-05-31,2025-07-06,2025-06-30,36,36,14.27,513.72,On Time
PO003956,V007,WAL0235,2026-04-17,2026-05-07,2026-05-23,36,36,76.19,2742.84,Late
PO003957,V011,KIT0907,2025-02-05,2025-03-19,2025-03-25,36,30,88.15,3173.4,Late
PO003958,V018,SEA0739,2026-05-08,2026-05-23,2026-05-30,120,120,150.41,18049.2,Late
PO003959,V005,HAL2006,2025-11-27,2026-01-07,2026-01-10,96,96,23.02,2209.92,Late
PO003960,V015,SEA0756,2025-05-11,2025-06-04,2025-06-05,120,120,251.15,30138.0,On Time
PO003961,V012,WAL0324,2025-05-09,2025-06-04,2025-06-04,72,72,72.01,5184.72,On Time
PO003962,V010,LGT1784,2026-03-29,2026-05-20,2026-05-19,96,96,35.56,3413.76,On Time
PO003963,V015,DEC0122,2025-07-18,2025-08-11,2025-08-13,24,6,61.18,1468.32,On Time
PO003964,V014,DUV1156,2025-07-31,2025-09-10,2025-09-17,96,96,35.56,3413.76,Late
PO003965,V016,UTL1085,2026-07-04,2026-07-18,2026-07-27,96,96,16.22,1557.12,Late
PO003966,V011,TEX0467,2025-11-15,2025-12-27,2025-12-29,36,36,23.27,837.72,On Time
PO003967,V012,LGT1813,2025-05-04,2025-05-30,2025-06-03,96,96,93.35,8961.6,Late
PO003968,V005,BSK1612,2026-01-20,2026-03-02,2026-03-05,36,36,48.04,1729.44,Late
PO003969,V005,SRV0986,2026-04-07,2026-05-18,2026-05-24,24,24,16.62,398.88,Late
PO003970,V001,WAL0300,2026-03-11,2026-04-11,2026-04-19,120,120,45.39,5446.8,Late
PO003971,V015,LGT1779,2025-11-06,2025-11-30,2025-11-29,24,6,91.28,2190.72,On Time
PO003972,V008,KIT0958,2026-01-30,2026-03-14,2026-03-16,120,120,31.08,3729.6,On Time
PO003973,V013,TEX0464,2026-05-05,2026-05-28,2026-05-31,72,72,19.11,1375.92,Late
PO003974,V014,FUR0593,2025-02-16,2025-03-29,2025-04-01,36,36,210.26,7569.36,Late
PO003975,V003,ORG1720,2025-10-05,2025-12-06,2025-12-05,36,36,47.04,1693.44,On Time
PO003976,V005,TEX0432,2025-10-24,2025-12-04,2025-12-03,36,36,38.95,1402.2,On Time
PO003977,V008,DEC0038,2026-07-08,2026-08-20,2026-09-01,96,96,12.03,1154.88,Late
PO003978,V002,FUR0617,2025-10-16,2025-11-20,2025-11-26,24,24,77.53,1860.72,Late
PO003979,V017,WAL0296,2026-03-26,2026-04-10,2026-04-21,120,120,33.44,4012.8,Late
PO003980,V011,SHT1324,2025-10-15,2025-11-26,2025-11-28,24,6,39.59,950.16,On Time
PO003981,V001,TEX0448,2025-10-20,2025-11-20,2025-11-24,36,36,17.95,646.2,Late
PO003982,V007,BSK1589,2025-12-13,2026-01-02,2026-01-06,48,42,9.65,463.2,Late
PO003983,V007,GFT2252,2025-02-08,2025-02-28,2025-03-10,72,72,77.82,5603.04,Late
PO003984,V006,UTL1123,2026-05-03,2026-06-08,2026-06-11,96,96,19.85,1905.6,Late
PO003985,V014,SHT1307,2025-06-13,2025-07-24,2025-07-20,72,72,49.87,3590.64,On Time
PO003986,V009,SHT1275,2025-05-07,2025-06-24,2025-06-27,48,48,30.26,1452.48,Late
PO003987,V004,TOW1466,2026-07-01,2026-07-19,2026-07-16,36,36,15.05,541.8,On Time
PO003988,V007,GFT2249,2025-09-23,2025-10-13,2025-10-20,72,72,62.2,4478.4,Late
PO003989,V001,WAL0260,2025-02-14,2025-03-17,2025-03-13,120,120,25.57,3068.4,On Time
PO003990,V018,SHL1699,2026-04-13,2026-04-28,2026-05-07,72,72,42.61,3067.92,Late
PO003991,V001,TOW1440,2025-09-22,2025-10-23,2025-10-30,24,24,37.21,893.04,Late
PO003992,V013,DUV1204,2026-07-08,2026-07-31,2026-07-31,72,72,117.61,8467.92,On Time
PO003993,V017,CND2148,2025-10-30,2025-11-14,2025-11-16,120,120,22.89,2746.8,On Time
PO003994,V004,MIR0423,2026-03-06,2026-03-24,2026-04-01,24,24,66.65,1599.6,Late
PO003995,V009,HAL1995,2025-10-19,2025-12-06,2025-12-04,48,48,20.46,982.08,On Time
PO003996,V002,SEA0680,2025-06-20,2025-07-25,2025-08-06,36,36,293.69,10572.84,Late
PO003997,V011,TAB0818,2025-03-05,2025-04-16,2025-04-21,36,36,328.25,11817.0,Late
PO003998,V011,DEC0178,2025-11-03,2025-12-15,2025-12-25,24,24,37.9,909.6,Late
PO003999,V007,FUR0558,2026-05-09,2026-05-29,2026-06-08,72,72,66.67,4800.24,Late
PO004000,V018,DEC0099,2025-05-28,2025-06-12,2025-06-08,24,24,54.36,1304.64,On Time
PO004001,V013,TEX0464,2026-02-08,2026-03-03,2026-02-19,72,72,19.11,1375.92,On Time
PO004002,V009,TOW1438,2025-02-26,2025-04-15,2025-04-13,72,72,29.3,2109.6,On Time
PO004003,V020,HAL1997,2025-03-08,2025-04-06,2025-04-09,96,96,15.42,1480.32,Late
PO004004,V003,FLR1866,2026-03-29,2026-05-30,2026-05-26,36,36,187.05,6733.8,On Time
PO004005,V004,TOW1443,2025-08-06,2025-08-24,2025-08-18,72,72,11.32,815.04,On Time
PO004006,V017,UTL1108,2025-09-09,2025-09-24,2025-09-28,36,30,14.08,506.88,Late
PO004007,V008,HAL1989,2025-02-12,2025-03-27,2025-03-29,24,24,41.05,985.2,On Time
PO004008,V011,SEA0698,2025-09-07,2025-10-19,2025-10-31,48,48,330.37,15857.76,Late
PO004009,V001,PIL1397,2026-06-07,2026-07-08,2026-07-12,36,36,14.56,524.16,Late
PO004010,V007,BSK1606,2025-09-08,2025-09-28,2025-10-06,96,96,30.98,2974.08,Late
PO004011,V007,WAL0289,2025-12-20,2026-01-09,2026-01-01,48,48,25.21,1210.08,On Time
PO004012,V020,SEA0734,2025-03-11,2025-04-09,2025-04-05,48,36,124.96,5998.08,On Time
PO004013,V003,TAB0800,2025-11-04,2026-01-05,2026-01-06,120,120,194.79,23374.8,On Time
PO004014,V006,KIT0869,2025-12-14,2026-01-19,2026-01-10,96,96,46.77,4489.92,On Time
PO004015,V009,DUV1172,2026-03-29,2026-05-16,2026-05-18,48,48,96.26,4620.48,On Time
PO004016,V012,SRV1033,2026-05-06,2026-06-01,2026-05-30,72,72,46.92,3378.24,On Time
PO004017,V017,FUR0665,2025-06-19,2025-07-04,2025-07-03,72,72,72.58,5225.76,On Time
PO004018,V012,FUR0647,2026-06-27,2026-07-23,2026-07-20,72,72,72.86,5245.92,On Time
PO004019,V014,MIR0367,2026-01-30,2026-03-12,2026-03-11,72,72,47.48,3418.56,On Time
PO004020,V016,SRV1025,2025-07-26,2025-08-09,2025-08-11,120,120,29.29,3514.8,On Time
PO004021,V013,MIR0416,2026-01-31,2026-02-23,2026-03-02,36,36,91.17,3282.12,Late
PO004022,V014,FUR0653,2025-09-01,2025-10-12,2025-10-13,96,78,56.67,5440.32,On Time
PO004023,V020,UTL1137,2025-12-28,2026-01-26,2026-01-24,36,36,7.0,252.0,On Time
PO004024,V016,WAL0245,2025-10-17,2025-10-31,2025-11-08,48,30,46.87,2249.76,Late
PO004025,V011,SRV1041,2026-05-09,2026-06-20,2026-07-06,48,48,59.83,2871.84,Late
PO004026,V006,TEX0515,2025-05-27,2025-07-02,2025-07-02,96,96,39.7,3811.2,On Time
PO004027,V009,TOW1438,2025-08-15,2025-10-02,2025-10-03,72,72,29.3,2109.6,On Time
PO004028,V011,GFT2241,2026-07-02,2026-08-13,2026-08-25,96,96,13.3,1276.8,Late
PO004029,V011,KIT0907,2025-04-28,2025-06-09,2025-06-18,120,120,88.15,10578.0,Late
PO004030,V003,WAL0263,2026-05-25,2026-07-26,2026-07-14,120,120,33.1,3972.0,On Time
PO004031,V018,SHT1328,2025-04-28,2025-05-13,2025-05-13,48,48,73.6,3532.8,On Time
PO004032,V015,FUR0610,2025-09-27,2025-10-21,2025-10-20,24,24,223.91,5373.84,On Time
PO004033,V012,DEC0064,2026-01-23,2026-02-18,2026-02-19,72,72,47.08,3389.76,On Time
PO004034,V003,CHR1937,2025-08-22,2025-10-23,2025-10-26,36,36,79.94,2877.84,Late
PO004035,V005,CHR1966,2025-08-19,2025-09-29,2025-09-26,36,36,52.13,1876.68,On Time
PO004036,V009,DEC0078,2026-06-25,2026-08-12,2026-08-14,48,48,28.49,1367.52,On Time
PO004037,V015,UTL1133,2025-07-09,2025-08-02,2025-08-04,36,36,5.4,194.4,On Time
PO004038,V006,SRV0972,2026-05-13,2026-06-18,2026-06-21,72,72,35.9,2584.8,Late
PO004039,V014,BSK1647,2025-12-16,2026-01-26,2026-02-03,24,24,14.62,350.88,Late
PO004040,V012,FUR0647,2025-12-13,2026-01-08,2026-01-06,24,24,72.86,1748.64,On Time
PO004041,V017,WAL0322,2025-05-11,2025-05-26,2025-05-26,72,72,36.12,2600.64,On Time
PO004042,V019,TAB0814,2026-05-13,2026-06-17,2026-06-17,48,42,134.87,6473.76,On Time
PO004043,V013,PIL1347,2025-10-31,2025-11-23,2025-11-26,120,120,38.86,4663.2,Late
PO004044,V006,TEX0446,2026-04-26,2026-06-01,2026-06-07,96,96,20.07,1926.72,Late
PO004045,V016,LGT1799,2026-01-18,2026-02-01,2026-02-06,96,96,83.88,8052.48,Late
PO004046,V008,SHT1252,2026-06-18,2026-07-31,2026-07-27,96,96,75.69,7266.24,On Time
PO004047,V015,UTL1113,2025-04-05,2025-04-29,2025-04-24,24,24,9.98,239.52,On Time
PO004048,V015,ORG1730,2025-02-11,2025-03-07,2025-03-13,96,96,44.46,4268.16,Late
PO004049,V001,CND2157,2026-07-04,2026-08-04,2026-08-08,48,48,35.62,1709.76,Late
PO004050,V018,SUM2042,2025-12-25,2026-01-09,2026-01-09,96,96,72.46,6956.16,On Time
PO004051,V001,FUR0580,2026-01-27,2026-02-27,2026-02-16,24,24,47.83,1147.92,On Time
PO004052,V005,TAB0812,2025-08-03,2025-09-13,2025-09-13,120,120,78.24,9388.8,On Time
PO004053,V020,WAL0217,2025-02-22,2025-03-23,2025-03-23,72,72,60.89,4384.08,On Time
PO004054,V002,TEX0494,2025-03-12,2025-04-16,2025-05-08,96,96,10.87,1043.52,Late
PO004055,V004,PIL1340,2026-04-10,2026-04-28,2026-04-26,36,30,34.09,1227.24,On Time
PO004056,V001,FUR0560,2025-11-05,2025-12-06,2025-12-02,48,48,246.46,11830.08,On Time
PO004057,V019,LGT1805,2025-06-15,2025-07-20,2025-07-20,120,102,56.32,6758.4,On Time
PO004058,V011,PIL1398,2025-09-09,2025-10-21,2025-11-04,72,72,42.5,3060.0,Late
PO004059,V012,LGT1813,2025-04-10,2025-05-06,2025-04-30,72,66,93.35,6721.2,On Time
PO004060,V018,LGT1825,2025-09-22,2025-10-07,2025-10-13,24,24,34.28,822.72,Late
PO004061,V005,KIT0872,2025-04-27,2025-06-07,2025-05-27,96,96,60.95,5851.2,On Time
PO004062,V017,SEA0702,2025-07-25,2025-08-09,2025-08-08,48,48,70.8,3398.4,On Time
PO004063,V002,DEC0114,2025-11-13,2025-12-18,2025-12-18,72,54,15.53,1118.16,On Time
PO004064,V008,CND2158,2025-03-25,2025-05-07,2025-05-08,48,48,33.56,1610.88,On Time
PO004065,V019,TEX0522,2025-04-28,2025-06-02,2025-06-04,48,42,25.98,1247.04,On Time
PO004066,V007,ORG1752,2026-06-17,2026-07-07,2026-07-05,96,96,33.58,3223.68,On Time
PO004067,V012,SRV1033,2025-11-14,2025-12-10,2025-12-13,96,96,46.92,4504.32,Late
PO004068,V015,UTL1113,2025-05-29,2025-06-22,2025-06-22,36,36,9.98,359.28,On Time
PO004069,V016,SUM2036,2025-02-20,2025-03-06,2025-03-04,120,120,13.89,1666.8,On Time
PO004070,V007,LGT1792,2025-02-05,2025-02-25,2025-02-23,96,78,106.38,10212.48,On Time
PO004071,V001,BSK1591,2025-09-04,2025-10-05,2025-10-10,96,96,27.63,2652.48,Late
PO004072,V013,FRM2173,2025-06-01,2025-06-24,2025-06-28,48,48,23.54,1129.92,Late
PO004073,V018,CHR1928,2026-03-07,2026-03-22,2026-03-19,48,48,61.62,2957.76,On Time
PO004074,V007,ORG1752,2025-12-29,2026-01-18,2026-01-28,36,24,33.58,1208.88,Late
PO004075,V011,LGT1821,2026-07-01,2026-08-12,2026-08-29,48,48,57.19,2745.12,Late
PO004076,V017,WAL0299,2026-01-09,2026-01-24,2026-01-25,24,24,43.13,1035.12,On Time
PO004077,V008,KIT0861,2026-05-29,2026-07-11,2026-07-18,120,120,98.06,11767.2,Late
PO004078,V018,LGT1825,2025-03-05,2025-03-20,2025-03-26,120,120,34.28,4113.6,Late
PO004079,V002,SRV1077,2026-05-03,2026-06-07,2026-06-25,72,72,10.84,780.48,Late
PO004080,V003,BTH1534,2026-05-05,2026-07-06,2026-07-10,24,24,12.89,309.36,Late
PO004081,V019,CHR1942,2025-04-01,2025-05-06,2025-05-10,48,48,26.21,1258.08,Late
PO004082,V001,DEC0008,2025-04-28,2025-05-29,2025-05-20,120,120,37.92,4550.4,On Time
PO004083,V008,TOW1495,2025-05-04,2025-06-16,2025-06-16,24,24,26.23,629.52,On Time
PO004084,V015,SHT1293,2026-02-06,2026-03-02,2026-03-04,72,72,65.53,4718.16,On Time
PO004085,V010,TOW1464,2026-01-31,2026-03-24,2026-04-01,48,48,26.53,1273.44,Late
PO004086,V018,MIR0382,2025-06-14,2025-06-29,2025-06-29,120,120,64.9,7788.0,On Time
PO004087,V017,DEC0048,2026-05-14,2026-05-29,2026-05-28,48,30,29.85,1432.8,On Time
PO004088,V011,DEC0110,2026-04-27,2026-06-08,2026-06-13,24,24,31.15,747.6,Late
PO004089,V015,GFT2233,2026-04-01,2026-04-25,2026-04-19,36,36,8.6,309.6,On Time
PO004090,V020,DEC0128,2026-05-27,2026-06-25,2026-07-04,36,36,40.1,1443.6,Late
PO004091,V016,BTH1542,2026-06-25,2026-07-09,2026-07-20,72,72,26.04,1874.88,Late
PO004092,V020,SEA0734,2026-01-04,2026-02-02,2026-02-01,48,42,124.96,5998.08,On Time
PO004093,V016,GFT2245,2025-03-04,2025-03-18,2025-03-27,36,36,49.79,1792.44,Late
PO004094,V005,BSK1620,2026-03-21,2026-05-01,2026-05-11,24,24,30.23,725.52,Late
PO004095,V018,DEC0125,2025-03-04,2025-03-19,2025-03-21,36,36,58.1,2091.6,On Time
PO004096,V013,DEC0176,2026-04-14,2026-05-07,2026-05-08,36,36,19.03,685.08,On Time
PO004097,V016,DEC0045,2025-07-10,2025-07-24,2025-08-03,96,96,32.57,3126.72,Late
PO004098,V011,SEA0747,2025-06-26,2025-08-07,2025-08-16,48,48,170.22,8170.56,Late
PO004099,V014,TEX0530,2025-12-25,2026-02-04,2026-02-05,24,24,14.1,338.4,On Time
PO004100,V006,SUM2029,2025-12-09,2026-01-14,2026-01-15,36,36,64.48,2321.28,On Time
PO004101,V006,PIL1372,2026-03-30,2026-05-05,2026-05-09,120,120,17.01,2041.2,Late
PO004102,V003,DEC0014,2026-04-08,2026-06-09,2026-06-21,24,24,19.88,477.12,Late
PO004103,V001,UTL1128,2025-09-05,2025-10-06,2025-10-05,24,24,14.92,358.08,On Time
PO004104,V008,TEX0438,2026-04-20,2026-06-02,2026-05-28,48,48,41.23,1979.04,On Time
PO004105,V013,PIL1344,2025-07-25,2025-08-17,2025-08-18,72,72,45.55,3279.6,On Time
PO004106,V007,TAB0846,2026-02-20,2026-03-12,2026-03-21,24,18,263.13,6315.12,Late
PO004107,V005,WAL0226,2026-05-04,2026-06-14,2026-06-08,36,36,23.71,853.56,On Time
PO004108,V012,TOW1484,2025-04-21,2025-05-17,2025-05-22,36,36,31.2,1123.2,Late
PO004109,V016,UTL1085,2025-03-23,2025-04-06,2025-04-19,24,24,16.22,389.28,Late
PO004110,V009,WAL0341,2026-06-14,2026-08-01,2026-08-05,96,96,13.52,1297.92,Late
PO004111,V004,UTL1117,2025-02-23,2025-03-13,2025-03-19,120,120,22.57,2708.4,Late
PO004112,V019,DUV1174,2026-02-14,2026-03-21,2026-03-25,72,72,70.42,5070.24,Late
PO004113,V020,SHL1674,2025-04-07,2025-05-06,2025-05-06,36,36,79.14,2849.04,On Time
PO004114,V009,BTH1512,2025-08-17,2025-10-04,2025-09-29,96,96,38.26,3672.96,On Time
PO004115,V012,CND2127,2026-02-23,2026-03-21,2026-04-01,48,48,27.33,1311.84,Late
PO004116,V013,FLR1876,2026-02-03,2026-02-26,2026-03-02,72,72,185.21,13335.12,Late
PO004117,V012,HAL2010,2026-06-10,2026-07-06,2026-07-02,24,24,7.66,183.84,On Time
PO004118,V020,SEA0751,2025-10-13,2025-11-11,2025-11-04,36,36,95.58,3440.88,On Time
PO004119,V019,SRV1008,2026-02-24,2026-03-31,2026-04-02,24,24,9.55,229.2,On Time
PO004120,V006,DEC0009,2025-08-22,2025-09-27,2025-09-28,48,48,11.4,547.2,On Time
PO004121,V016,FLR1865,2025-03-03,2025-03-17,2025-03-13,72,60,160.71,11571.12,On Time
PO004122,V003,FRM2214,2025-10-13,2025-12-14,2025-12-16,36,36,27.02,972.72,On Time
PO004123,V007,UTL1146,2026-04-09,2026-04-29,2026-05-04,36,36,18.0,648.0,Late
PO004124,V010,KIT0878,2025-04-24,2025-06-15,2025-06-18,48,48,58.3,2798.4,Late
PO004125,V018,CND2151,2025-11-23,2025-12-08,2025-12-07,120,120,26.07,3128.4,On Time
PO004126,V013,CHR1924,2026-01-29,2026-02-21,2026-03-04,120,120,80.56,9667.2,Late
PO004127,V012,MIR0370,2026-02-13,2026-03-11,2026-03-10,72,72,46.7,3362.4,On Time
PO004128,V002,KIT0963,2025-09-03,2025-10-08,2025-10-13,36,36,47.39,1706.04,Late
PO004129,V004,UTL1097,2025-07-23,2025-08-10,2025-08-10,72,72,19.97,1437.84,On Time
PO004130,V009,ORG1735,2026-05-05,2026-06-22,2026-06-26,72,72,36.35,2617.2,Late
PO004131,V011,LGT1781,2025-05-22,2025-07-03,2025-07-08,120,120,54.21,6505.2,Late
PO004132,V006,FUR0612,2025-11-13,2025-12-19,2025-12-12,36,36,121.82,4385.52,On Time
PO004133,V006,UTL1129,2026-01-19,2026-02-24,2026-02-27,48,48,24.69,1185.12,Late
PO004134,V003,WAL0283,2026-07-02,2026-09-02,2026-08-25,96,96,10.21,980.16,On Time
PO004135,V007,BTH1529,2026-04-26,2026-05-16,2026-05-26,72,72,20.66,1487.52,Late
PO004136,V019,TEX0531,2025-09-26,2025-10-31,2025-11-04,48,48,10.3,494.4,Late
PO004137,V018,SRV1028,2026-06-03,2026-06-18,2026-06-27,96,96,31.58,3031.68,Late
PO004138,V014,KIT0916,2026-06-16,2026-07-27,2026-07-28,120,120,93.54,11224.8,On Time
PO004139,V012,TOW1444,2025-05-14,2025-06-09,2025-06-15,48,48,12.22,586.56,Late
PO004140,V014,TOW1459,2026-02-10,2026-03-23,2026-04-02,36,36,32.4,1166.4,Late
PO004141,V019,WAL0291,2025-10-30,2025-12-04,2025-11-23,96,90,42.87,4115.52,On Time
PO004142,V017,TAB0788,2025-02-18,2025-03-05,2025-03-08,96,96,215.96,20732.16,Late
PO004143,V003,SRV1014,2026-02-19,2026-04-22,2026-04-17,24,24,60.6,1454.4,On Time
PO004144,V015,DEC0122,2026-03-31,2026-04-24,2026-04-22,120,120,61.18,7341.6,On Time
PO004145,V014,KIT0890,2026-02-02,2026-03-15,2026-03-12,96,96,23.89,2293.44,On Time
PO004146,V003,DEC0026,2025-11-12,2026-01-13,2026-01-16,24,24,15.01,360.24,Late
PO004147,V004,SRV0983,2025-09-05,2025-09-23,2025-09-23,96,90,39.25,3768.0,On Time
PO004148,V009,WAL0341,2026-06-12,2026-07-30,2026-07-31,36,30,13.52,486.72,On Time
PO004149,V007,SHL1686,2025-06-06,2025-06-26,2025-07-10,24,24,87.73,2105.52,Late
PO004150,V011,KIT0904,2025-12-02,2026-01-13,2026-01-28,48,30,102.53,4921.44,Late
PO004151,V003,WAL0314,2025-10-31,2026-01-01,2026-01-04,48,48,79.9,3835.2,Late
PO004152,V007,BSK1618,2026-04-15,2026-05-05,2026-05-19,120,120,20.67,2480.4,Late
PO004153,V003,DEC0160,2026-03-29,2026-05-30,2026-05-30,72,72,42.82,3083.04,On Time
PO004154,V001,TAB0848,2025-02-05,2025-03-08,2025-03-15,36,36,112.97,4066.92,Late
PO004155,V005,SRV0980,2025-10-13,2025-11-23,2025-11-26,120,120,50.82,6098.4,Late
PO004156,V020,TEX0511,2026-03-02,2026-03-31,2026-04-05,24,18,41.61,998.64,Late
PO004157,V019,FUR0585,2025-03-30,2025-05-04,2025-05-04,96,96,57.78,5546.88,On Time
PO004158,V006,FLR1846,2026-05-08,2026-06-13,2026-06-14,96,96,170.42,16360.32,On Time
PO004159,V016,SUM2039,2025-06-16,2025-06-30,2025-07-08,36,36,16.05,577.8,Late
PO004160,V011,TEX0484,2025-05-06,2025-06-17,2025-06-24,96,96,17.23,1654.08,Late
PO004161,V013,PIL1347,2025-12-30,2026-01-22,2026-01-13,72,72,38.86,2797.92,On Time
PO004162,V002,KIT0877,2026-04-28,2026-06-02,2026-06-13,72,72,70.31,5062.32,Late
PO004163,V004,CND2117,2026-02-03,2026-02-21,2026-02-24,48,48,13.29,637.92,Late
PO004164,V002,PEN1894,2025-09-15,2025-10-20,2025-11-06,48,48,172.38,8274.24,Late
PO004165,V018,SHL1659,2026-06-28,2026-07-13,2026-07-14,72,72,84.27,6067.44,On Time
PO004166,V002,CND2160,2026-05-19,2026-06-23,2026-07-07,36,36,24.16,869.76,Late
PO004167,V010,WAL0267,2026-02-22,2026-04-15,2026-04-14,48,48,44.15,2119.2,On Time
PO004168,V001,UTL1148,2025-02-25,2025-03-28,2025-03-22,72,72,25.28,1820.16,On Time
PO004169,V002,LGT1783,2025-12-07,2026-01-11,2026-01-19,24,24,36.72,881.28,Late
PO004170,V006,SHT1312,2025-11-24,2025-12-30,2025-12-29,120,120,71.02,8522.4,On Time
PO004171,V010,SEA0718,2025-06-03,2025-07-25,2025-08-02,48,48,334.29,16045.92,Late
PO004172,V016,TEX0542,2025-11-23,2025-12-07,2025-12-07,72,72,9.53,686.16,On Time
PO004173,V016,BSK1619,2025-02-27,2025-03-13,2025-03-20,36,36,33.54,1207.44,Late
PO004174,V002,CND2131,2025-10-06,2025-11-10,2025-11-17,36,36,7.39,266.04,Late
PO004175,V012,WAL0201,2026-07-01,2026-07-27,2026-07-25,36,36,28.64,1031.04,On Time
PO004176,V002,TEX0491,2026-05-28,2026-07-02,2026-07-12,72,72,20.59,1482.48,Late
PO004177,V010,HAL2015,2025-12-27,2026-02-17,2026-02-18,96,96,17.34,1664.64,On Time
PO004178,V007,SHL1692,2025-10-02,2025-10-22,2025-10-31,36,36,38.01,1368.36,Late
PO004179,V020,TOW1425,2026-07-03,2026-08-01,2026-08-05,72,72,29.67,2136.24,Late
PO004180,V015,ORG1713,2025-07-25,2025-08-18,2025-08-21,48,48,29.8,1430.4,Late
PO004181,V013,DEC0173,2026-03-12,2026-04-04,2026-04-07,96,96,33.15,3182.4,Late
PO004182,V013,PIL1393,2026-03-19,2026-04-11,2026-04-01,72,72,43.86,3157.92,On Time
PO004183,V014,DEC0016,2025-02-19,2025-04-01,2025-04-05,72,72,32.23,2320.56,Late
PO004184,V014,DEC0156,2025-10-18,2025-11-28,2025-11-27,48,48,58.09,2788.32,On Time
PO004185,V005,PEN1906,2026-04-26,2026-06-06,2026-05-24,72,72,192.13,13833.36,On Time
PO004186,V016,BTH1545,2025-07-25,2025-08-08,2025-08-20,96,84,35.51,3408.96,Late
PO004187,V015,SHT1293,2025-10-24,2025-11-17,2025-11-22,24,24,65.53,1572.72,Late
PO004188,V007,SEA0752,2025-09-02,2025-09-22,2025-10-05,36,36,252.27,9081.72,Late
PO004189,V001,WAL0197,2026-06-25,2026-07-26,2026-07-25,96,96,27.23,2614.08,On Time
PO004190,V001,DUV1160,2025-12-31,2026-01-31,2026-01-27,24,24,47.53,1140.72,On Time
PO004191,V009,DUV1172,2025-12-19,2026-02-05,2026-02-14,120,120,96.26,11551.2,Late
PO004192,V010,ORG1718,2025-11-25,2026-01-16,2026-01-17,120,120,19.26,2311.2,On Time
PO004193,V019,FUR0651,2025-07-25,2025-08-29,2025-09-02,96,96,189.57,18198.72,Late
PO004194,V014,SHT1313,2025-12-08,2026-01-18,2026-01-22,96,96,38.08,3655.68,Late
PO004195,V005,FUR0600,2026-03-03,2026-04-13,2026-04-15,96,96,174.99,16799.04,On Time
PO004196,V020,LGT1834,2025-10-04,2025-11-02,2025-11-14,48,48,86.19,4137.12,Late
PO004197,V006,DEC0012,2026-02-26,2026-04-03,2026-03-26,48,48,11.67,560.16,On Time
PO004198,V003,WAL0234,2025-02-12,2025-04-15,2025-04-11,48,48,71.91,3451.68,On Time
PO004199,V011,LGT1830,2026-04-25,2026-06-06,2026-06-21,24,24,21.43,514.32,Late
PO004200,V006,WIN2083,2026-06-25,2026-07-31,2026-07-31,72,72,26.48,1906.56,On Time
PO004201,V008,PEN1881,2025-07-03,2025-08-15,2025-08-19,120,120,248.68,29841.6,Late
PO004202,V009,PEN1915,2026-02-13,2026-04-02,2026-04-08,72,72,159.78,11504.16,Late
PO004203,V006,TOW1486,2026-03-01,2026-04-06,2026-04-10,24,24,32.33,775.92,Late
PO004204,V019,BSK1631,2025-09-29,2025-11-03,2025-11-10,48,48,31.92,1532.16,Late
PO004205,V016,KIT0862,2025-12-29,2026-01-12,2026-01-18,120,108,28.95,3474.0,Late
PO004206,V017,WAL0265,2025-07-08,2025-07-23,2025-07-23,36,36,67.29,2422.44,On Time
PO004207,V014,FUR0593,2026-03-14,2026-04-24,2026-04-29,72,72,210.26,15138.72,Late
PO004208,V009,DEC0181,2025-05-02,2025-06-19,2025-06-17,24,18,44.65,1071.6,On Time
PO004209,V006,FRM2192,2025-02-28,2025-04-05,2025-04-06,24,24,11.11,266.64,On Time
PO004210,V017,CND2139,2025-03-22,2025-04-06,2025-04-18,36,36,12.54,451.44,Late
PO004211,V014,SHT1313,2025-05-07,2025-06-17,2025-06-17,96,96,38.08,3655.68,On Time
PO004212,V004,DUV1183,2025-07-29,2025-08-16,2025-08-14,36,30,106.98,3851.28,On Time
PO004213,V005,MIR0409,2025-12-20,2026-01-30,2026-01-25,96,96,23.95,2299.2,On Time
PO004214,V020,LGT1794,2025-09-03,2025-10-02,2025-10-08,72,72,102.16,7355.52,Late
PO004215,V007,UTL1086,2025-05-18,2025-06-07,2025-06-12,96,84,21.21,2036.16,Late
PO004216,V007,DEC0175,2025-04-18,2025-05-08,2025-05-26,36,36,24.7,889.2,Late
PO004217,V014,SRV1047,2026-06-12,2026-07-23,2026-08-02,120,120,56.95,6834.0,Late
PO004218,V018,DEC0028,2025-06-14,2025-06-29,2025-07-02,24,24,21.01,504.24,Late
PO004219,V016,DEC0042,2025-09-13,2025-09-27,2025-10-04,96,96,31.91,3063.36,Late
PO004220,V016,CND2133,2026-01-27,2026-02-10,2026-02-23,24,24,12.21,293.04,Late
PO004221,V015,GFT2233,2026-05-15,2026-06-08,2026-06-15,36,36,8.6,309.6,Late
PO004222,V017,UTL1108,2026-04-22,2026-05-07,2026-05-03,24,24,14.08,337.92,On Time
PO004223,V016,WAL0225,2025-03-19,2025-04-02,2025-04-13,36,36,81.22,2923.92,Late
PO004224,V010,SHL1687,2025-04-29,2025-06-20,2025-06-24,36,36,82.57,2972.52,Late
PO004225,V007,WIN2095,2026-06-05,2026-06-25,2026-07-02,48,48,31.85,1528.8,Late
PO004226,V009,BTH1512,2025-04-21,2025-06-08,2025-06-11,36,36,38.26,1377.36,Late
PO004227,V010,WAL0207,2025-02-09,2025-04-02,2025-04-08,72,72,64.35,4633.2,Late
PO004228,V009,KIT0932,2025-08-11,2025-09-28,2025-10-04,36,36,106.98,3851.28,Late
PO004229,V009,PIL1384,2025-09-25,2025-11-12,2025-11-16,96,96,12.14,1165.44,Late
PO004230,V011,TOW1461,2025-10-04,2025-11-15,2025-11-25,24,24,6.43,154.32,Late
PO004231,V007,WIN2072,2025-05-26,2025-06-15,2025-06-30,36,36,20.16,725.76,Late
PO004232,V016,TEX0539,2025-02-26,2025-03-12,2025-03-20,24,24,11.88,285.12,Late
PO004233,V009,LGT1775,2026-05-27,2026-07-14,2026-07-18,36,36,110.02,3960.72,Late
PO004234,V009,KIT0941,2025-11-12,2025-12-30,2025-12-25,72,72,92.37,6650.64,On Time
PO004235,V016,FRM2185,2026-04-07,2026-04-21,2026-04-27,24,12,28.97,695.28,Late
PO004236,V015,SEA0719,2026-02-06,2026-03-02,2026-03-02,120,120,134.84,16180.8,On Time
PO004237,V006,DEC0189,2025-10-07,2025-11-12,2025-11-12,48,48,51.81,2486.88,On Time
PO004238,V002,TEX0451,2025-03-31,2025-05-05,2025-05-15,96,96,12.27,1177.92,Late
PO004239,V005,WAL0286,2025-06-24,2025-08-04,2025-07-28,24,24,72.5,1740.0,On Time
PO004240,V012,SHT1233,2025-09-10,2025-10-06,2025-10-08,96,96,39.66,3807.36,On Time
PO004241,V006,WAL0323,2026-02-27,2026-04-04,2026-04-06,72,72,16.33,1175.76,On Time
PO004242,V003,SRV0977,2025-08-02,2025-10-03,2025-10-07,36,36,46.56,1676.16,Late
PO004243,V004,WAL0249,2026-01-21,2026-02-08,2026-02-13,96,96,52.36,5026.56,Late
PO004244,V019,SHT1325,2026-04-26,2026-05-31,2026-06-11,96,96,93.25,8952.0,Late
PO004245,V004,FLR1857,2026-05-29,2026-06-16,2026-06-21,24,24,149.33,3583.92,Late
PO004246,V019,CND2108,2025-05-21,2025-06-25,2025-06-27,48,48,17.22,826.56,On Time
PO004247,V018,BTH1565,2025-11-05,2025-11-20,2025-11-21,24,24,5.2,124.8,On Time
PO004248,V010,SRV1055,2025-02-18,2025-04-11,2025-04-08,24,24,43.12,1034.88,On Time
PO004249,V016,SHT1305,2025-05-31,2025-06-14,2025-06-23,48,48,53.09,2548.32,Late
PO004250,V013,WAL0316,2025-12-23,2026-01-15,2026-01-22,96,96,65.78,6314.88,Late
PO004251,V014,DEC0030,2026-03-18,2026-04-28,2026-05-03,72,72,47.82,3443.04,Late
PO004252,V011,TAB0770,2025-07-26,2025-09-06,2025-09-16,36,36,305.31,10991.16,Late
PO004253,V007,GFT2252,2025-10-29,2025-11-18,2025-11-23,120,120,77.82,9338.4,Late
PO004254,V009,TOW1438,2026-02-10,2026-03-30,2026-04-05,48,48,29.3,1406.4,Late
PO004255,V001,DUV1177,2026-04-10,2026-05-11,2026-05-05,120,120,135.32,16238.4,On Time
PO004256,V007,SHT1278,2025-05-18,2025-06-07,2025-06-21,48,30,32.94,1581.12,Late
PO004257,V019,DEC0065,2025-07-07,2025-08-11,2025-08-14,120,120,30.03,3603.6,Late
PO004258,V011,CND2124,2026-07-02,2026-08-13,2026-08-16,72,60,7.59,546.48,Late
PO004259,V015,TOW1416,2025-11-16,2025-12-10,2025-12-13,120,114,25.09,3010.8,Late
PO004260,V013,TAB0767,2026-01-08,2026-01-31,2026-02-04,36,36,286.07,10298.52,Late
PO004261,V012,SRV1064,2026-01-27,2026-02-22,2026-02-25,120,120,17.63,2115.6,Late
PO004262,V007,FRM2186,2025-06-13,2025-07-03,2025-07-15,72,72,22.92,1650.24,Late
PO004263,V003,LGT1803,2025-05-18,2025-07-19,2025-07-21,24,24,105.61,2534.64,On Time
PO004264,V001,CHR1971,2025-09-07,2025-10-08,2025-10-16,48,48,67.01,3216.48,Late
PO004265,V003,SHT1314,2025-10-10,2025-12-11,2025-11-30,72,72,27.73,1996.56,On Time
PO004266,V013,PIL1410,2026-03-24,2026-04-16,2026-04-16,72,72,17.92,1290.24,On Time
PO004267,V017,FUR0625,2025-05-26,2025-06-10,2025-06-12,48,48,245.25,11772.0,On Time
PO004268,V019,BTH1522,2025-06-14,2025-07-19,2025-07-18,48,48,13.26,636.48,On Time
PO004269,V008,CHR1958,2026-06-15,2026-07-28,2026-07-22,120,120,75.25,9030.0,On Time
PO004270,V012,SUM2021,2025-07-07,2025-08-02,2025-08-07,36,36,32.1,1155.6,Late
PO004271,V004,PIL1386,2025-05-22,2025-06-09,2025-06-17,36,36,21.71,781.56,Late
PO004272,V005,FUR0600,2026-01-14,2026-02-24,2026-02-28,96,96,174.99,16799.04,Late
PO004273,V014,KIT0950,2025-05-23,2025-07-03,2025-06-30,72,66,77.4,5572.8,On Time
PO004274,V010,WIN2098,2026-06-23,2026-08-14,2026-08-15,36,36,17.78,640.08,On Time
PO004275,V009,WAL0232,2025-12-16,2026-02-02,2026-02-05,48,48,56.21,2698.08,Late
PO004276,V015,UTL1130,2025-09-13,2025-10-07,2025-10-07,24,24,22.84,548.16,On Time
PO004277,V017,PIL1359,2025-11-07,2025-11-22,2025-11-15,120,120,10.44,1252.8,On Time
PO004278,V006,CND2149,2026-05-23,2026-06-28,2026-06-28,48,48,21.8,1046.4,On Time
PO004279,V004,CND2143,2026-03-05,2026-03-23,2026-03-23,24,24,28.04,672.96,On Time
PO004280,V006,SRV0972,2026-06-16,2026-07-22,2026-07-21,120,120,35.9,4308.0,On Time
PO004281,V006,TEX0515,2025-07-19,2025-08-24,2025-08-31,120,120,39.7,4764.0,Late
PO004282,V002,TEX0480,2026-05-01,2026-06-05,2026-06-14,96,96,32.74,3143.04,Late
PO004283,V016,SEA0685,2026-02-11,2026-02-25,2026-02-26,24,24,214.18,5140.32,On Time
PO004284,V009,BTH1512,2025-05-13,2025-06-30,2025-07-08,96,96,38.26,3672.96,Late
PO004285,V004,FLR1840,2025-11-04,2025-11-22,2025-11-26,48,48,114.12,5477.76,Late
PO004286,V009,HAL1995,2026-03-22,2026-05-09,2026-05-18,24,24,20.46,491.04,Late
PO004287,V003,DEC0103,2026-07-01,2026-09-01,2026-08-27,36,36,20.64,743.04,On Time
PO004288,V011,CHR1921,2026-01-29,2026-03-12,2026-03-13,120,120,55.85,6702.0,On Time
PO004289,V009,UTL1121,2026-02-26,2026-04-15,2026-04-18,24,24,15.05,361.2,Late
PO004290,V017,CND2139,2025-12-27,2026-01-11,2026-01-05,96,96,12.54,1203.84,On Time
PO004291,V012,DUV1167,2025-12-22,2026-01-17,2026-01-17,48,48,103.49,4967.52,On Time
PO004292,V002,LGT1823,2025-12-11,2026-01-15,2026-01-21,36,36,29.79,1072.44,Late
PO004293,V018,SUM2042,2025-10-22,2025-11-06,2025-11-06,48,48,72.46,3478.08,On Time
PO004294,V011,SUM2061,2025-10-22,2025-12-03,2025-12-05,48,48,29.47,1414.56,On Time
PO004295,V010,SHL1661,2026-06-22,2026-08-13,2026-08-12,24,24,81.11,1946.64,On Time
PO004296,V004,SRV0983,2026-05-12,2026-05-30,2026-06-07,48,48,39.25,1884.0,Late
PO004297,V010,FRM2175,2025-11-06,2025-12-28,2025-12-22,96,96,37.18,3569.28,On Time
PO004298,V020,PIL1351,2026-02-10,2026-03-11,2026-03-10,72,72,43.87,3158.64,On Time
PO004299,V015,UTL1113,2025-06-22,2025-07-16,2025-07-15,72,72,9.98,718.56,On Time
PO004300,V004,FRM2189,2025-11-12,2025-11-30,2025-12-03,48,48,20.22,970.56,Late
PO004301,V016,FUR0645,2025-04-09,2025-04-23,2025-04-26,36,36,45.61,1641.96,Late
PO004302,V002,SHT1237,2025-02-03,2025-03-10,2025-03-11,96,96,78.05,7492.8,On Time
PO004303,V002,BSK1580,2025-04-09,2025-05-14,2025-05-16,96,96,21.11,2026.56,On Time
PO004304,V003,DUV1203,2026-06-28,2026-08-29,2026-08-28,48,48,39.66,1903.68,On Time
PO004305,V011,DEC0001,2026-05-15,2026-06-26,2026-07-05,72,60,45.39,3268.08,Late
PO004306,V016,CHR1982,2025-03-22,2025-04-05,2025-04-08,36,36,74.33,2675.88,Late
PO004307,V004,TAB0843,2026-02-27,2026-03-17,2026-03-30,36,36,335.29,12070.44,Late
PO004308,V011,SUM2030,2025-11-17,2025-12-29,2026-01-05,96,96,19.7,1891.2,Late
PO004309,V019,ORG1748,2025-10-11,2025-11-15,2025-11-17,96,96,9.1,873.6,On Time
PO004310,V002,CHR1983,2026-04-25,2026-05-30,2026-06-10,120,120,35.32,4238.4,Late
PO004311,V018,TEX0488,2025-07-12,2025-07-27,2025-07-21,36,36,38.43,1383.48,On Time
PO004312,V012,BTH1541,2026-04-18,2026-05-14,2026-05-19,48,48,15.8,758.4,Late
PO004313,V007,SEA0686,2025-04-04,2025-04-24,2025-05-09,120,120,284.93,34191.6,Late
PO004314,V010,WAL0287,2025-06-18,2025-08-09,2025-08-18,72,72,57.5,4140.0,Late
PO004315,V001,WAL0248,2026-02-26,2026-03-29,2026-03-29,120,120,34.65,4158.0,On Time
PO004316,V006,FRM2192,2025-05-18,2025-06-23,2025-06-13,120,120,11.11,1333.2,On Time
PO004317,V003,SHT1314,2025-03-25,2025-05-26,2025-05-21,36,36,27.73,998.28,On Time
PO004318,V010,DUV1158,2026-01-03,2026-02-24,2026-02-18,24,24,59.26,1422.24,On Time
PO004319,V020,CHR1954,2025-12-18,2026-01-16,2026-01-20,120,120,66.47,7976.4,Late
PO004320,V003,CHR1943,2025-05-29,2025-07-30,2025-07-29,48,48,32.61,1565.28,On Time
PO004321,V014,KIT0919,2026-01-17,2026-02-27,2026-02-24,48,48,20.41,979.68,On Time
PO004322,V008,SEA0692,2025-05-16,2025-06-28,2025-06-27,96,96,198.78,19082.88,On Time
PO004323,V002,CHR1940,2025-04-13,2025-05-18,2025-05-22,48,48,25.6,1228.8,Late
PO004324,V008,FRM2212,2025-07-06,2025-08-18,2025-08-09,36,36,28.61,1029.96,On Time
PO004325,V012,DUV1221,2026-06-19,2026-07-15,2026-07-08,120,120,52.24,6268.8,On Time
PO004326,V018,DEC0099,2025-06-11,2025-06-26,2025-06-22,48,48,54.36,2609.28,On Time
PO004327,V007,DEC0158,2025-05-22,2025-06-11,2025-06-17,72,72,45.27,3259.44,Late
PO004328,V002,CND2137,2025-09-21,2025-10-26,2025-10-27,48,48,18.38,882.24,On Time
PO004329,V019,DEC0182,2026-04-02,2026-05-07,2026-05-10,120,120,11.19,1342.8,Late
PO004330,V017,SHT1239,2026-06-05,2026-06-20,2026-06-28,96,96,30.36,2914.56,Late
PO004331,V020,MIR0374,2026-05-20,2026-06-18,2026-06-25,96,90,78.67,7552.32,Late
PO004332,V014,WAL0350,2025-05-03,2025-06-13,2025-06-14,120,120,31.33,3759.6,On Time
PO004333,V018,FUR0671,2025-05-01,2025-05-16,2025-05-18,72,72,161.56,11632.32,On Time
PO004334,V016,MIR0413,2026-04-10,2026-04-24,2026-04-26,36,36,127.13,4576.68,On Time
PO004335,V009,UTL1132,2026-03-27,2026-05-14,2026-05-11,36,36,28.7,1033.2,On Time
PO004336,V010,DEC0155,2025-02-22,2025-04-15,2025-04-18,96,96,9.49,911.04,Late
PO004337,V016,PIL1339,2025-04-16,2025-04-30,2025-05-09,120,102,34.2,4104.0,Late
PO004338,V018,UTL1125,2025-02-05,2025-02-20,2025-02-20,72,66,28.34,2040.48,On Time
PO004339,V017,PIL1348,2026-04-27,2026-05-12,2026-05-11,48,48,28.86,1385.28,On Time
PO004340,V004,UTL1117,2026-06-19,2026-07-07,2026-06-29,120,120,22.57,2708.4,On Time
PO004341,V020,DEC0128,2025-07-03,2025-08-01,2025-08-01,24,18,40.1,962.4,On Time
PO004342,V008,SHL1672,2026-03-17,2026-04-29,2026-04-30,48,48,67.23,3227.04,On Time
PO004343,V017,CND2139,2025-09-01,2025-09-16,2025-09-19,36,36,12.54,451.44,Late
PO004344,V001,KIT0954,2026-05-12,2026-06-12,2026-06-24,72,72,14.88,1071.36,Late
PO004345,V011,ORG1707,2026-06-05,2026-07-17,2026-07-28,72,72,9.92,714.24,Late
PO004346,V011,KIT0964,2026-02-23,2026-04-06,2026-04-06,24,24,49.93,1198.32,On Time
PO004347,V001,KIT0931,2025-11-22,2025-12-23,2025-12-21,24,24,35.27,846.48,On Time
PO004348,V020,CND2134,2025-05-02,2025-05-31,2025-06-04,24,24,29.29,702.96,Late
PO004349,V001,SEA0737,2025-09-13,2025-10-14,2025-10-05,36,36,79.85,2874.6,On Time
PO004350,V002,PEN1883,2025-08-10,2025-09-14,2025-09-14,96,96,158.25,15192.0,On Time
PO004351,V014,TEX0530,2025-12-24,2026-02-03,2026-01-28,48,48,14.1,676.8,On Time
PO004352,V012,DUV1184,2025-07-03,2025-07-29,2025-07-29,24,24,73.93,1774.32,On Time
PO004353,V003,TEX0534,2026-04-29,2026-06-30,2026-06-30,72,72,43.81,3154.32,On Time
PO004354,V003,TAB0786,2026-03-17,2026-05-18,2026-05-13,96,96,246.3,23644.8,On Time
PO004355,V004,BTH1526,2025-11-04,2025-11-22,2025-11-28,24,24,27.95,670.8,Late
PO004356,V012,WAL0241,2026-03-23,2026-04-18,2026-04-20,48,48,67.45,3237.6,On Time
PO004357,V003,FLR1866,2025-08-25,2025-10-26,2025-10-26,72,72,187.05,13467.6,On Time
PO004358,V002,WAL0317,2025-07-06,2025-08-10,2025-08-07,36,36,93.68,3372.48,On Time
PO004359,V017,BTH1539,2025-07-31,2025-08-15,2025-08-16,48,48,15.27,732.96,On Time
PO004360,V001,MIR0414,2025-12-02,2026-01-02,2026-01-06,72,72,121.25,8730.0,Late
PO004361,V009,SHT1315,2025-11-05,2025-12-23,2025-12-28,72,72,25.64,1846.08,Late
PO004362,V019,UTL1134,2025-03-10,2025-04-14,2025-04-04,24,24,29.96,719.04,On Time
PO004363,V015,TAB0762,2026-05-22,2026-06-15,2026-06-10,72,72,150.28,10820.16,On Time
PO004364,V016,SHT1265,2025-11-25,2025-12-09,2025-12-19,24,24,38.77,930.48,Late
PO004365,V010,KIT0967,2026-03-14,2026-05-05,2026-05-10,36,36,59.83,2153.88,Late
PO004366,V010,DUV1215,2026-05-24,2026-07-15,2026-07-15,24,24,66.73,1601.52,On Time
PO004367,V013,MIR0430,2026-06-08,2026-07-01,2026-07-03,96,96,97.71,9380.16,On Time
PO004368,V013,WAL0244,2025-08-19,2025-09-11,2025-09-17,96,96,55.74,5351.04,Late
PO004369,V008,SRV1021,2026-05-16,2026-06-28,2026-07-05,24,24,55.6,1334.4,Late
PO004370,V011,FUR0587,2025-02-02,2025-03-16,2025-03-23,72,72,84.0,6048.0,Late
PO004371,V008,DEC0152,2026-03-04,2026-04-16,2026-04-18,24,24,32.47,779.28,On Time
PO004372,V006,TAB0815,2025-09-30,2025-11-05,2025-11-11,24,24,200.55,4813.2,Late
PO004373,V015,TOW1479,2025-10-12,2025-11-05,2025-11-04,36,36,14.81,533.16,On Time
PO004374,V001,UTL1140,2026-07-02,2026-08-02,2026-08-02,72,72,6.07,437.04,On Time
PO004375,V011,LGT1821,2025-11-22,2026-01-03,2026-01-10,48,48,57.19,2745.12,Late
PO004376,V007,DUV1212,2025-02-02,2025-02-22,2025-02-27,36,18,129.39,4658.04,Late
PO004377,V005,FUR0666,2025-03-30,2025-05-10,2025-05-05,96,96,212.33,20383.68,On Time
PO004378,V017,SUM2065,2025-12-09,2025-12-24,2025-12-18,36,36,63.51,2286.36,On Time
PO004379,V019,SHL1682,2025-04-01,2025-05-06,2025-05-07,120,120,59.49,7138.8,On Time
PO004380,V011,CHR1964,2025-12-05,2026-01-16,2026-01-26,36,24,89.52,3222.72,Late
PO004381,V002,WAL0191,2026-02-10,2026-03-17,2026-03-16,24,24,61.6,1478.4,On Time
PO004382,V011,DEC0138,2025-11-20,2026-01-01,2026-01-06,96,96,22.26,2136.96,Late
PO004383,V016,SUM2039,2025-02-20,2025-03-06,2025-03-13,48,36,16.05,770.4,Late
PO004384,V012,FUR0561,2025-04-16,2025-05-12,2025-05-15,72,72,231.81,16690.32,Late
PO004385,V016,TEX0542,2025-10-30,2025-11-13,2025-11-24,24,24,9.53,228.72,Late
PO004386,V009,FRM2172,2026-06-07,2026-07-25,2026-07-18,72,72,38.16,2747.52,On Time
PO004387,V015,SHT1310,2026-04-03,2026-04-27,2026-05-06,48,36,86.39,4146.72,Late
PO004388,V013,WAL0304,2025-12-23,2026-01-15,2026-01-08,120,120,64.7,7764.0,On Time
PO004389,V013,FRM2173,2026-04-22,2026-05-15,2026-05-09,96,96,23.54,2259.84,On Time
PO004390,V011,LGT1827,2025-09-23,2025-11-04,2025-11-11,48,48,39.59,1900.32,Late
PO004391,V002,BTH1551,2026-03-15,2026-04-19,2026-04-24,24,24,41.87,1004.88,Late
PO004392,V015,KIT0879,2025-07-26,2025-08-19,2025-08-26,96,96,92.19,8850.24,Late
PO004393,V002,TEX0497,2025-07-10,2025-08-14,2025-08-29,36,36,39.0,1404.0,Late
PO004394,V004,PEN1909,2025-09-29,2025-10-17,2025-10-17,48,48,132.89,6378.72,On Time
PO004395,V011,CND2124,2026-01-13,2026-02-24,2026-02-23,48,48,7.59,364.32,On Time
PO004396,V003,FUR0657,2025-06-09,2025-08-10,2025-08-06,36,36,193.32,6959.52,On Time
PO004397,V012,FUR0647,2026-04-08,2026-05-04,2026-04-27,96,96,72.86,6994.56,On Time
PO004398,V005,KIT0880,2026-04-17,2026-05-28,2026-05-28,120,120,61.7,7404.0,On Time
PO004399,V005,TAB0763,2025-03-28,2025-05-08,2025-05-13,24,12,278.51,6684.24,Late
PO004400,V005,TOW1432,2025-06-21,2025-08-01,2025-07-24,48,36,30.83,1479.84,On Time
PO004401,V004,FUR0589,2025-11-09,2025-11-27,2025-11-26,24,24,223.39,5361.36,On Time
PO004402,V008,TAB0761,2025-08-01,2025-09-13,2025-09-21,72,72,147.36,10609.92,Late
PO004403,V016,FUR0645,2025-06-17,2025-07-01,2025-07-05,96,96,45.61,4378.56,Late
PO004404,V017,MIR0388,2025-07-25,2025-08-09,2025-08-09,24,24,112.9,2709.6,On Time
PO004405,V007,TEX0472,2025-10-23,2025-11-12,2025-11-20,48,48,43.46,2086.08,Late
PO004406,V004,FRM2177,2025-03-02,2025-03-20,2025-03-30,36,36,37.95,1366.2,Late
PO004407,V004,FRM2180,2025-03-12,2025-03-30,2025-03-31,120,120,21.46,2575.2,On Time
PO004408,V011,LGT1827,2026-03-23,2026-05-04,2026-05-18,120,120,39.59,4750.8,Late
PO004409,V003,UTL1106,2026-02-06,2026-04-09,2026-04-11,120,120,7.97,956.4,On Time
PO004410,V014,SHT1319,2025-09-11,2025-10-22,2025-10-26,24,24,62.65,1503.6,Late
PO004411,V020,DUV1214,2026-01-18,2026-02-16,2026-02-14,48,48,127.93,6140.64,On Time
PO004412,V018,MIR0422,2025-09-21,2025-10-06,2025-10-10,36,36,62.92,2265.12,Late
PO004413,V013,DEC0173,2026-06-21,2026-07-14,2026-07-01,120,120,33.15,3978.0,On Time
PO004414,V013,FRM2176,2025-11-16,2025-12-09,2025-12-13,36,36,27.43,987.48,Late
PO004415,V016,TEX0542,2025-12-02,2025-12-16,2025-12-21,96,96,9.53,914.88,Late
PO004416,V020,FRM2188,2026-06-06,2026-07-05,2026-07-08,120,120,30.6,3672.0,Late
PO004417,V002,TOW1420,2025-08-17,2025-09-21,2025-10-03,36,36,35.14,1265.04,Late
PO004418,V013,FRM2213,2026-05-25,2026-06-17,2026-06-22,36,36,23.1,831.6,Late
PO004419,V018,WAL0211,2025-07-16,2025-07-31,2025-07-29,48,48,34.74,1667.52,On Time
PO004420,V015,DEC0019,2025-10-11,2025-11-04,2025-11-06,36,36,30.39,1094.04,On Time
PO004421,V006,LGT1795,2026-06-26,2026-08-01,2026-08-04,72,72,73.48,5290.56,Late
PO004422,V019,MIR0411,2025-04-08,2025-05-13,2025-05-16,24,24,84.73,2033.52,Late
PO004423,V008,SRV1021,2025-02-26,2025-04-10,2025-04-12,96,96,55.6,5337.6,On Time
PO004424,V010,CHR1978,2026-05-24,2026-07-15,2026-07-17,24,24,31.34,752.16,On Time
PO004425,V013,TOW1487,2025-04-04,2025-04-27,2025-05-05,72,72,21.69,1561.68,Late
PO004426,V013,WAL0244,2026-03-20,2026-04-12,2026-04-12,120,120,55.74,6688.8,On Time
PO004427,V006,TAB0809,2026-04-04,2026-05-10,2026-05-12,120,120,82.37,9884.4,On Time
PO004428,V002,TAB0811,2025-12-18,2026-01-22,2026-01-22,120,120,77.68,9321.6,On Time
PO004429,V020,TAB0797,2025-05-02,2025-05-31,2025-06-06,48,48,72.58,3483.84,Late
PO004430,V006,WAL0323,2025-10-07,2025-11-12,2025-11-11,36,36,16.33,587.88,On Time
PO004431,V003,TEX0534,2025-02-16,2025-04-19,2025-04-22,120,120,43.81,5257.2,Late
PO004432,V008,TEX0435,2026-04-30,2026-06-12,2026-06-10,120,120,44.07,5288.4,On Time
PO004433,V013,WAL0227,2025-12-13,2026-01-05,2026-01-02,48,48,21.18,1016.64,On Time
PO004434,V019,TEX0531,2025-08-04,2025-09-08,2025-09-07,24,24,10.3,247.2,On Time
PO004435,V015,DEC0082,2026-06-06,2026-06-30,2026-06-27,96,96,51.79,4971.84,On Time
PO004436,V006,SUM2035,2025-05-18,2025-06-23,2025-06-29,72,72,41.87,3014.64,Late
PO004437,V016,TOW1473,2026-02-24,2026-03-10,2026-03-12,120,120,18.15,2178.0,On Time
PO004438,V006,PIL1372,2025-04-03,2025-05-09,2025-05-05,72,72,17.01,1224.72,On Time
PO004439,V005,FLR1860,2026-04-13,2026-05-24,2026-05-19,72,72,136.2,9806.4,On Time
PO004440,V018,TAB0819,2025-07-04,2025-07-19,2025-07-15,120,120,356.93,42831.6,On Time
PO004441,V019,BSK1645,2025-06-19,2025-07-24,2025-07-20,120,120,15.82,1898.4,On Time
PO004442,V019,SHT1294,2025-12-01,2026-01-05,2026-01-08,48,42,35.0,1680.0,Late
PO004443,V018,PIL1368,2025-02-20,2025-03-07,2025-03-10,36,36,19.85,714.6,Late
PO004444,V001,TEX0477,2026-04-24,2026-05-25,2026-05-25,96,96,9.46,908.16,On Time
PO004445,V016,CND2153,2025-05-23,2025-06-06,2025-06-15,36,36,24.88,895.68,Late
PO004446,V009,DUV1172,2026-02-07,2026-03-27,2026-04-04,72,60,96.26,6930.72,Late
PO004447,V001,FLR1874,2026-01-29,2026-03-01,2026-02-28,36,36,117.06,4214.16,On Time
PO004448,V012,DUV1221,2025-10-06,2025-11-01,2025-10-25,24,24,52.24,1253.76,On Time
PO004449,V020,MIR0365,2026-01-02,2026-01-31,2026-01-30,48,48,50.38,2418.24,On Time
PO004450,V001,FUR0648,2025-02-19,2025-03-22,2025-03-22,120,120,103.18,12381.6,On Time
PO004451,V020,DEC0128,2025-04-20,2025-05-19,2025-05-04,36,36,40.1,1443.6,On Time
PO004452,V020,UTL1137,2026-06-21,2026-07-20,2026-07-26,36,36,7.0,252.0,Late
PO004453,V008,CND2129,2026-01-09,2026-02-21,2026-02-25,120,120,14.17,1700.4,Late
PO004454,V008,SRV0989,2025-11-14,2025-12-27,2025-12-22,36,36,8.67,312.12,On Time
PO004455,V013,PEN1904,2025-10-31,2025-11-23,2025-11-27,24,24,192.0,4608.0,Late
PO004456,V015,DEC0050,2026-07-06,2026-07-30,2026-07-17,96,96,38.31,3677.76,On Time
PO004457,V017,MIR0385,2025-08-19,2025-09-03,2025-09-11,72,72,24.62,1772.64,Late
PO004458,V007,LGT1792,2025-11-14,2025-12-04,2025-12-11,72,72,106.38,7659.36,Late
PO004459,V002,KIT0963,2025-09-03,2025-10-08,2025-10-10,120,114,47.39,5686.8,On Time
PO004460,V008,FUR0569,2025-02-23,2025-04-07,2025-04-11,120,120,62.51,7501.2,Late
PO004461,V001,SRV1048,2025-06-30,2025-07-31,2025-07-29,36,36,57.27,2061.72,On Time
PO004462,V018,PIL1391,2026-03-10,2026-03-25,2026-03-24,120,120,20.19,2422.8,On Time
PO004463,V011,TOW1461,2025-12-30,2026-02-10,2026-02-18,120,114,6.43,771.6,Late
PO004464,V013,DUV1204,2026-04-18,2026-05-11,2026-05-15,72,72,117.61,8467.92,Late
PO004465,V001,ORG1714,2026-04-29,2026-05-30,2026-05-27,96,96,15.23,1462.08,On Time
PO004466,V013,DEC0070,2026-03-29,2026-04-21,2026-04-18,48,48,43.3,2078.4,On Time
PO004467,V007,WAL0318,2025-06-05,2025-06-25,2025-07-04,96,96,31.16,2991.36,Late
PO004468,V015,SHT1293,2025-03-05,2025-03-29,2025-03-26,36,36,65.53,2359.08,On Time
PO004469,V016,BTH1559,2025-11-19,2025-12-03,2025-12-10,24,6,42.55,1021.2,Late
PO004470,V014,FLR1856,2025-05-18,2025-06-28,2025-06-29,96,96,48.16,4623.36,On Time
PO004471,V003,FUR0606,2026-02-12,2026-04-15,2026-04-20,72,72,94.99,6839.28,Late
PO004472,V018,TEX0442,2026-01-14,2026-01-29,2026-01-25,96,96,49.75,4776.0,On Time
PO004473,V017,WAL0208,2025-05-27,2025-06-11,2025-06-12,72,72,48.55,3495.6,On Time
PO004474,V015,ORG1702,2025-09-01,2025-09-25,2025-09-23,96,78,17.21,1652.16,On Time
PO004475,V004,WAL0320,2026-05-17,2026-06-04,2026-06-09,120,120,39.86,4783.2,Late
PO004476,V005,DEC0040,2026-06-16,2026-07-27,2026-07-28,24,24,50.38,1209.12,On Time
PO004477,V018,BSK1585,2026-01-05,2026-01-20,2026-01-28,96,96,37.99,3647.04,Late
PO004478,V016,WAL0259,2026-05-07,2026-05-21,2026-05-27,24,6,51.59,1238.16,Late
PO004479,V012,TAB0833,2026-04-25,2026-05-21,2026-05-20,24,24,273.87,6572.88,On Time
PO004480,V013,BSK1573,2025-07-22,2025-08-14,2025-08-18,48,48,31.39,1506.72,Late
PO004481,V007,TEX0492,2026-02-18,2026-03-10,2026-03-17,24,18,14.56,349.44,Late
PO004482,V011,TAB0790,2025-03-24,2025-05-05,2025-05-09,24,24,269.78,6474.72,Late
PO004483,V010,KIT0901,2025-08-24,2025-10-15,2025-10-16,24,24,39.04,936.96,On Time
PO004484,V011,MIR0410,2025-08-10,2025-09-21,2025-09-27,36,36,76.04,2737.44,Late
PO004485,V005,SHL1660,2025-02-09,2025-03-22,2025-03-18,24,24,102.56,2461.44,On Time
PO004486,V005,HAL2006,2025-02-07,2025-03-20,2025-03-24,24,24,23.02,552.48,Late
PO004487,V009,SHT1284,2026-01-12,2026-03-01,2026-03-04,120,120,64.91,7789.2,Late
PO004488,V012,TEX0481,2025-03-31,2025-04-26,2025-04-20,96,96,21.13,2028.48,On Time
PO004489,V017,FUR0619,2026-03-05,2026-03-20,2026-03-21,120,120,220.23,26427.6,On Time
PO004490,V014,TOW1456,2026-07-03,2026-08-13,2026-08-19,120,120,28.92,3470.4,Late
PO004491,V019,MIR0362,2025-03-09,2025-04-13,2025-04-11,96,96,93.11,8938.56,On Time
PO004492,V009,BSK1572,2026-03-11,2026-04-28,2026-04-28,48,48,27.41,1315.68,On Time
PO004493,V010,TAB0827,2025-06-23,2025-08-14,2025-08-11,120,120,112.63,13515.6,On Time
PO004494,V016,LGT1816,2025-05-20,2025-06-03,2025-06-09,120,120,63.74,7648.8,Late
PO004495,V018,SRV0999,2025-06-16,2025-07-01,2025-07-01,36,36,19.16,689.76,On Time
PO004496,V004,UTL1097,2026-06-09,2026-06-27,2026-06-29,120,120,19.97,2396.4,On Time
PO004497,V012,FLR1873,2026-02-15,2026-03-13,2026-03-07,96,96,104.38,10020.48,On Time
PO004498,V014,TAB0796,2025-05-09,2025-06-19,2025-06-18,24,24,243.56,5845.44,On Time
PO004499,V012,BTH1547,2025-10-24,2025-11-19,2025-11-16,36,36,5.25,189.0,On Time
PO004500,V010,SEA0744,2025-04-15,2025-06-06,2025-06-06,120,120,114.05,13686.0,On Time
PO004501,V017,SEA0696,2025-02-21,2025-03-08,2025-03-03,24,18,246.54,5916.96,On Time
PO004502,V008,TOW1498,2025-11-28,2026-01-10,2026-01-11,36,36,26.61,957.96,On Time
PO004503,V001,KIT0868,2025-06-01,2025-07-02,2025-07-08,36,36,31.44,1131.84,Late
PO004504,V001,DUV1211,2025-05-31,2025-07-01,2025-07-05,24,24,125.65,3015.6,Late
PO004505,V013,BSK1616,2025-12-26,2026-01-18,2026-01-13,36,36,12.26,441.36,On Time
PO004506,V006,FRM2192,2025-03-11,2025-04-16,2025-04-06,36,36,11.11,399.96,On Time
PO004507,V018,KIT0945,2025-02-03,2025-02-18,2025-02-16,36,36,29.25,1053.0,On Time
PO004508,V004,PEN1889,2025-08-28,2025-09-15,2025-09-06,24,18,108.5,2604.0,On Time
PO004509,V004,TOW1497,2026-04-12,2026-04-30,2026-05-01,96,96,34.87,3347.52,On Time
PO004510,V011,SUM2024,2026-06-08,2026-07-20,2026-07-31,36,36,49.61,1785.96,Late
PO004511,V006,UTL1129,2026-01-18,2026-02-23,2026-02-26,96,96,24.69,2370.24,Late
PO004512,V016,BTH1542,2025-09-01,2025-09-15,2025-09-29,48,48,26.04,1249.92,Late
PO004513,V019,CND2165,2025-06-06,2025-07-11,2025-07-13,72,72,21.81,1570.32,On Time
PO004514,V001,KIT0891,2026-05-01,2026-06-01,2026-05-27,36,36,48.33,1739.88,On Time
PO004515,V009,FUR0595,2026-06-29,2026-08-16,2026-08-14,36,36,113.99,4103.64,On Time
PO004516,V016,KIT0865,2025-08-03,2025-08-17,2025-08-31,48,48,106.86,5129.28,Late
PO004517,V019,UTL1111,2025-11-10,2025-12-15,2025-12-27,48,48,7.11,341.28,Late
PO004518,V003,UTL1106,2026-01-25,2026-03-28,2026-04-04,96,96,7.97,765.12,Late
PO004519,V011,SRV0981,2025-08-10,2025-09-21,2025-09-30,72,54,12.16,875.52,Late
PO004520,V007,DEC0006,2026-05-14,2026-06-03,2026-06-06,24,24,11.24,269.76,Late
PO004521,V003,TEX0457,2025-06-12,2025-08-13,2025-08-22,120,120,35.15,4218.0,Late
PO004522,V017,TAB0802,2025-09-09,2025-09-24,2025-09-20,120,108,143.06,17167.2,On Time
PO004523,V013,FRM2204,2025-04-28,2025-05-21,2025-05-23,48,48,16.59,796.32,On Time
PO004524,V001,FRM2211,2025-09-18,2025-10-19,2025-10-18,120,120,37.28,4473.6,On Time
PO004525,V006,SEA0726,2026-06-14,2026-07-20,2026-07-20,72,72,85.42,6150.24,On Time
PO004526,V009,TEX0538,2026-01-03,2026-02-20,2026-02-21,24,12,37.1,890.4,On Time
PO004527,V020,TOW1488,2025-05-23,2025-06-21,2025-06-27,96,96,11.94,1146.24,Late
PO004528,V012,BTH1507,2026-05-18,2026-06-13,2026-06-18,36,36,31.97,1150.92,Late
PO004529,V018,ORG1768,2026-05-27,2026-06-11,2026-06-12,36,30,6.3,226.8,On Time
PO004530,V005,FLR1860,2026-04-27,2026-06-07,2026-06-11,36,36,136.2,4903.2,Late
PO004531,V008,SEA0749,2026-01-23,2026-03-07,2026-03-09,72,72,366.83,26411.76,On Time
PO004532,V019,WAL0205,2025-09-12,2025-10-17,2025-10-18,96,96,30.8,2956.8,On Time
PO004533,V010,PEN1895,2025-06-27,2025-08-18,2025-08-21,72,72,62.18,4476.96,Late
PO004534,V013,BTH1527,2025-02-17,2025-03-12,2025-03-18,72,72,35.68,2568.96,Late
PO004535,V002,LGT1800,2026-03-23,2026-04-27,2026-04-29,24,24,40.53,972.72,On Time
PO004536,V001,LGT1788,2026-01-16,2026-02-16,2026-02-11,96,96,96.14,9229.44,On Time
PO004537,V009,FRM2172,2025-09-09,2025-10-27,2025-10-23,24,24,38.16,915.84,On Time
PO004538,V014,SEA0716,2025-04-28,2025-06-08,2025-06-06,36,36,105.71,3805.56,On Time
PO004539,V005,CHR1949,2025-10-28,2025-12-08,2025-12-05,24,24,78.65,1887.6,On Time
PO004540,V001,PIL1388,2026-06-19,2026-07-20,2026-07-14,120,120,44.68,5361.6,On Time
PO004541,V020,MIR0365,2025-06-12,2025-07-11,2025-07-09,96,96,50.38,4836.48,On Time
PO004542,V008,TOW1472,2025-03-06,2025-04-18,2025-04-23,24,24,19.01,456.24,Late
PO004543,V007,SHT1232,2025-09-05,2025-09-25,2025-10-01,72,72,33.46,2409.12,Late
PO004544,V012,MIR0364,2026-05-05,2026-05-31,2026-05-31,48,48,88.39,4242.72,On Time
PO004545,V005,FRM2209,2025-02-25,2025-04-07,2025-03-31,96,96,8.73,838.08,On Time
PO004546,V011,TEX0484,2025-12-14,2026-01-25,2026-02-03,36,36,17.23,620.28,Late
PO004547,V008,PEN1881,2025-10-16,2025-11-28,2025-12-05,96,96,248.68,23873.28,Late
PO004548,V015,FUR0650,2025-05-07,2025-05-31,2025-05-31,48,48,86.14,4134.72,On Time
PO004549,V020,SHL1674,2025-06-01,2025-06-30,2025-06-25,36,36,79.14,2849.04,On Time
PO004550,V017,UTL1136,2025-11-03,2025-11-18,2025-11-19,48,48,4.16,199.68,On Time
PO004551,V005,SEA0703,2025-05-01,2025-06-11,2025-06-08,48,48,189.44,9093.12,On Time
PO004552,V020,FUR0588,2025-07-15,2025-08-13,2025-08-28,24,24,107.69,2584.56,Late
PO004553,V005,MIR0363,2025-07-20,2025-08-30,2025-08-27,72,72,44.56,3208.32,On Time
PO004554,V006,TOW1492,2026-01-10,2026-02-15,2026-02-20,96,96,9.31,893.76,Late
PO004555,V013,UTL1093,2025-03-06,2025-03-29,2025-03-31,72,72,7.0,504.0,On Time
PO004556,V008,DEC0101,2025-03-05,2025-04-17,2025-04-24,36,36,33.05,1189.8,Late
PO004557,V013,FRM2193,2025-12-24,2026-01-16,2026-01-16,24,24,33.27,798.48,On Time
PO004558,V008,TOW1495,2025-07-23,2025-09-04,2025-09-15,72,66,26.23,1888.56,Late
PO004559,V010,PEN1901,2025-08-27,2025-10-18,2025-10-15,72,72,83.0,5976.0,On Time
PO004560,V013,BSK1630,2025-06-21,2025-07-14,2025-07-18,96,96,33.59,3224.64,Late
PO004561,V015,LGT1819,2025-10-26,2025-11-19,2025-11-11,48,48,49.24,2363.52,On Time
PO004562,V001,BSK1637,2025-08-27,2025-09-27,2025-09-30,48,48,36.02,1728.96,Late
PO004563,V005,ORG1706,2025-04-16,2025-05-27,2025-05-31,120,114,26.82,3218.4,Late
PO004564,V014,CND2113,2025-08-21,2025-10-01,2025-10-15,24,24,25.11,602.64,Late
PO004565,V014,WAL0250,2025-09-01,2025-10-12,2025-10-18,120,120,34.34,4120.8,Late
PO004566,V013,PIL1407,2026-03-20,2026-04-12,2026-03-30,48,48,12.86,617.28,On Time
PO004567,V006,FLR1846,2025-10-24,2025-11-29,2025-12-04,36,36,170.42,6135.12,Late
PO004568,V004,SHL1669,2025-10-02,2025-10-20,2025-10-21,24,24,94.16,2259.84,On Time
PO004569,V008,FUR0655,2026-05-31,2026-07-13,2026-07-19,36,36,104.15,3749.4,Late
PO004570,V015,ORG1736,2025-04-22,2025-05-16,2025-05-17,36,36,42.84,1542.24,On Time
PO004571,V012,CHR1947,2025-03-12,2025-04-07,2025-04-13,36,36,45.24,1628.64,Late
PO004572,V003,TOW1494,2025-05-03,2025-07-04,2025-06-27,24,6,31.49,755.76,On Time
PO004573,V012,DEC0021,2026-01-19,2026-02-14,2026-02-14,96,96,21.38,2052.48,On Time
PO004574,V019,SHT1302,2025-04-05,2025-05-10,2025-05-13,120,120,28.66,3439.2,Late
PO004575,V004,SRV1057,2025-04-04,2025-04-22,2025-04-27,48,48,16.06,770.88,Late
PO004576,V003,BSK1634,2026-02-28,2026-05-01,2026-04-26,36,36,21.67,780.12,On Time
PO004577,V002,LGT1800,2025-05-01,2025-06-05,2025-06-15,120,120,40.53,4863.6,Late
PO004578,V020,SEA0757,2026-04-08,2026-05-07,2026-05-09,36,36,169.19,6090.84,On Time
PO004579,V010,PIL1341,2025-07-08,2025-08-29,2025-09-04,24,24,54.14,1299.36,Late
PO004580,V020,MIR0374,2025-11-22,2025-12-21,2025-12-26,36,36,78.67,2832.12,Late
PO004581,V016,TEX0456,2025-06-14,2025-06-28,2025-07-01,72,72,41.37,2978.64,Late
PO004582,V011,DEC0081,2026-01-08,2026-02-19,2026-03-01,120,120,18.47,2216.4,Late
PO004583,V016,GFT2222,2025-10-15,2025-10-29,2025-11-07,120,120,43.58,5229.6,Late
PO004584,V017,TEX0508,2026-01-22,2026-02-06,2026-02-01,96,96,54.93,5273.28,On Time
PO004585,V001,ORG1737,2025-10-06,2025-11-06,2025-11-06,120,120,29.12,3494.4,On Time
PO004586,V011,MIR0378,2025-09-15,2025-10-27,2025-11-05,120,120,52.6,6312.0,Late
PO004587,V012,KIT0953,2025-08-07,2025-09-02,2025-09-01,48,48,50.32,2415.36,On Time
PO004588,V005,SHT1272,2026-04-20,2026-05-31,2026-06-09,36,36,100.3,3610.8,Late
PO004589,V014,DEC0013,2026-05-28,2026-07-08,2026-07-10,96,96,24.19,2322.24,On Time
PO004590,V009,SRV1072,2025-03-29,2025-05-16,2025-05-21,36,36,60.66,2183.76,Late
PO004591,V012,FLR1853,2026-06-22,2026-07-18,2026-07-19,96,96,198.02,19009.92,On Time
PO004592,V004,TAB0837,2025-12-21,2026-01-08,2026-01-19,72,72,179.6,12931.2,Late
PO004593,V003,DEC0137,2025-08-12,2025-10-13,2025-10-24,48,48,16.15,775.2,Late
PO004594,V018,FLR1845,2025-07-23,2025-08-07,2025-08-09,120,120,176.25,21150.0,On Time
PO004595,V001,ORG1728,2026-06-26,2026-07-27,2026-07-27,96,96,25.01,2400.96,On Time
PO004596,V019,BTH1548,2025-05-16,2025-06-20,2025-06-20,48,48,5.2,249.6,On Time
PO004597,V017,BTH1508,2025-04-04,2025-04-19,2025-04-24,36,24,28.75,1035.0,Late
PO004598,V019,ORG1748,2025-09-05,2025-10-10,2025-10-16,72,72,9.1,655.2,Late
PO004599,V001,WAL0294,2026-04-01,2026-05-02,2026-05-08,72,72,61.82,4451.04,Late
PO004600,V005,BTH1543,2025-04-14,2025-05-25,2025-05-24,96,84,22.67,2176.32,On Time
PO004601,V013,KIT0873,2025-09-23,2025-10-16,2025-10-13,120,120,11.0,1320.0,On Time
PO004602,V011,SHT1270,2025-02-13,2025-03-27,2025-04-01,72,72,64.52,4645.44,Late
PO004603,V019,SEA0725,2025-10-15,2025-11-19,2025-11-16,48,48,117.35,5632.8,On Time
PO004604,V020,TOW1491,2026-03-12,2026-04-10,2026-04-05,48,48,8.28,397.44,On Time
PO004605,V005,CND2109,2025-09-29,2025-11-09,2025-11-14,120,120,27.76,3331.2,Late
PO004606,V005,FUR0663,2025-03-21,2025-05-01,2025-04-27,48,48,109.77,5268.96,On Time
PO004607,V020,BSK1577,2026-04-10,2026-05-09,2026-05-12,36,36,12.55,451.8,Late
PO004608,V007,BSK1618,2025-05-28,2025-06-17,2025-06-22,96,96,20.67,1984.32,Late
PO004609,V012,KIT0893,2026-03-06,2026-04-01,2026-04-07,48,48,45.03,2161.44,Late
PO004610,V006,DEC0029,2025-10-29,2025-12-04,2025-11-25,24,24,54.42,1306.08,On Time
PO004611,V005,FUR0666,2026-02-08,2026-03-21,2026-03-16,36,36,212.33,7643.88,On Time
PO004612,V014,CHR1970,2025-11-29,2026-01-09,2025-12-31,48,48,36.17,1736.16,On Time
PO004613,V019,TEX0514,2025-12-14,2026-01-18,2026-01-17,36,36,19.54,703.44,On Time
PO004614,V017,SHT1245,2025-06-12,2025-06-27,2025-06-26,36,18,31.67,1140.12,On Time
PO004615,V004,BTH1569,2025-09-30,2025-10-18,2025-10-23,24,24,40.46,971.04,Late
PO004616,V008,SRV1018,2025-09-15,2025-10-28,2025-11-02,96,96,56.34,5408.64,Late
PO004617,V015,TOW1470,2025-04-20,2025-05-14,2025-05-07,24,6,33.25,798.0,On Time
PO004618,V002,LGT1791,2026-06-26,2026-07-31,2026-08-02,36,36,33.7,1213.2,On Time
PO004619,V020,FRM2188,2025-06-21,2025-07-20,2025-07-30,48,48,30.6,1468.8,Late
PO004620,V013,FRM2176,2025-06-02,2025-06-25,2025-06-29,120,120,27.43,3291.6,Late
PO004621,V001,KIT0931,2025-05-11,2025-06-11,2025-06-12,120,120,35.27,4232.4,On Time
PO004622,V008,WIN2089,2025-03-14,2025-04-26,2025-05-01,72,72,35.71,2571.12,Late
PO004623,V005,BTH1543,2025-11-29,2026-01-09,2026-01-06,48,48,22.67,1088.16,On Time
PO004624,V013,PIL1367,2026-05-31,2026-06-23,2026-06-21,36,36,44.48,1601.28,On Time
PO004625,V011,ORG1741,2026-03-31,2026-05-12,2026-05-25,72,54,32.57,2345.04,Late
PO004626,V006,UTL1123,2026-01-16,2026-02-21,2026-02-28,120,120,19.85,2382.0,Late
PO004627,V020,PIL1385,2026-03-07,2026-04-05,2026-04-07,120,120,11.74,1408.8,On Time
PO004628,V004,TAB0843,2025-03-04,2025-03-22,2025-03-31,120,120,335.29,40234.8,Late
PO004629,V005,FUR0666,2025-10-04,2025-11-14,2025-11-22,120,120,212.33,25479.6,Late
PO004630,V018,TEX0488,2025-04-28,2025-05-13,2025-05-09,120,120,38.43,4611.6,On Time
PO004631,V012,TAB0850,2026-05-27,2026-06-22,2026-06-17,48,48,71.98,3455.04,On Time
PO004632,V010,SHL1695,2025-09-25,2025-11-16,2025-11-13,120,120,26.18,3141.6,On Time
PO004633,V017,TEX0548,2025-03-11,2025-03-26,2025-03-30,36,36,17.65,635.4,Late
PO004634,V013,MIR0430,2026-04-22,2026-05-15,2026-05-18,36,36,97.71,3517.56,Late
PO004635,V005,DEC0063,2026-02-03,2026-03-16,2026-03-11,96,96,46.75,4488.0,On Time
PO004636,V019,DEC0171,2025-12-09,2026-01-13,2026-01-11,72,66,17.73,1276.56,On Time
PO004637,V009,LGT1832,2025-03-09,2025-04-26,2025-05-06,48,48,72.77,3492.96,Late
PO004638,V018,ORG1762,2025-05-13,2025-05-28,2025-06-06,96,96,28.93,2777.28,Late
PO004639,V003,WIN2100,2026-03-25,2026-05-26,2026-06-02,36,36,35.78,1288.08,Late
PO004640,V012,DUV1167,2026-04-18,2026-05-14,2026-05-14,96,96,103.49,9935.04,On Time
PO004641,V011,KIT0870,2025-03-28,2025-05-09,2025-05-12,120,120,36.98,4437.6,Late
PO004642,V020,TEX0445,2025-08-24,2025-09-22,2025-09-25,24,24,27.87,668.88,Late
PO004643,V009,UTL1118,2026-04-12,2026-05-30,2026-06-03,72,72,15.35,1105.2,Late
PO004644,V003,BTH1560,2025-03-02,2025-05-03,2025-05-10,96,84,25.0,2400.0,Late
PO004645,V004,DEC0046,2026-01-08,2026-01-26,2026-01-31,24,6,12.11,290.64,Late
PO004646,V007,PIL1406,2026-05-18,2026-06-07,2026-06-24,72,72,27.59,1986.48,Late
PO004647,V005,PIL1403,2025-09-22,2025-11-02,2025-10-30,48,36,13.85,664.8,On Time
PO004648,V013,FLR1876,2025-04-20,2025-05-13,2025-05-15,96,96,185.21,17780.16,On Time
PO004649,V007,SHT1318,2025-08-18,2025-09-07,2025-09-17,48,48,23.36,1121.28,Late
PO004650,V018,TEX0488,2025-02-11,2025-02-26,2025-03-02,96,96,38.43,3689.28,Late
PO004651,V014,PIL1353,2025-12-01,2026-01-11,2026-01-09,36,36,51.11,1839.96,On Time
PO004652,V008,CND2158,2025-02-12,2025-03-27,2025-04-05,48,48,33.56,1610.88,Late
PO004653,V010,SHT1295,2026-05-02,2026-06-23,2026-06-20,96,96,67.84,6512.64,On Time
PO004654,V013,PEN1913,2026-06-11,2026-07-04,2026-07-11,96,96,127.57,12246.72,Late
PO004655,V001,LGT1771,2025-06-04,2025-07-05,2025-06-29,24,24,26.22,629.28,On Time
PO004656,V007,SRV1078,2026-02-20,2026-03-12,2026-03-23,72,72,25.42,1830.24,Late
PO004657,V020,CHR1965,2025-09-12,2025-10-11,2025-10-13,24,18,19.75,474.0,On Time
PO004658,V010,GFT2227,2026-05-29,2026-07-20,2026-07-19,96,96,10.67,1024.32,On Time
PO004659,V013,PEN1904,2025-02-07,2025-03-02,2025-02-18,96,96,192.0,18432.0,On Time
PO004660,V004,DEC0106,2025-04-11,2025-04-29,2025-04-27,120,120,17.51,2101.2,On Time
PO004661,V004,DEC0086,2026-01-24,2026-02-11,2026-02-13,120,120,50.99,6118.8,On Time
PO004662,V013,DEC0010,2026-02-25,2026-03-20,2026-03-28,72,72,29.91,2153.52,Late
PO004663,V012,CHR1981,2026-02-25,2026-03-23,2026-03-19,72,72,37.65,2710.8,On Time
PO004664,V009,TOW1452,2025-05-22,2025-07-09,2025-07-20,120,120,14.11,1693.2,Late
PO004665,V016,BTH1505,2025-04-23,2025-05-07,2025-05-08,96,96,17.98,1726.08,On Time
PO004666,V014,FUR0653,2026-01-27,2026-03-09,2026-03-07,24,24,56.67,1360.08,On Time
PO004667,V010,FUR0555,2026-06-29,2026-08-20,2026-09-04,48,48,103.92,4988.16,Late
PO004668,V005,CND2120,2025-12-31,2026-02-10,2026-02-10,36,18,19.81,713.16,On Time
PO004669,V009,DEC0084,2025-11-19,2026-01-06,2026-01-08,72,72,49.81,3586.32,On Time
PO004670,V013,FUR0567,2025-06-13,2025-07-06,2025-07-05,96,96,141.89,13621.44,On Time
PO004671,V017,KIT0939,2026-06-16,2026-07-01,2026-07-01,24,24,73.53,1764.72,On Time
PO004672,V017,SEA0688,2026-02-18,2026-03-05,2026-03-10,24,24,332.71,7985.04,Late
PO004673,V006,DEC0049,2026-03-14,2026-04-19,2026-04-15,36,36,13.34,480.24,On Time
PO004674,V015,SHT1310,2026-01-24,2026-02-17,2026-02-14,48,48,86.39,4146.72,On Time
PO004675,V004,FUR0660,2026-05-25,2026-06-12,2026-06-12,72,72,133.37,9602.64,On Time
PO004676,V005,SEA0703,2026-05-04,2026-06-14,2026-06-19,48,48,189.44,9093.12,Late
PO004677,V014,DUV1156,2026-05-23,2026-07-03,2026-07-07,48,48,35.56,1706.88,Late
PO004678,V005,WAL0340,2025-11-07,2025-12-18,2025-12-20,48,48,18.13,870.24,On Time
PO004679,V005,BTH1566,2025-06-26,2025-08-06,2025-08-09,24,24,27.2,652.8,Late
PO004680,V001,SHL1688,2025-03-02,2025-04-02,2025-04-11,24,24,82.5,1980.0,Late
PO004681,V015,ORG1713,2026-06-04,2026-06-28,2026-06-29,120,120,29.8,3576.0,On Time
PO004682,V017,GFT2236,2025-09-21,2025-10-06,2025-10-01,48,48,62.5,3000.0,On Time
PO004683,V006,DEC0186,2025-06-08,2025-07-14,2025-07-14,96,96,15.56,1493.76,On Time
PO004684,V004,PIL1369,2026-05-16,2026-06-03,2026-06-08,72,54,19.84,1428.48,Late
PO004685,V016,DEC0116,2026-02-22,2026-03-08,2026-03-19,72,72,18.47,1329.84,Late
PO004686,V009,LGT1804,2026-07-04,2026-08-21,2026-08-14,96,90,53.14,5101.44,On Time
PO004687,V001,WAL0348,2026-04-19,2026-05-20,2026-05-23,48,48,84.6,4060.8,Late
PO004688,V011,CND2121,2026-05-24,2026-07-05,2026-07-17,36,36,40.64,1463.04,Late
PO004689,V011,SEA0721,2025-07-30,2025-09-10,2025-09-13,48,48,331.2,15897.6,Late
PO004690,V003,PIL1337,2026-02-11,2026-04-14,2026-04-16,72,72,25.86,1861.92,On Time
PO004691,V016,SRV1025,2026-02-18,2026-03-04,2026-03-13,36,36,29.29,1054.44,Late
PO004692,V020,BSK1577,2025-08-26,2025-09-24,2025-09-19,48,48,12.55,602.4,On Time
PO004693,V007,SUM2058,2025-07-14,2025-08-03,2025-08-06,120,120,56.28,6753.6,Late
PO004694,V007,FUR0638,2025-09-01,2025-09-21,2025-10-01,96,96,215.91,20727.36,Late
PO004695,V002,MIR0420,2025-12-21,2026-01-25,2026-02-03,36,36,59.96,2158.56,Late
PO004696,V015,DEC0019,2026-06-15,2026-07-09,2026-07-12,36,36,30.39,1094.04,Late
PO004697,V014,DEC0136,2025-12-08,2026-01-18,2026-01-22,96,96,20.59,1976.64,Late
PO004698,V014,ORG1716,2025-12-31,2026-02-10,2026-02-15,72,72,27.9,2008.8,Late
PO004699,V006,BSK1583,2025-02-15,2025-03-23,2025-03-26,120,120,22.26,2671.2,Late
PO004700,V009,BTH1504,2025-04-23,2025-06-10,2025-06-06,120,120,19.69,2362.8,On Time
PO004701,V014,KIT0890,2025-06-26,2025-08-06,2025-07-25,48,48,23.89,1146.72,On Time
PO004702,V008,FLR1855,2025-12-16,2026-01-28,2026-01-26,120,120,68.98,8277.6,On Time
PO004703,V011,ORG1767,2026-06-26,2026-08-07,2026-08-15,120,108,23.57,2828.4,Late
PO004704,V011,DEC0170,2026-02-20,2026-04-03,2026-04-05,48,48,12.71,610.08,On Time
PO004705,V004,WAL0306,2025-07-21,2025-08-08,2025-08-11,96,96,54.39,5221.44,Late
PO004706,V010,UTL1084,2026-07-04,2026-08-25,2026-08-21,36,36,26.21,943.56,On Time
PO004707,V006,ORG1703,2026-03-25,2026-04-30,2026-04-24,120,120,24.12,2894.4,On Time
PO004708,V010,TAB0764,2026-02-15,2026-04-08,2026-04-10,72,72,245.52,17677.44,On Time
PO004709,V017,PIL1382,2026-04-16,2026-05-01,2026-05-05,72,72,35.0,2520.0,Late
PO004710,V011,TOW1481,2025-09-23,2025-11-04,2025-11-16,24,24,12.19,292.56,Late
PO004711,V018,SEA0728,2025-08-02,2025-08-17,2025-08-23,36,36,304.71,10969.56,Late
PO004712,V001,UTL1128,2026-01-15,2026-02-15,2026-02-27,72,72,14.92,1074.24,Late
PO004713,V019,LGT1811,2026-06-01,2026-07-06,2026-07-13,96,96,94.47,9069.12,Late
PO004714,V019,FUR0554,2026-04-14,2026-05-19,2026-05-25,96,78,123.8,11884.8,Late
PO004715,V011,FLR1878,2026-03-07,2026-04-18,2026-04-24,72,72,144.93,10434.96,Late
PO004716,V005,FUR0643,2025-03-12,2025-04-22,2025-04-18,96,96,124.69,11970.24,On Time
PO004717,V017,DUV1176,2025-06-05,2025-06-20,2025-06-21,120,120,43.47,5216.4,On Time
PO004718,V019,WAL0331,2026-03-30,2026-05-04,2026-05-08,120,120,33.96,4075.2,Late
PO004719,V018,BSK1625,2026-04-25,2026-05-10,2026-05-09,36,36,16.35,588.6,On Time
PO004720,V012,SHT1304,2026-06-02,2026-06-28,2026-06-28,36,36,28.69,1032.84,On Time
PO004721,V003,LGT1814,2025-07-24,2025-09-24,2025-09-25,24,6,85.0,2040.0,On Time
PO004722,V010,TEX0458,2025-03-11,2025-05-02,2025-05-02,48,48,53.04,2545.92,On Time
PO004723,V002,SHT1300,2026-03-06,2026-04-10,2026-04-15,36,36,25.98,935.28,Late
PO004724,V018,DEC0088,2025-08-03,2025-08-18,2025-08-21,120,120,28.3,3396.0,Late
PO004725,V017,LGT1828,2025-10-23,2025-11-07,2025-10-28,96,96,43.14,4141.44,On Time
PO004726,V014,TOW1456,2026-07-05,2026-08-15,2026-08-25,48,30,28.92,1388.16,Late
PO004727,V018,DUV1185,2026-04-09,2026-04-24,2026-05-01,36,36,48.13,1732.68,Late
PO004728,V015,TEX0453,2026-01-20,2026-02-13,2026-02-13,72,72,45.08,3245.76,On Time
PO004729,V005,LGT1826,2025-05-09,2025-06-19,2025-06-21,120,120,63.08,7569.6,On Time
PO004730,V011,KIT0907,2025-03-09,2025-04-20,2025-04-27,24,12,88.15,2115.6,Late
PO004731,V019,SEA0725,2025-02-21,2025-03-28,2025-03-31,24,24,117.35,2816.4,Late
PO004732,V020,TEX0505,2025-06-09,2025-07-08,2025-07-02,24,24,16.25,390.0,On Time
PO004733,V012,PEN1890,2026-03-07,2026-04-02,2026-03-30,96,96,155.57,14934.72,On Time
PO004734,V010,LGT1784,2025-09-14,2025-11-05,2025-11-03,120,120,35.56,4267.2,On Time
PO004735,V001,TEX0517,2026-06-20,2026-07-21,2026-07-23,72,72,43.15,3106.8,On Time
PO004736,V010,WAL0287,2025-03-09,2025-04-30,2025-04-26,48,48,57.5,2760.0,On Time
PO004737,V016,SRV0996,2026-01-14,2026-01-28,2026-02-05,36,36,31.24,1124.64,Late
PO004738,V006,KIT0929,2025-05-24,2025-06-29,2025-06-19,24,24,58.15,1395.6,On Time
PO004739,V008,ORG1701,2025-08-21,2025-10-03,2025-10-06,24,24,24.73,593.52,Late
PO004740,V014,SEA0759,2025-05-16,2025-06-26,2025-06-18,36,36,334.9,12056.4,On Time
PO004741,V011,BSK1604,2026-05-16,2026-06-27,2026-07-09,96,84,27.03,2594.88,Late
PO004742,V008,DEC0118,2026-06-12,2026-07-25,2026-07-30,72,72,45.55,3279.6,Late
PO004743,V011,MIR0387,2025-07-29,2025-09-09,2025-09-10,72,72,86.06,6196.32,On Time
PO004744,V007,WIN2066,2026-05-22,2026-06-11,2026-06-13,120,120,12.96,1555.2,On Time
PO004745,V002,LGT1823,2025-12-20,2026-01-24,2026-01-28,96,96,29.79,2859.84,Late
PO004746,V015,DEC0036,2026-02-12,2026-03-08,2026-03-09,72,72,52.03,3746.16,On Time
PO004747,V006,SEA0706,2025-02-06,2025-03-14,2025-03-20,48,48,105.61,5069.28,Late
PO004748,V008,DEC0041,2025-05-26,2025-07-08,2025-07-14,48,48,38.56,1850.88,Late
PO004749,V010,SEA0718,2026-03-07,2026-04-28,2026-04-25,36,36,334.29,12034.44,On Time
PO004750,V013,DEC0113,2025-12-25,2026-01-17,2026-01-12,96,96,25.73,2470.08,On Time
PO004751,V020,WIN2068,2025-09-26,2025-10-25,2025-10-31,24,18,41.99,1007.76,Late
PO004752,V001,SHL1694,2025-03-31,2025-05-01,2025-04-24,24,24,57.84,1388.16,On Time
PO004753,V011,ORG1721,2026-06-01,2026-07-13,2026-07-18,120,120,40.48,4857.6,Late
PO004754,V007,MIR0412,2026-02-22,2026-03-14,2026-03-21,36,36,120.61,4341.96,Late
PO004755,V020,SHL1654,2025-03-07,2025-04-05,2025-03-31,96,84,46.72,4485.12,On Time
PO004756,V008,CND2129,2026-04-24,2026-06-06,2026-06-11,24,24,14.17,340.08,Late
PO004757,V002,SEA0754,2025-06-14,2025-07-19,2025-07-22,96,96,367.91,35319.36,Late
PO004758,V008,BTH1515,2025-04-01,2025-05-14,2025-05-20,72,72,21.78,1568.16,Late
PO004759,V004,SHT1303,2025-06-21,2025-07-09,2025-07-16,120,120,60.45,7254.0,Late
PO004760,V011,ORG1724,2026-05-16,2026-06-27,2026-07-08,72,60,19.95,1436.4,Late
PO004761,V017,CND2139,2026-03-11,2026-03-26,2026-03-27,24,24,12.54,300.96,On Time
PO004762,V012,LGT1787,2025-10-16,2025-11-11,2025-11-13,24,24,37.42,898.08,On Time
PO004763,V015,SRV0990,2026-02-01,2026-02-25,2026-03-03,96,84,68.52,6577.92,Late
PO004764,V017,TOW1482,2025-10-22,2025-11-06,2025-11-05,120,120,25.43,3051.6,On Time
PO004765,V003,ORG1720,2025-03-23,2025-05-24,2025-05-30,120,120,47.04,5644.8,Late
PO004766,V004,KIT0920,2026-01-01,2026-01-19,2026-01-24,96,96,74.65,7166.4,Late
PO004767,V017,FUR0668,2026-02-18,2026-03-05,2026-03-09,36,24,151.44,5451.84,Late
PO004768,V012,DUV1173,2025-07-26,2025-08-21,2025-08-12,120,120,71.66,8599.2,On Time
PO004769,V020,DEC0165,2025-10-09,2025-11-07,2025-11-04,48,48,55.88,2682.24,On Time
PO004770,V002,PIL1334,2025-05-21,2025-06-25,2025-07-03,120,120,50.83,6099.6,Late
PO004771,V010,GFT2227,2026-06-09,2026-07-31,2026-08-06,120,120,10.67,1280.4,Late
PO004772,V008,SHT1241,2025-09-08,2025-10-21,2025-10-16,48,48,62.35,2992.8,On Time
PO004773,V013,FLR1876,2026-05-15,2026-06-07,2026-06-11,120,120,185.21,22225.2,Late
PO004774,V014,HAL2013,2025-08-03,2025-09-13,2025-09-22,36,36,19.53,703.08,Late
PO004775,V013,BTH1527,2026-04-29,2026-05-22,2026-06-01,72,72,35.68,2568.96,Late
PO004776,V007,FUR0638,2025-03-26,2025-04-15,2025-04-17,120,120,215.91,25909.2,On Time
PO004777,V009,SHT1275,2025-11-28,2026-01-15,2026-01-20,72,72,30.26,2178.72,Late
PO004778,V002,WAL0277,2026-03-02,2026-04-06,2026-04-14,120,120,88.61,10633.2,Late
PO004779,V007,KIT0946,2025-04-20,2025-05-10,2025-05-19,24,24,103.7,2488.8,Late
PO004780,V011,FUR0590,2025-12-07,2026-01-18,2026-02-01,48,48,83.26,3996.48,Late
PO004781,V008,TAB0821,2026-06-06,2026-07-19,2026-07-17,24,24,215.51,5172.24,On Time
PO004782,V006,MIR0392,2025-10-03,2025-11-08,2025-11-14,72,60,25.85,1861.2,Late
PO004783,V014,FUR0579,2026-01-22,2026-03-04,2026-02-28,72,72,181.55,13071.6,On Time
PO004784,V019,FUR0574,2025-06-17,2025-07-22,2025-07-20,72,72,176.25,12690.0,On Time
PO004785,V002,TAB0811,2025-05-18,2025-06-22,2025-06-27,72,72,77.68,5592.96,Late
PO004786,V016,MIR0396,2025-06-06,2025-06-20,2025-06-27,120,108,58.29,6994.8,Late
PO004787,V013,FUR0604,2026-01-04,2026-01-27,2026-02-01,36,36,152.96,5506.56,Late
PO004788,V017,SRV1076,2025-12-16,2025-12-31,2026-01-07,96,96,25.17,2416.32,Late
PO004789,V011,KIT0904,2026-05-05,2026-06-16,2026-06-19,96,84,102.53,9842.88,Late
PO004790,V007,BSK1606,2026-01-23,2026-02-12,2026-02-25,120,120,30.98,3717.6,Late
PO004791,V019,MIR0362,2026-02-27,2026-04-03,2026-03-26,48,48,93.11,4469.28,On Time
PO004792,V017,DUV1168,2025-10-16,2025-10-31,2025-10-26,120,120,93.84,11260.8,On Time
PO004793,V001,WAL0300,2026-01-20,2026-02-20,2026-02-18,120,120,45.39,5446.8,On Time
PO004794,V010,TEX0458,2026-05-22,2026-07-13,2026-07-20,24,24,53.04,1272.96,Late
PO004795,V012,TAB0850,2026-06-03,2026-06-29,2026-06-20,96,96,71.98,6910.08,On Time
PO004796,V007,TEX0472,2025-10-22,2025-11-11,2025-11-14,96,90,43.46,4172.16,Late
PO004797,V017,WAL0322,2026-01-14,2026-01-29,2026-01-29,36,36,36.12,1300.32,On Time
PO004798,V012,KIT0893,2025-08-16,2025-09-11,2025-09-13,36,36,45.03,1621.08,On Time
PO004799,V001,SEA0708,2026-06-15,2026-07-16,2026-07-26,120,120,105.58,12669.6,Late
PO004800,V014,PEN1893,2026-05-16,2026-06-26,2026-06-27,36,36,170.55,6139.8,On Time
PO004801,V012,DEC0004,2025-04-05,2025-05-01,2025-04-30,96,96,16.71,1604.16,On Time
PO004802,V004,SRV0983,2025-06-08,2025-06-26,2025-06-23,36,36,39.25,1413.0,On Time
PO004803,V014,FUR0667,2025-08-20,2025-09-30,2025-09-25,120,120,145.23,17427.6,On Time
PO004804,V011,FLR1867,2025-11-14,2025-12-26,2026-01-04,120,120,124.28,14913.6,Late
PO004805,V013,DUV1204,2026-04-19,2026-05-12,2026-05-13,48,48,117.61,5645.28,On Time
PO004806,V011,TOW1461,2026-02-26,2026-04-09,2026-04-16,36,30,6.43,231.48,Late
PO004807,V002,DUV1171,2025-02-02,2025-03-09,2025-03-17,24,24,131.25,3150.0,Late
PO004808,V005,BSK1640,2025-11-01,2025-12-12,2025-11-30,36,36,23.99,863.64,On Time
PO004809,V005,ORG1740,2025-07-14,2025-08-24,2025-08-20,36,36,11.49,413.64,On Time
PO004810,V018,SHT1262,2026-01-21,2026-02-05,2026-02-10,120,120,65.61,7873.2,Late
PO004811,V013,LGT1773,2026-06-23,2026-07-16,2026-07-14,24,24,114.47,2747.28,On Time
PO004812,V010,WAL0281,2025-04-08,2025-05-30,2025-06-02,48,48,53.11,2549.28,Late
PO004813,V007,BTH1529,2025-12-10,2025-12-30,2026-01-10,96,96,20.66,1983.36,Late
PO004814,V007,TEX0546,2025-02-28,2025-03-20,2025-03-19,36,36,46.08,1658.88,On Time
PO004815,V008,TAB0761,2025-09-09,2025-10-22,2025-10-13,120,120,147.36,17683.2,On Time
PO004816,V017,SEA0702,2026-02-18,2026-03-05,2026-03-17,48,48,70.8,3398.4,Late
PO004817,V004,TAB0843,2026-03-22,2026-04-09,2026-04-09,36,36,335.29,12070.44,On Time
PO004818,V015,CHR1979,2025-09-16,2025-10-10,2025-10-15,96,96,74.45,7147.2,Late
PO004819,V012,WAL0247,2026-02-07,2026-03-05,2026-03-05,24,24,25.97,623.28,On Time
PO004820,V004,KIT0917,2025-03-08,2025-03-26,2025-03-30,48,36,53.8,2582.4,Late
PO004821,V001,SHL1688,2026-03-02,2026-04-02,2026-03-26,96,96,82.5,7920.0,On Time
PO004822,V012,LGT1813,2025-04-03,2025-04-29,2025-05-01,96,96,93.35,8961.6,On Time
PO004823,V011,ORG1707,2025-07-06,2025-08-17,2025-08-26,72,72,9.92,714.24,Late
PO004824,V010,DUV1158,2026-01-12,2026-03-05,2026-03-11,48,48,59.26,2844.48,Late
PO004825,V013,PIL1410,2026-07-05,2026-07-28,2026-07-24,36,36,17.92,645.12,On Time
PO004826,V013,MIR0430,2025-09-20,2025-10-13,2025-10-10,48,48,97.71,4690.08,On Time
PO004827,V002,PIL1331,2025-09-03,2025-10-08,2025-10-23,48,48,50.32,2415.36,Late
PO004828,V018,DEC0099,2026-06-08,2026-06-23,2026-06-19,48,36,54.36,2609.28,On Time
PO004829,V016,DUV1159,2025-05-14,2025-05-28,2025-06-05,48,48,41.49,1991.52,Late
PO004830,V016,UTL1099,2026-04-01,2026-04-15,2026-04-23,120,120,15.1,1812.0,Late
PO004831,V015,SRV0973,2025-09-20,2025-10-14,2025-10-17,24,6,29.41,705.84,Late
PO004832,V017,SEA0688,2025-12-30,2026-01-14,2026-01-09,96,96,332.71,31940.16,On Time
PO004833,V006,PIL1372,2026-03-01,2026-04-06,2026-04-12,96,96,17.01,1632.96,Late
PO004834,V005,UTL1149,2025-09-29,2025-11-09,2025-11-17,96,78,26.51,2544.96,Late
PO004835,V016,FUR0639,2026-03-19,2026-04-02,2026-04-13,36,30,80.92,2913.12,Late
PO004836,V010,TAB0838,2026-05-19,2026-07-10,2026-07-10,48,48,153.19,7353.12,On Time
PO004837,V020,SRV1051,2026-01-07,2026-02-05,2026-02-08,72,72,36.34,2616.48,Late
PO004838,V002,HAL1991,2025-07-29,2025-09-02,2025-09-06,24,24,32.58,781.92,Late
PO004839,V017,MIR0385,2026-05-08,2026-05-23,2026-05-18,72,54,24.62,1772.64,On Time
PO004840,V007,WAL0309,2026-05-24,2026-06-13,2026-06-23,96,84,37.25,3576.0,Late
PO004841,V020,GFT2248,2026-05-07,2026-06-05,2026-06-07,36,36,79.74,2870.64,On Time
PO004842,V011,BTH1538,2026-04-17,2026-05-29,2026-06-08,96,96,40.2,3859.2,Late
PO004843,V012,WIN2073,2025-04-16,2025-05-12,2025-05-10,24,24,42.86,1028.64,On Time
PO004844,V018,ORG1762,2025-12-16,2025-12-31,2026-01-08,48,48,28.93,1388.64,Late
PO004845,V002,DUV1171,2025-06-06,2025-07-11,2025-07-12,24,24,131.25,3150.0,On Time
PO004846,V002,FUR0623,2025-11-11,2025-12-16,2025-12-24,48,48,108.66,5215.68,Late
PO004847,V019,FUR0554,2025-08-18,2025-09-22,2025-10-03,96,96,123.8,11884.8,Late
PO004848,V005,TOW1480,2025-11-23,2026-01-03,2026-01-01,24,24,10.69,256.56,On Time
PO004849,V012,WAL0224,2025-11-10,2025-12-06,2025-11-30,120,120,44.34,5320.8,On Time
PO004850,V012,HAL2010,2025-05-15,2025-06-10,2025-06-08,24,24,7.66,183.84,On Time
PO004851,V014,KIT0950,2026-06-01,2026-07-12,2026-07-10,48,48,77.4,3715.2,On Time
PO004852,V001,UTL1140,2025-12-17,2026-01-17,2026-01-30,96,96,6.07,582.72,Late
PO004853,V005,MIR0409,2026-04-17,2026-05-28,2026-05-19,24,24,23.95,574.8,On Time
PO004854,V013,SHL1696,2026-01-16,2026-02-08,2026-02-10,24,24,23.72,569.28,On Time
PO004855,V020,WAL0257,2026-03-08,2026-04-06,2026-04-06,120,120,22.23,2667.6,On Time
PO004856,V009,KIT0881,2025-03-15,2025-05-02,2025-05-06,120,120,57.4,6888.0,Late
PO004857,V017,BTH1556,2026-02-18,2026-03-05,2026-03-01,24,24,30.93,742.32,On Time
PO004858,V010,TAB0841,2025-04-18,2025-06-09,2025-06-14,72,72,155.79,11216.88,Late
PO004859,V008,SRV1012,2025-12-22,2026-02-03,2026-02-10,120,120,34.13,4095.6,Late
PO004860,V013,WIN2093,2026-01-29,2026-02-21,2026-02-18,36,36,32.38,1165.68,On Time
PO004861,V013,PIL1404,2025-12-23,2026-01-15,2026-01-14,24,24,51.76,1242.24,On Time
PO004862,V009,DEC0112,2025-08-30,2025-10-17,2025-10-22,36,36,13.34,480.24,Late
PO004863,V010,FLR1838,2026-02-02,2026-03-26,2026-03-27,24,24,210.44,5050.56,On Time
PO004864,V019,CND2125,2025-12-04,2026-01-08,2026-01-09,36,36,28.65,1031.4,On Time
PO004865,V011,WAL0321,2025-12-14,2026-01-25,2026-01-26,120,108,18.98,2277.6,On Time
PO004866,V015,FUR0573,2025-11-07,2025-12-01,2025-12-09,48,48,252.35,12112.8,Late
PO004867,V020,WIN2068,2026-06-02,2026-07-01,2026-06-26,24,24,41.99,1007.76,On Time
PO004868,V014,DUV1207,2025-10-30,2025-12-10,2025-12-06,72,72,42.84,3084.48,On Time
PO004869,V015,BTH1530,2026-04-25,2026-05-19,2026-05-10,48,48,13.29,637.92,On Time
PO004870,V018,BSK1585,2025-04-19,2025-05-04,2025-05-08,24,24,37.99,911.76,Late
PO004871,V019,FUR0651,2025-11-26,2025-12-31,2025-12-23,36,36,189.57,6824.52,On Time
PO004872,V004,WAL0320,2026-01-18,2026-02-05,2026-02-10,96,96,39.86,3826.56,Late
PO004873,V003,SEA0683,2026-01-01,2026-03-04,2026-02-27,72,72,279.53,20126.16,On Time
PO004874,V019,WAL0205,2025-08-21,2025-09-25,2025-09-22,120,120,30.8,3696.0,On Time
PO004875,V017,TOW1496,2025-10-20,2025-11-04,2025-10-29,48,48,16.11,773.28,On Time
PO004876,V002,FRM2197,2025-10-30,2025-12-04,2025-12-11,96,96,17.37,1667.52,Late
PO004877,V017,WAL0242,2025-03-25,2025-04-09,2025-04-08,96,96,25.57,2454.72,On Time
PO004878,V012,DEC0130,2025-08-16,2025-09-11,2025-09-04,36,36,34.78,1252.08,On Time
PO004879,V010,FUR0584,2025-03-12,2025-05-03,2025-05-04,96,96,118.19,11346.24,On Time
PO004880,V015,BTH1530,2026-02-19,2026-03-15,2026-03-10,120,102,13.29,1594.8,On Time
PO004881,V016,TAB0779,2025-05-21,2025-06-04,2025-06-17,48,48,301.6,14476.8,Late
PO004882,V016,UTL1099,2026-04-18,2026-05-02,2026-05-04,48,48,15.1,724.8,On Time
PO004883,V011,ORG1724,2025-04-24,2025-06-05,2025-06-14,72,54,19.95,1436.4,Late
PO004884,V016,FUR0622,2025-06-30,2025-07-14,2025-07-07,96,96,188.75,18120.0,On Time
PO004885,V004,TAB0849,2025-04-22,2025-05-10,2025-05-08,72,72,205.59,14802.48,On Time
PO004886,V015,TEX0433,2025-06-18,2025-07-12,2025-07-21,72,60,19.51,1404.72,Late
PO004887,V006,KIT0929,2025-12-20,2026-01-25,2026-02-03,24,24,58.15,1395.6,Late
PO004888,V010,SRV1055,2025-04-06,2025-05-28,2025-05-27,48,48,43.12,2069.76,On Time
PO004889,V017,DUV1196,2025-06-09,2025-06-24,2025-07-03,48,48,105.66,5071.68,Late
PO004890,V006,PIL1355,2026-02-11,2026-03-19,2026-03-18,48,48,11.93,572.64,On Time
PO004891,V014,FUR0593,2025-02-08,2025-03-21,2025-03-16,120,120,210.26,25231.2,On Time
PO004892,V017,WAL0299,2025-08-16,2025-08-31,2025-09-08,120,120,43.13,5175.6,Late
PO004893,V005,KIT0900,2025-11-29,2026-01-09,2026-01-10,96,96,66.81,6413.76,On Time
PO004894,V016,CND2153,2025-12-02,2025-12-16,2025-12-27,96,96,24.88,2388.48,Late
PO004895,V015,FLR1870,2026-04-27,2026-05-21,2026-05-22,36,24,79.89,2876.04,On Time
PO004896,V007,BTH1506,2026-01-09,2026-01-29,2026-02-05,120,120,16.74,2008.8,Late
PO004897,V008,PEN1881,2025-07-27,2025-09-08,2025-09-08,72,72,248.68,17904.96,On Time
PO004898,V016,SUM2039,2025-06-10,2025-06-24,2025-07-06,36,36,16.05,577.8,Late
PO004899,V013,DEC0073,2025-04-16,2025-05-09,2025-05-10,36,36,36.01,1296.36,On Time
PO004900,V001,MIR0357,2025-06-06,2025-07-07,2025-07-07,36,36,31.02,1116.72,On Time
PO004901,V016,DUV1213,2026-07-04,2026-07-18,2026-07-24,36,36,73.87,2659.32,Late
PO004902,V011,CND2101,2026-03-27,2026-05-08,2026-05-13,72,72,40.61,2923.92,Late
PO004903,V001,TEX0448,2025-05-24,2025-06-24,2025-06-20,120,120,17.95,2154.0,On Time
PO004904,V001,TEX0468,2025-07-01,2025-08-01,2025-07-31,24,24,15.12,362.88,On Time
PO004905,V016,SHT1279,2025-07-20,2025-08-03,2025-08-10,72,72,79.95,5756.4,Late
PO004906,V006,DUV1229,2026-01-27,2026-03-04,2026-02-26,72,72,59.45,4280.4,On Time
PO004907,V006,LGT1812,2026-01-12,2026-02-17,2026-02-21,24,24,92.81,2227.44,Late
PO004908,V019,SHT1308,2025-09-02,2025-10-07,2025-10-18,72,72,63.4,4564.8,Late
PO004909,V010,TAB0824,2025-09-27,2025-11-18,2025-11-14,48,48,110.25,5292.0,On Time
PO004910,V004,TOW1446,2026-04-05,2026-04-23,2026-04-23,72,72,16.47,1185.84,On Time
PO004911,V014,SEA0727,2025-06-02,2025-07-13,2025-07-18,36,36,242.33,8723.88,Late
PO004912,V007,DUV1212,2025-04-19,2025-05-09,2025-05-15,24,24,129.39,3105.36,Late
PO004913,V001,PEN1891,2025-12-26,2026-01-26,2026-01-27,120,120,92.73,11127.6,On Time
PO004914,V012,WIN2084,2025-04-09,2025-05-05,2025-04-27,24,24,27.71,665.04,On Time
PO004915,V004,UTL1117,2025-09-16,2025-10-04,2025-10-05,72,72,22.57,1625.04,On Time
PO004916,V020,WAL0328,2025-11-07,2025-12-06,2025-12-05,72,72,68.13,4905.36,On Time
PO004917,V016,CND2133,2026-01-02,2026-01-16,2026-01-20,36,36,12.21,439.56,Late
PO004918,V020,SUM2054,2025-10-09,2025-11-07,2025-11-07,48,48,42.75,2052.0,On Time
PO004919,V018,SUM2042,2026-05-21,2026-06-05,2026-06-06,24,24,72.46,1739.04,On Time
PO004920,V010,SHT1261,2025-12-22,2026-02-12,2026-02-07,120,120,34.01,4081.2,On Time
PO004921,V017,WAL0299,2025-12-30,2026-01-14,2026-01-18,24,24,43.13,1035.12,Late
PO004922,V008,SHL1678,2025-12-17,2026-01-29,2026-02-01,96,96,66.2,6355.2,Late
PO004923,V010,UTL1084,2025-07-28,2025-09-18,2025-09-11,96,96,26.21,2516.16,On Time
PO004924,V014,FRM2199,2025-03-24,2025-05-04,2025-04-28,48,48,32.84,1576.32,On Time
PO004925,V018,PIL1391,2025-09-07,2025-09-22,2025-09-27,48,48,20.19,969.12,Late
PO004926,V016,SHT1279,2025-12-24,2026-01-07,2026-01-15,24,24,79.95,1918.8,Late
PO004927,V020,WAL0257,2025-08-09,2025-09-07,2025-09-01,48,48,22.23,1067.04,On Time
PO004928,V011,MIR0387,2025-11-18,2025-12-30,2026-01-10,24,24,86.06,2065.44,Late
PO004929,V009,CND2115,2025-09-09,2025-10-27,2025-10-23,96,90,14.74,1415.04,On Time
PO004930,V019,SRV1005,2025-11-24,2025-12-29,2026-01-04,120,120,26.99,3238.8,Late
PO004931,V017,DEC0048,2025-08-11,2025-08-26,2025-09-02,72,72,29.85,2149.2,Late
PO004932,V011,PEN1918,2026-05-21,2026-07-02,2026-07-05,96,78,227.12,21803.52,Late
PO004933,V003,DEC0163,2025-03-21,2025-05-22,2025-05-22,36,30,28.83,1037.88,On Time
PO004934,V005,WAL0266,2025-04-07,2025-05-18,2025-05-14,48,48,14.82,711.36,On Time
PO004935,V016,SRV1025,2025-03-28,2025-04-11,2025-04-12,120,108,29.29,3514.8,On Time
PO004936,V020,TOW1425,2025-12-31,2026-01-29,2026-01-31,24,24,29.67,712.08,On Time
PO004937,V005,KIT0872,2026-03-11,2026-04-21,2026-04-21,48,48,60.95,2925.6,On Time
PO004938,V012,BTH1544,2026-06-30,2026-07-26,2026-07-21,36,36,17.74,638.64,On Time
PO004939,V020,CHR1968,2025-08-26,2025-09-24,2025-09-26,48,48,12.45,597.6,On Time
PO004940,V011,UTL1110,2025-11-08,2025-12-20,2026-01-02,96,90,16.77,1609.92,Late
PO004941,V009,UTL1118,2025-02-25,2025-04-14,2025-04-18,72,66,15.35,1105.2,Late
PO004942,V012,CND2127,2026-05-27,2026-06-22,2026-06-30,120,120,27.33,3279.6,Late
PO004943,V015,KIT0853,2025-04-04,2025-04-28,2025-04-28,72,72,51.93,3738.96,On Time
PO004944,V013,WIN2093,2025-12-07,2025-12-30,2025-12-22,36,18,32.38,1165.68,On Time
PO004945,V010,SEA0718,2025-05-12,2025-07-03,2025-07-01,48,48,334.29,16045.92,On Time
PO004946,V016,SRV0976,2026-05-08,2026-05-22,2026-06-09,72,72,43.93,3162.96,Late
PO004947,V003,LGT1803,2025-03-19,2025-05-20,2025-05-20,24,24,105.61,2534.64,On Time
PO004948,V006,PEN1892,2025-12-29,2026-02-03,2026-02-03,120,120,89.96,10795.2,On Time
PO004949,V020,HAL2008,2025-11-14,2025-12-13,2025-12-16,36,36,17.61,633.96,Late
PO004950,V019,TEX0514,2025-05-11,2025-06-15,2025-06-17,24,24,19.54,468.96,On Time
PO004951,V003,DEC0160,2025-10-25,2025-12-26,2025-12-17,96,96,42.82,4110.72,On Time
PO004952,V008,FUR0661,2026-05-13,2026-06-25,2026-06-29,96,96,131.4,12614.4,Late
PO004953,V013,PIL1344,2026-03-22,2026-04-14,2026-04-15,120,120,45.55,5466.0,On Time
PO004954,V003,ORG1757,2025-12-25,2026-02-25,2026-03-02,120,120,13.74,1648.8,Late
PO004955,V018,SHL1659,2025-11-19,2025-12-04,2025-12-05,72,72,84.27,6067.44,On Time
PO004956,V015,PIL1379,2025-06-09,2025-07-03,2025-07-10,120,120,27.32,3278.4,Late
PO004957,V019,KIT0962,2025-02-09,2025-03-16,2025-03-19,72,72,110.31,7942.32,Late
PO004958,V005,KIT0926,2025-10-27,2025-12-07,2025-12-08,120,120,29.18,3501.6,On Time
PO004959,V010,SEA0741,2025-04-16,2025-06-07,2025-06-20,96,96,227.52,21841.92,Late
PO004960,V001,MIR0368,2025-06-02,2025-07-03,2025-07-04,120,120,41.22,4946.4,On Time
PO004961,V005,BTH1523,2025-08-30,2025-10-10,2025-10-10,24,24,4.71,113.04,On Time
PO004962,V007,UTL1146,2025-07-17,2025-08-06,2025-08-18,36,36,18.0,648.0,Late
PO004963,V007,TAB0832,2026-01-29,2026-02-18,2026-02-23,48,42,198.31,9518.88,Late
PO004964,V012,DEC0053,2026-01-22,2026-02-17,2026-02-14,120,120,8.46,1015.2,On Time
PO004965,V009,CHR1975,2025-03-19,2025-05-06,2025-04-27,48,48,38.4,1843.2,On Time
PO004966,V017,BSK1636,2025-09-13,2025-09-28,2025-10-02,120,120,21.41,2569.2,Late
PO004967,V010,WAL0284,2026-04-29,2026-06-20,2026-06-23,96,96,64.07,6150.72,Late
PO004968,V014,SHT1313,2025-02-26,2025-04-08,2025-04-08,48,48,38.08,1827.84,On Time
PO004969,V006,SUM2029,2026-01-11,2026-02-16,2026-02-12,48,48,64.48,3095.04,On Time
PO004970,V005,BSK1640,2026-02-21,2026-04-03,2026-04-13,96,96,23.99,2303.04,Late
PO004971,V009,ORG1735,2025-02-09,2025-03-29,2025-03-22,96,96,36.35,3489.6,On Time
PO004972,V006,DEC0189,2025-10-14,2025-11-19,2025-11-26,96,96,51.81,4973.76,Late
PO004973,V019,KIT0882,2025-06-01,2025-07-06,2025-07-13,72,72,104.81,7546.32,Late
PO004974,V012,CND2104,2026-04-18,2026-05-14,2026-05-13,96,84,29.28,2810.88,On Time
PO004975,V005,TEX0486,2025-03-12,2025-04-22,2025-04-22,120,120,30.67,3680.4,On Time
PO004976,V017,SEA0748,2026-01-18,2026-02-02,2026-02-06,36,30,87.77,3159.72,Late
PO004977,V017,FUR0556,2025-05-27,2025-06-11,2025-06-15,36,36,60.84,2190.24,Late
PO004978,V005,WAL0243,2026-05-29,2026-07-09,2026-07-12,24,18,30.27,726.48,Late
PO004979,V006,GFT2223,2026-05-26,2026-07-01,2026-07-04,48,48,25.38,1218.24,Late
PO004980,V011,SRV1061,2026-02-14,2026-03-28,2026-04-04,120,120,8.93,1071.6,Late
PO004981,V016,GFT2222,2025-04-30,2025-05-14,2025-05-12,120,120,43.58,5229.6,On Time
PO004982,V008,ORG1701,2025-05-20,2025-07-02,2025-07-12,96,96,24.73,2374.08,Late
PO004983,V020,LGT1794,2025-03-01,2025-03-30,2025-03-29,72,72,102.16,7355.52,On Time
PO004984,V012,HAL1993,2026-07-01,2026-07-27,2026-07-21,96,96,38.69,3714.24,On Time
PO004985,V009,TEX0461,2025-10-20,2025-12-07,2025-12-15,96,96,36.49,3503.04,Late
PO004986,V010,DEC0155,2026-04-13,2026-06-04,2026-06-08,24,24,9.49,227.76,Late
PO004987,V017,WAL0322,2025-03-12,2025-03-27,2025-03-26,96,96,36.12,3467.52,On Time
PO004988,V001,SEA0720,2026-03-06,2026-04-06,2026-04-14,36,36,267.21,9619.56,Late
PO004989,V006,ORG1743,2025-09-06,2025-10-12,2025-10-13,24,24,59.64,1431.36,On Time
PO004990,V013,SRV1016,2025-12-27,2026-01-19,2026-01-28,72,72,45.27,3259.44,Late
PO004991,V020,DEC0177,2025-12-15,2026-01-13,2026-01-14,120,120,17.47,2096.4,On Time
PO004992,V014,CHR1970,2025-07-25,2025-09-04,2025-09-12,96,96,36.17,3472.32,Late
PO004993,V018,KIT0959,2025-11-12,2025-11-27,2025-12-05,48,48,41.62,1997.76,Late
PO004994,V001,BSK1628,2025-11-30,2025-12-31,2025-12-31,48,48,11.34,544.32,On Time
PO004995,V016,FUR0582,2025-10-12,2025-10-26,2025-10-26,72,66,128.37,9242.64,On Time
PO004996,V002,MIR0391,2025-07-08,2025-08-12,2025-08-16,72,60,115.27,8299.44,Late
PO004997,V006,PIL1355,2025-03-16,2025-04-21,2025-04-26,72,72,11.93,858.96,Late
PO004998,V007,DEC0066,2026-05-07,2026-05-27,2026-05-30,72,60,25.34,1824.48,Late
PO004999,V011,SUM2030,2025-03-27,2025-05-08,2025-05-13,48,48,19.7,945.6,Late
PO005000,V008,UTL1101,2025-02-03,2025-03-18,2025-03-19,72,72,18.62,1340.64,On Time
PO005001,V008,DUV1218,2026-07-06,2026-08-18,2026-08-25,72,72,137.74,9917.28,Late
PO005002,V005,SUM2060,2026-05-06,2026-06-16,2026-06-15,120,120,26.27,3152.4,On Time
PO005003,V004,SUM2057,2026-05-05,2026-05-23,2026-05-26,24,24,52.31,1255.44,Late
PO005004,V006,DEC0029,2025-10-11,2025-11-16,2025-11-20,96,96,54.42,5224.32,Late
PO005005,V006,BTH1509,2026-01-17,2026-02-22,2026-02-20,24,24,28.61,686.64,On Time
PO005006,V001,FUR0608,2025-08-17,2025-09-17,2025-09-16,96,96,189.9,18230.4,On Time
PO005007,V020,TEX0445,2025-02-02,2025-03-03,2025-03-04,96,96,27.87,2675.52,On Time
PO005008,V003,TOW1417,2025-06-17,2025-08-18,2025-08-17,48,48,12.46,598.08,On Time
PO005009,V011,ORG1767,2025-05-21,2025-07-02,2025-07-14,120,120,23.57,2828.4,Late
PO005010,V012,DEC0087,2025-11-21,2025-12-17,2025-12-18,24,24,56.59,1358.16,On Time
PO005011,V020,TOW1425,2025-02-17,2025-03-18,2025-03-16,72,72,29.67,2136.24,On Time
PO005012,V002,BTH1503,2025-10-22,2025-11-26,2025-12-08,36,36,21.19,762.84,Late
PO005013,V020,PIL1357,2025-03-08,2025-04-06,2025-03-30,24,24,33.61,806.64,On Time
PO005014,V005,SHT1309,2025-06-03,2025-07-14,2025-07-20,36,36,33.12,1192.32,Late
PO005015,V003,DEC0137,2026-04-03,2026-06-04,2026-05-29,96,96,16.15,1550.4,On Time
PO005016,V010,MIR0424,2025-07-21,2025-09-11,2025-09-12,96,96,46.85,4497.6,On Time
PO005017,V007,ORG1769,2025-02-12,2025-03-04,2025-03-05,96,96,44.26,4248.96,On Time
PO005018,V003,KIT0854,2026-05-13,2026-07-14,2026-07-13,96,96,77.01,7392.96,On Time
PO005019,V020,SHT1257,2026-05-26,2026-06-24,2026-06-22,24,24,83.14,1995.36,On Time
PO005020,V012,SHT1330,2025-09-08,2025-10-04,2025-09-30,36,36,55.04,1981.44,On Time
PO005021,V020,WAL0217,2026-03-08,2026-04-06,2026-04-07,120,114,60.89,7306.8,On Time
PO005022,V002,DUV1220,2025-06-05,2025-07-10,2025-07-20,72,72,82.17,5916.24,Late
PO005023,V010,WAL0287,2026-03-11,2026-05-02,2026-05-09,72,72,57.5,4140.0,Late
PO005024,V013,FUR0567,2025-02-16,2025-03-11,2025-03-09,24,24,141.89,3405.36,On Time
PO005025,V009,WAL0264,2026-01-23,2026-03-12,2026-03-12,72,72,48.19,3469.68,On Time
PO005026,V005,BTH1566,2025-03-02,2025-04-12,2025-04-13,36,18,27.2,979.2,On Time
PO005027,V014,WIN2067,2025-06-06,2025-07-17,2025-07-21,36,36,32.93,1185.48,Late
PO005028,V020,MIR0425,2025-07-08,2025-08-06,2025-08-14,24,24,43.38,1041.12,Late
PO005029,V018,SRV1011,2025-11-28,2025-12-13,2025-12-09,24,24,28.42,682.08,On Time
PO005030,V017,DEC0119,2025-02-19,2025-03-06,2025-03-05,24,24,27.04,648.96,On Time
PO005031,V012,SHL1667,2026-01-09,2026-02-04,2026-01-24,120,120,63.64,7636.8,On Time
PO005032,V004,CND2169,2025-02-08,2025-02-26,2025-03-03,96,84,12.79,1227.84,Late
PO005033,V001,BSK1574,2025-11-06,2025-12-07,2025-12-11,72,72,39.63,2853.36,Late
PO005034,V008,BTH1549,2026-02-09,2026-03-24,2026-03-16,96,96,13.61,1306.56,On Time
PO005035,V007,FRM2178,2026-03-30,2026-04-19,2026-04-29,120,102,6.85,822.0,Late
PO005036,V013,MIR0427,2025-12-02,2025-12-25,2025-12-24,96,96,76.22,7317.12,On Time
PO005037,V018,DEC0099,2025-03-16,2025-03-31,2025-04-05,24,24,54.36,1304.64,Late
PO005038,V004,SRV1057,2025-12-12,2025-12-30,2025-12-29,24,24,16.06,385.44,On Time
PO005039,V012,PEN1890,2025-07-08,2025-08-03,2025-07-31,48,48,155.57,7467.36,On Time
PO005040,V009,TOW1478,2025-11-17,2026-01-04,2026-01-01,120,120,7.04,844.8,On Time
PO005041,V018,ORG1768,2025-02-09,2025-02-24,2025-02-25,96,96,6.3,604.8,On Time
PO005042,V005,SRV1032,2025-06-30,2025-08-10,2025-08-08,48,48,16.69,801.12,On Time
PO005043,V011,TEX0487,2025-04-27,2025-06-08,2025-06-18,24,24,39.12,938.88,Late
PO005044,V007,KIT0909,2025-03-06,2025-03-26,2025-04-02,24,24,74.45,1786.8,Late
PO005045,V005,BSK1612,2025-09-12,2025-10-23,2025-10-27,24,24,48.04,1152.96,Late
PO005046,V014,SHT1256,2026-05-14,2026-06-24,2026-07-06,36,36,45.16,1625.76,Late
PO005047,V007,CHR1932,2025-03-17,2025-04-06,2025-04-09,48,48,76.7,3681.6,Late
PO005048,V014,PIL1399,2025-10-10,2025-11-20,2025-11-25,24,24,10.76,258.24,Late
PO005049,V019,UTL1082,2026-06-04,2026-07-09,2026-07-09,120,120,16.17,1940.4,On Time
PO005050,V018,CND2151,2025-06-23,2025-07-08,2025-07-11,120,120,26.07,3128.4,Late
PO005051,V002,MIR0397,2026-05-14,2026-06-18,2026-06-28,72,72,51.45,3704.4,Late
PO005052,V008,SRV1049,2025-09-14,2025-10-27,2025-10-21,48,48,37.91,1819.68,On Time
PO005053,V018,DEC0028,2025-11-06,2025-11-21,2025-11-10,120,120,21.01,2521.2,On Time
PO005054,V017,FUR0665,2026-05-14,2026-05-29,2026-06-03,120,120,72.58,8709.6,Late
PO005055,V012,CHR1930,2025-06-11,2025-07-07,2025-07-11,36,36,56.97,2050.92,Late
PO005056,V004,KIT0917,2025-03-06,2025-03-24,2025-03-26,72,72,53.8,3873.6,On Time
PO005057,V006,TEX0509,2025-04-23,2025-05-29,2025-05-29,36,36,47.7,1717.2,On Time
PO005058,V020,BSK1577,2026-03-21,2026-04-19,2026-04-28,72,72,12.55,903.6,Late
PO005059,V018,SHL1665,2026-05-17,2026-06-01,2026-06-04,24,24,54.51,1308.24,Late
PO005060,V005,TEX0486,2025-09-18,2025-10-29,2025-10-16,48,48,30.67,1472.16,On Time
PO005061,V004,SUM2057,2026-05-03,2026-05-21,2026-05-25,120,120,52.31,6277.2,Late
PO005062,V003,KIT0897,2026-01-27,2026-03-30,2026-03-29,48,48,15.71,754.08,On Time
PO005063,V014,SEA0716,2025-12-01,2026-01-11,2026-01-03,24,12,105.71,2537.04,On Time
PO005064,V010,BSK1607,2025-12-15,2026-02-05,2026-02-04,96,96,18.68,1793.28,On Time
PO005065,V013,MIR0356,2025-02-01,2025-02-24,2025-02-21,72,72,62.79,4520.88,On Time
PO005066,V003,TOW1494,2025-05-22,2025-07-23,2025-07-12,96,96,31.49,3023.04,On Time
PO005067,V013,MIR0416,2026-06-16,2026-07-09,2026-07-08,48,48,91.17,4376.16,On Time
PO005068,V009,DUV1192,2026-05-06,2026-06-23,2026-06-13,96,90,76.51,7344.96,On Time
PO005069,V009,HAL2001,2025-06-03,2025-07-21,2025-07-22,120,120,28.3,3396.0,On Time
PO005070,V005,TEX0466,2025-05-05,2025-06-15,2025-06-15,72,72,38.37,2762.64,On Time
PO005071,V015,TEX0433,2025-06-28,2025-07-22,2025-07-19,36,36,19.51,702.36,On Time
PO005072,V001,WAL0260,2025-11-21,2025-12-22,2025-12-23,48,48,25.57,1227.36,On Time
PO005073,V018,HAL1988,2025-08-02,2025-08-17,2025-08-14,36,36,22.92,825.12,On Time
PO005074,V015,SEA0690,2025-08-20,2025-09-13,2025-09-14,48,48,106.53,5113.44,On Time
PO005075,V008,SHT1252,2025-10-20,2025-12-02,2025-12-05,120,120,75.69,9082.8,Late
PO005076,V015,SHT1310,2025-07-24,2025-08-17,2025-08-18,48,48,86.39,4146.72,On Time
PO005077,V005,DEC0149,2025-06-26,2025-08-06,2025-08-08,72,72,35.17,2532.24,On Time
PO005078,V006,ORG1709,2025-07-17,2025-08-22,2025-08-23,96,96,25.17,2416.32,On Time
PO005079,V020,FRM2171,2025-12-01,2025-12-30,2025-12-28,72,54,32.89,2368.08,On Time
PO005080,V010,SRV0995,2025-04-09,2025-05-31,2025-05-31,48,48,41.8,2006.4,On Time
PO005081,V013,WAL0327,2025-06-24,2025-07-17,2025-07-13,24,24,68.04,1632.96,On Time
PO005082,V016,FUR0605,2025-11-17,2025-12-01,2025-12-16,48,48,230.17,11048.16,Late
PO005083,V017,SRV1019,2025-08-24,2025-09-08,2025-09-10,48,48,25.11,1205.28,On Time
PO005084,V016,BTH1559,2026-04-14,2026-04-28,2026-05-10,24,24,42.55,1021.2,Late
PO005085,V002,CHR1940,2026-02-22,2026-03-29,2026-04-16,24,24,25.6,614.4,Late
PO005086,V001,SEA0677,2025-12-31,2026-01-31,2026-02-01,24,24,146.78,3522.72,On Time
PO005087,V008,MIR0395,2025-06-26,2025-08-08,2025-08-14,24,24,85.49,2051.76,Late
PO005088,V004,WAL0246,2025-10-11,2025-10-29,2025-11-12,72,72,76.0,5472.0,Late
PO005089,V020,LGT1777,2025-02-27,2025-03-28,2025-04-06,36,36,100.68,3624.48,Late
PO005090,V013,TAB0813,2026-05-25,2026-06-17,2026-06-24,24,24,362.49,8699.76,Late
PO005091,V004,SEA0746,2026-03-28,2026-04-15,2026-04-21,96,96,72.33,6943.68,Late
PO005092,V012,CHR1947,2026-06-07,2026-07-03,2026-07-07,72,72,45.24,3257.28,Late
PO005093,V013,FLR1876,2025-10-01,2025-10-24,2025-10-29,120,120,185.21,22225.2,Late
PO005094,V020,WAL0217,2025-10-17,2025-11-15,2025-11-12,48,48,60.89,2922.72,On Time
PO005095,V008,TOW1472,2026-03-04,2026-04-16,2026-04-20,72,72,19.01,1368.72,Late
PO005096,V008,FUR0655,2025-09-17,2025-10-30,2025-11-03,72,72,104.15,7498.8,Late
PO005097,V017,CHR1948,2026-03-15,2026-03-30,2026-03-24,96,96,87.89,8437.44,On Time
PO005098,V001,BTH1511,2025-12-02,2026-01-02,2026-01-03,48,48,38.41,1843.68,On Time
PO005099,V003,TOW1494,2025-10-03,2025-12-04,2025-12-14,96,96,31.49,3023.04,Late
PO005100,V010,DUV1215,2025-09-01,2025-10-23,2025-10-27,120,102,66.73,8007.6,Late
PO005101,V013,WAL0333,2026-03-23,2026-04-15,2026-04-19,96,96,52.81,5069.76,Late
PO005102,V006,SRV1015,2026-02-06,2026-03-14,2026-03-12,96,96,43.98,4222.08,On Time
PO005103,V020,CND2114,2025-03-14,2025-04-12,2025-04-06,24,18,4.82,115.68,On Time
PO005104,V012,BSK1587,2025-06-14,2025-07-10,2025-07-12,96,96,29.24,2807.04,On Time
PO005105,V006,WIN2083,2025-07-30,2025-09-04,2025-09-08,36,36,26.48,953.28,Late
PO005106,V008,FRM2181,2025-02-12,2025-03-27,2025-03-29,24,24,26.64,639.36,On Time
PO005107,V015,UTL1133,2026-04-29,2026-05-23,2026-05-12,24,12,5.4,129.6,On Time
PO005108,V015,WIN2090,2026-01-26,2026-02-19,2026-02-18,48,48,23.21,1114.08,On Time
PO005109,V007,DEC0158,2026-02-02,2026-02-22,2026-03-05,36,36,45.27,1629.72,Late
PO005110,V013,WIN2076,2026-05-13,2026-06-05,2026-06-09,96,96,13.29,1275.84,Late
PO005111,V015,DUV1182,2025-02-04,2025-02-28,2025-03-08,120,120,58.79,7054.8,Late
PO005112,V018,PIL1365,2025-07-03,2025-07-18,2025-07-13,36,36,40.76,1467.36,On Time
PO005113,V010,BSK1624,2025-04-30,2025-06-21,2025-06-19,72,72,40.46,2913.12,On Time
PO005114,V012,DEC0130,2025-12-01,2025-12-27,2025-12-31,48,48,34.78,1669.44,Late
PO005115,V007,WAL0318,2025-12-20,2026-01-09,2026-01-20,24,24,31.16,747.84,Late
PO005116,V003,SHT1234,2026-03-08,2026-05-09,2026-05-19,72,72,96.47,6945.84,Late
PO005117,V001,LGT1774,2026-02-12,2026-03-15,2026-03-20,36,36,96.12,3460.32,Late
PO005118,V016,SEA0733,2025-08-26,2025-09-09,2025-09-14,36,24,266.16,9581.76,Late
PO005119,V001,SEA0691,2025-03-04,2025-04-04,2025-04-05,48,48,243.79,11701.92,On Time
PO005120,V007,UTL1109,2025-02-26,2025-03-18,2025-03-26,96,96,24.62,2363.52,Late
PO005121,V013,SUM2056,2025-03-28,2025-04-20,2025-04-25,96,96,30.54,2931.84,Late
PO005122,V010,UTL1084,2025-07-31,2025-09-21,2025-09-27,36,36,26.21,943.56,Late
PO005123,V011,TEX0527,2025-12-08,2026-01-19,2026-01-23,24,6,36.55,877.2,Late
PO005124,V001,GFT2228,2025-09-21,2025-10-22,2025-10-20,24,24,53.24,1277.76,On Time
PO005125,V019,FUR0651,2025-10-27,2025-12-01,2025-12-02,48,48,189.57,9099.36,On Time
PO005126,V014,DEC0090,2025-05-19,2025-06-29,2025-06-21,120,120,54.69,6562.8,On Time
PO005127,V003,TOW1417,2025-09-17,2025-11-18,2025-11-27,96,96,12.46,1196.16,Late
PO005128,V016,SRV1042,2025-07-09,2025-07-23,2025-08-02,36,36,36.69,1320.84,Late
PO005129,V011,MIR0378,2026-02-05,2026-03-19,2026-03-27,96,90,52.6,5049.6,Late
PO005130,V019,ORG1751,2026-04-20,2026-05-25,2026-05-28,48,48,17.12,821.76,Late
PO005131,V005,WAL0340,2025-03-28,2025-05-08,2025-05-06,120,120,18.13,2175.6,On Time
PO005132,V001,CND2157,2026-01-13,2026-02-13,2026-02-18,120,120,35.62,4274.4,Late
PO005133,V010,MIR0421,2026-04-20,2026-06-11,2026-06-21,96,96,55.01,5280.96,Late
PO005134,V011,DEC0081,2025-06-07,2025-07-19,2025-07-23,36,36,18.47,664.92,Late
PO005135,V017,GFT2216,2026-01-05,2026-01-20,2026-01-18,96,96,29.55,2836.8,On Time
PO005136,V019,SHT1282,2026-04-02,2026-05-07,2026-05-05,96,96,51.43,4937.28,On Time
PO005137,V019,SRV1005,2025-04-29,2025-06-03,2025-06-04,120,108,26.99,3238.8,On Time
PO005138,V010,TAB0778,2026-01-02,2026-02-23,2026-02-15,96,96,168.23,16150.08,On Time
PO005139,V018,CND2151,2026-03-08,2026-03-23,2026-03-22,120,120,26.07,3128.4,On Time
PO005140,V003,KIT0906,2026-02-24,2026-04-27,2026-04-30,120,102,18.33,2199.6,Late
PO005141,V003,TAB0777,2026-04-23,2026-06-24,2026-07-08,96,96,192.78,18506.88,Late
PO005142,V015,KIT0853,2026-07-02,2026-07-26,2026-07-14,48,48,51.93,2492.64,On Time
PO005143,V011,KIT0907,2026-05-13,2026-06-24,2026-07-02,36,36,88.15,3173.4,Late
PO005144,V001,KIT0891,2026-05-24,2026-06-24,2026-06-22,24,24,48.33,1159.92,On Time
PO005145,V005,LGT1826,2026-04-27,2026-06-07,2026-06-08,36,36,63.08,2270.88,On Time
PO005146,V018,SRV1059,2025-12-08,2025-12-23,2025-12-26,36,36,15.84,570.24,Late
PO005147,V006,SRV0975,2025-10-29,2025-12-04,2025-11-30,120,120,36.02,4322.4,On Time
PO005148,V006,LGT1812,2025-11-12,2025-12-18,2025-12-19,24,24,92.81,2227.44,On Time
PO005149,V012,SHT1330,2025-09-27,2025-10-23,2025-10-20,24,6,55.04,1320.96,On Time
PO005150,V004,DEC0140,2025-05-11,2025-05-29,2025-05-29,48,48,20.65,991.2,On Time
PO005151,V001,ORG1737,2026-03-08,2026-04-08,2026-04-09,24,24,29.12,698.88,On Time
PO005152,V016,MIR0413,2025-05-24,2025-06-07,2025-06-16,24,12,127.13,3051.12,Late
PO005153,V006,BSK1623,2025-02-01,2025-03-09,2025-03-10,24,24,23.69,568.56,On Time
PO005154,V001,SEA0717,2026-01-20,2026-02-20,2026-02-26,24,24,312.49,7499.76,Late
PO005155,V010,ORG1755,2026-04-13,2026-06-04,2026-05-29,36,18,41.62,1498.32,On Time
PO005156,V003,SHT1326,2026-02-21,2026-04-24,2026-04-19,24,24,68.32,1639.68,On Time
PO005157,V007,SEA0735,2025-08-26,2025-09-15,2025-09-26,120,120,115.72,13886.4,Late
PO005158,V017,TAB0802,2025-08-06,2025-08-21,2025-08-26,36,36,143.06,5150.16,Late
PO005159,V011,TOW1490,2025-08-13,2025-09-24,2025-09-22,48,48,13.84,664.32,On Time
PO005160,V015,FUR0636,2025-05-14,2025-06-07,2025-06-08,96,96,224.19,21522.24,On Time
PO005161,V011,TAB0781,2026-05-13,2026-06-24,2026-06-27,48,48,155.4,7459.2,Late
PO005162,V013,GFT2247,2025-06-20,2025-07-13,2025-07-18,120,120,47.49,5698.8,Late
PO005163,V003,ORG1757,2026-06-02,2026-08-03,2026-08-10,36,30,13.74,494.64,Late
PO005164,V003,SHT1274,2025-11-24,2026-01-25,2026-01-30,48,30,30.78,1477.44,Late
PO005165,V013,WAL0304,2025-03-28,2025-04-20,2025-04-16,36,36,64.7,2329.2,On Time
PO005166,V019,SRV0994,2026-06-13,2026-07-18,2026-07-10,96,96,39.46,3788.16,On Time
PO005167,V004,SHL1669,2025-08-11,2025-08-29,2025-08-26,96,96,94.16,9039.36,On Time
PO005168,V012,BTH1544,2025-10-14,2025-11-09,2025-11-12,48,48,17.74,851.52,Late
PO005169,V019,LGT1811,2025-07-23,2025-08-27,2025-08-24,36,36,94.47,3400.92,On Time
PO005170,V004,CND2163,2025-08-15,2025-09-02,2025-09-03,36,36,19.52,702.72,On Time
PO005171,V012,FLR1873,2025-10-01,2025-10-27,2025-10-30,24,24,104.38,2505.12,Late
PO005172,V007,DEC0055,2026-05-12,2026-06-01,2026-06-11,36,36,18.74,674.64,Late
PO005173,V001,DEC0151,2026-06-04,2026-07-05,2026-07-03,24,24,14.18,340.32,On Time
PO005174,V006,LGT1812,2025-08-28,2025-10-03,2025-09-29,24,24,92.81,2227.44,On Time
PO005175,V003,PIL1377,2025-05-05,2025-07-06,2025-07-04,48,48,10.34,496.32,On Time
PO005176,V006,KIT0863,2025-12-04,2026-01-09,2026-01-11,48,48,77.06,3698.88,On Time
PO005177,V008,CHR1969,2025-07-20,2025-09-01,2025-08-31,36,36,9.02,324.72,On Time
PO005178,V008,CHR1958,2025-05-17,2025-06-29,2025-06-26,36,36,75.25,2709.0,On Time
PO005179,V004,FUR0566,2026-03-05,2026-03-23,2026-04-01,96,96,66.02,6337.92,Late
PO005180,V002,SUM2063,2025-02-21,2025-03-28,2025-04-04,72,72,24.38,1755.36,Late
PO005181,V014,BSK1647,2025-08-19,2025-09-29,2025-10-09,24,24,14.62,350.88,Late
PO005182,V015,CHR1979,2025-10-23,2025-11-16,2025-11-10,96,78,74.45,7147.2,On Time
PO005183,V020,DEC0145,2026-05-17,2026-06-15,2026-06-18,24,24,35.42,850.08,Late
PO005184,V012,DUV1167,2025-06-26,2025-07-22,2025-07-25,96,96,103.49,9935.04,Late
PO005185,V010,PIL1364,2025-11-30,2026-01-21,2026-01-16,120,120,34.29,4114.8,On Time
PO005186,V001,TEX0517,2026-05-26,2026-06-26,2026-06-24,120,120,43.15,5178.0,On Time
PO005187,V016,WAL0225,2026-01-29,2026-02-12,2026-02-25,96,96,81.22,7797.12,Late
PO005188,V017,GFT2236,2026-03-21,2026-04-05,2026-04-06,36,36,62.5,2250.0,On Time
PO005189,V005,CND2120,2025-10-16,2025-11-26,2025-11-29,48,42,19.81,950.88,Late
PO005190,V014,LGT1790,2026-03-29,2026-05-09,2026-05-15,72,72,20.1,1447.2,Late
PO005191,V008,KIT0855,2025-08-22,2025-10-04,2025-10-06,96,96,27.07,2598.72,On Time
PO005192,V011,SRV1050,2025-12-04,2026-01-15,2026-01-27,120,120,37.34,4480.8,Late
PO005193,V012,MIR0393,2025-02-12,2025-03-10,2025-03-12,24,24,69.78,1674.72,On Time
PO005194,V012,DEC0104,2025-09-13,2025-10-09,2025-10-08,24,24,30.61,734.64,On Time
PO005195,V016,SRV0976,2025-10-29,2025-11-12,2025-11-28,24,24,43.93,1054.32,Late
PO005196,V008,TAB0821,2026-07-01,2026-08-13,2026-08-18,24,12,215.51,5172.24,Late
PO005197,V003,LGT1820,2026-02-16,2026-04-19,2026-04-19,24,24,111.37,2672.88,On Time
PO005198,V020,LGT1794,2025-07-04,2025-08-02,2025-08-04,48,48,102.16,4903.68,On Time
PO005199,V013,LGT1824,2026-06-27,2026-07-20,2026-07-22,36,24,72.68,2616.48,On Time
PO005200,V014,DEC0033,2025-10-09,2025-11-19,2025-11-11,120,120,20.12,2414.4,On Time
PO005201,V012,KIT0927,2026-01-15,2026-02-10,2026-02-12,48,42,22.72,1090.56,On Time
PO005202,V014,BTH1510,2025-05-05,2025-06-15,2025-06-08,72,72,35.13,2529.36,On Time
PO005203,V008,LGT1789,2025-02-28,2025-04-12,2025-04-13,36,36,82.38,2965.68,On Time
PO005204,V013,SRV1067,2026-03-05,2026-03-28,2026-03-22,72,72,33.54,2414.88,On Time
PO005205,V010,SRV1055,2026-03-26,2026-05-17,2026-05-15,96,96,43.12,4139.52,On Time
PO005206,V001,KIT0931,2025-05-31,2025-07-01,2025-07-10,48,48,35.27,1692.96,Late
PO005207,V017,SRV1076,2026-07-06,2026-07-21,2026-07-22,36,36,25.17,906.12,On Time
PO005208,V012,SHL1690,2025-08-11,2025-09-06,2025-09-08,120,120,41.32,4958.4,On Time
PO005209,V004,PIL1386,2025-08-10,2025-08-28,2025-08-19,36,30,21.71,781.56,On Time
PO005210,V010,SEA0718,2026-01-16,2026-03-09,2026-03-09,96,96,334.29,32091.84,On Time
PO005211,V015,ORG1722,2025-08-18,2025-09-11,2025-09-09,72,72,33.58,2417.76,On Time
PO005212,V016,HAL2016,2026-02-12,2026-02-26,2026-03-09,48,48,16.73,803.04,Late
PO005213,V004,TOW1449,2025-10-01,2025-10-19,2025-10-17,72,72,13.47,969.84,On Time
PO005214,V005,DEC0123,2025-09-18,2025-10-29,2025-11-03,24,24,44.99,1079.76,Late
PO005215,V007,PIL1406,2026-06-22,2026-07-12,2026-07-20,24,24,27.59,662.16,Late
PO005216,V004,PIL1400,2025-03-15,2025-04-02,2025-03-30,24,24,36.05,865.2,On Time
PO005217,V008,WAL0349,2025-06-27,2025-08-09,2025-08-10,96,96,68.56,6581.76,On Time
PO005218,V018,DEC0028,2026-06-12,2026-06-27,2026-06-26,72,72,21.01,1512.72,On Time
PO005219,V007,CHR1946,2025-07-27,2025-08-16,2025-08-22,120,120,15.62,1874.4,Late
PO005220,V009,UTL1132,2026-04-28,2026-06-15,2026-06-12,48,48,28.7,1377.6,On Time
PO005221,V020,WAL0194,2025-06-10,2025-07-09,2025-07-08,24,24,31.94,766.56,On Time
PO005222,V020,LGT1817,2025-11-14,2025-12-13,2025-12-27,48,48,103.89,4986.72,Late
PO005223,V010,DUV1164,2026-02-21,2026-04-14,2026-04-14,72,72,120.67,8688.24,On Time
PO005224,V002,TOW1420,2025-08-05,2025-09-09,2025-09-15,48,48,35.14,1686.72,Late
PO005225,V009,PIL1384,2025-03-01,2025-04-18,2025-04-25,48,30,12.14,582.72,Late
PO005226,V001,HAL2017,2026-03-10,2026-04-10,2026-04-13,48,48,38.61,1853.28,Late
PO005227,V016,LGT1799,2025-10-15,2025-10-29,2025-11-10,120,108,83.88,10065.6,Late
PO005228,V005,HAL2006,2025-07-10,2025-08-20,2025-08-30,48,48,23.02,1104.96,Late
PO005229,V020,DEC0134,2025-10-19,2025-11-17,2025-11-15,120,120,41.61,4993.2,On Time
PO005230,V014,UTL1119,2025-09-27,2025-11-07,2025-11-14,120,120,5.85,702.0,Late
PO005231,V018,KIT0959,2025-11-01,2025-11-16,2025-11-10,48,48,41.62,1997.76,On Time
PO005232,V019,ORG1748,2025-05-08,2025-06-12,2025-06-14,120,120,9.1,1092.0,On Time
PO005233,V001,DUV1177,2025-07-29,2025-08-29,2025-08-27,36,36,135.32,4871.52,On Time
PO005234,V011,SEA0721,2025-12-18,2026-01-29,2026-02-04,48,36,331.2,15897.6,Late
PO005235,V004,FLR1840,2025-11-09,2025-11-27,2025-11-25,48,48,114.12,5477.76,On Time
PO005236,V013,WAL0344,2025-05-12,2025-06-04,2025-06-03,48,48,43.09,2068.32,On Time
PO005237,V001,SHL1694,2025-09-07,2025-10-08,2025-10-03,48,48,57.84,2776.32,On Time
PO005238,V008,KIT0855,2025-10-01,2025-11-13,2025-11-13,120,120,27.07,3248.4,On Time
PO005239,V009,TEX0541,2025-02-04,2025-03-24,2025-03-26,120,120,49.45,5934.0,On Time
PO005240,V012,TOW1484,2025-09-01,2025-09-27,2025-09-30,36,36,31.2,1123.2,Late
PO005241,V016,MIR0405,2025-04-20,2025-05-04,2025-05-08,36,36,26.31,947.16,Late
PO005242,V010,KIT0878,2025-07-20,2025-09-10,2025-09-10,120,120,58.3,6996.0,On Time
PO005243,V001,SEA0717,2026-01-21,2026-02-21,2026-02-15,120,120,312.49,37498.8,On Time
PO005244,V019,CHR1951,2026-03-24,2026-04-28,2026-04-24,96,96,21.17,2032.32,On Time
PO005245,V004,CND2126,2026-01-26,2026-02-13,2026-02-12,24,24,5.44,130.56,On Time
PO005246,V009,BSK1615,2026-03-30,2026-05-17,2026-05-19,120,120,8.98,1077.6,On Time
PO005247,V012,TEX0490,2025-11-22,2025-12-18,2025-12-21,24,24,10.26,246.24,Late
PO005248,V011,WAL0278,2026-05-01,2026-06-12,2026-06-18,96,96,20.91,2007.36,Late
PO005249,V019,WAL0302,2025-09-28,2025-11-02,2025-11-07,72,54,52.96,3813.12,Late
PO005250,V010,TOW1464,2025-09-24,2025-11-15,2025-11-17,24,24,26.53,636.72,On Time
PO005251,V003,WAL0223,2025-12-22,2026-02-22,2026-02-21,96,78,81.74,7847.04,On Time
PO005252,V008,WIN2078,2025-09-29,2025-11-11,2025-11-11,24,24,39.54,948.96,On Time
PO005253,V017,TAB0788,2026-06-22,2026-07-07,2026-07-08,96,96,215.96,20732.16,On Time
PO005254,V008,SHL1658,2025-03-02,2025-04-14,2025-04-14,36,36,86.38,3109.68,On Time
PO005255,V009,GFT2232,2025-06-25,2025-08-12,2025-08-19,36,36,70.65,2543.4,Late
PO005256,V017,DUV1168,2025-05-06,2025-05-21,2025-05-17,24,24,93.84,2252.16,On Time
PO005257,V018,WIN2082,2025-07-19,2025-08-03,2025-07-29,96,96,64.65,6206.4,On Time
PO005258,V015,DEC0179,2026-01-09,2026-02-02,2026-01-31,120,120,40.3,4836.0,On Time
PO005259,V016,CHR1962,2025-05-04,2025-05-18,2025-05-25,36,36,14.0,504.0,Late
PO005260,V005,SHT1292,2025-06-13,2025-07-24,2025-07-20,36,36,63.23,2276.28,On Time
PO005261,V020,FUR0588,2025-11-11,2025-12-10,2025-12-04,48,48,107.69,5169.12,On Time
PO005262,V009,WAL0341,2025-10-27,2025-12-14,2025-12-15,96,96,13.52,1297.92,On Time
PO005263,V010,CHR1978,2025-07-19,2025-09-09,2025-09-06,36,36,31.34,1128.24,On Time
PO005264,V011,TEX0527,2025-11-05,2025-12-17,2026-01-03,36,36,36.55,1315.8,Late
PO005265,V001,PIL1388,2025-02-08,2025-03-11,2025-03-15,96,96,44.68,4289.28,Late
PO005266,V012,MIR0364,2025-04-09,2025-05-05,2025-05-09,120,120,88.39,10606.8,Late
PO005267,V001,BSK1637,2025-03-07,2025-04-07,2025-04-04,96,96,36.02,3457.92,On Time
PO005268,V006,SEA0709,2026-04-09,2026-05-15,2026-05-09,36,36,277.8,10000.8,On Time
PO005269,V011,SRV1061,2025-03-08,2025-04-19,2025-04-27,120,120,8.93,1071.6,Late
PO005270,V016,ORG1733,2025-08-19,2025-09-02,2025-09-10,72,72,46.79,3368.88,Late
PO005271,V007,FRM2206,2026-03-13,2026-04-02,2026-04-16,48,36,15.39,738.72,Late
PO005272,V009,PEN1898,2025-06-25,2025-08-12,2025-08-19,24,12,169.22,4061.28,Late
PO005273,V014,FUR0593,2025-03-30,2025-05-10,2025-05-06,36,36,210.26,7569.36,On Time
PO005274,V012,TAB0830,2025-11-09,2025-12-05,2025-12-14,120,120,127.91,15349.2,Late
PO005275,V002,BSK1614,2025-04-05,2025-05-10,2025-05-13,120,102,19.97,2396.4,Late
PO005276,V004,FUR0566,2025-02-11,2025-03-01,2025-03-02,96,96,66.02,6337.92,On Time
PO005277,V013,PIL1407,2026-03-30,2026-04-22,2026-04-25,96,96,12.86,1234.56,Late
PO005278,V016,KIT0902,2026-02-09,2026-02-23,2026-03-12,36,36,25.44,915.84,Late
PO005279,V002,WAL0317,2025-08-04,2025-09-08,2025-09-15,36,18,93.68,3372.48,Late
PO005280,V001,BTH1531,2025-07-19,2025-08-19,2025-08-16,96,96,11.96,1148.16,On Time
PO005281,V015,FRM2202,2025-09-29,2025-10-23,2025-10-25,120,120,15.71,1885.2,On Time
PO005282,V008,BTH1549,2025-08-29,2025-10-11,2025-10-10,36,36,13.61,489.96,On Time
PO005283,V019,SHT1282,2026-07-04,2026-08-08,2026-08-07,36,36,51.43,1851.48,On Time
PO005284,V013,WAL0304,2025-11-10,2025-12-03,2025-11-24,48,48,64.7,3105.6,On Time
PO005285,V001,FUR0648,2026-06-21,2026-07-22,2026-08-02,72,72,103.18,7428.96,Late
PO005286,V015,PIL1336,2025-10-11,2025-11-04,2025-10-28,120,120,25.32,3038.4,On Time
PO005287,V008,WAL0295,2026-05-14,2026-06-26,2026-06-25,96,96,45.0,4320.0,On Time
PO005288,V003,PIL1366,2026-06-16,2026-08-17,2026-08-17,36,36,21.63,778.68,On Time
PO005289,V020,SHL1654,2025-04-14,2025-05-13,2025-05-15,96,96,46.72,4485.12,On Time
PO005290,V007,WAL0258,2026-02-03,2026-02-23,2026-03-01,24,24,65.85,1580.4,Late
PO005291,V002,SEA0711,2025-11-26,2025-12-31,2026-01-09,96,78,170.67,16384.32,Late
PO005292,V015,SHL1670,2026-01-07,2026-01-31,2026-02-02,48,48,49.42,2372.16,On Time
PO005293,V003,FLR1843,2026-03-26,2026-05-27,2026-05-28,36,36,180.66,6503.76,On Time
PO005294,V012,TOW1427,2026-04-21,2026-05-17,2026-05-28,48,48,32.14,1542.72,Late
PO005295,V002,DUV1157,2026-03-18,2026-04-22,2026-05-06,48,48,39.97,1918.56,Late
PO005296,V013,GFT2247,2026-02-09,2026-03-04,2026-03-06,48,48,47.49,2279.52,On Time
PO005297,V009,BTH1558,2025-06-27,2025-08-14,2025-08-16,72,72,36.69,2641.68,On Time
PO005298,V016,LGT1802,2026-02-19,2026-03-05,2026-03-07,48,48,22.09,1060.32,On Time
PO005299,V004,SHT1303,2026-03-02,2026-03-20,2026-03-22,96,96,60.45,5803.2,On Time
PO005300,V012,TEX0490,2025-09-29,2025-10-25,2025-10-28,120,120,10.26,1231.2,Late
PO005301,V002,LGT1783,2026-03-23,2026-04-27,2026-05-01,72,72,36.72,2643.84,Late
PO005302,V002,TEX0491,2025-05-13,2025-06-17,2025-06-17,72,72,20.59,1482.48,On Time
PO005303,V010,DEC0027,2026-06-13,2026-08-04,2026-08-03,48,48,31.33,1503.84,On Time
PO005304,V016,BTH1505,2025-06-22,2025-07-06,2025-07-13,96,96,17.98,1726.08,Late
PO005305,V015,UTL1113,2026-03-06,2026-03-30,2026-03-28,96,96,9.98,958.08,On Time
PO005306,V013,HAL2007,2025-05-12,2025-06-04,2025-06-02,36,36,35.85,1290.6,On Time
PO005307,V005,MIR0409,2025-03-26,2025-05-06,2025-05-12,72,72,23.95,1724.4,Late
PO005308,V016,CHR1925,2025-02-05,2025-02-19,2025-02-28,48,48,35.67,1712.16,Late
PO005309,V009,SEA0724,2026-05-16,2026-07-03,2026-07-12,24,12,124.37,2984.88,Late
PO005310,V015,FUR0610,2025-11-16,2025-12-10,2025-12-18,120,120,223.91,26869.2,Late
PO005311,V015,DEC0142,2025-02-12,2025-03-08,2025-03-13,24,24,38.39,921.36,Late
PO005312,V013,SHL1696,2025-08-07,2025-08-30,2025-08-29,48,48,23.72,1138.56,On Time
PO005313,V013,PIL1367,2026-05-09,2026-06-01,2026-05-24,36,36,44.48,1601.28,On Time
PO005314,V020,FUR0557,2026-02-06,2026-03-07,2026-03-10,24,24,147.41,3537.84,Late
PO005315,V009,WAL0332,2026-07-03,2026-08-20,2026-08-24,24,24,21.24,509.76,Late
PO005316,V008,WAL0349,2025-10-09,2025-11-21,2025-12-01,120,120,68.56,8227.2,Late
PO005317,V015,SRV0973,2025-03-26,2025-04-19,2025-04-17,72,72,29.41,2117.52,On Time
PO005318,V017,FUR0556,2025-11-08,2025-11-23,2025-11-08,48,48,60.84,2920.32,On Time
PO005319,V007,FLR1852,2026-05-02,2026-05-22,2026-06-06,48,48,74.85,3592.8,Late
PO005320,V003,UTL1106,2025-05-31,2025-08-01,2025-07-26,36,36,7.97,286.92,On Time
PO005321,V018,KIT0945,2025-02-23,2025-03-10,2025-03-07,96,96,29.25,2808.0,On Time
PO005322,V013,WAL0330,2026-01-09,2026-02-01,2026-02-03,96,96,16.85,1617.6,On Time
PO005323,V004,CHR1926,2026-01-03,2026-01-21,2026-01-25,120,120,33.09,3970.8,Late
PO005324,V002,DEC0091,2026-02-08,2026-03-15,2026-03-15,96,96,44.72,4293.12,On Time
PO005325,V018,DUV1225,2026-03-26,2026-04-10,2026-04-17,96,96,138.75,13320.0,Late
PO005326,V011,ORG1761,2026-01-29,2026-03-12,2026-03-22,120,102,19.16,2299.2,Late
PO005327,V019,KIT0905,2026-05-15,2026-06-19,2026-06-12,120,120,69.79,8374.8,On Time
PO005328,V006,KIT0949,2025-02-07,2025-03-15,2025-03-24,36,36,78.53,2827.08,Late
PO005329,V020,SEA0757,2025-10-30,2025-11-28,2025-11-25,120,120,169.19,20302.8,On Time
PO005330,V016,SRV0985,2025-03-14,2025-03-28,2025-03-27,96,90,8.21,788.16,On Time
PO005331,V020,GFT2237,2026-03-06,2026-04-04,2026-04-07,48,48,20.84,1000.32,Late
PO005332,V018,SRV1071,2026-01-03,2026-01-18,2026-01-21,120,120,65.35,7842.0,Late
PO005333,V014,SRV1030,2025-02-13,2025-03-26,2025-03-26,48,48,14.1,676.8,On Time
PO005334,V016,DEC0022,2025-10-26,2025-11-09,2025-11-18,24,6,29.04,696.96,Late
PO005335,V013,SHL1673,2025-03-08,2025-03-31,2025-03-26,48,48,52.06,2498.88,On Time
PO005336,V001,MIR0368,2025-03-20,2025-04-20,2025-04-20,120,120,41.22,4946.4,On Time
PO005337,V001,BSK1591,2026-03-13,2026-04-13,2026-04-17,48,48,27.63,1326.24,Late
PO005338,V003,TEX0503,2026-04-02,2026-06-03,2026-06-02,48,48,13.04,625.92,On Time
PO005339,V001,MIR0357,2025-03-29,2025-04-29,2025-04-30,120,120,31.02,3722.4,On Time
PO005340,V003,SHL1677,2026-07-08,2026-09-08,2026-09-05,24,24,106.45,2554.8,On Time
PO005341,V018,BTH1565,2026-02-24,2026-03-11,2026-03-08,48,48,5.2,249.6,On Time
PO005342,V002,DEC0083,2025-09-29,2025-11-03,2025-11-06,24,24,26.64,639.36,Late
PO005343,V017,FRM2208,2026-05-14,2026-05-29,2026-05-24,48,48,23.75,1140.0,On Time
PO005344,V008,DEC0018,2025-05-03,2025-06-15,2025-06-23,120,120,37.73,4527.6,Late
PO005345,V008,FLR1872,2026-07-02,2026-08-14,2026-08-16,48,48,50.38,2418.24,On Time
PO005346,V010,DUV1158,2025-02-02,2025-03-26,2025-03-27,120,120,59.26,7111.2,On Time
PO005347,V001,DUV1191,2026-01-22,2026-02-22,2026-02-11,24,24,45.27,1086.48,On Time
PO005348,V001,CHR1971,2025-05-10,2025-06-10,2025-06-13,36,36,67.01,2412.36,Late
PO005349,V012,CND2141,2025-03-19,2025-04-14,2025-04-28,24,24,15.8,379.2,Late
PO005350,V002,LGT1823,2026-01-16,2026-02-20,2026-02-22,96,96,29.79,2859.84,On Time
PO005351,V015,FUR0610,2025-12-17,2026-01-10,2026-01-05,48,48,223.91,10747.68,On Time
PO005352,V016,KIT0965,2026-07-03,2026-07-17,2026-07-19,48,48,34.43,1652.64,On Time
PO005353,V009,MIR0375,2026-06-01,2026-07-19,2026-07-24,24,24,67.55,1621.2,Late
PO005354,V014,FRM2199,2025-09-15,2025-10-26,2025-11-04,72,72,32.84,2364.48,Late
PO005355,V013,BTH1533,2025-04-01,2025-04-24,2025-05-01,96,96,34.75,3336.0,Late
PO005356,V009,DEC0095,2025-08-27,2025-10-14,2025-10-13,48,48,15.07,723.36,On Time
PO005357,V018,SUM2042,2026-01-14,2026-01-29,2026-02-05,24,24,72.46,1739.04,Late
PO005358,V010,SEA0718,2025-12-18,2026-02-08,2026-02-08,120,120,334.29,40114.8,On Time
PO005359,V001,KIT0868,2025-02-02,2025-03-05,2025-03-05,48,48,31.44,1509.12,On Time
PO005360,V004,DEC0166,2025-09-23,2025-10-11,2025-10-05,36,36,48.26,1737.36,On Time
PO005361,V009,DEC0121,2025-09-30,2025-11-17,2025-11-15,36,36,11.17,402.12,On Time
PO005362,V010,MIR0424,2025-12-11,2026-02-01,2026-02-01,24,12,46.85,1124.4,On Time
PO005363,V010,CND2147,2026-01-06,2026-02-27,2026-02-25,48,48,8.99,431.52,On Time
PO005364,V005,CHR1929,2025-03-02,2025-04-12,2025-04-16,96,96,71.25,6840.0,Late
PO005365,V005,SRV1060,2025-09-30,2025-11-10,2025-11-07,36,36,6.35,228.6,On Time
PO005366,V001,TOW1440,2026-04-29,2026-05-30,2026-06-08,24,24,37.21,893.04,Late
PO005367,V012,PIL1387,2025-03-03,2025-03-29,2025-03-28,48,48,23.2,1113.6,On Time
PO005368,V009,LGT1832,2026-02-03,2026-03-23,2026-03-28,120,120,72.77,8732.4,Late
PO005369,V012,HAL1993,2025-02-25,2025-03-23,2025-03-26,48,48,38.69,1857.12,Late
PO005370,V006,KIT0929,2025-12-21,2026-01-26,2026-01-29,36,36,58.15,2093.4,Late
PO005371,V009,ORG1758,2025-03-19,2025-05-06,2025-05-04,48,48,32.96,1582.08,On Time
PO005372,V016,TAB0785,2026-06-07,2026-06-21,2026-06-27,48,36,160.67,7712.16,Late
PO005373,V004,PIL1386,2025-08-29,2025-09-16,2025-09-14,96,96,21.71,2084.16,On Time
PO005374,V013,DUV1210,2026-02-03,2026-02-26,2026-02-18,36,36,42.34,1524.24,On Time
PO005375,V011,SHT1264,2025-06-21,2025-08-02,2025-08-11,24,24,53.7,1288.8,Late
PO005376,V014,DEC0056,2025-11-18,2025-12-29,2026-01-01,120,120,38.7,4644.0,Late
PO005377,V008,HAL1989,2026-03-12,2026-04-24,2026-04-20,24,24,41.05,985.2,On Time
PO005378,V009,CND2152,2025-11-09,2025-12-27,2025-12-21,120,120,22.96,2755.2,On Time
PO005379,V005,UTL1089,2025-05-03,2025-06-13,2025-06-15,48,48,26.73,1283.04,On Time
PO005380,V010,SRV0995,2025-05-17,2025-07-08,2025-07-15,96,96,41.8,4012.8,Late
PO005381,V018,WAL0211,2026-05-31,2026-06-15,2026-06-07,96,96,34.74,3335.04,On Time
PO005382,V001,SEA0708,2025-07-26,2025-08-26,2025-09-01,120,120,105.58,12669.6,Late
PO005383,V015,FRM2202,2025-12-27,2026-01-20,2026-01-21,36,36,15.71,565.56,On Time
PO005384,V016,LGT1793,2026-01-17,2026-01-31,2026-02-02,72,72,66.74,4805.28,On Time
PO005385,V020,TOW1437,2025-12-13,2026-01-11,2026-01-11,72,72,15.71,1131.12,On Time
PO005386,V020,TEX0445,2025-06-19,2025-07-18,2025-07-17,24,24,27.87,668.88,On Time
PO005387,V017,TEX0459,2025-12-08,2025-12-23,2025-12-28,96,96,16.12,1547.52,Late
PO005388,V002,SHT1297,2025-03-12,2025-04-16,2025-04-24,72,66,70.21,5055.12,Late
PO005389,V007,SHL1686,2025-02-22,2025-03-14,2025-03-20,120,114,87.73,10527.6,Late
PO005390,V013,SEA0684,2026-02-16,2026-03-11,2026-03-20,96,96,117.75,11304.0,Late
PO005391,V014,DEC0156,2025-11-19,2025-12-30,2025-12-21,96,96,58.09,5576.64,On Time
PO005392,V003,KIT0854,2026-03-07,2026-05-08,2026-05-06,24,24,77.01,1848.24,On Time
PO005393,V020,FLR1854,2025-09-10,2025-10-09,2025-10-09,72,72,136.7,9842.4,On Time
PO005394,V016,DEC0022,2026-06-25,2026-07-09,2026-07-04,48,48,29.04,1393.92,On Time
PO005395,V020,WIN2094,2025-09-11,2025-10-10,2025-10-08,96,96,28.18,2705.28,On Time
PO005396,V018,HAL1988,2025-03-12,2025-03-27,2025-03-29,48,36,22.92,1100.16,On Time
PO005397,V010,ORG1718,2026-07-05,2026-08-26,2026-08-30,48,48,19.26,924.48,Late
PO005398,V014,SHL1676,2025-04-02,2025-05-13,2025-05-17,72,72,93.42,6726.24,Late
PO005399,V019,CND2108,2025-04-10,2025-05-15,2025-05-18,48,30,17.22,826.56,Late
PO005400,V020,DUV1214,2025-06-19,2025-07-18,2025-07-18,48,48,127.93,6140.64,On Time
PO005401,V007,SEA0735,2025-08-18,2025-09-07,2025-09-21,120,102,115.72,13886.4,Late
PO005402,V005,BSK1620,2026-06-12,2026-07-23,2026-07-29,72,72,30.23,2176.56,Late
PO005403,V008,PIL1335,2025-04-30,2025-06-12,2025-06-14,36,36,52.43,1887.48,On Time
PO005404,V009,BTH1504,2025-12-15,2026-02-01,2026-02-02,72,54,19.69,1417.68,On Time
PO005405,V019,UTL1082,2025-06-09,2025-07-14,2025-07-15,24,24,16.17,388.08,On Time
PO005406,V008,TOW1412,2026-02-15,2026-03-30,2026-04-03,24,24,21.26,510.24,Late
PO005407,V009,PEN1898,2025-10-31,2025-12-18,2025-12-17,48,48,169.22,8122.56,On Time
PO005408,V019,DEC0002,2025-09-25,2025-10-30,2025-11-06,96,96,9.05,868.8,Late
PO005409,V001,SEA0700,2026-05-20,2026-06-20,2026-06-17,96,96,152.87,14675.52,On Time
PO005410,V013,PIL1404,2026-06-04,2026-06-27,2026-06-26,120,120,51.76,6211.2,On Time
PO005411,V014,CHR1950,2026-07-04,2026-08-14,2026-08-16,72,72,18.95,1364.4,On Time
PO005412,V020,PIL1385,2026-02-18,2026-03-19,2026-03-10,24,24,11.74,281.76,On Time
PO005413,V009,SHT1275,2025-11-14,2026-01-01,2025-12-23,120,120,30.26,3631.2,On Time
PO005414,V009,BTH1558,2025-12-09,2026-01-26,2026-01-31,24,24,36.69,880.56,Late
PO005415,V016,UTL1085,2026-04-15,2026-04-29,2026-04-28,36,36,16.22,583.92,On Time
PO005416,V014,SEA0759,2025-04-27,2025-06-07,2025-06-12,48,48,334.9,16075.2,Late
PO005417,V020,SEA0705,2025-12-11,2026-01-09,2026-01-13,24,24,79.72,1913.28,Late
PO005418,V011,LGT1827,2026-04-15,2026-05-27,2026-06-05,120,120,39.59,4750.8,Late
PO005419,V009,FRM2215,2025-02-07,2025-03-27,2025-03-28,120,102,33.5,4020.0,On Time
PO005420,V017,BSK1599,2025-08-03,2025-08-18,2025-08-21,36,36,22.03,793.08,Late
PO005421,V017,SEA0742,2026-05-14,2026-05-29,2026-05-27,72,72,276.81,19930.32,On Time
PO005422,V003,TEX0534,2025-04-21,2025-06-22,2025-06-24,120,120,43.81,5257.2,On Time
PO005423,V018,SUM2028,2025-09-21,2025-10-06,2025-10-02,36,36,66.91,2408.76,On Time
PO005424,V007,GFT2249,2025-02-18,2025-03-10,2025-03-08,72,72,62.2,4478.4,On Time
PO005425,V020,DEC0185,2025-02-11,2025-03-12,2025-03-19,96,96,58.6,5625.6,Late
PO005426,V013,WAL0327,2026-04-16,2026-05-09,2026-05-06,48,48,68.04,3265.92,On Time
PO005427,V004,WAL0320,2026-03-16,2026-04-03,2026-04-06,72,72,39.86,2869.92,Late
PO005428,V008,CHR1969,2025-03-29,2025-05-11,2025-05-06,36,36,9.02,324.72,On Time
PO005429,V003,WAL0326,2025-12-29,2026-03-01,2026-03-10,24,24,66.91,1605.84,Late
PO005430,V002,SUM2063,2025-02-04,2025-03-11,2025-03-21,48,30,24.38,1170.24,Late
PO005431,V003,TEX0523,2026-03-31,2026-06-01,2026-05-29,120,120,45.27,5432.4,On Time
PO005432,V014,KIT0950,2025-11-14,2025-12-25,2025-12-28,96,96,77.4,7430.4,Late
PO005433,V001,SHL1694,2026-02-21,2026-03-24,2026-03-28,24,24,57.84,1388.16,Late
PO005434,V019,SRV0994,2025-02-02,2025-03-09,2025-03-03,24,24,39.46,947.04,On Time
PO005435,V009,FUR0595,2025-03-11,2025-04-28,2025-04-30,96,84,113.99,10943.04,On Time
PO005436,V003,FRM2214,2025-08-21,2025-10-22,2025-10-21,96,84,27.02,2593.92,On Time
PO005437,V001,MIR0357,2025-07-10,2025-08-10,2025-08-09,72,72,31.02,2233.44,On Time
PO005438,V015,MIR0373,2025-11-21,2025-12-15,2025-12-23,36,36,76.45,2752.2,Late
PO005439,V020,PIL1408,2025-09-15,2025-10-14,2025-10-12,24,24,44.52,1068.48,On Time
PO005440,V005,CHR1949,2025-10-22,2025-12-02,2025-11-28,72,72,78.65,5662.8,On Time
PO005441,V019,CND2105,2025-09-16,2025-10-21,2025-10-17,120,120,35.21,4225.2,On Time
PO005442,V010,TOW1424,2025-12-21,2026-02-11,2026-02-14,72,72,6.96,501.12,Late
PO005443,V015,KIT0942,2025-11-19,2025-12-13,2025-12-12,96,96,45.98,4414.08,On Time
PO005444,V012,WIN2081,2025-07-16,2025-08-11,2025-08-13,96,96,31.91,3063.36,On Time
PO005445,V011,CND2124,2025-02-17,2025-03-31,2025-04-04,120,120,7.59,910.8,Late
PO005446,V010,TAB0764,2026-06-12,2026-08-03,2026-08-04,36,36,245.52,8838.72,On Time
PO005447,V009,ORG1758,2025-11-11,2025-12-29,2025-12-28,96,96,32.96,3164.16,On Time
PO005448,V012,SHT1304,2026-04-08,2026-05-04,2026-05-12,72,72,28.69,2065.68,Late
PO005449,V015,UTL1113,2025-10-10,2025-11-03,2025-11-08,48,48,9.98,479.04,Late
PO005450,V007,HAL2012,2025-12-15,2026-01-04,2026-01-06,24,24,32.86,788.64,On Time
PO005451,V006,SUM2029,2026-03-26,2026-05-01,2026-05-01,24,24,64.48,1547.52,On Time
PO005452,V010,DEC0184,2026-03-29,2026-05-20,2026-05-13,96,96,41.07,3942.72,On Time
PO005453,V015,ORG1713,2026-02-09,2026-03-05,2026-02-24,24,24,29.8,715.2,On Time
PO005454,V020,DEC0185,2025-09-27,2025-10-26,2025-10-28,96,96,58.6,5625.6,On Time
PO005455,V004,SRV1029,2025-06-17,2025-07-05,2025-06-29,96,96,29.14,2797.44,On Time
PO005456,V018,HAL2002,2026-06-17,2026-07-02,2026-07-06,96,96,43.67,4192.32,Late
PO005457,V003,DEC0160,2025-05-21,2025-07-22,2025-07-25,96,96,42.82,4110.72,Late
PO005458,V005,TEX0529,2025-03-10,2025-04-20,2025-04-14,24,12,20.0,480.0,On Time
PO005459,V006,CHR1972,2026-05-26,2026-07-01,2026-07-05,72,72,42.9,3088.8,Late
PO005460,V015,DEC0082,2025-09-16,2025-10-10,2025-10-06,96,96,51.79,4971.84,On Time
PO005461,V005,DUV1166,2026-03-13,2026-04-23,2026-04-15,120,120,88.46,10615.2,On Time
PO005462,V002,TOW1420,2026-02-19,2026-03-26,2026-03-26,96,96,35.14,3373.44,On Time
PO005463,V003,SRV1054,2025-04-06,2025-06-07,2025-06-15,96,96,22.23,2134.08,Late
PO005464,V015,WAL0290,2025-10-27,2025-11-20,2025-11-20,120,120,47.46,5695.2,On Time
PO005465,V002,DEC0023,2025-10-18,2025-11-22,2025-12-03,24,24,55.59,1334.16,Late
PO005466,V002,PIL1374,2026-01-15,2026-02-19,2026-02-28,48,42,24.19,1161.12,Late
PO005467,V008,SHL1672,2026-04-16,2026-05-29,2026-06-08,36,36,67.23,2420.28,Late
PO005468,V001,MIR0368,2025-07-16,2025-08-16,2025-08-12,96,96,41.22,3957.12,On Time
PO005469,V005,SEA0703,2025-08-13,2025-09-23,2025-09-21,120,120,189.44,22732.8,On Time
PO005470,V013,WAL0330,2025-10-22,2025-11-14,2025-11-10,48,48,16.85,808.8,On Time
PO005471,V006,DEC0049,2026-01-07,2026-02-12,2026-02-11,72,72,13.34,960.48,On Time
PO005472,V003,KIT0886,2025-08-31,2025-11-01,2025-11-01,72,72,49.76,3582.72,On Time
PO005473,V003,GFT2240,2026-02-27,2026-04-30,2026-05-04,96,96,44.67,4288.32,Late
PO005474,V006,SUM2023,2026-05-06,2026-06-11,2026-06-11,72,72,14.27,1027.44,On Time
PO005475,V007,TOW1415,2025-12-30,2026-01-19,2026-01-24,120,120,31.33,3759.6,Late
PO005476,V007,MIR0352,2026-02-08,2026-02-28,2026-03-06,36,36,58.04,2089.44,Late
PO005477,V006,WAL0229,2026-01-02,2026-02-07,2026-02-14,96,96,27.89,2677.44,Late
PO005478,V014,TEX0436,2025-11-16,2025-12-27,2025-12-25,96,96,33.26,3192.96,On Time
PO005479,V011,SRV1050,2025-08-06,2025-09-17,2025-10-05,24,12,37.34,896.16,Late
PO005480,V014,HAL2013,2026-02-14,2026-03-27,2026-03-30,72,72,19.53,1406.16,Late
PO005481,V008,WAL0195,2026-01-07,2026-02-19,2026-02-14,120,120,48.11,5773.2,On Time
PO005482,V001,PIL1380,2026-01-18,2026-02-18,2026-02-19,24,24,12.69,304.56,On Time
PO005483,V005,DEC0100,2026-06-01,2026-07-12,2026-07-08,96,96,54.53,5234.88,On Time
PO005484,V019,ORG1765,2025-12-05,2026-01-09,2026-01-13,36,36,29.41,1058.76,Late
PO005485,V020,GFT2225,2026-04-09,2026-05-08,2026-05-11,120,120,19.89,2386.8,Late
PO005486,V011,ORG1707,2025-10-16,2025-11-27,2025-12-05,96,96,9.92,952.32,Late
PO005487,V018,SEA0728,2025-08-30,2025-09-14,2025-09-12,48,48,304.71,14626.08,On Time
PO005488,V004,TOW1489,2026-07-08,2026-07-26,2026-07-22,120,108,6.03,723.6,On Time
PO005489,V013,DEC0133,2026-05-11,2026-06-03,2026-05-22,72,72,12.99,935.28,On Time
PO005490,V001,SRV1048,2025-11-19,2025-12-20,2025-12-29,36,36,57.27,2061.72,Late
PO005491,V019,SHT1302,2025-12-12,2026-01-16,2026-01-26,120,120,28.66,3439.2,Late
PO005492,V009,WAL0341,2026-04-20,2026-06-07,2026-06-17,96,96,13.52,1297.92,Late
PO005493,V017,CND2148,2025-12-24,2026-01-08,2026-01-10,72,72,22.89,1648.08,On Time
PO005494,V008,DEC0101,2026-06-07,2026-07-20,2026-07-24,72,72,33.05,2379.6,Late
PO005495,V011,BTH1564,2026-02-10,2026-03-24,2026-04-06,120,120,34.21,4105.2,Late
PO005496,V007,KIT0858,2025-12-11,2025-12-31,2026-01-12,48,48,28.1,1348.8,Late
PO005497,V014,TOW1456,2026-03-30,2026-05-10,2026-05-21,36,36,28.92,1041.12,Late
PO005498,V006,SRV1026,2025-05-02,2025-06-07,2025-06-06,96,96,45.0,4320.0,On Time
PO005499,V014,MIR0367,2026-01-06,2026-02-16,2026-02-12,24,24,47.48,1139.52,On Time
PO005500,V020,WIN2068,2026-03-04,2026-04-02,2026-03-29,36,36,41.99,1511.64,On Time
PO005501,V017,UTL1136,2025-02-12,2025-02-27,2025-03-01,120,120,4.16,499.2,On Time
PO005502,V001,BTH1511,2026-05-04,2026-06-04,2026-06-11,48,48,38.41,1843.68,Late
PO005503,V016,TAB0836,2025-03-16,2025-03-30,2025-03-29,48,30,177.87,8537.76,On Time
PO005504,V005,LGT1829,2025-07-04,2025-08-14,2025-08-11,120,120,65.06,7807.2,On Time
PO005505,V009,WAL0204,2025-10-15,2025-12-02,2025-12-04,48,30,41.05,1970.4,On Time
PO005506,V009,LGT1815,2025-12-01,2026-01-18,2026-01-26,36,36,117.19,4218.84,Late
PO005507,V003,TAB0840,2025-04-25,2025-06-26,2025-06-28,48,48,186.88,8970.24,On Time
PO005508,V013,DEC0173,2026-07-06,2026-07-29,2026-07-31,96,96,33.15,3182.4,On Time
PO005509,V016,HAL2016,2025-07-14,2025-07-28,2025-08-05,120,120,16.73,2007.6,Late
PO005510,V002,PIL1374,2025-04-21,2025-05-26,2025-06-03,96,96,24.19,2322.24,Late
PO005511,V014,TEX0533,2025-02-17,2025-03-30,2025-03-30,24,24,18.03,432.72,On Time
PO005512,V017,MIR0388,2026-01-20,2026-02-04,2026-01-28,72,72,112.9,8128.8,On Time
PO005513,V007,BSK1606,2026-01-14,2026-02-03,2026-02-18,36,36,30.98,1115.28,Late
PO005514,V007,FUR0558,2025-04-23,2025-05-13,2025-05-10,36,18,66.67,2400.12,On Time
PO005515,V004,SRV1040,2026-04-08,2026-04-26,2026-04-30,120,102,57.73,6927.6,Late
PO005516,V020,TOW1471,2026-02-27,2026-03-28,2026-04-03,120,108,15.99,1918.8,Late
PO005517,V004,BTH1569,2026-02-24,2026-03-14,2026-03-08,36,18,40.46,1456.56,On Time
PO005518,V006,BSK1646,2025-03-05,2025-04-10,2025-04-18,36,36,32.26,1161.36,Late
PO005519,V013,FUR0616,2026-04-17,2026-05-10,2026-05-08,48,48,52.06,2498.88,On Time
PO005520,V011,UTL1147,2025-05-21,2025-07-02,2025-07-10,72,60,29.46,2121.12,Late
PO005521,V019,CHR1951,2026-01-06,2026-02-10,2026-02-13,36,36,21.17,762.12,Late
PO005522,V009,FLR1858,2026-04-05,2026-05-23,2026-05-22,24,24,131.93,3166.32,On Time
PO005523,V019,FUR0628,2025-04-24,2025-05-29,2025-05-29,72,72,88.0,6336.0,On Time
PO005524,V008,PIL1352,2026-06-15,2026-07-28,2026-08-02,72,72,28.05,2019.6,Late
PO005525,V007,SHT1232,2025-07-19,2025-08-08,2025-08-08,48,48,33.46,1606.08,On Time
PO005526,V007,ORG1715,2025-10-26,2025-11-15,2025-11-08,48,48,32.53,1561.44,On Time
PO005527,V001,PIL1397,2026-06-30,2026-07-31,2026-07-27,120,120,14.56,1747.2,On Time
PO005528,V018,KIT0928,2025-07-04,2025-07-19,2025-07-15,96,96,49.32,4734.72,On Time
PO005529,V017,CND2148,2025-08-12,2025-08-27,2025-08-18,72,60,22.89,1648.08,On Time
PO005530,V015,DEC0082,2026-01-28,2026-02-21,2026-02-16,48,48,51.79,2485.92,On Time
PO005531,V018,TEX0488,2025-05-01,2025-05-16,2025-05-23,48,48,38.43,1844.64,Late
PO005532,V016,SUM2022,2025-12-25,2026-01-08,2026-01-08,120,120,40.8,4896.0,On Time
PO005533,V003,ORG1734,2025-07-21,2025-09-21,2025-09-22,72,72,40.19,2893.68,On Time
PO005534,V018,SRV1059,2026-03-25,2026-04-09,2026-04-09,36,36,15.84,570.24,On Time
PO005535,V015,BTH1570,2026-03-05,2026-03-29,2026-04-03,48,48,5.65,271.2,Late
PO005536,V003,FLR1866,2025-10-26,2025-12-27,2025-12-31,36,36,187.05,6733.8,Late
PO005537,V011,TEX0544,2025-09-24,2025-11-05,2025-11-06,72,72,47.07,3389.04,On Time
PO005538,V019,TEX0531,2025-09-08,2025-10-13,2025-10-06,48,48,10.3,494.4,On Time
PO005539,V020,GFT2217,2025-06-16,2025-07-15,2025-07-06,36,36,12.13,436.68,On Time
PO005540,V008,KIT0852,2026-01-31,2026-03-15,2026-03-11,72,72,63.13,4545.36,On Time
PO005541,V002,DEC0114,2025-12-13,2026-01-17,2026-01-22,120,120,15.53,1863.6,Late
PO005542,V019,UTL1134,2026-05-22,2026-06-26,2026-07-10,96,96,29.96,2876.16,Late
PO005543,V001,TOW1457,2025-11-17,2025-12-18,2025-12-21,48,48,20.01,960.48,Late
PO005544,V002,DUV1197,2026-05-04,2026-06-08,2026-06-13,48,36,65.19,3129.12,Late
PO005545,V017,SEA0688,2026-04-12,2026-04-27,2026-05-05,96,96,332.71,31940.16,Late
PO005546,V010,DUV1215,2026-05-10,2026-07-01,2026-07-09,48,48,66.73,3203.04,Late
PO005547,V012,DEC0021,2025-08-13,2025-09-08,2025-09-12,120,120,21.38,2565.6,Late
PO005548,V015,TOW1470,2026-03-12,2026-04-05,2026-04-05,24,24,33.25,798.0,On Time
PO005549,V016,SHT1265,2026-05-16,2026-05-30,2026-05-27,120,120,38.77,4652.4,On Time
PO005550,V014,SEA0716,2025-08-11,2025-09-21,2025-10-07,24,24,105.71,2537.04,Late
PO005551,V009,BTH1558,2025-03-21,2025-05-08,2025-05-07,48,48,36.69,1761.12,On Time
PO005552,V012,KIT0893,2025-02-27,2025-03-25,2025-04-05,24,24,45.03,1080.72,Late
PO005553,V020,SEA0734,2026-06-03,2026-07-02,2026-07-01,96,78,124.96,11996.16,On Time
PO005554,V018,FUR0642,2025-03-21,2025-04-05,2025-04-06,72,72,72.63,5229.36,On Time
PO005555,V008,SEA0712,2026-02-03,2026-03-18,2026-03-15,48,48,137.48,6599.04,On Time
PO005556,V017,LGT1776,2025-10-13,2025-10-28,2025-10-26,96,96,41.56,3989.76,On Time
PO005557,V019,DEC0011,2026-06-12,2026-07-17,2026-07-20,24,24,12.41,297.84,Late
PO005558,V009,SHT1315,2026-01-02,2026-02-19,2026-02-18,96,96,25.64,2461.44,On Time
PO005559,V013,DUV1224,2025-11-11,2025-12-04,2025-12-05,96,96,82.4,7910.4,On Time
PO005560,V009,FUR0575,2026-05-23,2026-07-10,2026-07-20,36,36,237.95,8566.2,Late
PO005561,V016,FUR0662,2026-05-08,2026-05-22,2026-05-25,36,36,211.78,7624.08,Late
PO005562,V013,TOW1433,2025-07-07,2025-07-30,2025-07-31,96,96,10.71,1028.16,On Time
PO005563,V020,SUM2037,2025-04-11,2025-05-10,2025-05-05,48,48,36.18,1736.64,On Time
PO005564,V007,DEC0126,2026-04-10,2026-04-30,2026-05-01,72,72,30.01,2160.72,On Time
PO005565,V009,TOW1452,2025-04-26,2025-06-13,2025-06-11,96,96,14.11,1354.56,On Time
PO005566,V015,BSK1576,2025-09-08,2025-10-02,2025-10-06,72,72,34.56,2488.32,Late
PO005567,V010,TOW1464,2025-07-15,2025-09-05,2025-09-13,36,36,26.53,955.08,Late
PO005568,V006,PIL1355,2025-12-29,2026-02-03,2026-02-11,72,72,11.93,858.96,Late
PO005569,V002,KIT0877,2025-08-21,2025-09-25,2025-10-07,48,48,70.31,3374.88,Late
PO005570,V004,KIT0857,2026-07-03,2026-07-21,2026-08-02,120,120,59.69,7162.8,Late
PO005571,V002,FRM2183,2025-12-13,2026-01-17,2026-01-27,36,36,36.64,1319.04,Late
PO005572,V016,KIT0859,2025-07-14,2025-07-28,2025-08-02,24,24,84.1,2018.4,Late
PO005573,V010,DUV1158,2026-05-27,2026-07-18,2026-07-24,24,24,59.26,1422.24,Late
PO005574,V014,UTL1087,2025-10-31,2025-12-11,2025-12-18,48,48,30.8,1478.4,Late
PO005575,V019,TEX0522,2025-06-05,2025-07-10,2025-07-12,96,96,25.98,2494.08,On Time
PO005576,V008,WAL0312,2025-09-15,2025-10-28,2025-10-23,72,72,27.17,1956.24,On Time
PO005577,V006,SRV1015,2025-02-10,2025-03-18,2025-03-20,72,72,43.98,3166.56,On Time
PO005578,V009,SEA0758,2026-01-28,2026-03-17,2026-03-17,36,36,118.27,4257.72,On Time
PO005579,V015,LGT1779,2025-06-17,2025-07-11,2025-07-12,36,36,91.28,3286.08,On Time
PO005580,V009,FLR1844,2026-06-20,2026-08-07,2026-08-06,36,36,102.08,3674.88,On Time
PO005581,V004,TAB0837,2025-05-11,2025-05-29,2025-05-21,72,72,179.6,12931.2,On Time
PO005582,V008,HAL2009,2026-01-06,2026-02-18,2026-02-18,120,120,25.0,3000.0,On Time
PO005583,V008,SHT1289,2026-03-02,2026-04-14,2026-04-13,24,24,20.72,497.28,On Time
PO005584,V002,MIR0351,2026-02-07,2026-03-14,2026-03-14,96,96,53.65,5150.4,On Time
PO005585,V005,BTH1523,2026-03-22,2026-05-02,2026-05-05,48,48,4.71,226.08,Late
PO005586,V001,WAL0297,2026-02-09,2026-03-12,2026-03-10,120,120,70.43,8451.6,On Time
PO005587,V002,SHL1657,2026-06-20,2026-07-25,2026-08-06,96,96,78.8,7564.8,Late
PO005588,V020,SRV1037,2025-06-23,2025-07-22,2025-07-20,96,96,36.76,3528.96,On Time
PO005589,V011,TEX0487,2026-05-09,2026-06-20,2026-06-20,36,36,39.12,1408.32,On Time
PO005590,V013,UTL1096,2026-07-01,2026-07-24,2026-07-26,36,36,26.08,938.88,On Time
PO005591,V002,DEC0143,2026-02-19,2026-03-26,2026-04-02,48,48,38.67,1856.16,Late
PO005592,V008,CND2158,2025-02-01,2025-03-16,2025-03-09,48,48,33.56,1610.88,On Time
PO005593,V006,FRM2192,2025-12-06,2026-01-11,2026-01-07,96,96,11.11,1066.56,On Time
PO005594,V019,BTH1522,2025-09-21,2025-10-26,2025-10-26,120,120,13.26,1591.2,On Time
PO005595,V004,TEX0543,2026-01-14,2026-02-01,2026-02-05,96,96,14.74,1415.04,Late
PO005596,V018,SHT1328,2025-02-19,2025-03-06,2025-03-07,72,72,73.6,5299.2,On Time
PO005597,V020,WAL0325,2026-06-04,2026-07-03,2026-07-09,48,48,15.52,744.96,Late
PO005598,V001,SEA0700,2025-06-27,2025-07-28,2025-07-29,36,36,152.87,5503.32,On Time
PO005599,V010,WAL0338,2026-06-02,2026-07-24,2026-07-20,24,24,56.66,1359.84,On Time
PO005600,V001,DUV1191,2025-02-07,2025-03-10,2025-03-12,36,36,45.27,1629.72,On Time
PO005601,V002,SHT1323,2025-07-17,2025-08-21,2025-09-01,96,84,62.3,5980.8,Late
PO005602,V020,SHL1674,2026-04-27,2026-05-26,2026-06-05,72,72,79.14,5698.08,Late
PO005603,V016,BTH1513,2025-04-07,2025-04-21,2025-04-24,72,72,31.04,2234.88,Late
PO005604,V013,LGT1824,2025-09-25,2025-10-18,2025-10-16,24,24,72.68,1744.32,On Time
PO005605,V001,KIT0868,2026-04-06,2026-05-07,2026-05-16,72,72,31.44,2263.68,Late
PO005606,V018,MIR0382,2025-08-16,2025-08-31,2025-08-26,36,36,64.9,2336.4,On Time
PO005607,V010,PEN1895,2026-02-05,2026-03-29,2026-03-27,72,72,62.18,4476.96,On Time
PO005608,V016,TAB0845,2025-04-19,2025-05-03,2025-05-19,72,72,229.61,16531.92,Late
PO005609,V011,FRM2190,2025-06-09,2025-07-21,2025-08-01,72,72,15.31,1102.32,Late
PO005610,V020,BSK1577,2025-12-07,2026-01-05,2026-01-06,72,72,12.55,903.6,On Time
PO005611,V001,WAL0297,2025-05-02,2025-06-02,2025-05-26,96,96,70.43,6761.28,On Time
PO005612,V003,GFT2240,2026-03-01,2026-05-02,2026-05-02,96,96,44.67,4288.32,On Time
PO005613,V012,SHT1290,2025-02-20,2025-03-18,2025-03-26,72,72,26.08,1877.76,Late
PO005614,V013,FRM2184,2025-12-12,2026-01-04,2026-01-06,96,96,23.25,2232.0,On Time
PO005615,V002,WIN2097,2026-05-07,2026-06-11,2026-06-18,72,54,26.16,1883.52,Late
PO005616,V010,TOW1464,2025-07-13,2025-09-03,2025-09-09,48,48,26.53,1273.44,Late
PO005617,V010,HAL1987,2025-05-15,2025-07-06,2025-07-05,96,96,18.13,1740.48,On Time
PO005618,V006,KIT0929,2025-12-07,2026-01-12,2026-01-13,48,48,58.15,2791.2,On Time
PO005619,V006,TEX0515,2026-04-22,2026-05-28,2026-05-26,36,36,39.7,1429.2,On Time
PO005620,V020,PEN1914,2025-07-15,2025-08-13,2025-08-08,120,114,98.2,11784.0,On Time
PO005621,V010,TEX0507,2026-01-09,2026-03-02,2026-03-04,36,36,37.24,1340.64,On Time
PO005622,V005,DEC0072,2025-10-22,2025-12-02,2025-12-05,36,36,14.83,533.88,Late
PO005623,V006,SRV0972,2026-01-28,2026-03-05,2026-03-14,120,120,35.9,4308.0,Late
PO005624,V001,TAB0848,2026-06-14,2026-07-15,2026-07-17,72,72,112.97,8133.84,On Time
PO005625,V002,DEC0157,2026-01-12,2026-02-16,2026-02-19,48,48,50.16,2407.68,Late
PO005626,V004,CHR1980,2026-04-11,2026-04-29,2026-05-06,96,96,56.99,5471.04,Late
PO005627,V019,CND2105,2026-01-29,2026-03-05,2026-02-28,96,96,35.21,3380.16,On Time
PO005628,V015,SEA0719,2026-04-15,2026-05-09,2026-05-12,120,120,134.84,16180.8,Late
PO005629,V005,DUV1166,2026-04-23,2026-06-03,2026-06-15,72,72,88.46,6369.12,Late
PO005630,V019,SHT1302,2025-08-09,2025-09-13,2025-09-16,120,120,28.66,3439.2,Late
PO005631,V001,FUR0597,2025-03-25,2025-04-25,2025-04-27,36,36,88.55,3187.8,On Time
PO005632,V012,DUV1167,2025-06-21,2025-07-17,2025-07-18,24,24,103.49,2483.76,On Time
PO005633,V016,CHR1962,2026-03-15,2026-03-29,2026-04-08,36,36,14.0,504.0,Late
PO005634,V004,PIL1369,2025-02-04,2025-02-22,2025-02-27,24,24,19.84,476.16,Late
PO005635,V017,TOW1482,2026-06-07,2026-06-22,2026-06-15,24,24,25.43,610.32,On Time
PO005636,V005,WAL0286,2025-02-20,2025-04-02,2025-04-02,120,108,72.5,8700.0,On Time
PO005637,V014,KIT0899,2026-05-10,2026-06-20,2026-06-20,24,6,30.52,732.48,On Time
PO005638,V009,PEN1898,2026-01-25,2026-03-14,2026-03-18,120,120,169.22,20306.4,Late
PO005639,V001,BTH1531,2026-06-24,2026-07-25,2026-07-26,120,120,11.96,1435.2,On Time
PO005640,V011,LGT1821,2026-01-11,2026-02-22,2026-03-01,120,120,57.19,6862.8,Late
PO005641,V018,ORG1731,2025-09-02,2025-09-17,2025-09-10,48,48,12.58,603.84,On Time
PO005642,V019,SHT1325,2025-08-27,2025-10-01,2025-09-28,96,96,93.25,8952.0,On Time
PO005643,V006,BTH1509,2025-04-16,2025-05-22,2025-05-25,72,72,28.61,2059.92,Late
PO005644,V006,KIT0869,2026-02-03,2026-03-11,2026-03-10,36,36,46.77,1683.72,On Time
PO005645,V013,WAL0327,2025-08-29,2025-09-21,2025-09-17,36,36,68.04,2449.44,On Time
PO005646,V016,WAL0245,2026-06-22,2026-07-06,2026-07-04,120,120,46.87,5624.4,On Time
PO005647,V019,SEA0722,2025-06-03,2025-07-08,2025-06-27,72,72,309.58,22289.76,On Time
PO005648,V012,BSK1610,2026-03-23,2026-04-18,2026-04-11,96,96,45.92,4408.32,On Time
PO005649,V015,SUM2033,2025-06-15,2025-07-09,2025-07-15,72,66,69.61,5011.92,Late
PO005650,V006,GFT2223,2025-08-20,2025-09-25,2025-09-26,120,120,25.38,3045.6,On Time
PO005651,V007,BSK1589,2025-11-29,2025-12-19,2025-12-21,72,72,9.65,694.8,On Time
PO005652,V002,MIR0351,2025-04-15,2025-05-20,2025-05-28,24,24,53.65,1287.6,Late
PO005653,V014,TEX0510,2025-11-17,2025-12-28,2025-12-31,72,72,45.82,3299.04,Late
PO005654,V013,MIR0390,2026-07-05,2026-07-28,2026-08-08,24,24,92.59,2222.16,Late
PO005655,V011,KIT0904,2025-06-16,2025-07-28,2025-08-08,24,24,102.53,2460.72,Late
PO005656,V007,TOW1415,2025-12-07,2025-12-27,2025-12-28,72,72,31.33,2255.76,On Time
PO005657,V016,TAB0836,2026-01-26,2026-02-09,2026-02-25,96,84,177.87,17075.52,Late
PO005658,V003,TAB0794,2025-10-10,2025-12-11,2025-12-11,36,36,270.56,9740.16,On Time
PO005659,V015,DEC0190,2026-03-16,2026-04-09,2026-04-04,120,120,19.3,2316.0,On Time
PO005660,V020,WAL0217,2025-03-12,2025-04-10,2025-04-16,24,24,60.89,1461.36,Late
PO005661,V013,SRV1016,2026-03-03,2026-03-26,2026-03-29,48,48,45.27,2172.96,Late
PO005662,V013,MIR0416,2026-05-29,2026-06-21,2026-06-28,96,96,91.17,8752.32,Late
PO005663,V001,PIL1397,2026-05-04,2026-06-04,2026-06-06,48,48,14.56,698.88,On Time
PO005664,V011,FLR1864,2025-02-09,2025-03-23,2025-03-26,24,24,100.33,2407.92,Late
PO005665,V017,FRM2208,2025-11-10,2025-11-25,2025-12-02,24,24,23.75,570.0,Late
PO005666,V015,SUM2053,2025-03-25,2025-04-18,2025-04-17,36,36,28.35,1020.6,On Time
PO005667,V013,BSK1630,2026-05-11,2026-06-03,2026-06-04,72,72,33.59,2418.48,On Time
PO005668,V018,ORG1739,2026-01-02,2026-01-17,2026-01-09,36,36,34.92,1257.12,On Time
PO005669,V020,TOW1411,2026-05-12,2026-06-10,2026-06-09,96,96,27.27,2617.92,On Time
PO005670,V017,KIT0896,2025-11-26,2025-12-11,2025-12-22,96,96,17.67,1696.32,Late
PO005671,V004,TAB0766,2026-04-15,2026-05-03,2026-04-25,120,120,213.4,25608.0,On Time
PO005672,V004,TOW1446,2025-12-26,2026-01-13,2026-01-12,120,102,16.47,1976.4,On Time
PO005673,V004,SRV1009,2025-03-04,2025-03-22,2025-03-18,36,36,25.93,933.48,On Time
PO005674,V017,SRV1076,2025-09-03,2025-09-18,2025-09-24,48,48,25.17,1208.16,Late
PO005675,V006,PIL1363,2026-05-05,2026-06-10,2026-06-15,120,120,24.08,2889.6,Late
PO005676,V003,ORG1746,2026-05-15,2026-07-16,2026-07-19,120,120,34.75,4170.0,Late
PO005677,V012,SEA0687,2025-07-20,2025-08-15,2025-08-16,72,72,130.87,9422.64,On Time
PO005678,V010,BSK1644,2025-06-16,2025-08-07,2025-08-02,24,24,41.41,993.84,On Time
PO005679,V005,TEX0449,2025-04-01,2025-05-12,2025-05-14,48,48,38.04,1825.92,On Time
PO005680,V011,DUV1190,2026-01-22,2026-03-05,2026-03-02,72,72,62.1,4471.2,On Time
PO005681,V002,WAL0191,2026-03-29,2026-05-03,2026-05-12,36,36,61.6,2217.6,Late
PO005682,V009,FRM2215,2026-01-15,2026-03-04,2026-02-25,96,96,33.5,3216.0,On Time
PO005683,V016,UTL1102,2026-03-06,2026-03-20,2026-04-06,120,120,9.24,1108.8,Late
PO005684,V002,CND2160,2025-11-19,2025-12-24,2025-12-30,48,48,24.16,1159.68,Late
PO005685,V009,BTH1504,2025-05-22,2025-07-09,2025-07-12,36,36,19.69,708.84,Late
PO005686,V016,WAL0342,2025-03-19,2025-04-02,2025-04-17,48,30,18.7,897.6,Late
PO005687,V015,FRM2202,2025-11-14,2025-12-08,2025-12-13,48,48,15.71,754.08,Late
PO005688,V012,SHL1690,2026-06-29,2026-07-25,2026-07-20,120,120,41.32,4958.4,On Time
PO005689,V014,ORG1719,2025-07-17,2025-08-27,2025-09-01,72,72,12.41,893.52,Late
PO005690,V014,TEX0436,2025-09-23,2025-11-03,2025-11-10,24,24,33.26,798.24,Late
PO005691,V018,PIL1365,2026-06-10,2026-06-25,2026-06-27,36,36,40.76,1467.36,On Time
PO005692,V015,FUR0610,2025-03-06,2025-03-30,2025-04-03,96,96,223.91,21495.36,Late
PO005693,V018,DEC0005,2025-12-08,2025-12-23,2025-12-27,36,36,47.06,1694.16,Late
PO005694,V009,UTL1098,2025-10-10,2025-11-27,2025-11-29,120,120,11.98,1437.6,On Time
PO005695,V020,SRV0991,2026-04-23,2026-05-22,2026-05-18,48,48,14.28,685.44,On Time
PO005696,V016,UTL1085,2025-11-06,2025-11-20,2025-11-25,72,72,16.22,1167.84,Late
PO005697,V013,DEC0047,2025-07-19,2025-08-11,2025-08-19,48,48,51.05,2450.4,Late
PO005698,V008,DUV1169,2025-02-25,2025-04-09,2025-04-16,120,120,103.09,12370.8,Late
PO005699,V008,KIT0955,2025-09-25,2025-11-07,2025-11-08,96,96,69.76,6696.96,On Time
PO005700,V006,TOW1463,2025-12-06,2026-01-11,2026-01-10,48,48,27.94,1341.12,On Time
PO005701,V003,ORG1766,2026-05-16,2026-07-17,2026-07-27,120,120,20.1,2412.0,Late
PO005702,V012,TOW1484,2025-10-24,2025-11-19,2025-11-16,48,42,31.2,1497.6,On Time
PO005703,V015,PIL1376,2025-12-22,2026-01-15,2026-01-15,120,120,17.59,2110.8,On Time
PO005704,V010,SEA0718,2025-02-18,2025-04-11,2025-04-13,72,72,334.29,24068.88,On Time
PO005705,V007,UTL1138,2025-04-26,2025-05-16,2025-05-17,120,108,25.11,3013.2,On Time
PO005706,V020,MIR0425,2025-09-17,2025-10-16,2025-10-15,24,24,43.38,1041.12,On Time
PO005707,V003,SHT1246,2026-04-22,2026-06-23,2026-06-23,120,120,22.09,2650.8,On Time
PO005708,V006,KIT0895,2026-06-25,2026-07-31,2026-08-03,24,24,64.07,1537.68,Late
PO005709,V005,TAB0780,2026-06-21,2026-08-01,2026-08-02,48,48,90.09,4324.32,On Time
PO005710,V014,TOW1456,2026-02-08,2026-03-21,2026-03-23,24,24,28.92,694.08,On Time
PO005711,V002,SHT1280,2025-05-06,2025-06-10,2025-06-08,24,24,42.97,1031.28,On Time
PO005712,V002,SRV1080,2025-11-26,2025-12-31,2026-01-17,96,96,24.1,2313.6,Late
PO005713,V009,TOW1475,2025-11-26,2026-01-13,2026-01-20,48,48,25.8,1238.4,Late
PO005714,V016,DEC0059,2025-07-16,2025-07-30,2025-08-03,120,114,29.92,3590.4,Late
PO005715,V010,DUV1164,2026-02-21,2026-04-14,2026-04-19,72,72,120.67,8688.24,Late
PO005716,V004,SRV1003,2025-10-31,2025-11-18,2025-11-24,96,96,39.5,3792.0,Late
PO005717,V018,CND2162,2025-05-09,2025-05-24,2025-05-16,96,96,14.43,1385.28,On Time
PO005718,V004,UTL1143,2026-03-02,2026-03-20,2026-03-26,72,72,11.99,863.28,Late
PO005719,V003,PIL1383,2025-08-07,2025-10-08,2025-10-10,72,72,9.37,674.64,On Time
PO005720,V005,PEN1900,2025-02-06,2025-03-19,2025-03-13,36,36,172.28,6202.08,On Time
PO005721,V001,ORG1714,2025-09-07,2025-10-08,2025-10-15,120,120,15.23,1827.6,Late
PO005722,V007,DUV1212,2025-09-01,2025-09-21,2025-09-28,72,66,129.39,9316.08,Late
PO005723,V001,SHT1231,2025-05-08,2025-06-08,2025-06-06,120,120,36.83,4419.6,On Time
PO005724,V012,PIL1361,2025-08-24,2025-09-19,2025-10-03,96,96,38.88,3732.48,Late
PO005725,V020,FRM2171,2026-05-28,2026-06-26,2026-06-26,72,72,32.89,2368.08,On Time
PO005726,V018,TEX0519,2025-06-10,2025-06-25,2025-06-27,48,48,9.49,455.52,On Time
PO005727,V015,FLR1859,2026-02-09,2026-03-05,2026-03-03,24,24,55.38,1329.12,On Time
PO005728,V003,SHL1677,2026-05-19,2026-07-20,2026-07-19,24,24,106.45,2554.8,On Time
PO005729,V018,KIT0945,2025-05-06,2025-05-21,2025-05-27,24,24,29.25,702.0,Late
PO005730,V008,KIT0958,2025-02-23,2025-04-07,2025-04-06,96,96,31.08,2983.68,On Time
PO005731,V001,TAB0820,2025-12-13,2026-01-13,2026-01-11,48,48,182.35,8752.8,On Time
PO005732,V007,WAL0218,2025-08-01,2025-08-21,2025-08-22,24,6,53.14,1275.36,On Time
PO005733,V009,MIR0404,2025-07-17,2025-09-03,2025-09-04,96,90,38.68,3713.28,On Time
PO005734,V017,FUR0665,2025-09-22,2025-10-07,2025-10-10,72,72,72.58,5225.76,Late
PO005735,V001,WAL0248,2025-09-02,2025-10-03,2025-10-08,120,120,34.65,4158.0,Late
PO005736,V004,SRV0983,2026-01-01,2026-01-19,2026-01-16,36,36,39.25,1413.0,On Time
PO005737,V014,CND2167,2025-02-10,2025-03-23,2025-03-21,48,48,33.6,1612.8,On Time
PO005738,V017,BTH1502,2025-07-17,2025-08-01,2025-08-05,36,36,7.43,267.48,Late
PO005739,V020,LGT1777,2025-06-13,2025-07-12,2025-07-18,36,36,100.68,3624.48,Late
PO005740,V008,LGT1798,2025-09-08,2025-10-21,2025-10-19,72,72,92.64,6670.08,On Time
PO005741,V014,DEC0056,2026-03-03,2026-04-13,2026-04-20,24,24,38.7,928.8,Late
PO005742,V014,TEX0530,2026-02-12,2026-03-25,2026-03-25,72,72,14.1,1015.2,On Time
PO005743,V002,BTH1503,2025-04-26,2025-05-31,2025-06-09,36,36,21.19,762.84,Late
PO005744,V007,MIR0352,2026-02-02,2026-02-22,2026-02-22,120,120,58.04,6964.8,On Time
PO005745,V007,KIT0909,2025-09-15,2025-10-05,2025-10-05,24,24,74.45,1786.8,On Time
PO005746,V017,DUV1168,2025-10-15,2025-10-30,2025-11-10,36,36,93.84,3378.24,Late
PO005747,V015,PEN1910,2026-07-02,2026-07-26,2026-07-23,48,42,278.25,13356.0,On Time
PO005748,V019,PEN1885,2025-12-24,2026-01-28,2026-01-30,48,48,147.14,7062.72,On Time
PO005749,V008,DUV1155,2026-07-05,2026-08-17,2026-08-14,120,120,113.66,13639.2,On Time
PO005750,V019,DEC0182,2025-12-20,2026-01-24,2026-01-26,72,72,11.19,805.68,On Time
PO005751,V008,TEX0438,2025-06-04,2025-07-17,2025-07-13,120,120,41.23,4947.6,On Time
PO005752,V011,SUM2041,2025-07-22,2025-09-02,2025-09-04,48,30,46.45,2229.6,On Time
PO005753,V020,UTL1137,2025-03-10,2025-04-08,2025-04-12,24,24,7.0,168.0,Late
PO005754,V016,SUM2039,2026-01-22,2026-02-05,2026-02-13,72,72,16.05,1155.6,Late
PO005755,V017,SRV1076,2025-04-09,2025-04-24,2025-04-23,96,96,25.17,2416.32,On Time
PO005756,V010,FUR0607,2025-04-20,2025-06-11,2025-06-02,120,120,108.76,13051.2,On Time
PO005757,V005,CND2123,2026-06-02,2026-07-13,2026-07-22,96,96,23.05,2212.8,Late
PO005758,V012,DUV1173,2025-02-18,2025-03-16,2025-03-17,36,36,71.66,2579.76,On Time
PO005759,V019,SHT1325,2026-03-20,2026-04-24,2026-04-24,24,24,93.25,2238.0,On Time
PO005760,V010,FRM2201,2025-02-12,2025-04-05,2025-03-30,96,96,37.64,3613.44,On Time
PO005761,V017,CND2142,2025-06-11,2025-06-26,2025-06-23,48,36,26.12,1253.76,On Time
PO005762,V004,DUV1183,2026-04-22,2026-05-10,2026-05-05,120,120,106.98,12837.6,On Time
PO005763,V017,PIL1382,2025-08-10,2025-08-25,2025-08-09,120,120,35.0,4200.0,On Time
PO005764,V017,PEN1899,2025-05-14,2025-05-29,2025-05-29,96,96,112.27,10777.92,On Time
PO005765,V020,DEC0177,2026-06-14,2026-07-13,2026-07-11,96,96,17.47,1677.12,On Time
PO005766,V012,PIL1361,2025-09-14,2025-10-10,2025-10-01,72,72,38.88,2799.36,On Time
PO005767,V008,FRM2181,2025-12-03,2026-01-15,2026-01-16,24,24,26.64,639.36,On Time
PO005768,V002,TEX0480,2025-02-28,2025-04-04,2025-04-01,72,72,32.74,2357.28,On Time
PO005769,V012,BTH1544,2025-02-12,2025-03-10,2025-03-15,72,72,17.74,1277.28,Late
PO005770,V011,FLR1847,2025-06-18,2025-07-30,2025-08-09,120,120,101.44,12172.8,Late
PO005771,V009,SHT1275,2025-08-18,2025-10-05,2025-10-06,48,48,30.26,1452.48,On Time
PO005772,V007,ORG1715,2026-01-20,2026-02-09,2026-02-12,72,72,32.53,2342.16,Late
PO005773,V002,PIL1331,2025-09-26,2025-10-31,2025-10-29,96,96,50.32,4830.72,On Time
PO005774,V017,GFT2236,2025-10-15,2025-10-30,2025-10-29,24,24,62.5,1500.0,On Time
PO005775,V005,WAL0212,2026-04-16,2026-05-27,2026-05-28,120,120,36.17,4340.4,On Time
PO005776,V011,TAB0787,2026-02-09,2026-03-23,2026-03-24,36,36,168.53,6067.08,On Time
PO005777,V004,SRV1009,2026-04-17,2026-05-05,2026-05-15,96,96,25.93,2489.28,Late
PO005778,V009,WIN2075,2025-11-20,2026-01-07,2026-01-10,48,48,31.68,1520.64,Late
PO005779,V002,FUR0623,2025-04-08,2025-05-13,2025-05-20,96,96,108.66,10431.36,Late
PO005780,V003,SHT1314,2025-10-15,2025-12-16,2025-12-11,36,36,27.73,998.28,On Time
PO005781,V013,GFT2247,2025-09-28,2025-10-21,2025-10-25,24,24,47.49,1139.76,Late
PO005782,V019,SRV0988,2026-01-11,2026-02-15,2026-02-20,24,24,31.04,744.96,Late
PO005783,V013,SRV1053,2026-03-28,2026-04-20,2026-04-22,72,72,15.87,1142.64,On Time
PO005784,V005,SHT1283,2025-02-04,2025-03-17,2025-03-19,36,36,41.04,1477.44,On Time
PO005785,V013,GFT2247,2026-06-28,2026-07-21,2026-07-24,48,48,47.49,2279.52,Late
PO005786,V009,ORG1758,2026-05-23,2026-07-10,2026-07-12,96,96,32.96,3164.16,On Time
PO005787,V020,PIL1385,2026-03-06,2026-04-04,2026-04-14,96,96,11.74,1127.04,Late
PO005788,V016,SRV1065,2026-07-01,2026-07-15,2026-07-18,120,108,26.57,3188.4,Late
PO005789,V010,TAB0807,2025-08-13,2025-10-04,2025-09-30,96,96,282.3,27100.8,On Time
PO005790,V013,PIL1393,2025-08-03,2025-08-26,2025-08-29,36,36,43.86,1578.96,Late
PO005791,V012,DEC0064,2025-07-03,2025-07-29,2025-08-05,96,96,47.08,4519.68,Late
PO005792,V007,ORG1732,2026-01-30,2026-02-19,2026-02-26,120,114,47.79,5734.8,Late
PO005793,V020,MIR0365,2026-01-17,2026-02-15,2026-02-15,96,96,50.38,4836.48,On Time
PO005794,V012,FUR0644,2026-06-25,2026-07-21,2026-07-20,48,48,124.34,5968.32,On Time
PO005795,V011,TAB0801,2026-05-27,2026-07-08,2026-07-24,96,78,206.28,19802.88,Late
PO005796,V015,TEX0433,2026-04-19,2026-05-13,2026-05-17,48,48,19.51,936.48,Late
PO005797,V007,WAL0315,2026-03-10,2026-03-30,2026-04-07,48,42,53.4,2563.2,Late
PO005798,V008,DUV1201,2026-01-29,2026-03-13,2026-03-08,36,36,69.67,2508.12,On Time
PO005799,V019,FUR0628,2026-01-27,2026-03-03,2026-02-27,36,36,88.0,3168.0,On Time
PO005800,V007,TEX0512,2025-12-15,2026-01-04,2026-01-07,48,42,12.7,609.6,Late
PO005801,V007,TEX0546,2025-07-11,2025-07-31,2025-08-10,96,96,46.08,4423.68,Late
PO005802,V019,MIR0362,2025-02-12,2025-03-19,2025-03-22,48,48,93.11,4469.28,Late
PO005803,V012,BSK1601,2025-06-12,2025-07-08,2025-07-10,120,120,27.98,3357.6,On Time
PO005804,V015,SUM2059,2026-02-16,2026-03-12,2026-03-09,36,36,20.49,737.64,On Time
PO005805,V012,DUV1184,2025-08-10,2025-09-05,2025-08-31,24,24,73.93,1774.32,On Time
PO005806,V007,DEC0075,2025-10-21,2025-11-10,2025-11-15,36,18,27.32,983.52,Late
PO005807,V012,SHL1690,2025-11-05,2025-12-01,2025-12-03,24,6,41.32,991.68,On Time
PO005808,V018,DEC0028,2025-08-10,2025-08-25,2025-08-24,24,24,21.01,504.24,On Time
PO005809,V015,BSK1576,2025-08-20,2025-09-13,2025-09-13,36,30,34.56,1244.16,On Time
PO005810,V002,DEC0037,2026-01-25,2026-03-01,2026-03-18,120,120,36.83,4419.6,Late
PO005811,V012,SHT1267,2025-03-09,2025-04-04,2025-04-09,96,96,85.56,8213.76,Late
PO005812,V018,FLR1868,2025-04-15,2025-04-30,2025-05-07,36,36,115.65,4163.4,Late
PO005813,V009,SHT1315,2026-06-30,2026-08-17,2026-08-22,72,72,25.64,1846.08,Late
PO005814,V016,FUR0602,2026-04-17,2026-05-01,2026-05-02,96,96,164.13,15756.48,On Time
PO005815,V002,SEA0711,2025-11-09,2025-12-14,2025-12-25,48,48,170.67,8192.16,Late
PO005816,V007,HAL2018,2025-05-02,2025-05-22,2025-05-29,36,36,30.77,1107.72,Late
PO005817,V009,SRV1072,2025-09-28,2025-11-15,2025-11-20,24,18,60.66,1455.84,Late
PO005818,V003,SHT1234,2025-02-07,2025-04-10,2025-04-10,120,120,96.47,11576.4,On Time
PO005819,V020,FRM2188,2025-07-11,2025-08-09,2025-08-14,24,24,30.6,734.4,Late
PO005820,V020,KIT0911,2026-04-07,2026-05-06,2026-05-06,72,72,53.12,3824.64,On Time
PO005821,V008,SUM2032,2025-04-06,2025-05-19,2025-05-15,72,72,57.58,4145.76,On Time
PO005822,V010,SHL1661,2025-12-04,2026-01-25,2026-01-23,72,72,81.11,5839.92,On Time
PO005823,V020,PEN1917,2025-05-23,2025-06-21,2025-06-25,120,120,148.18,17781.6,Late
PO005824,V001,FLR1874,2026-02-01,2026-03-04,2026-03-11,120,120,117.06,14047.2,Late
PO005825,V015,FRM2202,2026-02-22,2026-03-18,2026-03-24,36,36,15.71,565.56,Late
PO005826,V001,UTL1148,2025-03-17,2025-04-17,2025-04-24,72,72,25.28,1820.16,Late
PO005827,V015,SEA0753,2025-06-22,2025-07-16,2025-07-13,24,24,310.3,7447.2,On Time
PO005828,V019,PEN1885,2026-04-07,2026-05-12,2026-05-17,24,24,147.14,3531.36,Late
PO005829,V011,SEA0747,2025-04-15,2025-05-27,2025-06-01,36,24,170.22,6127.92,Late
PO005830,V011,UTL1150,2025-09-24,2025-11-05,2025-11-08,36,36,27.03,973.08,Late
PO005831,V004,WAL0306,2026-03-13,2026-03-31,2026-04-06,72,72,54.39,3916.08,Late
PO005832,V015,DUV1170,2026-02-12,2026-03-08,2026-02-27,96,96,110.34,10592.64,On Time
PO005833,V008,FUR0632,2026-06-09,2026-07-22,2026-07-25,72,72,186.5,13428.0,Late
PO005834,V010,DUV1158,2025-09-21,2025-11-12,2025-11-11,120,120,59.26,7111.2,On Time
PO005835,V002,BTH1503,2026-01-19,2026-02-23,2026-03-09,120,102,21.19,2542.8,Late
PO005836,V020,FUR0571,2025-08-09,2025-09-07,2025-09-05,36,24,115.94,4173.84,On Time
PO005837,V012,KIT0953,2026-05-30,2026-06-25,2026-06-22,120,120,50.32,6038.4,On Time
PO005838,V012,TEX0504,2026-02-26,2026-03-24,2026-03-29,96,96,52.22,5013.12,Late
PO005839,V010,KIT0884,2025-03-09,2025-04-30,2025-05-04,36,36,17.26,621.36,Late
PO005840,V007,SRV1052,2025-03-08,2025-03-28,2025-04-08,72,72,55.14,3970.08,Late
PO005841,V011,DUV1181,2026-02-03,2026-03-17,2026-03-22,96,96,110.86,10642.56,Late
PO005842,V004,ORG1717,2025-03-09,2025-03-27,2025-03-31,120,120,36.35,4362.0,Late
PO005843,V006,SRV1043,2025-10-29,2025-12-04,2025-12-13,24,6,33.44,802.56,Late
PO005844,V005,UTL1083,2025-02-03,2025-03-16,2025-03-19,24,24,28.85,692.4,Late
PO005845,V008,SHT1269,2025-06-11,2025-07-24,2025-07-28,36,36,31.73,1142.28,Late
PO005846,V017,WIN2099,2025-08-17,2025-09-01,2025-08-29,96,96,16.34,1568.64,On Time
PO005847,V015,TOW1430,2025-05-17,2025-06-10,2025-06-20,120,120,30.35,3642.0,Late
PO005848,V006,SUM2023,2025-09-04,2025-10-10,2025-10-11,24,24,14.27,342.48,On Time
PO005849,V016,SRV0985,2025-06-05,2025-06-19,2025-06-23,96,96,8.21,788.16,Late
PO005850,V009,SEA0724,2025-03-14,2025-05-01,2025-04-26,24,18,124.37,2984.88,On Time
PO005851,V014,ORG1750,2025-10-31,2025-12-11,2025-12-10,48,48,40.42,1940.16,On Time
PO005852,V020,WAL0194,2025-12-15,2026-01-13,2026-01-08,36,30,31.94,1149.84,On Time
PO005853,V015,BSK1576,2025-11-29,2025-12-23,2025-12-14,24,24,34.56,829.44,On Time
PO005854,V007,BTH1532,2025-02-07,2025-02-27,2025-03-05,120,108,37.46,4495.2,Late
PO005855,V016,PIL1339,2026-01-22,2026-02-05,2026-02-15,48,48,34.2,1641.6,Late
PO005856,V008,LGT1798,2026-02-18,2026-04-02,2026-04-03,36,36,92.64,3335.04,On Time
PO005857,V015,UTL1113,2026-05-04,2026-05-28,2026-06-07,72,72,9.98,718.56,Late
PO005858,V002,CND2137,2025-11-02,2025-12-07,2025-12-19,120,114,18.38,2205.6,Late
PO005859,V004,SHT1263,2025-05-12,2025-05-30,2025-05-25,72,72,66.98,4822.56,On Time
PO005860,V017,DEC0048,2025-03-22,2025-04-06,2025-04-04,120,120,29.85,3582.0,On Time
PO005861,V005,SRV1032,2025-05-20,2025-06-30,2025-07-02,24,24,16.69,400.56,On Time
PO005862,V015,FUR0650,2025-12-21,2026-01-14,2026-01-17,36,36,86.14,3101.04,Late
PO005863,V002,DEC0157,2025-08-19,2025-09-23,2025-09-30,120,102,50.16,6019.2,Late
PO005864,V004,SRV1046,2026-01-18,2026-02-05,2026-02-04,24,24,12.12,290.88,On Time
PO005865,V017,DEC0139,2025-11-08,2025-11-23,2025-11-23,72,66,43.27,3115.44,On Time
PO005866,V009,SHL1655,2025-07-10,2025-08-27,2025-08-23,72,72,60.82,4379.04,On Time
PO005867,V008,DEC0115,2025-12-15,2026-01-27,2026-01-30,120,120,26.45,3174.0,Late
PO005868,V014,TEX0439,2025-08-23,2025-10-03,2025-10-12,72,72,10.64,766.08,Late
PO005869,V006,FLR1846,2025-03-26,2025-05-01,2025-04-29,120,120,170.42,20450.4,On Time
PO005870,V017,PEN1899,2026-05-19,2026-06-03,2026-06-08,24,24,112.27,2694.48,Late
PO005871,V011,TAB0801,2025-12-09,2026-01-20,2026-01-28,24,24,206.28,4950.72,Late
PO005872,V007,DEC0006,2025-05-17,2025-06-06,2025-06-12,96,96,11.24,1079.04,Late
PO005873,V005,WAL0200,2026-04-18,2026-05-29,2026-05-29,72,72,21.89,1576.08,On Time
PO005874,V015,FUR0596,2026-05-25,2026-06-18,2026-06-23,36,36,104.49,3761.64,Late
PO005875,V015,FRM2196,2025-05-21,2025-06-14,2025-06-06,72,54,17.07,1229.04,On Time
PO005876,V009,TOW1452,2026-01-12,2026-03-01,2026-02-27,120,120,14.11,1693.2,On Time
PO005877,V006,SRV1006,2025-04-18,2025-05-24,2025-05-28,96,96,56.76,5448.96,Late
PO005878,V002,SRV1031,2025-12-18,2026-01-22,2026-02-01,48,48,33.2,1593.6,Late
PO005879,V008,SEA0695,2025-03-22,2025-05-04,2025-05-07,120,120,373.1,44772.0,Late
PO005880,V001,DEC0034,2025-02-27,2025-03-30,2025-03-31,120,120,39.66,4759.2,On Time
PO005881,V016,CHR1925,2025-05-27,2025-06-10,2025-06-16,72,72,35.67,2568.24,Late
PO005882,V009,HAL2004,2025-10-06,2025-11-23,2025-11-24,36,36,13.88,499.68,On Time
PO005883,V012,DEC0104,2026-02-26,2026-03-24,2026-03-15,36,36,30.61,1101.96,On Time
PO005884,V011,ORG1747,2025-12-02,2026-01-13,2026-01-26,120,108,21.9,2628.0,Late
PO005885,V009,SHL1655,2026-04-04,2026-05-22,2026-05-21,24,24,60.82,1459.68,On Time
PO005886,V003,SEA0760,2025-10-13,2025-12-14,2025-12-19,72,72,401.85,28933.2,Late
PO005887,V009,SEA0715,2025-03-11,2025-04-28,2025-05-08,24,12,96.37,2312.88,Late
PO005888,V003,SEA0683,2026-01-01,2026-03-04,2026-03-01,24,24,279.53,6708.72,On Time
PO005889,V004,BSK1600,2025-03-03,2025-03-21,2025-03-25,36,24,27.6,993.6,Late
PO005890,V004,FRM2180,2026-03-11,2026-03-29,2026-03-28,120,120,21.46,2575.2,On Time
PO005891,V020,HAL2014,2026-01-17,2026-02-15,2026-02-11,96,96,19.97,1917.12,On Time
PO005892,V008,WAL0298,2025-12-16,2026-01-28,2026-01-16,24,24,34.3,823.2,On Time
PO005893,V018,SRV1071,2025-09-14,2025-09-29,2025-10-01,96,96,65.35,6273.6,On Time
PO005894,V006,UTL1129,2026-01-16,2026-02-21,2026-02-28,24,18,24.69,592.56,Late
PO005895,V019,SRV1045,2025-09-08,2025-10-13,2025-10-19,72,72,13.45,968.4,Late
PO005896,V009,WAL0275,2025-06-03,2025-07-21,2025-07-24,48,48,54.58,2619.84,Late
PO005897,V009,DEC0121,2025-10-11,2025-11-28,2025-11-28,120,120,11.17,1340.4,On Time
PO005898,V012,SHL1653,2026-02-22,2026-03-20,2026-03-28,120,120,94.11,11293.2,Late
PO005899,V001,MIR0357,2025-09-09,2025-10-10,2025-10-08,72,72,31.02,2233.44,On Time
PO005900,V020,TEX0454,2026-01-06,2026-02-04,2026-02-21,48,30,35.01,1680.48,Late
PO005901,V014,SEA0727,2025-03-18,2025-04-28,2025-04-16,120,120,242.33,29079.6,On Time
PO005902,V014,TOW1459,2025-05-17,2025-06-27,2025-07-08,120,120,32.4,3888.0,Late
PO005903,V008,MIR0415,2026-02-08,2026-03-23,2026-03-26,48,48,58.6,2812.8,Late
PO005904,V010,TOW1455,2025-06-01,2025-07-23,2025-07-26,120,120,25.74,3088.8,Late
PO005905,V006,SEA0706,2026-02-04,2026-03-12,2026-03-17,96,96,105.61,10138.56,Late
PO005906,V008,SRV1012,2025-02-26,2025-04-10,2025-04-09,24,24,34.13,819.12,On Time
PO005907,V011,TOW1441,2025-11-12,2025-12-24,2025-12-30,120,114,25.37,3044.4,Late
PO005908,V005,DEC0100,2026-03-02,2026-04-12,2026-04-13,36,36,54.53,1963.08,On Time
PO005909,V017,DEC0159,2025-04-08,2025-04-23,2025-04-19,24,24,19.15,459.6,On Time
PO005910,V007,LGT1792,2025-09-16,2025-10-06,2025-10-09,72,72,106.38,7659.36,Late
PO005911,V017,HAL2019,2025-07-25,2025-08-09,2025-08-16,48,48,30.67,1472.16,Late
PO005912,V016,TEX0539,2026-05-13,2026-05-27,2026-06-04,48,48,11.88,570.24,Late
PO005913,V014,ORG1719,2026-03-14,2026-04-24,2026-04-21,120,120,12.41,1489.2,On Time
PO005914,V010,BSK1595,2026-06-08,2026-07-30,2026-08-01,24,24,20.42,490.08,On Time
PO005915,V014,CHR1950,2026-01-22,2026-03-04,2026-03-10,72,72,18.95,1364.4,Late
PO005916,V003,WIN2100,2025-03-02,2025-05-03,2025-05-08,24,24,35.78,858.72,Late
PO005917,V005,TAB0780,2025-07-10,2025-08-20,2025-08-14,48,48,90.09,4324.32,On Time
PO005918,V014,CND2136,2025-09-26,2025-11-06,2025-11-03,36,24,24.05,865.8,On Time
PO005919,V018,SRV1028,2025-07-31,2025-08-15,2025-08-22,48,48,31.58,1515.84,Late
PO005920,V014,WAL0347,2025-02-10,2025-03-23,2025-03-29,72,72,50.34,3624.48,Late
PO005921,V010,KIT0901,2025-05-07,2025-06-28,2025-06-30,24,24,39.04,936.96,On Time
PO005922,V005,TAB0783,2026-03-12,2026-04-22,2026-04-19,120,120,114.75,13770.0,On Time
PO005923,V012,DEC0104,2025-10-26,2025-11-21,2025-11-22,72,72,30.61,2203.92,On Time
PO005924,V001,DUV1211,2025-05-21,2025-06-21,2025-06-30,36,36,125.65,4523.4,Late
PO005925,V013,UTL1144,2025-03-01,2025-03-24,2025-03-18,48,48,25.01,1200.48,On Time
PO005926,V016,UTL1142,2026-06-19,2026-07-03,2026-07-07,96,96,14.93,1433.28,Late
PO005927,V004,SRV0997,2025-12-17,2026-01-04,2025-12-30,36,36,47.38,1705.68,On Time
PO005928,V015,PIL1402,2026-07-04,2026-07-28,2026-07-28,36,36,36.21,1303.56,On Time
PO005929,V011,TAB0801,2025-08-30,2025-10-11,2025-10-18,96,96,206.28,19802.88,Late
PO005930,V007,TOW1415,2025-08-02,2025-08-22,2025-08-27,48,48,31.33,1503.84,Late
PO005931,V001,TEX0537,2025-05-09,2025-06-09,2025-06-12,36,36,31.41,1130.76,Late
PO005932,V016,TEX0542,2025-10-25,2025-11-08,2025-11-07,48,48,9.53,457.44,On Time
PO005933,V020,SUM2054,2025-07-20,2025-08-18,2025-08-22,48,48,42.75,2052.0,Late
PO005934,V011,FLR1864,2025-06-13,2025-07-25,2025-08-05,36,36,100.33,3611.88,Late
PO005935,V014,KIT0919,2025-12-01,2026-01-11,2026-01-09,48,48,20.41,979.68,On Time
PO005936,V003,SHT1286,2025-03-20,2025-05-21,2025-05-25,120,120,33.07,3968.4,Late
PO005937,V013,KIT0947,2025-07-07,2025-07-30,2025-07-29,120,120,57.56,6907.2,On Time
PO005938,V005,SRV1032,2025-09-01,2025-10-12,2025-10-09,72,72,16.69,1201.68,On Time
PO005939,V017,DEC0139,2026-03-08,2026-03-23,2026-03-22,48,48,43.27,2076.96,On Time
PO005940,V008,KIT0912,2025-08-04,2025-09-16,2025-09-14,120,120,69.74,8368.8,On Time
PO005941,V016,KIT0865,2025-07-08,2025-07-22,2025-08-01,72,72,106.86,7693.92,Late
PO005942,V003,TEX0443,2026-03-13,2026-05-14,2026-05-11,36,36,21.77,783.72,On Time
PO005943,V007,LGT1806,2025-03-16,2025-04-05,2025-04-13,36,36,69.16,2489.76,Late
PO005944,V013,PIL1344,2026-05-04,2026-05-27,2026-05-25,72,72,45.55,3279.6,On Time
PO005945,V011,TEX0484,2025-04-26,2025-06-07,2025-06-14,48,30,17.23,827.04,Late
PO005946,V018,KIT0945,2025-12-28,2026-01-12,2026-01-09,120,120,29.25,3510.0,On Time
PO005947,V004,TEX0520,2026-07-07,2026-07-25,2026-07-24,36,36,27.06,974.16,On Time
PO005948,V002,CHR1931,2026-06-28,2026-08-02,2026-08-11,72,72,38.44,2767.68,Late
PO005949,V013,TOW1413,2026-04-18,2026-05-11,2026-05-14,120,108,6.42,770.4,Late
PO005950,V011,GFT2241,2025-12-21,2026-02-01,2026-02-01,48,42,13.3,638.4,On Time
PO005951,V010,FRM2207,2025-03-02,2025-04-23,2025-04-20,36,36,35.78,1288.08,On Time
PO005952,V020,UTL1131,2026-05-08,2026-06-06,2026-06-06,72,72,16.63,1197.36,On Time
PO005953,V009,SHT1284,2025-04-10,2025-05-28,2025-05-28,24,24,64.91,1557.84,On Time
PO005954,V004,UTL1100,2025-03-01,2025-03-19,2025-03-17,48,48,22.95,1101.6,On Time
PO005955,V007,SRV1078,2025-02-14,2025-03-06,2025-03-17,72,72,25.42,1830.24,Late
PO005956,V014,TOW1459,2025-11-23,2026-01-03,2026-01-02,120,120,32.4,3888.0,On Time
PO005957,V010,UTL1107,2025-12-04,2026-01-25,2026-01-27,120,120,11.13,1335.6,On Time
PO005958,V007,GFT2255,2025-04-07,2025-04-27,2025-05-12,96,96,72.94,7002.24,Late
PO005959,V002,SHT1260,2025-12-10,2026-01-14,2026-01-15,96,96,59.99,5759.04,On Time
PO005960,V013,GFT2247,2025-04-04,2025-04-27,2025-04-28,120,120,47.49,5698.8,On Time
PO005961,V018,WAL0228,2025-10-27,2025-11-11,2025-11-14,36,36,69.89,2516.04,Late
PO005962,V007,DEC0126,2026-01-22,2026-02-11,2026-02-16,36,36,30.01,1080.36,Late
PO005963,V003,KIT0886,2026-05-04,2026-07-05,2026-07-08,72,72,49.76,3582.72,Late
PO005964,V007,DEC0175,2025-12-24,2026-01-13,2026-01-20,36,36,24.7,889.2,Late
PO005965,V010,WIN2098,2026-01-28,2026-03-21,2026-03-25,36,36,17.78,640.08,Late
PO005966,V013,DEC0073,2025-02-03,2025-02-26,2025-03-01,48,48,36.01,1728.48,Late
PO005967,V017,HAL2019,2025-11-08,2025-11-23,2025-11-26,48,48,30.67,1472.16,Late
PO005968,V008,TAB0829,2026-05-01,2026-06-13,2026-06-14,24,24,107.32,2575.68,On Time
PO005969,V017,LGT1796,2026-07-07,2026-07-22,2026-07-24,72,72,109.57,7889.04,On Time
PO005970,V017,SUM2065,2025-02-10,2025-02-25,2025-02-28,72,72,63.51,4572.72,Late
PO005971,V015,FLR1839,2026-05-25,2026-06-18,2026-06-24,96,96,153.33,14719.68,Late
PO005972,V020,TOW1471,2025-03-04,2025-04-02,2025-04-09,96,96,15.99,1535.04,Late
PO005973,V020,GFT2248,2026-01-20,2026-02-18,2026-02-18,96,96,79.74,7655.04,On Time
PO005974,V020,DEC0185,2025-02-01,2025-03-02,2025-03-11,120,120,58.6,7032.0,Late
PO005975,V013,PIL1347,2026-03-29,2026-04-21,2026-04-18,72,72,38.86,2797.92,On Time
PO005976,V011,TEX0441,2025-11-10,2025-12-22,2026-01-02,48,42,27.97,1342.56,Late
PO005977,V002,SEA0711,2026-05-19,2026-06-23,2026-06-29,48,48,170.67,8192.16,Late
PO005978,V002,DEC0174,2025-12-13,2026-01-17,2026-02-01,120,120,36.57,4388.4,Late
PO005979,V006,TOW1429,2026-03-16,2026-04-21,2026-04-21,24,24,13.02,312.48,On Time
PO005980,V004,KIT0857,2025-11-07,2025-11-25,2025-11-22,72,72,59.69,4297.68,On Time
PO005981,V009,SRV1072,2026-01-07,2026-02-24,2026-03-05,72,72,60.66,4367.52,Late
PO005982,V015,SHL1670,2025-11-17,2025-12-11,2025-12-10,120,120,49.42,5930.4,On Time
PO005983,V005,TEX0449,2026-06-02,2026-07-13,2026-07-14,36,36,38.04,1369.44,On Time
PO005984,V007,WAL0289,2025-06-03,2025-06-23,2025-06-25,96,96,25.21,2420.16,On Time
PO005985,V007,DEC0055,2026-03-28,2026-04-17,2026-04-21,36,36,18.74,674.64,Late
PO005986,V019,KIT0882,2025-04-14,2025-05-19,2025-05-22,96,96,104.81,10061.76,Late
PO005987,V019,TOW1434,2026-03-27,2026-05-01,2026-04-26,96,96,6.49,623.04,On Time
PO005988,V013,LGT1824,2026-04-06,2026-04-29,2026-05-03,120,120,72.68,8721.6,Late
PO005989,V005,BTH1566,2025-07-04,2025-08-14,2025-08-24,96,96,27.2,2611.2,Late
PO005990,V013,SRV1016,2025-04-13,2025-05-06,2025-05-12,36,36,45.27,1629.72,Late
PO005991,V008,GFT2221,2025-05-17,2025-06-29,2025-06-26,72,72,71.29,5132.88,On Time
PO005992,V016,SEA0693,2025-06-08,2025-06-22,2025-06-25,120,120,162.68,19521.6,Late
PO005993,V011,SHT1324,2026-02-02,2026-03-16,2026-03-29,72,72,39.59,2850.48,Late
PO005994,V009,SRV0984,2026-01-09,2026-02-26,2026-03-02,36,36,26.37,949.32,Late
PO005995,V003,SRV1054,2025-05-15,2025-07-16,2025-07-25,48,48,22.23,1067.04,Late
PO005996,V004,BTH1526,2025-09-13,2025-10-01,2025-09-29,72,72,27.95,2012.4,On Time
PO005997,V019,DEC0031,2026-05-05,2026-06-09,2026-06-07,36,36,49.77,1791.72,On Time
PO005998,V004,PEN1886,2025-07-27,2025-08-14,2025-08-12,96,96,164.41,15783.36,On Time
PO005999,V017,SRV1076,2026-03-31,2026-04-15,2026-04-14,96,90,25.17,2416.32,On Time
PO006000,V018,SEA0699,2025-02-12,2025-02-27,2025-02-18,96,96,268.9,25814.4,On Time
